{"min": 0, "max": 11.000704269011246, "pieData": [[4.169925001442312, 3.4594316186372973, 3.0, 3.0, 0.0, 2.584962500721156, 3.169925001442312, 5.20945336562895, 5.129283016944966, 5.247927513443585, 5.357552004618084, 5.044394119358453, 4.459431618637297, 4.807354922057604, 5.285402218862249, 5.977279923499917, 4.954196310386875, 5.247927513443585, 4.700439718141093, 3.169925001442312, 4.392317422778761, 4.857980995127572, 4.906890595608519, 5.20945336562895], [4.643856189774724, 3.584962500721156, 4.523561956057013, 2.584962500721156, 3.169925001442312, 2.321928094887362, 2.584962500721156, 4.459431618637297, 5.129283016944966, 5.247927513443585, 5.672425341971495, 5.0, 4.321928094887363, 5.247927513443585, 5.285402218862249, 5.392317422778761, 5.247927513443585, 5.321928094887363, 4.954196310386875, 5.044394119358453, 4.954196310386875, 4.906890595608519, 4.954196310386875, 3.807354922057604], [4.700439718141093, 4.087462841250339, 2.807354922057604, 2.807354922057604, 2.321928094887362, 3.169925001442312, 2.0, 4.169925001442312, 4.700439718141093, 4.954196310386875, 4.857980995127572, 4.087462841250339, 4.584962500721156, 5.169925001442312, 5.285402218862249, 5.247927513443585, 4.906890595608519, 4.523561956057013, 5.129283016944966, 4.087462841250339, 2.807354922057604, 4.459431618637297, 5.129283016944966, 4.700439718141093], [4.247927513443585, 3.4594316186372973, 3.4594316186372973, 2.807354922057604, 2.807354922057604, 2.321928094887362, 2.807354922057604, 4.169925001442312, 5.20945336562895, 5.700439718141093, 5.129283016944966, 5.20945336562895, 4.087462841250339, 4.392317422778761, 4.857980995127572, 5.727920454563199, 4.643856189774724, 4.643856189774724, 5.20945336562895, 5.247927513443585, 5.0, 5.321928094887363, 5.584962500721156, 4.906890595608519], [4.700439718141093, 4.643856189774724, 4.392317422778761, 3.4594316186372973, 1.0, 1.0, 3.169925001442312, 4.087462841250339, 5.321928094887363, 5.0, 5.643856189774724, 4.954196310386875, 4.754887502163468, 4.954196310386875, 4.523561956057013, 4.857980995127572, 5.321928094887363, 5.044394119358453, 5.491853096329675, 4.857980995127572, 4.954196310386875, 4.459431618637297, 5.044394119358453, 4.700439718141093], [3.584962500721156, 4.321928094887363, 3.584962500721156, 3.807354922057604, 1.584962500721156, 1.584962500721156, 2.321928094887362, 3.584962500721156, 5.357552004618084, 4.754887502163468, 4.754887502163468, 4.954196310386875, 4.459431618637297, 4.523561956057013, 4.754887502163468, 5.129283016944966, 4.954196310386875, 4.584962500721156, 4.807354922057604, 4.459431618637297, 4.247927513443585, 4.857980995127572, 5.554588851677638, 4.754887502163468], [4.523561956057013, 4.169925001442312, 3.0, 3.321928094887362, 1.584962500721156, 2.321928094887362, 2.584962500721156, 3.0, 4.906890595608519, 4.906890595608519, 4.807354922057604, 5.129283016944966, 4.700439718141093, 4.857980995127572, 4.643856189774724, 4.857980995127572, 4.643856189774724, 5.087462841250339, 5.321928094887363, 4.643856189774724, 5.044394119358453, 4.700439718141093, 5.285402218862249, 4.700439718141093]]}