{"min": 0, "max": 11.000704269011246, "pieData": [[0.0, 0.0, 1.0, 0.0, 1.0, 2.321928094887362, 3.0, 2.321928094887362, 2.0, 2.321928094887362, 2.807354922057604, 2.584962500721156, 3.169925001442312, 3.321928094887362, 1.0, 2.0, 2.584962500721156, 2.321928094887362, 2.807354922057604, 0.0, 0.0, 0.0, 2.0, 1.0], [0.0, 1.0, 0.0, 0.0, 2.0, 1.0, 5.20945336562895, 5.554588851677638, 5.169925001442312, 2.0, 2.0, 1.0, 1.0, 3.9068905956085187, 0.0, 1.0, 0.0, 2.321928094887362, 1.584962500721156, 1.584962500721156, 1.0, 0.0, 1.0, 0.0], [1.0, 0.0, 1.584962500721156, 1.0, 2.0, 4.169925001442312, 5.643856189774724, 3.321928094887362, 1.0, 2.0, 1.584962500721156, 2.321928094887362, 3.169925001442312, 4.392317422778761, 2.321928094887362, 1.0, 1.0, 3.169925001442312, 2.807354922057604, 0.0, 0.0, 0.0, 0.0, 2.807354922057604], [1.584962500721156, 0.0, 0.0, 0.0, 4.392317422778761, 5.614709844115208, 5.906890595608519, 3.700439718141092, 0.0, 1.584962500721156, 1.0, 2.321928094887362, 2.584962500721156, 2.321928094887362, 1.0, 2.0, 1.584962500721156, 3.169925001442312, 2.0, 1.0, 2.0, 2.321928094887362, 0.0, 1.584962500721156], [1.584962500721156, 0.0, 0.0, 0.0, 1.0, 1.0, 2.807354922057604, 2.0, 4.169925001442312, 3.0, 2.807354922057604, 2.584962500721156, 1.584962500721156, 2.807354922057604, 2.807354922057604, 1.584962500721156, 1.584962500721156, 2.0, 2.807354922057604, 1.0, 2.0, 1.584962500721156, 0.0, 2.0], [1.0, 0.0, 0.0, 1.0, 0.0, 2.0, 2.321928094887362, 1.584962500721156, 0.0, 1.584962500721156, 2.0, 2.0, 2.584962500721156, 1.0, 2.321928094887362, 2.321928094887362, 1.584962500721156, 1.0, 2.584962500721156, 1.0, 1.584962500721156, 1.0, 1.0, 2.0], [1.0, 1.584962500721156, 1.0, 1.0, 1.0, 1.0, 2.0, 1.584962500721156, 0.0, 1.584962500721156, 2.584962500721156, 1.0, 1.0, 1.584962500721156, 1.0, 1.584962500721156, 1.0, 1.0, 3.0, 0.0, 1.0, 1.584962500721156, 1.0, 1.584962500721156]]}