{"min": 0, "max": 11.000704269011246, "pieData": [[4.392317422778761, 3.700439718141092, 2.584962500721156, 2.584962500721156, 1.0, 3.169925001442312, 4.643856189774724, 5.523561956057013, 5.857980995127572, 5.426264754702098, 4.700439718141093, 4.906890595608519, 4.169925001442312, 4.392317422778761, 4.807354922057604, 4.169925001442312, 4.169925001442312, 4.169925001442312, 4.807354922057604, 4.169925001442312, 4.392317422778761, 5.426264754702098, 5.554588851677638, 5.357552004618084], [4.584962500721156, 3.169925001442312, 3.169925001442312, 2.321928094887362, 2.0, 3.321928094887362, 3.321928094887362, 5.0, 5.285402218862249, 5.321928094887363, 4.754887502163468, 4.584962500721156, 4.459431618637297, 4.584962500721156, 4.523561956057013, 4.643856189774724, 3.584962500721156, 4.247927513443585, 4.700439718141093, 4.643856189774724, 5.0, 5.247927513443585, 4.807354922057604, 4.906890595608519], [4.247927513443585, 3.4594316186372973, 2.807354922057604, 1.584962500721156, 2.584962500721156, 2.807354922057604, 3.700439718141092, 4.087462841250339, 5.129283016944966, 4.392317422778761, 4.523561956057013, 4.700439718141093, 4.392317422778761, 4.169925001442312, 4.700439718141093, 4.0, 3.807354922057604, 3.807354922057604, 4.584962500721156, 3.4594316186372973, 2.321928094887362, 5.321928094887363, 5.169925001442312, 4.584962500721156], [4.643856189774724, 3.700439718141092, 3.0, 2.584962500721156, 0.0, 1.0, 3.700439718141092, 4.954196310386875, 5.754887502163468, 4.906890595608519, 4.392317422778761, 4.584962500721156, 4.0, 4.321928094887363, 4.906890595608519, 4.0, 4.247927513443585, 4.321928094887363, 4.643856189774724, 4.754887502163468, 4.643856189774724, 4.807354922057604, 5.044394119358453, 5.044394119358453], [4.523561956057013, 3.584962500721156, 2.584962500721156, 3.169925001442312, 1.584962500721156, 1.584962500721156, 2.807354922057604, 4.584962500721156, 5.523561956057013, 5.491853096329675, 4.954196310386875, 3.9068905956085187, 4.584962500721156, 4.643856189774724, 5.0, 4.584962500721156, 5.0, 4.807354922057604, 4.087462841250339, 4.857980995127572, 4.523561956057013, 5.392317422778761, 4.523561956057013, 5.20945336562895], [4.954196310386875, 4.0, 3.0, 3.169925001442312, 2.321928094887362, 3.0, 4.087462841250339, 4.954196310386875, 5.491853096329675, 4.459431618637297, 4.459431618637297, 4.643856189774724, 3.9068905956085187, 4.643856189774724, 3.9068905956085187, 3.9068905956085187, 3.4594316186372973, 3.700439718141092, 4.906890595608519, 4.906890595608519, 4.643856189774724, 4.857980995127572, 5.20945336562895, 4.954196310386875], [5.20945336562895, 3.321928094887362, 3.321928094887362, 3.321928094887362, 3.4594316186372973, 1.584962500721156, 3.700439718141092, 4.247927513443585, 5.285402218862249, 5.20945336562895, 4.321928094887363, 4.247927513443585, 4.169925001442312, 5.285402218862249, 4.523561956057013, 4.392317422778761, 4.807354922057604, 4.954196310386875, 4.321928094887363, 4.459431618637297, 4.906890595608519, 5.426264754702098, 5.643856189774724, 5.357552004618084]]}