{"min": 0, "max": 11.000704269011246, "pieData": [[5.643856189774724, 5.459431618637297, 4.643856189774724, 4.0, 2.807354922057604, 3.700439718141092, 4.523561956057013, 5.426264754702098, 5.643856189774724, 5.643856189774724, 5.906890595608519, 5.357552004618084, 5.906890595608519, 6.266786540694901, 6.108524456778169, 5.882643049361842, 5.614709844115208, 5.426264754702098, 5.672425341971495, 5.169925001442312, 5.247927513443585, 6.149747119504682, 5.832890014164741, 5.954196310386875], [5.672425341971495, 5.20945336562895, 4.906890595608519, 3.584962500721156, 3.4594316186372973, 3.321928094887362, 3.807354922057604, 5.700439718141093, 5.882643049361842, 5.977279923499917, 5.169925001442312, 5.754887502163468, 5.523561956057013, 5.554588851677638, 5.491853096329675, 4.954196310386875, 5.129283016944966, 5.882643049361842, 5.584962500721156, 5.807354922057604, 6.169925001442312, 6.129283016944966, 5.857980995127572, 5.392317422778761], [5.882643049361842, 5.087462841250339, 5.129283016944966, 3.700439718141092, 3.321928094887362, 3.321928094887362, 3.807354922057604, 5.087462841250339, 5.643856189774724, 5.285402218862249, 5.554588851677638, 5.426264754702098, 4.857980995127572, 5.523561956057013, 5.614709844115208, 5.129283016944966, 5.285402218862249, 5.129283016944966, 5.491853096329675, 5.523561956057013, 3.4594316186372973, 5.832890014164741, 5.614709844115208, 5.584962500721156], [5.857980995127572, 5.20945336562895, 4.906890595608519, 4.247927513443585, 4.0, 4.459431618637297, 4.169925001442312, 4.392317422778761, 6.409390936137702, 5.614709844115208, 5.554588851677638, 6.20945336562895, 6.339850002884624, 6.129283016944966, 6.491853096329675, 5.807354922057604, 5.882643049361842, 5.491853096329675, 5.426264754702098, 5.357552004618084, 5.882643049361842, 5.727920454563199, 5.614709844115208, 5.614709844115208], [5.459431618637297, 4.807354922057604, 4.321928094887363, 4.857980995127572, 4.0, 3.0, 4.169925001442312, 5.643856189774724, 5.78135971352466, 5.727920454563199, 5.700439718141093, 5.247927513443585, 5.321928094887363, 4.754887502163468, 5.0, 5.459431618637297, 5.247927513443585, 5.614709844115208, 5.643856189774724, 5.523561956057013, 5.754887502163468, 5.700439718141093, 5.643856189774724, 5.700439718141093], [5.672425341971495, 5.523561956057013, 5.0, 3.9068905956085187, 2.807354922057604, 3.321928094887362, 3.700439718141092, 5.169925001442312, 5.727920454563199, 5.426264754702098, 5.554588851677638, 5.392317422778761, 5.643856189774724, 5.247927513443585, 5.491853096329675, 5.392317422778761, 5.20945336562895, 5.554588851677638, 5.459431618637297, 5.700439718141093, 5.882643049361842, 5.357552004618084, 5.700439718141093, 5.285402218862249], [5.672425341971495, 5.727920454563199, 4.906890595608519, 4.169925001442312, 4.0, 3.584962500721156, 4.087462841250339, 4.523561956057013, 5.554588851677638, 5.491853096329675, 4.906890595608519, 5.285402218862249, 5.672425341971495, 5.321928094887363, 5.614709844115208, 5.426264754702098, 5.321928094887363, 5.20945336562895, 5.247927513443585, 5.392317422778761, 5.614709844115208, 5.0, 5.643856189774724, 5.247927513443585]]}