{"min": 0, "max": 11.000704269011246, "pieData": [[4.087462841250339, 3.169925001442312, 3.700439718141092, 3.169925001442312, 2.0, 3.700439718141092, 4.321928094887363, 4.807354922057604, 4.857980995127572, 4.807354922057604, 4.857980995127572, 5.169925001442312, 5.20945336562895, 5.129283016944966, 4.523561956057013, 5.20945336562895, 5.247927513443585, 5.169925001442312, 4.643856189774724, 2.321928094887362, 3.807354922057604, 4.906890595608519, 4.954196310386875, 4.459431618637297], [4.754887502163468, 4.0, 3.4594316186372973, 3.4594316186372973, 3.4594316186372973, 3.169925001442312, 4.321928094887363, 4.087462841250339, 4.906890595608519, 4.906890595608519, 5.321928094887363, 4.0, 4.857980995127572, 4.0, 4.954196310386875, 4.523561956057013, 5.392317422778761, 4.954196310386875, 5.357552004618084, 4.087462841250339, 4.700439718141093, 5.392317422778761, 4.754887502163468, 4.321928094887363], [4.247927513443585, 3.9068905956085187, 3.4594316186372973, 3.0, 2.584962500721156, 4.906890595608519, 5.906890595608519, 6.108524456778169, 5.169925001442312, 4.247927513443585, 5.044394119358453, 5.087462841250339, 5.0, 5.392317422778761, 4.857980995127572, 5.044394119358453, 5.392317422778761, 5.357552004618084, 4.857980995127572, 4.0, 2.0, 4.643856189774724, 4.523561956057013, 5.087462841250339], [4.459431618637297, 3.584962500721156, 4.523561956057013, 5.584962500721156, 5.954196310386875, 5.977279923499917, 6.129283016944966, 6.189824558880018, 5.554588851677638, 5.087462841250339, 4.954196310386875, 5.044394119358453, 4.459431618637297, 4.857980995127572, 5.044394119358453, 4.857980995127572, 4.906890595608519, 4.807354922057604, 4.321928094887363, 3.9068905956085187, 3.584962500721156, 4.169925001442312, 4.169925001442312, 4.459431618637297], [4.754887502163468, 3.9068905956085187, 3.584962500721156, 3.321928094887362, 5.954196310386875, 5.954196310386875, 6.0, 5.78135971352466, 4.459431618637297, 4.169925001442312, 5.087462841250339, 4.954196310386875, 5.044394119358453, 5.169925001442312, 5.044394119358453, 4.954196310386875, 4.321928094887363, 4.700439718141093, 4.807354922057604, 4.459431618637297, 4.459431618637297, 4.754887502163468, 4.643856189774724, 4.321928094887363], [4.321928094887363, 4.169925001442312, 2.584962500721156, 5.584962500721156, 5.807354922057604, 5.78135971352466, 5.78135971352466, 5.044394119358453, 4.807354922057604, 4.700439718141093, 5.20945336562895, 4.392317422778761, 4.754887502163468, 4.459431618637297, 4.169925001442312, 4.321928094887363, 4.392317422778761, 3.700439718141092, 4.321928094887363, 3.807354922057604, 4.392317422778761, 4.087462841250339, 4.954196310386875, 4.584962500721156], [3.700439718141092, 3.4594316186372973, 4.321928094887363, 4.459431618637297, 4.584962500721156, 4.459431618637297, 4.857980995127572, 4.0, 4.954196310386875, 4.169925001442312, 4.523561956057013, 4.584962500721156, 4.247927513443585, 4.807354922057604, 4.584962500721156, 4.700439718141093, 4.087462841250339, 4.392317422778761, 4.906890595608519, 3.9068905956085187, 4.459431618637297, 4.643856189774724, 4.700439718141093, 4.169925001442312]]}