{"min": 0, "max": 11.000704269011246, "pieData": [[6.357552004618084, 5.247927513443585, 5.087462841250339, 4.754887502163468, 4.459431618637297, 4.087462841250339, 5.78135971352466, 6.820178962415188, 6.3750394313469245, 6.108524456778169, 6.339850002884624, 6.20945336562895, 6.475733430966398, 6.614709844115208, 6.266786540694901, 6.392317422778761, 6.539158811108031, 6.658211482751795, 6.78135971352466, 5.807354922057604, 6.321928094887363, 7.022367813028454, 7.011227255423254, 6.930737337562887], [6.658211482751795, 6.066089190457772, 6.108524456778169, 6.087462841250339, 4.857980995127572, 3.9068905956085187, 5.169925001442312, 6.584962500721156, 6.727920454563199, 6.523561956057013, 6.554588851677638, 6.321928094887363, 6.507794640198696, 6.475733430966398, 6.672425341971495, 6.584962500721156, 6.491853096329675, 6.820178962415188, 6.94251450533924, 7.05528243550119, 6.870364719583405, 6.78135971352466, 6.714245517666122, 6.321928094887363], [6.357552004618084, 5.954196310386875, 5.357552004618084, 4.754887502163468, 4.247927513443585, 3.700439718141092, 4.700439718141093, 6.339850002884624, 6.20945336562895, 6.169925001442312, 6.357552004618084, 6.169925001442312, 6.0, 6.285402218862249, 6.643856189774724, 6.6865005271832185, 6.599912842187128, 6.266786540694901, 6.459431618637297, 6.523561956057013, 4.523561956057013, 6.820178962415188, 6.6865005271832185, 6.189824558880018], [6.426264754702098, 6.22881869049588, 5.727920454563199, 5.044394119358453, 4.857980995127572, 4.087462841250339, 5.977279923499917, 6.303780748177103, 6.409390936137702, 6.599912842187128, 6.22881869049588, 6.149747119504682, 5.977279923499917, 6.266786540694901, 6.3750394313469245, 6.409390936137702, 6.599912842187128, 6.523561956057013, 7.03342300153745, 6.930737337562887, 7.011227255423254, 6.700439718141093, 6.643856189774724, 6.569855608330948], [6.584962500721156, 5.954196310386875, 5.392317422778761, 4.392317422778761, 3.321928094887362, 3.0, 5.129283016944966, 6.459431618637297, 6.523561956057013, 6.442943495848728, 6.658211482751795, 6.507794640198696, 6.303780748177103, 6.554588851677638, 6.3750394313469245, 6.426264754702098, 6.459431618637297, 6.3750394313469245, 6.807354922057604, 6.554588851677638, 6.857980995127572, 6.94251450533924, 7.05528243550119, 6.554588851677638], [6.357552004618084, 6.066089190457772, 5.491853096329675, 5.169925001442312, 4.584962500721156, 4.906890595608519, 5.044394119358453, 6.087462841250339, 6.672425341971495, 6.22881869049588, 6.392317422778761, 6.426264754702098, 6.129283016944966, 6.392317422778761, 6.044394119358453, 6.491853096329675, 6.22881869049588, 6.768184324776926, 6.882643049361842, 6.614709844115208, 6.832890014164741, 6.78135971352466, 6.727920454563199, 6.189824558880018], [5.954196310386875, 5.977279923499917, 5.643856189774724, 5.129283016944966, 4.754887502163468, 4.523561956057013, 5.20945336562895, 6.044394119358453, 6.087462841250339, 6.189824558880018, 6.087462841250339, 6.149747119504682, 6.475733430966398, 6.392317422778761, 6.303780748177103, 6.409390936137702, 6.285402218862249, 6.820178962415188, 6.94251450533924, 6.22881869049588, 6.714245517666122, 6.491853096329675, 6.643856189774724, 6.794415866350106]]}