{"min": 0, "max": 11.000704269011246, "pieData": [[5.930737337562887, 4.523561956057013, 5.0, 4.392317422778761, 3.584962500721156, 3.700439718141092, 4.643856189774724, 5.584962500721156, 5.523561956057013, 5.285402218862249, 5.087462841250339, 5.247927513443585, 5.087462841250339, 5.392317422778761, 5.906890595608519, 5.672425341971495, 5.857980995127572, 5.459431618637297, 5.977279923499917, 4.247927513443585, 5.727920454563199, 6.149747119504682, 6.339850002884624, 6.554588851677638], [5.357552004618084, 5.392317422778761, 4.584962500721156, 4.857980995127572, 3.584962500721156, 3.321928094887362, 4.523561956057013, 5.459431618637297, 5.832890014164741, 5.672425341971495, 5.392317422778761, 5.807354922057604, 5.882643049361842, 5.357552004618084, 5.285402218862249, 5.554588851677638, 5.807354922057604, 5.357552004618084, 5.554588851677638, 5.459431618637297, 6.022367813028454, 6.087462841250339, 6.0, 5.977279923499917], [5.523561956057013, 4.700439718141093, 5.087462841250339, 3.9068905956085187, 3.584962500721156, 3.169925001442312, 3.807354922057604, 5.491853096329675, 5.554588851677638, 5.727920454563199, 4.459431618637297, 5.584962500721156, 5.087462841250339, 5.584962500721156, 5.584962500721156, 5.426264754702098, 5.321928094887363, 5.129283016944966, 5.087462841250339, 5.700439718141093, 2.807354922057604, 5.906890595608519, 6.108524456778169, 5.523561956057013], [5.807354922057604, 5.129283016944966, 4.459431618637297, 3.700439718141092, 4.321928094887363, 3.169925001442312, 3.9068905956085187, 5.754887502163468, 5.977279923499917, 6.0, 5.20945336562895, 5.459431618637297, 5.321928094887363, 5.087462841250339, 5.247927513443585, 5.321928094887363, 5.087462841250339, 5.807354922057604, 5.285402218862249, 5.977279923499917, 5.727920454563199, 5.643856189774724, 6.20945336562895, 5.906890595608519], [5.392317422778761, 5.700439718141093, 5.169925001442312, 4.0, 2.807354922057604, 2.807354922057604, 4.0, 5.491853096329675, 5.727920454563199, 6.266786540694901, 4.857980995127572, 5.584962500721156, 5.672425341971495, 5.584962500721156, 5.285402218862249, 5.20945336562895, 5.554588851677638, 5.614709844115208, 5.392317422778761, 5.357552004618084, 5.321928094887363, 5.727920454563199, 5.459431618637297, 6.22881869049588], [6.066089190457772, 5.78135971352466, 4.584962500721156, 4.392317422778761, 4.0, 4.0, 5.169925001442312, 5.491853096329675, 5.523561956057013, 5.523561956057013, 5.807354922057604, 5.247927513443585, 5.0, 4.754887502163468, 5.169925001442312, 5.247927513443585, 5.392317422778761, 4.807354922057604, 4.700439718141093, 5.807354922057604, 5.321928094887363, 5.491853096329675, 5.491853096329675, 5.977279923499917], [5.882643049361842, 5.807354922057604, 5.087462841250339, 4.523561956057013, 3.9068905956085187, 3.321928094887362, 4.247927513443585, 4.584962500721156, 4.459431618637297, 5.357552004618084, 5.392317422778761, 5.20945336562895, 5.357552004618084, 5.129283016944966, 5.129283016944966, 5.20945336562895, 5.0, 5.0, 5.087462841250339, 5.392317422778761, 5.78135971352466, 5.954196310386875, 6.169925001442312, 5.954196310386875]]}