{"min": 0, "max": 11.000704269011246, "pieData": [[6.614709844115208, 6.169925001442312, 5.672425341971495, 5.20945336562895, 4.392317422778761, 5.20945336562895, 5.584962500721156, 5.285402218862249, 6.303780748177103, 5.78135971352466, 6.169925001442312, 6.149747119504682, 5.643856189774724, 6.189824558880018, 6.539158811108031, 6.129283016944966, 6.599912842187128, 6.022367813028454, 6.022367813028454, 4.459431618637297, 6.303780748177103, 6.832890014164741, 6.754887502163468, 6.426264754702098], [6.643856189774724, 6.614709844115208, 6.321928094887363, 5.392317422778761, 4.754887502163468, 4.087462841250339, 5.0, 5.643856189774724, 5.930737337562887, 6.169925001442312, 6.22881869049588, 5.882643049361842, 6.3750394313469245, 6.523561956057013, 6.918863237274595, 6.169925001442312, 6.475733430966398, 5.930737337562887, 5.614709844115208, 6.149747119504682, 6.754887502163468, 6.554588851677638, 6.857980995127572, 6.727920454563199], [6.714245517666122, 6.303780748177103, 5.977279923499917, 5.247927513443585, 4.392317422778761, 3.9068905956085187, 4.754887502163468, 5.044394119358453, 5.78135971352466, 6.321928094887363, 6.584962500721156, 6.169925001442312, 6.285402218862249, 6.169925001442312, 6.554588851677638, 6.584962500721156, 6.643856189774724, 6.321928094887363, 6.066089190457772, 5.754887502163468, 3.169925001442312, 6.754887502163468, 6.459431618637297, 6.189824558880018], [6.247927513443585, 6.303780748177103, 6.266786540694901, 5.554588851677638, 4.523561956057013, 3.700439718141092, 5.129283016944966, 5.754887502163468, 5.807354922057604, 6.169925001442312, 6.442943495848728, 6.523561956057013, 6.149747119504682, 6.20945336562895, 6.78135971352466, 6.700439718141093, 6.303780748177103, 6.169925001442312, 6.392317422778761, 6.169925001442312, 6.339850002884624, 6.700439718141093, 7.1799090900149345, 6.714245517666122], [6.554588851677638, 6.491853096329675, 6.22881869049588, 5.169925001442312, 4.169925001442312, 4.087462841250339, 5.129283016944966, 5.247927513443585, 5.584962500721156, 6.149747119504682, 6.459431618637297, 6.754887502163468, 6.0, 6.247927513443585, 6.569855608330948, 6.820178962415188, 6.321928094887363, 5.754887502163468, 5.78135971352466, 6.189824558880018, 6.3750394313469245, 6.569855608330948, 6.6293566200796095, 6.700439718141093], [6.714245517666122, 6.392317422778761, 6.442943495848728, 5.977279923499917, 5.321928094887363, 3.700439718141092, 4.247927513443585, 5.357552004618084, 6.108524456778169, 5.807354922057604, 5.930737337562887, 6.066089190457772, 6.087462841250339, 6.108524456778169, 5.832890014164741, 5.906890595608519, 6.044394119358453, 6.149747119504682, 6.247927513443585, 5.906890595608519, 6.22881869049588, 6.285402218862249, 6.22881869049588, 6.339850002884624], [6.507794640198696, 6.169925001442312, 6.426264754702098, 6.022367813028454, 4.857980995127572, 4.169925001442312, 4.754887502163468, 4.857980995127572, 5.491853096329675, 5.906890595608519, 5.643856189774724, 6.189824558880018, 5.857980995127572, 5.643856189774724, 5.906890595608519, 5.554588851677638, 6.20945336562895, 5.727920454563199, 5.832890014164741, 5.857980995127572, 6.3750394313469245, 6.7414669864011465, 6.794415866350106, 6.491853096329675]]}