{"min": 0, "max": 11.000704269011246, "pieData": [[6.247927513443585, 5.523561956057013, 5.357552004618084, 4.857980995127572, 4.459431618637297, 4.247927513443585, 5.754887502163468, 6.108524456778169, 5.954196310386875, 6.658211482751795, 6.554588851677638, 6.569855608330948, 6.247927513443585, 6.539158811108031, 6.672425341971495, 6.754887502163468, 6.523561956057013, 6.442943495848728, 6.426264754702098, 4.954196310386875, 6.022367813028454, 7.098032082960526, 7.149747119504682, 6.78135971352466], [6.321928094887363, 5.857980995127572, 5.426264754702098, 4.857980995127572, 4.321928094887363, 4.247927513443585, 5.882643049361842, 6.169925001442312, 6.3750394313469245, 6.491853096329675, 6.321928094887363, 6.108524456778169, 6.584962500721156, 6.643856189774724, 6.78135971352466, 6.672425341971495, 6.794415866350106, 6.584962500721156, 6.149747119504682, 6.845490050944376, 6.894817763307944, 6.965784284662087, 6.78135971352466, 6.6865005271832185], [6.22881869049588, 5.954196310386875, 5.321928094887363, 4.807354922057604, 5.044394119358453, 3.584962500721156, 5.20945336562895, 5.954196310386875, 5.807354922057604, 6.3750394313469245, 6.539158811108031, 6.169925001442312, 6.247927513443585, 6.409390936137702, 6.409390936137702, 6.339850002884624, 6.507794640198696, 6.357552004618084, 6.266786540694901, 6.189824558880018, 4.0, 6.820178962415188, 6.614709844115208, 6.714245517666122], [6.475733430966398, 5.954196310386875, 5.672425341971495, 4.523561956057013, 4.0, 3.9068905956085187, 5.0, 6.169925001442312, 6.108524456778169, 6.303780748177103, 6.569855608330948, 6.129283016944966, 6.149747119504682, 6.507794640198696, 6.475733430966398, 6.554588851677638, 6.339850002884624, 6.357552004618084, 6.409390936137702, 6.507794640198696, 6.714245517666122, 7.087462841250339, 7.03342300153745, 7.044394119358453], [6.700439718141093, 5.78135971352466, 5.044394119358453, 5.044394119358453, 4.0, 4.584962500721156, 5.321928094887363, 6.022367813028454, 6.285402218862249, 6.714245517666122, 6.523561956057013, 6.794415866350106, 6.0, 6.870364719583405, 7.011227255423254, 6.6865005271832185, 6.714245517666122, 6.285402218862249, 6.78135971352466, 6.303780748177103, 6.794415866350106, 7.1799090900149345, 7.022367813028454, 6.832890014164741], [6.285402218862249, 6.247927513443585, 5.426264754702098, 5.426264754702098, 4.321928094887363, 4.321928094887363, 5.20945336562895, 5.523561956057013, 5.754887502163468, 6.149747119504682, 6.507794640198696, 6.303780748177103, 6.392317422778761, 6.357552004618084, 6.523561956057013, 6.491853096329675, 6.727920454563199, 6.303780748177103, 6.78135971352466, 6.6865005271832185, 6.539158811108031, 6.768184324776926, 6.672425341971495, 6.727920454563199], [6.584962500721156, 6.22881869049588, 5.700439718141093, 5.169925001442312, 4.954196310386875, 4.459431618637297, 5.044394119358453, 5.285402218862249, 5.882643049361842, 5.832890014164741, 6.6865005271832185, 6.491853096329675, 6.539158811108031, 6.247927513443585, 6.108524456778169, 6.475733430966398, 6.409390936137702, 6.768184324776926, 6.392317422778761, 6.20945336562895, 6.584962500721156, 7.1799090900149345, 7.044394119358453, 6.977279923499917]]}