{"min": 0, "max": 11.000704269011246, "pieData": [[5.977279923499917, 5.459431618637297, 5.700439718141093, 4.643856189774724, 4.584962500721156, 4.459431618637297, 5.129283016944966, 4.954196310386875, 4.754887502163468, 5.087462841250339, 5.0, 4.700439718141093, 4.584962500721156, 5.491853096329675, 5.20945336562895, 5.321928094887363, 5.491853096329675, 5.584962500721156, 5.129283016944966, 4.0, 5.169925001442312, 6.303780748177103, 6.066089190457772, 5.832890014164741], [5.882643049361842, 6.169925001442312, 5.554588851677638, 5.392317422778761, 4.169925001442312, 4.584962500721156, 5.0, 4.807354922057604, 5.044394119358453, 4.392317422778761, 4.321928094887363, 4.700439718141093, 5.321928094887363, 5.392317422778761, 5.392317422778761, 5.643856189774724, 5.700439718141093, 5.614709844115208, 5.78135971352466, 5.523561956057013, 5.977279923499917, 5.857980995127572, 6.357552004618084, 6.189824558880018], [6.087462841250339, 5.754887502163468, 5.614709844115208, 5.044394119358453, 4.169925001442312, 4.807354922057604, 4.954196310386875, 5.044394119358453, 4.754887502163468, 4.954196310386875, 4.459431618637297, 4.087462841250339, 4.523561956057013, 4.906890595608519, 4.754887502163468, 5.247927513443585, 5.491853096329675, 5.643856189774724, 5.129283016944966, 5.392317422778761, 3.584962500721156, 5.977279923499917, 6.044394119358453, 6.285402218862249], [6.22881869049588, 5.78135971352466, 5.459431618637297, 5.169925001442312, 5.129283016944966, 3.584962500721156, 4.807354922057604, 5.044394119358453, 4.321928094887363, 4.523561956057013, 4.857980995127572, 4.906890595608519, 4.906890595608519, 5.523561956057013, 5.087462841250339, 5.044394119358453, 5.459431618637297, 5.321928094887363, 5.78135971352466, 5.832890014164741, 6.6293566200796095, 6.392317422778761, 6.266786540694901, 6.768184324776926], [6.392317422778761, 6.044394119358453, 6.087462841250339, 5.459431618637297, 4.247927513443585, 4.643856189774724, 4.523561956057013, 4.857980995127572, 4.584962500721156, 4.754887502163468, 5.285402218862249, 5.584962500721156, 4.459431618637297, 5.643856189774724, 5.554588851677638, 5.700439718141093, 5.459431618637297, 5.672425341971495, 5.554588851677638, 6.149747119504682, 6.700439718141093, 6.189824558880018, 6.357552004618084, 6.6293566200796095], [6.426264754702098, 6.409390936137702, 6.357552004618084, 5.426264754702098, 4.906890595608519, 4.643856189774724, 4.700439718141093, 4.247927513443585, 4.700439718141093, 4.643856189774724, 4.700439718141093, 4.700439718141093, 4.906890595608519, 4.954196310386875, 5.614709844115208, 4.954196310386875, 5.426264754702098, 5.523561956057013, 5.857980995127572, 6.129283016944966, 6.169925001442312, 6.459431618637297, 6.507794640198696, 6.20945336562895], [6.247927513443585, 6.3750394313469245, 6.149747119504682, 5.954196310386875, 5.523561956057013, 4.700439718141093, 4.247927513443585, 3.169925001442312, 3.9068905956085187, 4.954196310386875, 5.044394119358453, 4.392317422778761, 4.700439718141093, 5.727920454563199, 5.672425341971495, 5.285402218862249, 5.554588851677638, 5.643856189774724, 5.491853096329675, 6.0, 6.321928094887363, 6.475733430966398, 6.643856189774724, 6.442943495848728]]}