{"min": 0, "max": 11.000704269011246, "pieData": [[4.857980995127572, 4.807354922057604, 3.9068905956085187, 3.4594316186372973, 3.0, 2.0, 2.0, 5.20945336562895, 5.906890595608519, 6.285402218862249, 5.357552004618084, 4.857980995127572, 4.754887502163468, 4.392317422778761, 4.700439718141093, 4.584962500721156, 5.392317422778761, 5.321928094887363, 5.614709844115208, 4.169925001442312, 3.700439718141092, 5.321928094887363, 4.643856189774724, 4.169925001442312], [3.9068905956085187, 3.700439718141092, 3.4594316186372973, 2.584962500721156, 3.0, 2.584962500721156, 3.0, 4.087462841250339, 5.426264754702098, 5.357552004618084, 5.20945336562895, 5.044394119358453, 4.087462841250339, 4.807354922057604, 5.169925001442312, 4.857980995127572, 5.459431618637297, 5.129283016944966, 4.321928094887363, 5.247927513443585, 4.459431618637297, 4.754887502163468, 4.523561956057013, 4.523561956057013], [5.0, 4.087462841250339, 3.4594316186372973, 3.169925001442312, 1.584962500721156, 2.321928094887362, 2.584962500721156, 4.807354922057604, 5.321928094887363, 5.20945336562895, 5.169925001442312, 4.700439718141093, 3.9068905956085187, 4.754887502163468, 4.523561956057013, 4.700439718141093, 4.169925001442312, 4.857980995127572, 4.392317422778761, 5.169925001442312, 3.321928094887362, 4.754887502163468, 4.523561956057013, 3.700439718141092], [4.321928094887363, 4.087462841250339, 4.0, 3.321928094887362, 2.321928094887362, 3.0, 2.807354922057604, 4.906890595608519, 5.459431618637297, 4.459431618637297, 4.643856189774724, 4.247927513443585, 4.584962500721156, 4.247927513443585, 4.169925001442312, 4.754887502163468, 5.0, 4.523561956057013, 4.906890595608519, 5.044394119358453, 4.857980995127572, 4.459431618637297, 4.643856189774724, 4.857980995127572], [4.459431618637297, 3.807354922057604, 3.169925001442312, 2.0, 3.169925001442312, 1.584962500721156, 3.0, 4.523561956057013, 5.643856189774724, 5.459431618637297, 5.169925001442312, 4.954196310386875, 4.247927513443585, 5.357552004618084, 5.087462841250339, 5.044394119358453, 5.044394119358453, 5.491853096329675, 5.0, 5.169925001442312, 4.700439718141093, 4.523561956057013, 4.954196310386875, 4.247927513443585], [4.392317422778761, 4.392317422778761, 3.700439718141092, 3.0, 3.584962500721156, 2.584962500721156, 4.247927513443585, 4.954196310386875, 5.044394119358453, 5.20945336562895, 5.247927513443585, 4.584962500721156, 4.857980995127572, 4.954196310386875, 5.247927513443585, 4.700439718141093, 4.523561956057013, 5.169925001442312, 5.285402218862249, 5.357552004618084, 5.285402218862249, 4.954196310386875, 4.700439718141093, 4.321928094887363], [4.087462841250339, 3.9068905956085187, 4.087462841250339, 3.584962500721156, 2.321928094887362, 1.0, 2.321928094887362, 3.807354922057604, 4.807354922057604, 4.906890595608519, 5.321928094887363, 4.754887502163468, 4.584962500721156, 5.392317422778761, 5.285402218862249, 5.357552004618084, 5.087462841250339, 5.392317422778761, 5.129283016944966, 5.044394119358453, 4.906890595608519, 5.285402218862249, 4.392317422778761, 4.523561956057013]]}