{"min": 0, "max": 11.000704269011246, "pieData": [[4.584962500721156, 4.392317422778761, 4.754887502163468, 4.247927513443585, 2.321928094887362, 2.321928094887362, 4.807354922057604, 5.169925001442312, 3.169925001442312, 3.169925001442312, 3.700439718141092, 4.0, 4.247927513443585, 4.169925001442312, 4.643856189774724, 4.247927513443585, 3.584962500721156, 4.321928094887363, 4.754887502163468, 3.0, 4.0, 4.954196310386875, 4.807354922057604, 5.0], [5.169925001442312, 4.700439718141093, 4.392317422778761, 4.321928094887363, 2.584962500721156, 3.0, 4.247927513443585, 4.087462841250339, 3.584962500721156, 3.321928094887362, 3.4594316186372973, 4.0, 4.087462841250339, 4.0, 4.754887502163468, 3.807354922057604, 4.087462841250339, 3.700439718141092, 4.087462841250339, 4.392317422778761, 4.857980995127572, 5.169925001442312, 5.554588851677638, 5.584962500721156], [4.857980995127572, 5.392317422778761, 4.0, 3.584962500721156, 3.321928094887362, 2.321928094887362, 3.4594316186372973, 4.087462841250339, 4.247927513443585, 3.169925001442312, 3.9068905956085187, 4.169925001442312, 3.700439718141092, 4.523561956057013, 4.087462841250339, 4.169925001442312, 4.169925001442312, 4.087462841250339, 4.087462841250339, 4.700439718141093, 1.584962500721156, 4.700439718141093, 5.247927513443585, 5.087462841250339], [4.954196310386875, 5.087462841250339, 4.643856189774724, 4.0, 2.321928094887362, 2.807354922057604, 3.584962500721156, 4.954196310386875, 3.700439718141092, 3.169925001442312, 3.700439718141092, 4.392317422778761, 3.4594316186372973, 3.169925001442312, 3.9068905956085187, 3.584962500721156, 4.0, 4.392317422778761, 4.584962500721156, 4.643856189774724, 5.285402218862249, 5.044394119358453, 5.491853096329675, 5.129283016944966], [5.459431618637297, 4.754887502163468, 4.584962500721156, 3.807354922057604, 3.321928094887362, 3.169925001442312, 3.321928094887362, 5.169925001442312, 3.584962500721156, 3.321928094887362, 4.459431618637297, 4.087462841250339, 4.643856189774724, 4.392317422778761, 4.523561956057013, 3.700439718141092, 4.247927513443585, 4.169925001442312, 4.459431618637297, 4.523561956057013, 4.954196310386875, 4.906890595608519, 4.754887502163468, 5.321928094887363], [5.491853096329675, 5.285402218862249, 5.044394119358453, 4.954196310386875, 4.087462841250339, 2.584962500721156, 4.459431618637297, 4.643856189774724, 4.523561956057013, 3.4594316186372973, 4.0, 3.169925001442312, 3.584962500721156, 4.459431618637297, 3.0, 4.087462841250339, 3.807354922057604, 4.087462841250339, 4.169925001442312, 4.643856189774724, 4.247927513443585, 4.906890595608519, 4.523561956057013, 5.392317422778761], [5.0, 4.643856189774724, 4.807354922057604, 4.392317422778761, 3.169925001442312, 2.584962500721156, 3.700439718141092, 3.169925001442312, 3.584962500721156, 3.321928094887362, 3.700439718141092, 3.584962500721156, 3.9068905956085187, 4.0, 4.0, 3.4594316186372973, 4.392317422778761, 4.584962500721156, 4.087462841250339, 4.392317422778761, 4.807354922057604, 4.754887502163468, 5.357552004618084, 4.584962500721156]]}