{"min": 0, "max": 11.000704269011246, "pieData": [[8.129283016944967, 7.592457037268081, 7.357552004618084, 6.658211482751795, 6.339850002884624, 6.392317422778761, 7.199672344836364, 7.022367813028454, 6.714245517666122, 7.409390936137702, 7.459431618637297, 7.643856189774724, 7.409390936137702, 7.813781191217037, 7.857980995127572, 7.754887502163468, 7.451211111832329, 7.409390936137702, 7.383704292474052, 6.507794640198696, 7.584962500721156, 8.507794640198696, 8.45532722030456, 8.569855608330947], [8.238404739325079, 7.977279923499917, 7.614709844115208, 6.794415866350106, 6.339850002884624, 5.857980995127572, 6.754887502163468, 7.108524456778169, 7.129283016944966, 7.247927513443585, 7.189824558880018, 7.7481928495894605, 7.577428828035749, 7.7414669864011465, 7.900866807980749, 7.727920454563199, 7.614709844115208, 7.475733430966398, 7.6293566200796095, 7.459431618637297, 8.005624549193879, 8.144658242831882, 8.335390354693924, 8.330916878114618], [7.787902559391432, 7.794415866350106, 7.366322214245816, 6.820178962415188, 6.22881869049588, 6.0, 6.22881869049588, 6.870364719583405, 6.7414669864011465, 7.330916878114617, 7.294620748891627, 7.247927513443585, 7.392317422778761, 7.409390936137702, 7.693486957499325, 7.721099188707186, 7.330916878114617, 7.330916878114617, 7.266786540694901, 7.066089190457772, 5.044394119358453, 7.977279923499917, 8.154818109052105, 7.9886846867721655], [8.154818109052105, 7.714245517666122, 7.515699838284043, 7.011227255423254, 6.426264754702098, 5.523561956057013, 6.727920454563199, 7.199672344836364, 7.0, 7.294620748891627, 7.7073591320808825, 7.400879436282184, 7.383704292474052, 7.6293566200796095, 7.636624620543649, 7.832890014164741, 7.658211482751795, 7.266786540694901, 7.475733430966398, 7.658211482751795, 8.087462841250339, 8.184875342908283, 8.417852514885897, 8.252665432450248], [8.214319120800766, 7.845490050944376, 7.434628227636725, 6.714245517666122, 6.409390936137702, 6.339850002884624, 6.977279923499917, 7.108524456778169, 7.087462841250339, 7.149747119504682, 7.700439718141093, 7.807354922057604, 7.507794640198696, 7.6865005271832185, 7.658211482751795, 7.94251450533924, 7.491853096329675, 7.1799090900149345, 7.118941072723508, 7.339850002884624, 7.936637939002571, 8.179909090014934, 8.344295907915816, 8.396604781181859], [8.290018846932618, 8.071462362556623, 7.768184324776926, 7.312882955284356, 6.614709844115208, 5.78135971352466, 6.321928094887363, 7.294620748891627, 7.584962500721156, 7.339850002884624, 7.531381460516312, 7.451211111832329, 7.3750394313469245, 7.584962500721156, 7.321928094887363, 7.247927513443585, 7.434628227636725, 7.3750394313469245, 7.467605550082998, 7.584962500721156, 7.839203788096944, 8.092757140919852, 8.487840033823051, 8.357552004618084], [8.228818690495881, 8.103287808412022, 8.044394119358454, 7.294620748891627, 6.6293566200796095, 6.022367813028454, 6.392317422778761, 6.832890014164741, 7.139551352398794, 7.2761244052742375, 7.417852514885898, 7.6865005271832185, 7.6293566200796095, 7.357552004618084, 7.199672344836364, 7.451211111832329, 7.442943495848728, 7.442943495848728, 7.312882955284356, 7.651051691178928, 8.016808287686555, 8.194756854422248, 8.434628227636725, 8.339850002884624]]}