{"min": 0, "max": 11.000704269011246, "pieData": [[6.539158811108031, 5.807354922057604, 5.491853096329675, 4.643856189774724, 4.392317422778761, 4.0, 5.459431618637297, 5.672425341971495, 5.392317422778761, 5.977279923499917, 6.108524456778169, 6.022367813028454, 5.807354922057604, 6.129283016944966, 6.189824558880018, 6.22881869049588, 6.442943495848728, 6.044394119358453, 5.930737337562887, 4.700439718141093, 6.0, 7.022367813028454, 7.285402218862249, 6.882643049361842], [6.727920454563199, 6.087462841250339, 5.754887502163468, 5.426264754702098, 4.523561956057013, 4.247927513443585, 5.584962500721156, 5.554588851677638, 5.672425341971495, 6.044394119358453, 6.087462841250339, 6.6293566200796095, 5.807354922057604, 6.22881869049588, 6.491853096329675, 6.321928094887363, 6.22881869049588, 5.523561956057013, 5.78135971352466, 5.977279923499917, 6.754887502163468, 6.672425341971495, 7.312882955284356, 6.906890595608519], [6.409390936137702, 5.906890595608519, 5.643856189774724, 4.807354922057604, 4.700439718141093, 3.807354922057604, 5.169925001442312, 5.584962500721156, 5.523561956057013, 5.459431618637297, 5.832890014164741, 5.954196310386875, 5.643856189774724, 5.643856189774724, 5.78135971352466, 6.169925001442312, 5.78135971352466, 5.554588851677638, 6.022367813028454, 5.78135971352466, 3.584962500721156, 6.845490050944376, 6.845490050944376, 6.658211482751795], [6.754887502163468, 6.022367813028454, 5.78135971352466, 4.906890595608519, 4.392317422778761, 4.247927513443585, 5.426264754702098, 5.0, 5.044394119358453, 6.044394119358453, 5.727920454563199, 6.0, 5.643856189774724, 5.426264754702098, 6.321928094887363, 6.108524456778169, 5.832890014164741, 5.954196310386875, 5.614709844115208, 6.129283016944966, 6.768184324776926, 6.78135971352466, 7.129283016944966, 6.845490050944376], [6.569855608330948, 5.954196310386875, 5.906890595608519, 5.044394119358453, 4.0, 3.807354922057604, 5.247927513443585, 5.491853096329675, 6.149747119504682, 6.357552004618084, 6.357552004618084, 6.108524456778169, 5.930737337562887, 6.189824558880018, 5.672425341971495, 5.882643049361842, 6.614709844115208, 6.169925001442312, 5.727920454563199, 6.392317422778761, 6.6865005271832185, 6.768184324776926, 7.22881869049588, 6.672425341971495], [6.599912842187128, 6.507794640198696, 5.906890595608519, 5.247927513443585, 4.459431618637297, 4.643856189774724, 5.523561956057013, 5.554588851677638, 5.930737337562887, 5.700439718141093, 6.189824558880018, 6.0, 5.807354922057604, 6.357552004618084, 5.614709844115208, 5.977279923499917, 6.066089190457772, 5.977279923499917, 5.78135971352466, 5.954196310386875, 6.442943495848728, 6.149747119504682, 6.845490050944376, 6.7414669864011465], [6.475733430966398, 6.321928094887363, 5.882643049361842, 5.20945336562895, 5.0, 4.087462841250339, 4.906890595608519, 5.087462841250339, 5.857980995127572, 5.977279923499917, 6.066089190457772, 5.643856189774724, 5.584962500721156, 6.087462841250339, 6.247927513443585, 5.857980995127572, 6.044394119358453, 6.409390936137702, 6.321928094887363, 6.569855608330948, 6.523561956057013, 6.658211482751795, 7.011227255423254, 6.906890595608519]]}