{"min": 0, "max": 11.000704269011246, "pieData": [[6.954196310386875, 6.321928094887363, 6.087462841250339, 6.129283016944966, 5.20945336562895, 4.523561956057013, 6.149747119504682, 7.066089190457772, 7.098032082960526, 7.189824558880018, 6.882643049361842, 6.700439718141093, 6.820178962415188, 6.977279923499917, 6.820178962415188, 7.022367813028454, 7.05528243550119, 6.820178962415188, 7.076815597050831, 5.857980995127572, 5.700439718141093, 6.977279923499917, 7.118941072723508, 6.845490050944376], [6.768184324776926, 6.507794640198696, 6.599912842187128, 6.0, 5.044394119358453, 4.857980995127572, 5.700439718141093, 6.539158811108031, 6.882643049361842, 6.845490050944376, 6.303780748177103, 6.78135971352466, 6.303780748177103, 6.672425341971495, 6.820178962415188, 6.857980995127572, 6.672425341971495, 6.78135971352466, 7.087462841250339, 6.954196310386875, 6.845490050944376, 6.7414669864011465, 6.894817763307944, 6.807354922057604], [6.523561956057013, 5.977279923499917, 6.357552004618084, 5.643856189774724, 5.0, 4.392317422778761, 5.20945336562895, 6.303780748177103, 6.754887502163468, 6.339850002884624, 6.392317422778761, 6.507794640198696, 6.285402218862249, 6.554588851677638, 6.442943495848728, 6.584962500721156, 6.459431618637297, 6.870364719583405, 7.0, 7.011227255423254, 4.392317422778761, 7.066089190457772, 6.894817763307944, 6.475733430966398], [6.614709844115208, 6.189824558880018, 6.087462841250339, 5.78135971352466, 4.807354922057604, 4.700439718141093, 5.906890595608519, 6.832890014164741, 6.94251450533924, 6.266786540694901, 6.087462841250339, 6.108524456778169, 5.882643049361842, 6.022367813028454, 6.643856189774724, 6.614709844115208, 6.882643049361842, 6.599912842187128, 6.94251450533924, 6.857980995127572, 6.882643049361842, 6.94251450533924, 6.870364719583405, 6.918863237274595], [6.918863237274595, 6.475733430966398, 6.169925001442312, 6.0, 5.285402218862249, 4.643856189774724, 5.906890595608519, 6.78135971352466, 6.894817763307944, 6.599912842187128, 6.727920454563199, 6.491853096329675, 6.20945336562895, 6.870364719583405, 6.820178962415188, 6.614709844115208, 6.768184324776926, 6.78135971352466, 7.599912842187128, 7.357552004618084, 7.098032082960526, 6.614709844115208, 7.098032082960526, 6.768184324776926], [6.857980995127572, 6.507794640198696, 6.339850002884624, 6.169925001442312, 5.169925001442312, 4.857980995127572, 5.584962500721156, 6.392317422778761, 6.794415866350106, 6.658211482751795, 6.754887502163468, 6.930737337562887, 6.832890014164741, 6.906890595608519, 6.94251450533924, 6.954196310386875, 7.0, 6.870364719583405, 7.409390936137702, 7.066089190457772, 7.087462841250339, 7.118941072723508, 6.930737337562887, 6.700439718141093], [6.714245517666122, 6.491853096329675, 6.906890595608519, 6.0, 5.614709844115208, 4.954196310386875, 5.491853096329675, 5.727920454563199, 6.357552004618084, 6.930737337562887, 6.539158811108031, 6.9886846867721655, 7.098032082960526, 7.087462841250339, 6.930737337562887, 6.882643049361842, 6.714245517666122, 6.870364719583405, 6.9886846867721655, 7.189824558880018, 7.066089190457772, 6.965784284662087, 6.882643049361842, 6.392317422778761]]}