{"min": 0, "max": 11.000704269011246, "pieData": [[7.087462841250339, 6.357552004618084, 6.357552004618084, 6.0, 5.0, 4.321928094887363, 5.700439718141093, 6.857980995127572, 6.643856189774724, 7.523561956057013, 7.339850002884624, 7.247927513443585, 7.05528243550119, 7.0, 7.409390936137702, 7.2384047393250786, 7.22881869049588, 7.475733430966398, 7.459431618637297, 6.392317422778761, 6.392317422778761, 7.734709620225838, 7.339850002884624, 7.2761244052742375], [7.0, 6.768184324776926, 6.523561956057013, 6.066089190457772, 4.392317422778761, 4.087462841250339, 4.754887502163468, 6.658211482751795, 7.247927513443585, 7.139551352398794, 6.977279923499917, 6.9886846867721655, 7.098032082960526, 7.2761244052742375, 7.257387842692652, 7.22881869049588, 7.467605550082998, 7.312882955284356, 7.139551352398794, 7.507794640198696, 7.569855608330948, 7.531381460516312, 7.392317422778761, 6.977279923499917], [6.584962500721156, 6.7414669864011465, 6.108524456778169, 5.78135971352466, 4.954196310386875, 4.0, 5.392317422778761, 6.285402218862249, 6.832890014164741, 6.754887502163468, 6.820178962415188, 6.727920454563199, 6.714245517666122, 6.523561956057013, 6.965784284662087, 6.882643049361842, 6.768184324776926, 7.20945336562895, 7.321928094887363, 7.366322214245816, 4.523561956057013, 7.2761244052742375, 7.22881869049588, 7.0], [6.845490050944376, 6.475733430966398, 6.714245517666122, 5.954196310386875, 4.523561956057013, 4.459431618637297, 5.700439718141093, 6.539158811108031, 6.794415866350106, 6.507794640198696, 6.247927513443585, 6.108524456778169, 6.22881869049588, 5.832890014164741, 6.894817763307944, 6.906890595608519, 7.159871336778389, 7.087462841250339, 7.554588851677638, 7.087462841250339, 7.339850002884624, 7.2761244052742375, 7.417852514885898, 6.930737337562887], [7.05528243550119, 6.6293566200796095, 6.714245517666122, 6.22881869049588, 5.129283016944966, 4.087462841250339, 4.906890595608519, 6.491853096329675, 6.820178962415188, 7.159871336778389, 6.714245517666122, 6.965784284662087, 6.794415866350106, 7.044394119358453, 7.22881869049588, 7.108524456778169, 7.285402218862249, 7.392317422778761, 7.434628227636725, 7.60733031374961, 7.499845887083206, 7.491853096329675, 7.531381460516312, 7.139551352398794], [7.108524456778169, 6.930737337562887, 6.700439718141093, 6.794415866350106, 5.357552004618084, 5.0, 5.672425341971495, 6.149747119504682, 6.727920454563199, 6.894817763307944, 6.954196310386875, 7.22881869049588, 7.2761244052742375, 7.434628227636725, 7.247927513443585, 7.507794640198696, 7.467605550082998, 7.483815777264256, 7.60733031374961, 7.499845887083206, 7.832890014164741, 7.7615512324444795, 7.774787059601174, 7.247927513443585], [7.22881869049588, 6.977279923499917, 6.894817763307944, 6.285402218862249, 5.672425341971495, 4.459431618637297, 4.857980995127572, 5.882643049361842, 6.569855608330948, 7.05528243550119, 7.22881869049588, 7.2384047393250786, 7.483815777264256, 7.321928094887363, 7.499845887083206, 7.636624620543649, 7.467605550082998, 7.787902559391432, 7.451211111832329, 7.569855608330948, 7.636624620543649, 7.426264754702098, 7.383704292474052, 7.0]]}