{"min": 0, "max": 11.000704269011246, "pieData": [[4.906890595608519, 4.807354922057604, 3.807354922057604, 3.169925001442312, 3.0, 4.0, 4.700439718141093, 5.087462841250339, 4.523561956057013, 4.807354922057604, 4.807354922057604, 4.954196310386875, 4.807354922057604, 5.044394119358453, 5.129283016944966, 5.357552004618084, 4.906890595608519, 4.857980995127572, 4.754887502163468, 4.321928094887363, 4.700439718141093, 5.78135971352466, 5.727920454563199, 5.700439718141093], [4.906890595608519, 3.700439718141092, 4.643856189774724, 3.169925001442312, 3.321928094887362, 3.169925001442312, 4.523561956057013, 5.285402218862249, 4.0, 4.247927513443585, 5.087462841250339, 4.700439718141093, 5.584962500721156, 4.584962500721156, 4.906890595608519, 5.087462841250339, 5.247927513443585, 4.169925001442312, 4.321928094887363, 5.584962500721156, 5.643856189774724, 5.643856189774724, 6.044394119358453, 5.584962500721156], [5.044394119358453, 4.584962500721156, 4.0, 3.807354922057604, 3.807354922057604, 3.0, 4.459431618637297, 5.20945336562895, 4.523561956057013, 4.906890595608519, 4.523561956057013, 4.169925001442312, 4.906890595608519, 5.169925001442312, 5.20945336562895, 4.643856189774724, 4.807354922057604, 4.643856189774724, 4.321928094887363, 4.857980995127572, 1.584962500721156, 5.554588851677638, 5.459431618637297, 5.754887502163468], [5.20945336562895, 5.285402218862249, 5.0, 4.247927513443585, 3.169925001442312, 3.169925001442312, 4.754887502163468, 5.044394119358453, 3.0, 4.523561956057013, 4.643856189774724, 5.523561956057013, 4.643856189774724, 4.169925001442312, 5.169925001442312, 4.321928094887363, 5.584962500721156, 5.643856189774724, 4.087462841250339, 5.247927513443585, 5.459431618637297, 5.392317422778761, 5.672425341971495, 5.727920454563199], [5.247927513443585, 4.247927513443585, 4.584962500721156, 3.9068905956085187, 3.4594316186372973, 3.169925001442312, 4.754887502163468, 5.20945336562895, 4.584962500721156, 4.643856189774724, 4.954196310386875, 4.392317422778761, 4.523561956057013, 4.643856189774724, 4.0, 4.906890595608519, 5.426264754702098, 4.087462841250339, 4.906890595608519, 5.0, 5.129283016944966, 5.882643049361842, 5.491853096329675, 5.672425341971495], [5.087462841250339, 4.857980995127572, 4.807354922057604, 3.9068905956085187, 3.700439718141092, 3.0, 4.087462841250339, 5.321928094887363, 5.129283016944966, 5.044394119358453, 4.906890595608519, 4.700439718141093, 4.247927513443585, 5.247927513443585, 5.0, 4.700439718141093, 5.044394119358453, 4.459431618637297, 5.129283016944966, 5.0, 4.954196310386875, 5.044394119358453, 5.491853096329675, 5.754887502163468], [5.044394119358453, 5.0, 4.523561956057013, 3.700439718141092, 2.807354922057604, 3.4594316186372973, 4.087462841250339, 4.087462841250339, 4.459431618637297, 4.584962500721156, 3.700439718141092, 4.247927513443585, 4.954196310386875, 4.954196310386875, 4.954196310386875, 4.321928094887363, 5.285402218862249, 5.087462841250339, 4.906890595608519, 4.807354922057604, 5.357552004618084, 5.426264754702098, 5.78135971352466, 5.285402218862249]]}