{"min": 0, "max": 11.000704269011246, "pieData": [[6.882643049361842, 6.321928094887363, 6.169925001442312, 5.807354922057604, 5.392317422778761, 5.392317422778761, 6.044394119358453, 6.845490050944376, 7.011227255423254, 7.2384047393250786, 6.894817763307944, 6.906890595608519, 6.599912842187128, 7.03342300153745, 7.0, 7.199672344836364, 7.03342300153745, 7.022367813028454, 7.05528243550119, 5.554588851677638, 6.189824558880018, 7.139551352398794, 6.870364719583405, 6.614709844115208], [6.539158811108031, 6.507794640198696, 6.285402218862249, 6.022367813028454, 4.954196310386875, 5.044394119358453, 4.857980995127572, 6.3750394313469245, 6.94251450533924, 7.2761244052742375, 7.0, 6.672425341971495, 6.409390936137702, 6.894817763307944, 7.247927513443585, 7.199672344836364, 7.169925001442312, 6.954196310386875, 6.754887502163468, 6.78135971352466, 7.087462841250339, 6.857980995127572, 6.894817763307944, 6.727920454563199], [6.539158811108031, 6.247927513443585, 5.754887502163468, 5.727920454563199, 4.954196310386875, 4.643856189774724, 5.357552004618084, 6.459431618637297, 6.442943495848728, 6.569855608330948, 6.894817763307944, 6.672425341971495, 6.870364719583405, 6.523561956057013, 6.78135971352466, 6.794415866350106, 6.727920454563199, 6.754887502163468, 7.022367813028454, 6.794415866350106, 4.321928094887363, 6.768184324776926, 6.807354922057604, 7.044394119358453], [6.6865005271832185, 6.409390936137702, 5.930737337562887, 6.189824558880018, 5.20945336562895, 5.459431618637297, 5.129283016944966, 6.303780748177103, 6.491853096329675, 6.584962500721156, 6.087462841250339, 6.266786540694901, 5.78135971352466, 6.0, 6.754887502163468, 6.894817763307944, 6.954196310386875, 6.807354922057604, 6.7414669864011465, 7.0, 6.906890595608519, 7.066089190457772, 6.714245517666122, 6.794415866350106], [6.918863237274595, 6.129283016944966, 6.149747119504682, 5.554588851677638, 5.491853096329675, 4.754887502163468, 5.247927513443585, 6.442943495848728, 6.523561956057013, 7.22881869049588, 6.727920454563199, 6.643856189774724, 6.129283016944966, 6.491853096329675, 6.820178962415188, 6.599912842187128, 6.977279923499917, 6.539158811108031, 6.569855608330948, 7.03342300153745, 7.247927513443585, 6.930737337562887, 7.108524456778169, 6.870364719583405], [6.672425341971495, 6.6865005271832185, 6.614709844115208, 5.977279923499917, 5.700439718141093, 5.459431618637297, 5.78135971352466, 6.189824558880018, 6.409390936137702, 6.794415866350106, 6.459431618637297, 6.857980995127572, 6.768184324776926, 6.930737337562887, 7.011227255423254, 6.672425341971495, 6.9886846867721655, 6.754887502163468, 7.129283016944966, 6.94251450533924, 6.977279923499917, 6.965784284662087, 7.257387842692652, 6.754887502163468], [6.807354922057604, 6.78135971352466, 6.539158811108031, 5.906890595608519, 5.672425341971495, 5.426264754702098, 5.285402218862249, 5.727920454563199, 6.658211482751795, 6.599912842187128, 6.918863237274595, 6.870364719583405, 6.820178962415188, 6.857980995127572, 7.108524456778169, 6.977279923499917, 6.9886846867721655, 6.845490050944376, 6.870364719583405, 7.219168520462161, 7.076815597050831, 6.965784284662087, 6.845490050944376, 6.409390936137702]]}