{"min": 0, "max": 11.000704269011246, "pieData": [[3.700439718141092, 3.4594316186372973, 2.584962500721156, 2.0, 2.0, 2.321928094887362, 3.584962500721156, 4.459431618637297, 4.0, 4.247927513443585, 4.700439718141093, 4.523561956057013, 4.523561956057013, 3.700439718141092, 4.643856189774724, 4.807354922057604, 4.807354922057604, 5.0, 4.247927513443585, 3.700439718141092, 4.169925001442312, 5.20945336562895, 5.643856189774724, 4.954196310386875], [3.169925001442312, 3.807354922057604, 3.584962500721156, 2.0, 2.807354922057604, 2.321928094887362, 2.321928094887362, 4.169925001442312, 4.392317422778761, 4.807354922057604, 5.087462841250339, 4.523561956057013, 4.906890595608519, 4.087462841250339, 4.087462841250339, 4.807354922057604, 5.129283016944966, 4.700439718141093, 4.169925001442312, 4.169925001442312, 5.087462841250339, 4.857980995127572, 5.247927513443585, 5.129283016944966], [3.9068905956085187, 4.392317422778761, 2.807354922057604, 2.584962500721156, 1.0, 2.807354922057604, 3.169925001442312, 4.247927513443585, 5.044394119358453, 4.643856189774724, 4.906890595608519, 4.643856189774724, 4.643856189774724, 4.857980995127572, 4.807354922057604, 4.523561956057013, 4.754887502163468, 4.584962500721156, 4.643856189774724, 4.906890595608519, 3.321928094887362, 5.857980995127572, 5.523561956057013, 4.392317422778761], [4.584962500721156, 3.321928094887362, 3.169925001442312, 2.0, 1.584962500721156, 2.0, 3.0, 3.9068905956085187, 5.087462841250339, 4.700439718141093, 5.247927513443585, 4.700439718141093, 4.247927513443585, 4.700439718141093, 4.906890595608519, 4.807354922057604, 4.857980995127572, 4.857980995127572, 4.906890595608519, 4.523561956057013, 4.754887502163468, 5.807354922057604, 5.20945336562895, 4.807354922057604], [3.807354922057604, 4.523561956057013, 3.169925001442312, 2.807354922057604, 1.0, 2.321928094887362, 3.0, 4.954196310386875, 4.321928094887363, 4.459431618637297, 4.523561956057013, 4.392317422778761, 4.523561956057013, 4.700439718141093, 5.247927513443585, 5.087462841250339, 5.0, 4.321928094887363, 5.129283016944966, 4.321928094887363, 5.087462841250339, 4.807354922057604, 5.392317422778761, 5.392317422778761], [4.643856189774724, 3.4594316186372973, 4.087462841250339, 3.169925001442312, 2.321928094887362, 3.169925001442312, 1.0, 3.700439718141092, 4.321928094887363, 4.087462841250339, 4.523561956057013, 4.584962500721156, 5.129283016944966, 4.459431618637297, 4.459431618637297, 4.087462841250339, 4.247927513443585, 4.0, 4.523561956057013, 4.584962500721156, 4.584962500721156, 4.0, 4.857980995127572, 4.0], [4.087462841250339, 3.584962500721156, 3.807354922057604, 2.0, 1.584962500721156, 2.0, 2.321928094887362, 3.4594316186372973, 4.169925001442312, 4.643856189774724, 3.321928094887362, 3.584962500721156, 3.584962500721156, 3.9068905956085187, 4.459431618637297, 4.459431618637297, 3.807354922057604, 4.584962500721156, 4.700439718141093, 4.459431618637297, 4.700439718141093, 5.357552004618084, 4.459431618637297, 4.523561956057013]]}