{"min": 0, "max": 11.000704269011246, "pieData": [[6.0, 5.169925001442312, 4.247927513443585, 3.9068905956085187, 3.807354922057604, 4.392317422778761, 5.087462841250339, 5.614709844115208, 5.954196310386875, 5.523561956057013, 5.807354922057604, 5.754887502163468, 5.459431618637297, 5.392317422778761, 6.087462841250339, 5.807354922057604, 5.78135971352466, 5.584962500721156, 5.129283016944966, 4.906890595608519, 5.78135971352466, 6.247927513443585, 6.807354922057604, 6.6865005271832185], [5.584962500721156, 5.554588851677638, 4.700439718141093, 4.087462841250339, 4.169925001442312, 3.169925001442312, 4.906890595608519, 5.321928094887363, 5.491853096329675, 5.882643049361842, 6.169925001442312, 6.491853096329675, 5.554588851677638, 5.357552004618084, 6.044394119358453, 6.044394119358453, 6.266786540694901, 5.832890014164741, 5.20945336562895, 5.523561956057013, 6.129283016944966, 6.285402218862249, 6.857980995127572, 6.658211482751795], [5.426264754702098, 5.169925001442312, 4.754887502163468, 3.807354922057604, 3.0, 2.584962500721156, 4.321928094887363, 5.20945336562895, 5.491853096329675, 5.523561956057013, 5.614709844115208, 5.78135971352466, 4.906890595608519, 5.321928094887363, 5.357552004618084, 5.832890014164741, 5.832890014164741, 5.523561956057013, 5.129283016944966, 5.426264754702098, 3.4594316186372973, 6.0, 6.554588851677638, 6.442943495848728], [6.022367813028454, 5.727920454563199, 5.129283016944966, 4.754887502163468, 3.700439718141092, 3.321928094887362, 4.700439718141093, 4.807354922057604, 5.357552004618084, 5.954196310386875, 5.672425341971495, 5.857980995127572, 5.426264754702098, 5.357552004618084, 5.882643049361842, 6.0, 5.643856189774724, 5.321928094887363, 5.523561956057013, 5.78135971352466, 5.832890014164741, 6.20945336562895, 6.539158811108031, 6.321928094887363], [6.149747119504682, 5.129283016944966, 4.523561956057013, 3.9068905956085187, 3.321928094887362, 3.807354922057604, 4.807354922057604, 5.700439718141093, 5.977279923499917, 5.930737337562887, 6.339850002884624, 5.882643049361842, 5.285402218862249, 5.700439718141093, 5.247927513443585, 5.523561956057013, 6.169925001442312, 5.78135971352466, 5.459431618637297, 5.392317422778761, 5.954196310386875, 6.285402218862249, 6.554588851677638, 6.700439718141093], [6.321928094887363, 5.78135971352466, 5.087462841250339, 4.857980995127572, 4.247927513443585, 4.643856189774724, 3.9068905956085187, 5.672425341971495, 5.643856189774724, 5.807354922057604, 5.977279923499917, 5.78135971352466, 5.584962500721156, 5.491853096329675, 5.643856189774724, 5.087462841250339, 5.523561956057013, 5.285402218862249, 5.643856189774724, 5.285402218862249, 6.129283016944966, 6.044394119358453, 6.108524456778169, 6.169925001442312], [6.149747119504682, 5.700439718141093, 5.087462841250339, 4.392317422778761, 3.584962500721156, 3.584962500721156, 3.807354922057604, 4.523561956057013, 5.554588851677638, 4.857980995127572, 5.832890014164741, 5.554588851677638, 5.459431618637297, 5.20945336562895, 5.459431618637297, 5.700439718141093, 5.700439718141093, 5.584962500721156, 5.087462841250339, 5.954196310386875, 6.266786540694901, 6.149747119504682, 6.78135971352466, 6.247927513443585]]}