{"min": 0, "max": 11.000704269011246, "pieData": [[5.727920454563199, 4.906890595608519, 5.087462841250339, 4.700439718141093, 4.392317422778761, 3.700439718141092, 4.584962500721156, 5.426264754702098, 5.459431618637297, 6.0, 5.614709844115208, 5.78135971352466, 5.129283016944966, 5.672425341971495, 5.700439718141093, 6.066089190457772, 6.022367813028454, 5.857980995127572, 6.442943495848728, 5.426264754702098, 4.392317422778761, 5.906890595608519, 5.672425341971495, 5.954196310386875], [5.614709844115208, 5.491853096329675, 5.357552004618084, 4.247927513443585, 4.169925001442312, 3.700439718141092, 4.523561956057013, 5.614709844115208, 5.857980995127572, 5.554588851677638, 5.426264754702098, 5.523561956057013, 5.169925001442312, 5.807354922057604, 5.169925001442312, 5.321928094887363, 5.906890595608519, 5.614709844115208, 5.392317422778761, 5.954196310386875, 5.672425341971495, 6.087462841250339, 5.832890014164741, 5.459431618637297], [5.857980995127572, 5.426264754702098, 4.857980995127572, 4.459431618637297, 3.807354922057604, 3.0, 4.321928094887363, 5.129283016944966, 5.614709844115208, 5.20945336562895, 4.954196310386875, 5.129283016944966, 4.700439718141093, 5.554588851677638, 5.392317422778761, 5.392317422778761, 5.643856189774724, 5.459431618637297, 5.857980995127572, 5.754887502163468, 3.700439718141092, 5.285402218862249, 5.807354922057604, 5.857980995127572], [5.392317422778761, 5.044394119358453, 4.754887502163468, 4.247927513443585, 4.169925001442312, 3.4594316186372973, 5.0, 5.0, 5.129283016944966, 4.523561956057013, 4.643856189774724, 4.459431618637297, 4.247927513443585, 3.584962500721156, 5.491853096329675, 5.285402218862249, 5.459431618637297, 5.807354922057604, 5.930737337562887, 5.906890595608519, 5.643856189774724, 5.832890014164741, 6.0, 5.832890014164741], [5.614709844115208, 4.906890595608519, 3.807354922057604, 4.169925001442312, 4.169925001442312, 4.0, 3.9068905956085187, 4.954196310386875, 5.754887502163468, 5.614709844115208, 5.357552004618084, 5.044394119358453, 5.0, 5.357552004618084, 5.672425341971495, 5.700439718141093, 5.426264754702098, 5.930737337562887, 5.78135971352466, 6.339850002884624, 5.930737337562887, 5.930737337562887, 6.0, 5.954196310386875], [6.108524456778169, 6.0, 5.247927513443585, 4.459431618637297, 4.523561956057013, 3.321928094887362, 4.087462841250339, 4.700439718141093, 5.584962500721156, 5.129283016944966, 5.584962500721156, 5.700439718141093, 5.426264754702098, 5.614709844115208, 5.129283016944966, 5.78135971352466, 5.954196310386875, 5.954196310386875, 6.129283016944966, 6.044394119358453, 5.832890014164741, 5.727920454563199, 6.169925001442312, 6.0], [5.672425341971495, 5.321928094887363, 5.78135971352466, 4.857980995127572, 4.0, 3.807354922057604, 4.087462841250339, 5.247927513443585, 5.523561956057013, 5.727920454563199, 5.426264754702098, 5.554588851677638, 5.807354922057604, 5.614709844115208, 5.906890595608519, 6.169925001442312, 5.491853096329675, 5.930737337562887, 6.149747119504682, 6.066089190457772, 5.78135971352466, 6.0, 5.392317422778761, 5.584962500721156]]}