{"min": 0, "max": 11.000704269011246, "pieData": [[5.930737337562887, 5.426264754702098, 5.129283016944966, 4.754887502163468, 3.700439718141092, 4.087462841250339, 4.754887502163468, 6.459431618637297, 6.459431618637297, 6.149747119504682, 5.523561956057013, 6.0, 5.614709844115208, 5.672425341971495, 6.22881869049588, 5.672425341971495, 5.977279923499917, 6.285402218862249, 6.20945336562895, 4.754887502163468, 4.954196310386875, 6.357552004618084, 6.247927513443585, 6.129283016944966], [5.78135971352466, 5.0, 5.357552004618084, 5.357552004618084, 4.169925001442312, 2.584962500721156, 5.129283016944966, 6.491853096329675, 5.930737337562887, 5.882643049361842, 6.0, 5.584962500721156, 5.882643049361842, 5.643856189774724, 6.066089190457772, 6.129283016944966, 5.930737337562887, 5.807354922057604, 5.857980995127572, 6.321928094887363, 5.977279923499917, 5.906890595608519, 5.930737337562887, 5.459431618637297], [5.247927513443585, 5.285402218862249, 4.392317422778761, 3.9068905956085187, 4.169925001442312, 3.0, 4.321928094887363, 5.857980995127572, 5.857980995127572, 5.614709844115208, 5.459431618637297, 6.169925001442312, 5.78135971352466, 5.584962500721156, 5.321928094887363, 5.584962500721156, 5.727920454563199, 5.614709844115208, 5.832890014164741, 6.108524456778169, 3.0, 5.930737337562887, 5.672425341971495, 5.78135971352466], [5.357552004618084, 5.044394119358453, 4.754887502163468, 4.169925001442312, 3.9068905956085187, 2.321928094887362, 4.169925001442312, 5.930737337562887, 6.022367813028454, 5.807354922057604, 5.087462841250339, 4.954196310386875, 5.044394119358453, 4.584962500721156, 5.357552004618084, 6.066089190457772, 5.614709844115208, 5.906890595608519, 6.303780748177103, 6.149747119504682, 5.977279923499917, 6.129283016944966, 6.392317422778761, 5.321928094887363], [5.357552004618084, 5.169925001442312, 4.807354922057604, 4.247927513443585, 3.9068905956085187, 2.807354922057604, 4.392317422778761, 6.523561956057013, 6.169925001442312, 6.108524456778169, 5.78135971352466, 6.149747119504682, 5.700439718141093, 5.321928094887363, 6.129283016944966, 5.882643049361842, 6.392317422778761, 6.149747119504682, 6.108524456778169, 6.507794640198696, 6.266786540694901, 6.22881869049588, 6.044394119358453, 5.672425341971495], [5.807354922057604, 5.807354922057604, 5.087462841250339, 5.044394119358453, 3.9068905956085187, 3.807354922057604, 4.0, 5.727920454563199, 6.20945336562895, 5.954196310386875, 5.832890014164741, 5.672425341971495, 5.584962500721156, 5.832890014164741, 6.022367813028454, 5.523561956057013, 5.807354922057604, 5.906890595608519, 6.189824558880018, 6.149747119504682, 5.832890014164741, 6.087462841250339, 5.727920454563199, 5.700439718141093], [5.882643049361842, 5.614709844115208, 5.285402218862249, 5.087462841250339, 4.584962500721156, 4.087462841250339, 3.9068905956085187, 4.857980995127572, 5.554588851677638, 5.357552004618084, 5.523561956057013, 5.78135971352466, 5.491853096329675, 5.78135971352466, 5.882643049361842, 5.954196310386875, 5.857980995127572, 6.0, 6.247927513443585, 6.321928094887363, 5.882643049361842, 6.087462841250339, 6.169925001442312, 5.906890595608519]]}