{"min": 0, "max": 11.000704269011246, "pieData": [[5.20945336562895, 5.129283016944966, 4.643856189774724, 4.584962500721156, 3.4594316186372973, 2.807354922057604, 3.700439718141092, 5.614709844115208, 5.247927513443585, 5.169925001442312, 4.700439718141093, 5.20945336562895, 4.754887502163468, 4.523561956057013, 5.523561956057013, 5.0, 5.0, 5.882643049361842, 5.129283016944966, 4.584962500721156, 4.523561956057013, 5.614709844115208, 5.672425341971495, 5.087462841250339], [5.459431618637297, 4.754887502163468, 4.523561956057013, 3.9068905956085187, 3.0, 3.169925001442312, 3.9068905956085187, 5.285402218862249, 5.0, 5.129283016944966, 5.044394119358453, 4.807354922057604, 5.0, 5.044394119358453, 5.169925001442312, 4.459431618637297, 5.491853096329675, 5.285402218862249, 5.169925001442312, 6.108524456778169, 5.700439718141093, 5.392317422778761, 5.523561956057013, 4.954196310386875], [5.087462841250339, 4.643856189774724, 4.321928094887363, 3.9068905956085187, 3.321928094887362, 3.0, 3.169925001442312, 5.087462841250339, 4.807354922057604, 4.459431618637297, 5.129283016944966, 4.857980995127572, 4.807354922057604, 5.392317422778761, 4.700439718141093, 4.906890595608519, 4.954196310386875, 4.954196310386875, 4.906890595608519, 5.20945336562895, 2.807354922057604, 5.584962500721156, 5.807354922057604, 5.643856189774724], [5.357552004618084, 4.247927513443585, 4.169925001442312, 3.9068905956085187, 3.0, 2.321928094887362, 4.0, 4.643856189774724, 5.169925001442312, 4.392317422778761, 3.4594316186372973, 3.9068905956085187, 2.807354922057604, 4.087462841250339, 5.0, 5.129283016944966, 5.169925001442312, 5.20945336562895, 5.523561956057013, 5.357552004618084, 5.727920454563199, 5.554588851677638, 5.491853096329675, 5.20945336562895], [5.672425341971495, 4.906890595608519, 4.169925001442312, 3.807354922057604, 3.4594316186372973, 3.0, 3.584962500721156, 4.954196310386875, 5.044394119358453, 5.491853096329675, 5.357552004618084, 5.129283016944966, 5.0, 5.554588851677638, 5.523561956057013, 5.491853096329675, 5.614709844115208, 5.087462841250339, 5.754887502163468, 5.807354922057604, 5.584962500721156, 5.832890014164741, 5.882643049361842, 5.321928094887363], [5.20945336562895, 5.491853096329675, 5.20945336562895, 4.954196310386875, 3.4594316186372973, 2.584962500721156, 3.584962500721156, 4.643856189774724, 5.392317422778761, 4.954196310386875, 5.285402218862249, 5.044394119358453, 5.20945336562895, 5.0, 5.285402218862249, 5.044394119358453, 5.321928094887363, 5.643856189774724, 5.426264754702098, 5.459431618637297, 5.247927513443585, 5.700439718141093, 5.357552004618084, 5.727920454563199], [5.491853096329675, 4.754887502163468, 4.857980995127572, 4.857980995127572, 3.321928094887362, 3.0, 3.700439718141092, 4.954196310386875, 5.20945336562895, 4.857980995127572, 5.247927513443585, 5.044394119358453, 4.754887502163468, 5.285402218862249, 5.285402218862249, 5.459431618637297, 5.426264754702098, 5.643856189774724, 5.857980995127572, 5.357552004618084, 5.321928094887363, 5.426264754702098, 5.20945336562895, 5.321928094887363]]}