{"min": 0, "max": 11.000704269011246, "pieData": [[7.467605550082998, 7.087462841250339, 6.3750394313469245, 6.022367813028454, 5.426264754702098, 6.044394119358453, 7.011227255423254, 8.087462841250339, 8.45532722030456, 8.409390936137703, 8.169925001442312, 7.870364719583405, 7.918863237274595, 8.149747119504681, 8.285402218862249, 8.243173983472952, 8.092757140919852, 7.994353436858858, 7.7481928495894605, 6.94251450533924, 7.076815597050831, 7.888743248898259, 7.870364719583405, 7.483815777264256], [7.442943495848728, 7.189824558880018, 6.794415866350106, 6.339850002884624, 5.357552004618084, 5.700439718141093, 6.539158811108031, 7.98299357469431, 8.219168520462162, 7.994353436858858, 7.832890014164741, 7.857980995127572, 7.832890014164741, 7.876516946564999, 8.129283016944967, 8.118941072723507, 7.936637939002571, 8.087462841250339, 7.721099188707186, 8.076815597050832, 8.011227255423254, 7.912889336229962, 7.882643049361842, 7.507794640198696], [7.011227255423254, 6.977279923499917, 6.700439718141093, 5.727920454563199, 5.321928094887363, 5.20945336562895, 6.614709844115208, 7.546894459887636, 7.839203788096944, 7.734709620225838, 7.672425341971495, 7.467605550082998, 7.918863237274595, 7.794415866350106, 7.888743248898259, 7.7481928495894605, 7.826548487290915, 7.807354922057604, 7.754887502163468, 7.693486957499325, 5.357552004618084, 7.870364719583405, 7.774787059601174, 7.257387842692652], [7.149747119504682, 6.845490050944376, 6.491853096329675, 6.189824558880018, 5.285402218862249, 5.087462841250339, 6.426264754702098, 7.700439718141093, 7.882643049361842, 7.658211482751795, 7.189824558880018, 7.149747119504682, 6.918863237274595, 7.0, 7.813781191217037, 8.022367813028454, 7.954196310386875, 8.0, 7.912889336229962, 7.918863237274595, 8.044394119358454, 7.794415866350106, 7.876516946564999, 7.499845887083206], [7.2761244052742375, 7.2384047393250786, 6.870364719583405, 5.78135971352466, 5.285402218862249, 5.169925001442312, 6.6293566200796095, 7.554588851677638, 7.912889336229962, 7.900866807980749, 7.936637939002571, 7.515699838284043, 7.7481928495894605, 7.813781191217037, 8.238404739325079, 8.184875342908283, 8.044394119358454, 7.900866807980749, 7.6293566200796095, 7.98299357469431, 8.238404739325079, 7.918863237274595, 7.894817763307944, 7.7073591320808825], [7.451211111832329, 7.285402218862249, 7.149747119504682, 6.189824558880018, 5.807354922057604, 5.727920454563199, 6.569855608330948, 7.257387842692652, 7.7481928495894605, 7.94251450533924, 7.918863237274595, 7.912889336229962, 7.906890595608519, 8.087462841250339, 7.977279923499917, 7.820178962415188, 7.7073591320808825, 8.038918989292302, 7.826548487290915, 8.038918989292302, 8.103287808412022, 8.049848549450562, 7.7615512324444795, 7.7073591320808825], [7.6865005271832185, 7.303780748177103, 7.098032082960526, 6.569855608330948, 6.266786540694901, 5.832890014164741, 6.392317422778761, 7.2761244052742375, 7.539158811108031, 7.912889336229962, 7.7073591320808825, 7.6865005271832185, 8.0, 8.113742166049189, 8.204571144249204, 8.169925001442312, 8.149747119504681, 7.965784284662087, 7.882643049361842, 8.060695931687555, 7.693486957499325, 7.92481250360578, 7.851749041416058, 7.467605550082998]]}