{"min": 0, "max": 11.000704269011246, "pieData": [[5.700439718141093, 4.754887502163468, 4.169925001442312, 3.4594316186372973, 3.700439718141092, 3.700439718141092, 5.129283016944966, 6.523561956057013, 6.475733430966398, 6.339850002884624, 6.554588851677638, 6.523561956057013, 6.392317422778761, 6.475733430966398, 6.523561956057013, 6.700439718141093, 6.857980995127572, 6.820178962415188, 6.149747119504682, 5.554588851677638, 6.169925001442312, 6.954196310386875, 6.965784284662087, 6.727920454563199], [5.977279923499917, 5.087462841250339, 5.129283016944966, 3.9068905956085187, 3.4594316186372973, 3.9068905956085187, 4.523561956057013, 6.442943495848728, 6.658211482751795, 6.321928094887363, 7.05528243550119, 7.066089190457772, 6.584962500721156, 6.539158811108031, 6.906890595608519, 6.977279923499917, 6.845490050944376, 6.475733430966398, 6.339850002884624, 6.6293566200796095, 7.098032082960526, 7.129283016944966, 6.78135971352466, 6.392317422778761], [5.321928094887363, 5.0, 4.754887502163468, 3.700439718141092, 3.169925001442312, 3.321928094887362, 4.459431618637297, 6.700439718141093, 6.507794640198696, 6.569855608330948, 6.584962500721156, 6.6293566200796095, 6.20945336562895, 6.149747119504682, 6.714245517666122, 6.357552004618084, 6.569855608330948, 6.392317422778761, 6.3750394313469245, 6.554588851677638, 4.0, 7.139551352398794, 6.94251450533924, 6.523561956057013], [5.78135971352466, 5.459431618637297, 4.906890595608519, 4.523561956057013, 3.4594316186372973, 3.0, 4.807354922057604, 6.459431618637297, 6.768184324776926, 7.05528243550119, 6.930737337562887, 6.918863237274595, 6.491853096329675, 6.672425341971495, 6.78135971352466, 6.807354922057604, 6.894817763307944, 6.409390936137702, 6.303780748177103, 6.6865005271832185, 6.882643049361842, 6.94251450533924, 7.076815597050831, 6.392317422778761], [5.930737337562887, 5.459431618637297, 4.459431618637297, 4.0, 3.169925001442312, 3.0, 5.044394119358453, 6.442943495848728, 6.820178962415188, 7.076815597050831, 6.768184324776926, 6.94251450533924, 6.491853096329675, 7.459431618637297, 6.906890595608519, 7.189824558880018, 6.539158811108031, 6.658211482751795, 6.507794640198696, 6.3750394313469245, 7.011227255423254, 7.1799090900149345, 6.918863237274595, 6.794415866350106], [5.977279923499917, 6.0, 5.20945336562895, 4.857980995127572, 3.9068905956085187, 3.4594316186372973, 5.0, 5.930737337562887, 6.754887502163468, 6.321928094887363, 6.339850002884624, 6.066089190457772, 6.409390936137702, 6.409390936137702, 6.022367813028454, 6.266786540694901, 6.285402218862249, 6.554588851677638, 6.554588851677638, 6.303780748177103, 6.357552004618084, 6.614709844115208, 6.754887502163468, 6.266786540694901], [5.906890595608519, 5.906890595608519, 4.807354922057604, 4.169925001442312, 4.0, 4.247927513443585, 4.321928094887363, 5.087462841250339, 6.523561956057013, 6.507794640198696, 6.321928094887363, 6.266786540694901, 6.459431618637297, 6.507794640198696, 6.442943495848728, 6.523561956057013, 6.409390936137702, 6.303780748177103, 6.392317422778761, 6.189824558880018, 6.569855608330948, 6.584962500721156, 6.6865005271832185, 6.087462841250339]]}