{"min": 0, "max": 11.000704269011246, "pieData": [[3.0, 0.0, 1.584962500721156, 1.0, 1.0, 2.0, 3.169925001442312, 2.0, 4.523561956057013, 5.954196310386875, 6.022367813028454, 5.977279923499917, 3.807354922057604, 5.357552004618084, 5.491853096329675, 5.584962500721156, 4.807354922057604, 3.0, 3.4594316186372973, 2.584962500721156, 2.321928094887362, 3.0, 3.321928094887362, 3.9068905956085187], [3.169925001442312, 2.0, 0.0, 0.0, 1.584962500721156, 1.0, 2.321928094887362, 2.321928094887362, 4.247927513443585, 5.754887502163468, 6.066089190457772, 5.491853096329675, 4.857980995127572, 5.169925001442312, 5.491853096329675, 6.20945336562895, 5.087462841250339, 4.169925001442312, 3.9068905956085187, 3.169925001442312, 3.584962500721156, 4.169925001442312, 3.0, 3.4594316186372973], [2.584962500721156, 1.584962500721156, 1.584962500721156, 1.0, 1.0, 1.0, 2.0, 2.807354922057604, 4.954196310386875, 5.672425341971495, 6.22881869049588, 5.78135971352466, 3.584962500721156, 4.584962500721156, 4.954196310386875, 4.643856189774724, 4.523561956057013, 4.392317422778761, 3.169925001442312, 4.523561956057013, 2.0, 4.169925001442312, 3.0, 4.087462841250339], [3.0, 2.584962500721156, 2.321928094887362, 2.321928094887362, 0.0, 1.0, 2.321928094887362, 3.4594316186372973, 3.700439718141092, 4.857980995127572, 5.459431618637297, 3.700439718141092, 3.700439718141092, 5.20945336562895, 4.321928094887363, 4.807354922057604, 4.169925001442312, 4.0, 3.807354922057604, 3.321928094887362, 3.0, 4.087462841250339, 3.4594316186372973, 3.321928094887362], [3.0, 2.0, 2.0, 0.0, 1.0, 1.0, 1.0, 3.169925001442312, 4.247927513443585, 4.459431618637297, 5.129283016944966, 4.807354922057604, 4.643856189774724, 3.584962500721156, 4.523561956057013, 4.807354922057604, 4.807354922057604, 3.700439718141092, 4.087462841250339, 3.169925001442312, 3.584962500721156, 3.4594316186372973, 3.700439718141092, 2.807354922057604], [4.0, 3.0, 2.584962500721156, 2.0, 2.0, 0.0, 2.0, 2.0, 3.0, 3.700439718141092, 3.700439718141092, 3.0, 3.321928094887362, 3.0, 2.584962500721156, 2.807354922057604, 3.4594316186372973, 3.700439718141092, 3.0, 2.0, 3.0, 3.169925001442312, 3.700439718141092, 3.321928094887362], [3.0, 2.0, 1.0, 0.0, 1.584962500721156, 1.0, 1.584962500721156, 1.584962500721156, 3.169925001442312, 2.807354922057604, 3.321928094887362, 3.4594316186372973, 3.321928094887362, 3.0, 3.4594316186372973, 3.321928094887362, 3.321928094887362, 2.0, 2.0, 2.584962500721156, 2.0, 3.584962500721156, 3.169925001442312, 3.9068905956085187]]}