{"min": 0, "max": 11.000704269011246, "pieData": [[7.087462841250339, 6.169925001442312, 5.614709844115208, 5.614709844115208, 5.247927513443585, 5.285402218862249, 6.087462841250339, 6.882643049361842, 7.467605550082998, 7.622051819456376, 7.417852514885898, 7.417852514885898, 7.672425341971495, 7.700439718141093, 7.794415866350106, 7.7414669864011465, 7.614709844115208, 7.507794640198696, 6.906890595608519, 5.491853096329675, 7.022367813028454, 8.103287808412022, 8.038918989292302, 7.679480099505446], [6.918863237274595, 6.285402218862249, 5.727920454563199, 5.392317422778761, 5.285402218862249, 4.523561956057013, 5.78135971352466, 6.78135971352466, 7.6865005271832185, 7.577428828035749, 7.507794640198696, 7.636624620543649, 7.483815777264256, 7.672425341971495, 7.679480099505446, 7.857980995127572, 7.507794640198696, 7.554588851677638, 7.087462841250339, 7.3750394313469245, 7.569855608330948, 7.94251450533924, 7.888743248898259, 7.475733430966398], [6.894817763307944, 6.392317422778761, 5.491853096329675, 5.554588851677638, 4.906890595608519, 4.754887502163468, 5.523561956057013, 6.845490050944376, 7.467605550082998, 7.515699838284043, 7.515699838284043, 7.434628227636725, 7.366322214245816, 7.643856189774724, 7.768184324776926, 7.339850002884624, 7.2761244052742375, 7.2761244052742375, 7.087462841250339, 7.149747119504682, 4.700439718141093, 7.6293566200796095, 7.383704292474052, 7.562242424221073], [6.918863237274595, 6.491853096329675, 6.169925001442312, 5.426264754702098, 5.044394119358453, 5.20945336562895, 5.426264754702098, 7.011227255423254, 7.651051691178928, 7.651051691178928, 7.554588851677638, 7.679480099505446, 7.257387842692652, 7.499845887083206, 7.7481928495894605, 7.672425341971495, 7.442943495848728, 7.400879436282184, 7.044394119358453, 7.348728154231077, 7.6293566200796095, 7.721099188707186, 7.851749041416058, 7.507794640198696], [7.0, 6.303780748177103, 6.044394119358453, 5.321928094887363, 4.584962500721156, 4.392317422778761, 5.832890014164741, 7.129283016944966, 7.700439718141093, 7.442943495848728, 7.714245517666122, 7.467605550082998, 7.383704292474052, 7.434628227636725, 7.643856189774724, 7.870364719583405, 7.357552004618084, 7.219168520462161, 7.03342300153745, 7.066089190457772, 7.409390936137702, 7.409390936137702, 7.839203788096944, 7.6865005271832185], [6.9886846867721655, 6.820178962415188, 6.303780748177103, 5.807354922057604, 5.727920454563199, 5.087462841250339, 5.554588851677638, 6.6865005271832185, 7.442943495848728, 6.906890595608519, 7.098032082960526, 7.2761244052742375, 7.417852514885898, 7.539158811108031, 7.400879436282184, 7.22881869049588, 6.768184324776926, 6.857980995127572, 7.247927513443585, 6.882643049361842, 7.087462841250339, 7.330916878114617, 7.247927513443585, 7.087462841250339], [6.9886846867721655, 6.523561956057013, 6.22881869049588, 5.491853096329675, 4.643856189774724, 4.459431618637297, 4.954196310386875, 5.754887502163468, 6.554588851677638, 6.3750394313469245, 6.857980995127572, 6.658211482751795, 7.22881869049588, 7.2384047393250786, 7.22881869049588, 7.169925001442312, 7.294620748891627, 7.044394119358453, 6.930737337562887, 6.870364719583405, 7.467605550082998, 7.392317422778761, 7.6653359171851765, 7.139551352398794]]}