{"min": 0, "max": 11.000704269011246, "pieData": [[3.4594316186372973, 2.321928094887362, 0.0, 2.321928094887362, 0.0, 2.321928094887362, 3.169925001442312, 4.954196310386875, 6.266786540694901, 5.832890014164741, 5.459431618637297, 4.857980995127572, 4.392317422778761, 5.321928094887363, 5.247927513443585, 5.169925001442312, 4.584962500721156, 4.857980995127572, 4.087462841250339, 3.4594316186372973, 3.0, 4.0, 4.584962500721156, 4.459431618637297], [4.459431618637297, 3.169925001442312, 2.0, 2.0, 0.0, 2.0, 2.0, 4.700439718141093, 5.882643049361842, 6.022367813028454, 5.491853096329675, 4.807354922057604, 5.087462841250339, 5.044394119358453, 5.459431618637297, 5.247927513443585, 4.247927513443585, 5.0, 4.247927513443585, 3.321928094887362, 4.247927513443585, 4.087462841250339, 4.087462841250339, 4.169925001442312], [4.523561956057013, 2.807354922057604, 2.321928094887362, 1.0, 0.0, 0.0, 2.584962500721156, 4.321928094887363, 5.643856189774724, 5.754887502163468, 5.754887502163468, 4.954196310386875, 5.044394119358453, 5.044394119358453, 5.426264754702098, 4.857980995127572, 4.906890595608519, 4.169925001442312, 4.0, 3.9068905956085187, 1.0, 4.754887502163468, 3.807354922057604, 3.807354922057604], [4.392317422778761, 2.0, 2.321928094887362, 2.321928094887362, 1.584962500721156, 2.0, 2.0, 4.321928094887363, 5.954196310386875, 5.584962500721156, 5.357552004618084, 5.285402218862249, 5.044394119358453, 5.169925001442312, 4.857980995127572, 5.0, 5.129283016944966, 4.247927513443585, 3.700439718141092, 4.321928094887363, 3.807354922057604, 3.807354922057604, 4.700439718141093, 4.247927513443585], [4.459431618637297, 3.0, 2.0, 2.0, 2.0, 1.0, 3.584962500721156, 4.954196310386875, 5.832890014164741, 5.672425341971495, 5.0, 5.0, 4.807354922057604, 5.247927513443585, 5.0, 5.0, 4.584962500721156, 5.087462841250339, 4.087462841250339, 3.9068905956085187, 4.247927513443585, 3.807354922057604, 4.459431618637297, 4.169925001442312], [4.169925001442312, 2.807354922057604, 3.0, 1.0, 2.321928094887362, 1.584962500721156, 1.584962500721156, 3.807354922057604, 5.321928094887363, 4.754887502163468, 4.169925001442312, 4.087462841250339, 3.700439718141092, 4.169925001442312, 3.4594316186372973, 3.584962500721156, 3.169925001442312, 2.584962500721156, 3.584962500721156, 2.807354922057604, 2.584962500721156, 3.584962500721156, 3.0, 3.0], [3.169925001442312, 2.321928094887362, 2.321928094887362, 0.0, 0.0, 1.584962500721156, 0.0, 1.584962500721156, 3.4594316186372973, 2.807354922057604, 3.169925001442312, 3.4594316186372973, 3.321928094887362, 2.321928094887362, 2.321928094887362, 3.321928094887362, 3.0, 2.584962500721156, 3.169925001442312, 3.807354922057604, 2.807354922057604, 3.584962500721156, 3.4594316186372973, 2.321928094887362]]}