{"min": 0, "max": 11.000704269011246, "pieData": [[4.954196310386875, 3.0, 3.321928094887362, 3.0, 3.321928094887362, 2.807354922057604, 4.247927513443585, 5.523561956057013, 6.78135971352466, 7.022367813028454, 6.339850002884624, 6.044394119358453, 6.22881869049588, 6.129283016944966, 6.9886846867721655, 6.539158811108031, 5.882643049361842, 6.714245517666122, 6.044394119358453, 5.0, 5.285402218862249, 6.129283016944966, 6.714245517666122, 6.169925001442312], [5.426264754702098, 4.0, 4.321928094887363, 3.0, 0.0, 2.584962500721156, 4.459431618637297, 5.459431618637297, 7.266786540694901, 7.1799090900149345, 6.954196310386875, 6.714245517666122, 6.768184324776926, 7.20945336562895, 6.870364719583405, 6.658211482751795, 6.22881869049588, 6.672425341971495, 6.409390936137702, 6.321928094887363, 6.3750394313469245, 6.303780748177103, 6.539158811108031, 5.906890595608519], [5.129283016944966, 3.9068905956085187, 4.247927513443585, 3.4594316186372973, 2.584962500721156, 3.584962500721156, 2.807354922057604, 5.754887502163468, 6.845490050944376, 7.098032082960526, 6.857980995127572, 6.584962500721156, 6.066089190457772, 6.339850002884624, 6.658211482751795, 6.459431618637297, 6.129283016944966, 6.475733430966398, 5.857980995127572, 5.832890014164741, 3.807354922057604, 6.285402218862249, 6.554588851677638, 5.977279923499917], [4.754887502163468, 3.700439718141092, 2.321928094887362, 1.584962500721156, 1.584962500721156, 1.584962500721156, 3.9068905956085187, 5.754887502163468, 6.965784284662087, 7.05528243550119, 6.6293566200796095, 6.285402218862249, 6.357552004618084, 6.507794640198696, 6.658211482751795, 6.845490050944376, 6.22881869049588, 6.442943495848728, 5.554588851677638, 5.906890595608519, 6.303780748177103, 6.129283016944966, 6.614709844115208, 6.285402218862249], [4.700439718141093, 3.807354922057604, 3.700439718141092, 2.321928094887362, 2.321928094887362, 2.807354922057604, 2.321928094887362, 5.247927513443585, 7.108524456778169, 6.754887502163468, 6.569855608330948, 6.459431618637297, 6.087462841250339, 6.339850002884624, 6.658211482751795, 6.507794640198696, 6.20945336562895, 5.882643049361842, 5.285402218862249, 6.0, 6.189824558880018, 5.930737337562887, 6.303780748177103, 5.700439718141093], [5.554588851677638, 5.247927513443585, 3.9068905956085187, 3.4594316186372973, 2.321928094887362, 1.584962500721156, 3.584962500721156, 5.087462841250339, 6.087462841250339, 5.906890595608519, 5.614709844115208, 5.491853096329675, 5.78135971352466, 5.129283016944966, 5.20945336562895, 5.20945336562895, 4.906890595608519, 5.357552004618084, 5.392317422778761, 5.930737337562887, 4.807354922057604, 5.523561956057013, 6.044394119358453, 5.727920454563199], [4.754887502163468, 4.169925001442312, 4.0, 3.321928094887362, 2.321928094887362, 2.321928094887362, 3.584962500721156, 3.9068905956085187, 5.357552004618084, 5.357552004618084, 5.0, 4.857980995127572, 5.087462841250339, 5.357552004618084, 5.129283016944966, 5.426264754702098, 4.807354922057604, 4.643856189774724, 5.321928094887363, 5.426264754702098, 5.672425341971495, 5.129283016944966, 5.754887502163468, 5.321928094887363]]}