{"min": 0, "max": 11.000704269011246, "pieData": [[5.247927513443585, 4.169925001442312, 4.247927513443585, 3.9068905956085187, 2.807354922057604, 4.321928094887363, 5.554588851677638, 7.03342300153745, 6.0, 6.554588851677638, 5.930737337562887, 6.169925001442312, 6.022367813028454, 5.977279923499917, 6.129283016944966, 6.22881869049588, 6.339850002884624, 6.554588851677638, 6.554588851677638, 5.169925001442312, 6.044394119358453, 6.918863237274595, 6.768184324776926, 5.857980995127572], [5.807354922057604, 5.491853096329675, 4.247927513443585, 3.584962500721156, 4.321928094887363, 3.700439718141092, 4.807354922057604, 6.442943495848728, 6.491853096329675, 6.672425341971495, 6.339850002884624, 6.066089190457772, 6.108524456778169, 6.044394119358453, 6.247927513443585, 6.357552004618084, 6.087462841250339, 6.523561956057013, 6.3750394313469245, 6.754887502163468, 6.7414669864011465, 6.845490050944376, 6.614709844115208, 5.977279923499917], [5.459431618637297, 5.20945336562895, 4.392317422778761, 2.584962500721156, 3.321928094887362, 3.0, 4.584962500721156, 6.614709844115208, 6.426264754702098, 6.189824558880018, 6.129283016944966, 6.303780748177103, 5.882643049361842, 5.643856189774724, 6.189824558880018, 6.247927513443585, 6.523561956057013, 6.459431618637297, 6.584962500721156, 6.442943495848728, 3.584962500721156, 6.507794640198696, 6.129283016944966, 5.727920454563199], [5.129283016944966, 4.807354922057604, 4.169925001442312, 3.169925001442312, 2.321928094887362, 3.0, 5.129283016944966, 6.643856189774724, 6.794415866350106, 6.643856189774724, 6.087462841250339, 6.044394119358453, 6.022367813028454, 6.266786540694901, 6.321928094887363, 6.392317422778761, 6.339850002884624, 6.727920454563199, 6.584962500721156, 6.714245517666122, 6.714245517666122, 6.6293566200796095, 6.714245517666122, 6.044394119358453], [5.20945336562895, 5.169925001442312, 5.087462841250339, 4.523561956057013, 3.9068905956085187, 3.321928094887362, 4.247927513443585, 6.554588851677638, 6.392317422778761, 6.303780748177103, 5.78135971352466, 5.857980995127572, 6.169925001442312, 6.129283016944966, 6.475733430966398, 6.149747119504682, 6.20945336562895, 6.700439718141093, 6.357552004618084, 6.539158811108031, 6.339850002884624, 6.599912842187128, 6.9886846867721655, 5.78135971352466], [6.087462841250339, 5.857980995127572, 5.554588851677638, 4.584962500721156, 4.392317422778761, 3.700439718141092, 5.0, 5.857980995127572, 6.266786540694901, 6.459431618637297, 6.266786540694901, 6.066089190457772, 6.044394119358453, 5.727920454563199, 6.339850002884624, 6.426264754702098, 6.0, 6.0, 6.321928094887363, 6.554588851677638, 5.930737337562887, 5.977279923499917, 6.20945336562895, 5.523561956057013], [5.727920454563199, 4.807354922057604, 4.754887502163468, 4.754887502163468, 3.584962500721156, 3.807354922057604, 4.584962500721156, 4.643856189774724, 5.584962500721156, 5.700439718141093, 6.189824558880018, 5.954196310386875, 5.832890014164741, 5.78135971352466, 6.22881869049588, 6.189824558880018, 5.807354922057604, 6.3750394313469245, 6.303780748177103, 6.108524456778169, 6.475733430966398, 6.392317422778761, 6.392317422778761, 5.672425341971495]]}