{"min": 0, "max": 11.000704269011246, "pieData": [[6.539158811108031, 6.285402218862249, 5.78135971352466, 4.857980995127572, 4.584962500721156, 4.954196310386875, 6.066089190457772, 7.139551352398794, 6.857980995127572, 7.118941072723508, 7.3750394313469245, 7.636624620543649, 7.693486957499325, 7.820178962415188, 7.820178962415188, 7.832890014164741, 7.7073591320808825, 7.700439718141093, 7.434628227636725, 5.78135971352466, 6.965784284662087, 7.651051691178928, 7.409390936137702, 7.339850002884624], [6.78135971352466, 6.539158811108031, 5.672425341971495, 5.426264754702098, 4.857980995127572, 4.643856189774724, 6.066089190457772, 6.918863237274595, 7.383704292474052, 7.219168520462161, 7.434628227636725, 7.851749041416058, 7.727920454563199, 7.78135971352466, 7.857980995127572, 8.08214904135387, 7.554588851677638, 7.672425341971495, 7.459431618637297, 7.076815597050831, 7.442943495848728, 7.392317422778761, 7.599912842187128, 7.098032082960526], [6.539158811108031, 6.426264754702098, 5.882643049361842, 5.087462841250339, 4.643856189774724, 5.044394119358453, 5.392317422778761, 6.321928094887363, 7.022367813028454, 7.339850002884624, 7.554588851677638, 7.787902559391432, 7.417852514885898, 7.78135971352466, 7.584962500721156, 7.714245517666122, 7.651051691178928, 7.118941072723508, 7.066089190457772, 6.807354922057604, 4.807354922057604, 7.392317422778761, 7.467605550082998, 7.0], [6.714245517666122, 6.539158811108031, 5.727920454563199, 5.087462841250339, 4.584962500721156, 4.392317422778761, 5.977279923499917, 7.098032082960526, 7.348728154231077, 7.20945336562895, 7.86418614465428, 7.339850002884624, 7.531381460516312, 7.467605550082998, 7.820178962415188, 8.103287808412022, 7.882643049361842, 7.3750394313469245, 7.2761244052742375, 7.312882955284356, 7.3750394313469245, 7.129283016944966, 7.539158811108031, 7.05528243550119], [6.754887502163468, 6.247927513443585, 5.857980995127572, 5.247927513443585, 4.906890595608519, 4.087462841250339, 5.672425341971495, 6.768184324776926, 7.149747119504682, 7.409390936137702, 7.515699838284043, 7.569855608330948, 7.409390936137702, 7.794415866350106, 8.076815597050832, 7.98299357469431, 7.679480099505446, 7.098032082960526, 6.965784284662087, 6.643856189774724, 7.312882955284356, 7.562242424221073, 7.507794640198696, 7.392317422778761], [6.894817763307944, 6.392317422778761, 6.3750394313469245, 5.807354922057604, 5.129283016944966, 4.906890595608519, 5.614709844115208, 5.930737337562887, 6.832890014164741, 7.20945336562895, 7.285402218862249, 7.330916878114617, 7.426264754702098, 7.129283016944966, 7.7414669864011465, 7.392317422778761, 7.383704292474052, 7.169925001442312, 7.531381460516312, 7.247927513443585, 7.266786540694901, 7.118941072723508, 7.467605550082998, 7.20945336562895], [6.894817763307944, 6.409390936137702, 6.044394119358453, 5.584962500721156, 4.954196310386875, 5.0, 4.700439718141093, 5.727920454563199, 6.882643049361842, 6.857980995127572, 6.882643049361842, 7.383704292474052, 7.622051819456376, 7.507794640198696, 7.2761244052742375, 7.569855608330948, 7.3750394313469245, 7.366322214245816, 7.011227255423254, 7.098032082960526, 7.357552004618084, 7.459431618637297, 7.189824558880018, 6.6865005271832185]]}