{"min": 0, "max": 11.000704269011246, "pieData": [[6.794415866350106, 6.539158811108031, 6.523561956057013, 5.087462841250339, 4.392317422778761, 4.700439718141093, 5.857980995127572, 7.467605550082998, 7.348728154231077, 7.2384047393250786, 6.9886846867721655, 7.22881869049588, 7.129283016944966, 7.044394119358453, 7.60733031374961, 7.2761244052742375, 7.339850002884624, 7.3750394313469245, 6.794415866350106, 5.523561956057013, 6.965784284662087, 7.787902559391432, 8.027905996569885, 7.651051691178928], [7.159871336778389, 7.011227255423254, 6.906890595608519, 5.491853096329675, 4.087462841250339, 3.807354922057604, 4.807354922057604, 7.076815597050831, 7.584962500721156, 7.599912842187128, 7.348728154231077, 7.383704292474052, 7.05528243550119, 7.285402218862249, 7.523561956057013, 7.392317422778761, 7.247927513443585, 7.475733430966398, 6.906890595608519, 7.247927513443585, 7.451211111832329, 7.531381460516312, 7.954196310386875, 7.459431618637297], [6.894817763307944, 6.614709844115208, 6.357552004618084, 5.426264754702098, 2.807354922057604, 3.4594316186372973, 4.807354922057604, 7.1799090900149345, 7.60733031374961, 7.417852514885898, 7.149747119504682, 7.312882955284356, 6.845490050944376, 7.022367813028454, 7.199672344836364, 7.409390936137702, 7.03342300153745, 7.011227255423254, 6.94251450533924, 6.857980995127572, 4.459431618637297, 7.491853096329675, 7.774787059601174, 7.614709844115208], [6.754887502163468, 6.643856189774724, 6.569855608330948, 4.321928094887363, 3.4594316186372973, 4.169925001442312, 5.392317422778761, 7.076815597050831, 7.459431618637297, 7.592457037268081, 7.257387842692652, 7.108524456778169, 6.9886846867721655, 7.22881869049588, 7.614709844115208, 7.392317422778761, 7.294620748891627, 7.2761244052742375, 7.2384047393250786, 7.189824558880018, 7.383704292474052, 7.721099188707186, 7.807354922057604, 7.442943495848728], [6.977279923499917, 7.066089190457772, 6.409390936137702, 5.392317422778761, 3.807354922057604, 3.321928094887362, 4.700439718141093, 7.339850002884624, 7.614709844115208, 7.614709844115208, 7.531381460516312, 7.357552004618084, 7.076815597050831, 7.294620748891627, 7.507794640198696, 7.546894459887636, 7.459431618637297, 7.03342300153745, 6.569855608330948, 7.339850002884624, 7.366322214245816, 7.813781191217037, 8.214319120800766, 8.066089190457772], [7.2761244052742375, 7.442943495848728, 7.357552004618084, 6.539158811108031, 4.523561956057013, 3.700439718141092, 4.954196310386875, 7.011227255423254, 7.459431618637297, 7.303780748177103, 7.2384047393250786, 7.219168520462161, 7.312882955284356, 7.247927513443585, 7.562242424221073, 7.247927513443585, 7.1799090900149345, 7.2384047393250786, 6.832890014164741, 7.2384047393250786, 7.247927513443585, 7.417852514885898, 7.845490050944376, 7.409390936137702], [7.294620748891627, 7.339850002884624, 7.044394119358453, 5.977279923499917, 4.169925001442312, 3.321928094887362, 4.700439718141093, 6.700439718141093, 7.483815777264256, 7.149747119504682, 6.820178962415188, 7.044394119358453, 7.294620748891627, 7.60733031374961, 6.870364719583405, 7.303780748177103, 6.78135971352466, 7.108524456778169, 7.149747119504682, 6.700439718141093, 7.491853096329675, 7.622051819456376, 7.800899899920305, 7.330916878114617]]}