{"min": 0, "max": 11.000704269011246, "pieData": [[4.169925001442312, 3.807354922057604, 2.807354922057604, 3.169925001442312, 2.0, 2.321928094887362, 4.0, 4.954196310386875, 4.700439718141093, 4.087462841250339, 3.9068905956085187, 4.169925001442312, 3.4594316186372973, 4.0, 4.459431618637297, 3.0, 3.0, 4.0, 4.954196310386875, 4.523561956057013, 4.459431618637297, 5.087462841250339, 4.700439718141093, 4.247927513443585], [4.247927513443585, 2.584962500721156, 3.321928094887362, 3.0, 1.584962500721156, 2.0, 3.9068905956085187, 5.285402218862249, 5.321928094887363, 4.321928094887363, 4.0, 4.087462841250339, 4.247927513443585, 3.321928094887362, 3.4594316186372973, 3.584962500721156, 4.087462841250339, 4.087462841250339, 4.906890595608519, 6.108524456778169, 4.754887502163468, 4.584962500721156, 4.087462841250339, 4.523561956057013], [3.700439718141092, 3.807354922057604, 2.0, 2.0, 2.584962500721156, 3.0, 3.321928094887362, 5.169925001442312, 4.906890595608519, 4.523561956057013, 4.247927513443585, 4.169925001442312, 4.392317422778761, 3.584962500721156, 4.169925001442312, 3.807354922057604, 3.584962500721156, 4.087462841250339, 4.169925001442312, 5.807354922057604, 1.584962500721156, 4.584962500721156, 4.700439718141093, 3.584962500721156], [3.4594316186372973, 4.0, 3.169925001442312, 2.807354922057604, 2.0, 1.584962500721156, 3.169925001442312, 4.954196310386875, 5.044394119358453, 3.9068905956085187, 3.4594316186372973, 3.584962500721156, 4.087462841250339, 4.0, 3.807354922057604, 3.584962500721156, 3.4594316186372973, 4.392317422778761, 4.584962500721156, 5.357552004618084, 4.584962500721156, 4.0, 4.584962500721156, 4.459431618637297], [4.392317422778761, 4.169925001442312, 3.0, 2.584962500721156, 2.0, 2.321928094887362, 3.4594316186372973, 5.0, 5.169925001442312, 3.4594316186372973, 4.459431618637297, 3.9068905956085187, 4.247927513443585, 3.584962500721156, 3.4594316186372973, 3.807354922057604, 3.807354922057604, 4.523561956057013, 5.169925001442312, 6.066089190457772, 5.285402218862249, 4.954196310386875, 5.0, 4.954196310386875], [4.459431618637297, 3.807354922057604, 3.169925001442312, 2.321928094887362, 2.584962500721156, 2.807354922057604, 2.321928094887362, 4.906890595608519, 4.523561956057013, 4.523561956057013, 4.0, 3.9068905956085187, 3.700439718141092, 4.584962500721156, 4.0, 4.247927513443585, 3.584962500721156, 4.0, 4.459431618637297, 5.700439718141093, 4.584962500721156, 4.523561956057013, 3.700439718141092, 3.4594316186372973], [3.321928094887362, 3.807354922057604, 4.169925001442312, 3.0, 2.321928094887362, 1.0, 3.169925001442312, 4.0, 4.087462841250339, 3.584962500721156, 3.807354922057604, 2.584962500721156, 4.321928094887363, 3.169925001442312, 3.9068905956085187, 3.700439718141092, 3.584962500721156, 4.247927513443585, 4.754887502163468, 5.491853096329675, 4.906890595608519, 4.754887502163468, 4.584962500721156, 4.0]]}