{"min": 0, "max": 11.000704269011246, "pieData": [[5.0, 3.700439718141092, 3.0, 3.321928094887362, 2.321928094887362, 3.0, 4.169925001442312, 5.247927513443585, 5.169925001442312, 5.672425341971495, 5.491853096329675, 5.087462841250339, 5.906890595608519, 5.491853096329675, 5.459431618637297, 5.832890014164741, 5.643856189774724, 5.78135971352466, 5.087462841250339, 4.169925001442312, 5.129283016944966, 5.754887502163468, 5.129283016944966, 5.247927513443585], [4.857980995127572, 4.857980995127572, 4.087462841250339, 3.321928094887362, 2.0, 3.169925001442312, 3.700439718141092, 5.087462841250339, 5.807354922057604, 5.906890595608519, 5.672425341971495, 6.20945336562895, 4.700439718141093, 5.357552004618084, 5.807354922057604, 5.392317422778761, 5.491853096329675, 5.807354922057604, 5.392317422778761, 6.108524456778169, 5.807354922057604, 5.832890014164741, 5.285402218862249, 5.523561956057013], [4.169925001442312, 4.169925001442312, 3.807354922057604, 2.321928094887362, 2.807354922057604, 3.169925001442312, 3.321928094887362, 4.807354922057604, 5.129283016944966, 5.584962500721156, 5.357552004618084, 5.285402218862249, 5.087462841250339, 5.0, 5.129283016944966, 5.129283016944966, 5.857980995127572, 5.523561956057013, 5.392317422778761, 4.954196310386875, 2.321928094887362, 5.906890595608519, 5.700439718141093, 5.426264754702098], [4.392317422778761, 4.643856189774724, 3.807354922057604, 3.584962500721156, 1.584962500721156, 3.321928094887362, 3.807354922057604, 4.906890595608519, 5.491853096329675, 5.357552004618084, 5.643856189774724, 5.129283016944966, 5.247927513443585, 5.357552004618084, 5.426264754702098, 4.857980995127572, 5.169925001442312, 5.285402218862249, 5.392317422778761, 5.857980995127572, 5.672425341971495, 5.700439718141093, 5.554588851677638, 5.20945336562895], [4.459431618637297, 4.169925001442312, 4.0, 1.584962500721156, 2.807354922057604, 2.807354922057604, 3.4594316186372973, 4.247927513443585, 5.584962500721156, 6.044394119358453, 5.523561956057013, 5.0, 5.523561956057013, 4.954196310386875, 5.285402218862249, 5.20945336562895, 5.392317422778761, 5.247927513443585, 5.20945336562895, 5.247927513443585, 5.321928094887363, 5.554588851677638, 5.392317422778761, 5.392317422778761], [4.906890595608519, 5.169925001442312, 4.807354922057604, 4.0, 3.321928094887362, 3.4594316186372973, 3.0, 4.754887502163468, 5.169925001442312, 4.954196310386875, 4.857980995127572, 5.044394119358453, 5.459431618637297, 5.392317422778761, 5.044394119358453, 5.357552004618084, 5.357552004618084, 5.700439718141093, 4.700439718141093, 5.247927513443585, 5.321928094887363, 5.044394119358453, 5.357552004618084, 5.614709844115208], [4.906890595608519, 4.087462841250339, 4.087462841250339, 2.807354922057604, 3.169925001442312, 3.700439718141092, 3.700439718141092, 4.392317422778761, 5.0, 5.129283016944966, 5.20945336562895, 5.392317422778761, 5.700439718141093, 5.584962500721156, 5.78135971352466, 5.129283016944966, 5.426264754702098, 5.614709844115208, 5.20945336562895, 5.643856189774724, 5.426264754702098, 5.459431618637297, 5.087462841250339, 4.954196310386875]]}