{"min": 0, "max": 11.000704269011246, "pieData": [[4.906890595608519, 4.087462841250339, 4.087462841250339, 3.584962500721156, 4.087462841250339, 4.523561956057013, 5.20945336562895, 6.6293566200796095, 6.491853096329675, 5.20945336562895, 5.832890014164741, 6.087462841250339, 6.022367813028454, 6.189824558880018, 6.20945336562895, 6.087462841250339, 6.285402218862249, 6.20945336562895, 6.087462841250339, 5.20945336562895, 5.584962500721156, 6.087462841250339, 5.954196310386875, 5.169925001442312], [5.247927513443585, 4.321928094887363, 4.0, 3.700439718141092, 3.584962500721156, 4.0, 4.954196310386875, 6.22881869049588, 6.768184324776926, 5.754887502163468, 5.727920454563199, 6.087462841250339, 6.044394119358453, 6.189824558880018, 6.426264754702098, 6.108524456778169, 6.303780748177103, 5.882643049361842, 6.129283016944966, 6.129283016944966, 5.459431618637297, 5.491853096329675, 5.832890014164741, 5.807354922057604], [4.247927513443585, 4.087462841250339, 3.0, 3.169925001442312, 3.321928094887362, 3.700439718141092, 5.169925001442312, 6.022367813028454, 5.882643049361842, 5.614709844115208, 5.727920454563199, 6.044394119358453, 5.614709844115208, 5.906890595608519, 5.857980995127572, 5.857980995127572, 5.930737337562887, 6.149747119504682, 6.392317422778761, 5.930737337562887, 2.807354922057604, 5.78135971352466, 5.554588851677638, 4.954196310386875], [4.247927513443585, 3.700439718141092, 3.584962500721156, 2.0, 2.321928094887362, 4.247927513443585, 4.700439718141093, 5.857980995127572, 5.977279923499917, 5.832890014164741, 5.727920454563199, 5.584962500721156, 5.700439718141093, 5.78135971352466, 5.882643049361842, 5.857980995127572, 6.266786540694901, 6.087462841250339, 6.247927513443585, 6.087462841250339, 5.754887502163468, 5.78135971352466, 5.459431618637297, 5.357552004618084], [4.087462841250339, 4.523561956057013, 4.0, 3.584962500721156, 3.321928094887362, 3.700439718141092, 4.523561956057013, 6.20945336562895, 5.930737337562887, 5.459431618637297, 5.807354922057604, 5.672425341971495, 6.129283016944966, 5.700439718141093, 6.189824558880018, 5.930737337562887, 6.22881869049588, 6.044394119358453, 5.129283016944966, 6.044394119358453, 5.672425341971495, 5.807354922057604, 5.930737337562887, 5.614709844115208], [4.857980995127572, 4.0, 3.321928094887362, 2.807354922057604, 3.807354922057604, 3.807354922057604, 4.754887502163468, 5.357552004618084, 6.247927513443585, 4.754887502163468, 5.78135971352466, 5.554588851677638, 5.727920454563199, 5.523561956057013, 5.727920454563199, 5.78135971352466, 5.672425341971495, 5.832890014164741, 6.044394119358453, 5.700439718141093, 5.459431618637297, 5.392317422778761, 5.491853096329675, 5.129283016944966], [4.954196310386875, 3.807354922057604, 4.392317422778761, 3.321928094887362, 3.321928094887362, 4.087462841250339, 5.087462841250339, 5.20945336562895, 5.700439718141093, 5.584962500721156, 5.614709844115208, 5.882643049361842, 5.78135971352466, 5.832890014164741, 5.832890014164741, 5.672425341971495, 6.169925001442312, 5.584962500721156, 5.78135971352466, 6.044394119358453, 5.78135971352466, 5.357552004618084, 5.357552004618084, 4.857980995127572]]}