{"min": 0, "max": 11.000704269011246, "pieData": [[5.285402218862249, 4.459431618637297, 4.643856189774724, 3.700439718141092, 3.584962500721156, 3.9068905956085187, 5.321928094887363, 7.294620748891627, 8.027905996569885, 7.651051691178928, 7.768184324776926, 7.392317422778761, 7.546894459887636, 7.467605550082998, 7.523561956057013, 7.577428828035749, 7.577428828035749, 7.219168520462161, 6.584962500721156, 5.614709844115208, 6.832890014164741, 7.189824558880018, 7.098032082960526, 6.189824558880018], [5.20945336562895, 4.643856189774724, 4.584962500721156, 4.0, 3.700439718141092, 3.9068905956085187, 5.357552004618084, 7.3750394313469245, 8.124121311829187, 8.103287808412022, 7.839203788096944, 7.870364719583405, 7.539158811108031, 7.679480099505446, 7.584962500721156, 7.7073591320808825, 7.475733430966398, 7.366322214245816, 6.794415866350106, 7.321928094887363, 7.592457037268081, 7.189824558880018, 7.129283016944966, 6.129283016944966], [5.285402218862249, 4.523561956057013, 3.321928094887362, 3.584962500721156, 3.321928094887362, 3.169925001442312, 5.426264754702098, 7.285402218862249, 7.930737337562887, 7.876516946564999, 7.794415866350106, 7.78135971352466, 7.118941072723508, 7.546894459887636, 7.820178962415188, 7.658211482751795, 7.285402218862249, 7.434628227636725, 6.672425341971495, 6.894817763307944, 4.459431618637297, 6.882643049361842, 6.614709844115208, 6.087462841250339], [5.392317422778761, 4.906890595608519, 3.9068905956085187, 3.0, 3.0, 3.321928094887362, 5.321928094887363, 7.400879436282184, 8.092757140919852, 8.076815597050832, 7.900866807980749, 7.577428828035749, 7.2761244052742375, 7.348728154231077, 7.794415866350106, 7.900866807980749, 7.569855608330948, 7.491853096329675, 6.832890014164741, 7.569855608330948, 7.584962500721156, 7.266786540694901, 6.614709844115208, 6.22881869049588], [5.247927513443585, 4.754887502163468, 4.321928094887363, 4.459431618637297, 3.700439718141092, 4.247927513443585, 5.727920454563199, 7.491853096329675, 7.994353436858858, 8.038918989292302, 7.807354922057604, 7.7073591320808825, 7.658211482751795, 7.7481928495894605, 7.94251450533924, 7.787902559391432, 7.442943495848728, 7.417852514885898, 6.247927513443585, 7.330916878114617, 7.434628227636725, 7.20945336562895, 7.139551352398794, 6.169925001442312], [5.459431618637297, 5.0, 4.321928094887363, 4.392317422778761, 3.0, 3.169925001442312, 5.491853096329675, 6.507794640198696, 7.679480099505446, 7.832890014164741, 7.679480099505446, 7.78135971352466, 7.199672344836364, 7.417852514885898, 7.977279923499917, 7.614709844115208, 7.539158811108031, 7.774787059601174, 7.22881869049588, 7.294620748891627, 6.820178962415188, 6.918863237274595, 7.087462841250339, 5.977279923499917], [5.087462841250339, 4.754887502163468, 4.523561956057013, 3.169925001442312, 2.321928094887362, 3.700439718141092, 4.954196310386875, 5.954196310386875, 7.417852514885898, 7.562242424221073, 7.562242424221073, 7.754887502163468, 7.679480099505446, 7.7073591320808825, 7.679480099505446, 7.839203788096944, 7.693486957499325, 7.459431618637297, 7.098032082960526, 6.78135971352466, 7.139551352398794, 7.076815597050831, 6.599912842187128, 5.087462841250339]]}