{"min": 0, "max": 11.000704269011246, "pieData": [[4.643856189774724, 4.169925001442312, 3.321928094887362, 3.0, 2.321928094887362, 3.0, 4.321928094887363, 5.614709844115208, 6.189824558880018, 6.491853096329675, 6.0, 5.672425341971495, 6.022367813028454, 5.523561956057013, 5.906890595608519, 6.149747119504682, 6.066089190457772, 6.022367813028454, 6.0, 4.954196310386875, 5.882643049361842, 6.409390936137702, 6.392317422778761, 5.727920454563199], [4.754887502163468, 4.321928094887363, 3.169925001442312, 3.584962500721156, 2.321928094887362, 2.584962500721156, 4.169925001442312, 5.906890595608519, 6.584962500721156, 6.022367813028454, 5.754887502163468, 6.22881869049588, 5.857980995127572, 6.108524456778169, 6.189824558880018, 6.022367813028454, 6.169925001442312, 6.22881869049588, 6.108524456778169, 6.442943495848728, 6.108524456778169, 6.584962500721156, 6.442943495848728, 5.727920454563199], [5.044394119358453, 4.459431618637297, 3.321928094887362, 3.0, 2.584962500721156, 2.0, 3.700439718141092, 5.754887502163468, 6.491853096329675, 6.339850002884624, 5.906890595608519, 5.857980995127572, 5.807354922057604, 5.832890014164741, 6.129283016944966, 6.22881869049588, 6.129283016944966, 6.189824558880018, 6.129283016944966, 6.108524456778169, 3.169925001442312, 6.491853096329675, 6.189824558880018, 5.857980995127572], [5.044394119358453, 4.700439718141093, 3.0, 2.807354922057604, 2.807354922057604, 2.321928094887362, 3.4594316186372973, 5.643856189774724, 6.321928094887363, 6.459431618637297, 6.266786540694901, 5.832890014164741, 5.700439718141093, 5.614709844115208, 6.321928094887363, 5.523561956057013, 6.129283016944966, 6.392317422778761, 6.108524456778169, 6.459431618637297, 6.169925001442312, 6.266786540694901, 6.303780748177103, 5.459431618637297], [5.0, 4.906890595608519, 4.321928094887363, 2.321928094887362, 2.807354922057604, 2.584962500721156, 3.807354922057604, 5.643856189774724, 6.599912842187128, 5.857980995127572, 5.882643049361842, 5.930737337562887, 5.754887502163468, 5.584962500721156, 6.066089190457772, 6.491853096329675, 5.78135971352466, 6.129283016944966, 6.108524456778169, 6.285402218862249, 6.108524456778169, 6.303780748177103, 6.392317422778761, 5.954196310386875], [5.321928094887363, 4.857980995127572, 4.392317422778761, 4.0, 3.807354922057604, 2.807354922057604, 3.169925001442312, 4.906890595608519, 5.614709844115208, 5.643856189774724, 6.066089190457772, 5.882643049361842, 5.954196310386875, 5.491853096329675, 5.700439718141093, 5.977279923499917, 5.554588851677638, 6.20945336562895, 6.523561956057013, 6.247927513443585, 5.882643049361842, 6.357552004618084, 5.882643049361842, 5.857980995127572], [5.321928094887363, 4.700439718141093, 5.0, 3.4594316186372973, 3.321928094887362, 3.169925001442312, 3.584962500721156, 4.584962500721156, 5.169925001442312, 5.169925001442312, 5.700439718141093, 5.906890595608519, 5.977279923499917, 5.78135971352466, 5.807354922057604, 5.554588851677638, 5.523561956057013, 6.189824558880018, 6.20945336562895, 6.108524456778169, 5.906890595608519, 6.339850002884624, 6.357552004618084, 5.882643049361842]]}