{"min": 0, "max": 11.000704269011246, "pieData": [[4.247927513443585, 5.426264754702098, 4.0, 3.700439718141092, 3.0, 1.584962500721156, 2.584962500721156, 3.9068905956085187, 3.807354922057604, 5.426264754702098, 5.20945336562895, 4.906890595608519, 4.643856189774724, 5.20945336562895, 5.044394119358453, 5.643856189774724, 5.247927513443585, 4.754887502163468, 4.700439718141093, 4.523561956057013, 4.906890595608519, 5.700439718141093, 5.357552004618084, 5.584962500721156], [5.392317422778761, 5.523561956057013, 4.584962500721156, 3.584962500721156, 3.807354922057604, 2.321928094887362, 2.584962500721156, 4.392317422778761, 4.321928094887363, 5.459431618637297, 5.584962500721156, 5.426264754702098, 5.247927513443585, 5.129283016944966, 5.285402218862249, 5.247927513443585, 5.044394119358453, 5.523561956057013, 5.129283016944966, 5.044394119358453, 5.643856189774724, 5.754887502163468, 5.754887502163468, 5.754887502163468], [5.129283016944966, 4.857980995127572, 4.321928094887363, 3.700439718141092, 2.0, 1.0, 3.0, 4.807354922057604, 3.807354922057604, 5.491853096329675, 5.129283016944966, 4.954196310386875, 4.857980995127572, 5.285402218862249, 5.247927513443585, 4.807354922057604, 4.906890595608519, 5.357552004618084, 4.459431618637297, 5.044394119358453, 3.169925001442312, 5.285402218862249, 5.672425341971495, 5.643856189774724], [5.0, 4.459431618637297, 4.523561956057013, 4.087462841250339, 2.807354922057604, 3.0, 3.321928094887362, 3.169925001442312, 4.523561956057013, 5.044394119358453, 5.129283016944966, 4.584962500721156, 5.087462841250339, 5.392317422778761, 5.20945336562895, 4.906890595608519, 5.614709844115208, 5.129283016944966, 4.807354922057604, 5.392317422778761, 5.727920454563199, 5.930737337562887, 5.807354922057604, 5.584962500721156], [5.087462841250339, 4.954196310386875, 4.459431618637297, 3.700439718141092, 2.807354922057604, 2.0, 3.0, 4.807354922057604, 4.247927513443585, 5.523561956057013, 5.357552004618084, 4.857980995127572, 5.392317422778761, 5.20945336562895, 5.20945336562895, 5.169925001442312, 5.672425341971495, 4.643856189774724, 4.523561956057013, 5.087462841250339, 5.643856189774724, 5.426264754702098, 5.426264754702098, 5.930737337562887], [5.321928094887363, 5.129283016944966, 5.044394119358453, 4.584962500721156, 3.321928094887362, 3.169925001442312, 2.807354922057604, 4.247927513443585, 5.087462841250339, 5.392317422778761, 5.357552004618084, 5.129283016944966, 5.169925001442312, 5.0, 5.0, 5.0, 5.321928094887363, 5.523561956057013, 4.523561956057013, 4.807354922057604, 5.247927513443585, 5.169925001442312, 5.087462841250339, 5.357552004618084], [5.087462841250339, 5.321928094887363, 4.459431618637297, 3.807354922057604, 3.9068905956085187, 2.321928094887362, 3.584962500721156, 3.807354922057604, 4.906890595608519, 5.087462841250339, 5.584962500721156, 5.523561956057013, 5.523561956057013, 5.459431618637297, 5.491853096329675, 4.857980995127572, 5.0, 4.754887502163468, 4.857980995127572, 4.459431618637297, 5.491853096329675, 5.643856189774724, 5.357552004618084, 5.554588851677638]]}