{"min": 0, "max": 11.000704269011246, "pieData": [[5.554588851677638, 5.977279923499917, 5.285402218862249, 4.459431618637297, 4.169925001442312, 3.807354922057604, 5.727920454563199, 6.894817763307944, 6.285402218862249, 5.700439718141093, 6.169925001442312, 6.7414669864011465, 6.442943495848728, 6.7414669864011465, 6.94251450533924, 6.658211482751795, 6.794415866350106, 6.820178962415188, 6.3750394313469245, 5.169925001442312, 6.3750394313469245, 6.94251450533924, 6.807354922057604, 6.599912842187128], [5.930737337562887, 5.700439718141093, 5.357552004618084, 5.044394119358453, 3.9068905956085187, 4.643856189774724, 5.321928094887363, 6.392317422778761, 6.599912842187128, 6.066089190457772, 6.357552004618084, 6.266786540694901, 6.727920454563199, 6.794415866350106, 6.768184324776926, 6.599912842187128, 6.285402218862249, 6.584962500721156, 6.6865005271832185, 6.882643049361842, 6.882643049361842, 6.643856189774724, 6.820178962415188, 6.266786540694901], [5.614709844115208, 5.491853096329675, 4.954196310386875, 4.643856189774724, 3.700439718141092, 3.4594316186372973, 5.700439718141093, 6.189824558880018, 6.754887502163468, 6.599912842187128, 5.357552004618084, 5.882643049361842, 6.442943495848728, 6.3750394313469245, 6.78135971352466, 6.285402218862249, 6.303780748177103, 6.426264754702098, 6.507794640198696, 6.426264754702098, 3.321928094887362, 6.507794640198696, 6.794415866350106, 6.539158811108031], [6.507794640198696, 5.672425341971495, 5.727920454563199, 4.906890595608519, 4.523561956057013, 4.523561956057013, 5.523561956057013, 6.614709844115208, 6.794415866350106, 6.442943495848728, 6.339850002884624, 5.977279923499917, 6.539158811108031, 6.491853096329675, 6.321928094887363, 6.3750394313469245, 6.357552004618084, 6.426264754702098, 6.658211482751795, 6.539158811108031, 6.658211482751795, 6.614709844115208, 6.727920454563199, 6.523561956057013], [6.108524456778169, 5.700439718141093, 5.169925001442312, 4.857980995127572, 4.523561956057013, 3.807354922057604, 5.554588851677638, 6.569855608330948, 6.569855608330948, 6.321928094887363, 6.409390936137702, 6.426264754702098, 6.3750394313469245, 6.794415866350106, 6.672425341971495, 6.643856189774724, 6.3750394313469245, 6.643856189774724, 6.6293566200796095, 6.6865005271832185, 6.870364719583405, 7.022367813028454, 6.794415866350106, 6.794415866350106], [6.569855608330948, 6.022367813028454, 5.700439718141093, 5.247927513443585, 4.392317422778761, 4.754887502163468, 5.554588851677638, 5.754887502163468, 6.392317422778761, 6.22881869049588, 6.475733430966398, 6.475733430966398, 6.672425341971495, 6.672425341971495, 6.523561956057013, 6.475733430966398, 6.442943495848728, 6.491853096329675, 6.754887502163468, 6.442943495848728, 6.426264754702098, 6.442943495848728, 6.475733430966398, 6.149747119504682], [5.954196310386875, 5.727920454563199, 5.727920454563199, 5.392317422778761, 4.392317422778761, 4.584962500721156, 4.857980995127572, 5.459431618637297, 6.475733430966398, 6.569855608330948, 6.266786540694901, 6.6293566200796095, 6.643856189774724, 6.754887502163468, 6.930737337562887, 6.977279923499917, 6.768184324776926, 6.584962500721156, 6.930737337562887, 6.6865005271832185, 6.78135971352466, 6.832890014164741, 6.643856189774724, 6.321928094887363]]}