{"min": 0, "max": 11.000704269011246, "pieData": [[6.569855608330948, 5.754887502163468, 5.247927513443585, 5.129283016944966, 4.0, 4.321928094887363, 5.044394119358453, 6.507794640198696, 6.918863237274595, 7.366322214245816, 7.159871336778389, 7.098032082960526, 6.977279923499917, 7.159871336778389, 7.2761244052742375, 7.199672344836364, 6.977279923499917, 6.894817763307944, 6.845490050944376, 5.727920454563199, 6.442943495848728, 7.1799090900149345, 7.303780748177103, 7.159871336778389], [6.507794640198696, 6.066089190457772, 5.426264754702098, 5.321928094887363, 4.459431618637297, 3.169925001442312, 4.807354922057604, 6.285402218862249, 7.169925001442312, 7.383704292474052, 7.312882955284356, 7.409390936137702, 7.044394119358453, 7.0, 7.2761244052742375, 7.149747119504682, 6.930737337562887, 6.930737337562887, 6.584962500721156, 6.894817763307944, 7.189824558880018, 7.257387842692652, 7.400879436282184, 6.807354922057604], [6.539158811108031, 5.584962500721156, 5.554588851677638, 5.044394119358453, 3.4594316186372973, 3.4594316186372973, 4.321928094887363, 5.906890595608519, 6.882643049361842, 7.169925001442312, 7.199672344836364, 6.918863237274595, 6.906890595608519, 6.6865005271832185, 7.303780748177103, 7.169925001442312, 6.965784284662087, 6.6293566200796095, 6.584962500721156, 6.569855608330948, 4.0, 7.087462841250339, 7.139551352398794, 6.9886846867721655], [6.539158811108031, 6.658211482751795, 5.78135971352466, 4.584962500721156, 4.321928094887363, 4.087462841250339, 5.044394119358453, 6.044394119358453, 6.954196310386875, 7.2761244052742375, 7.1799090900149345, 6.9886846867721655, 7.011227255423254, 6.672425341971495, 7.383704292474052, 7.044394119358453, 7.129283016944966, 6.882643049361842, 6.930737337562887, 6.614709844115208, 6.754887502163468, 7.087462841250339, 7.098032082960526, 6.965784284662087], [6.569855608330948, 6.189824558880018, 4.700439718141093, 5.087462841250339, 3.584962500721156, 4.247927513443585, 4.906890595608519, 6.491853096329675, 7.066089190457772, 7.139551352398794, 7.22881869049588, 6.794415866350106, 7.022367813028454, 7.149747119504682, 7.199672344836364, 7.1799090900149345, 6.700439718141093, 6.599912842187128, 5.491853096329675, 6.554588851677638, 6.894817763307944, 7.312882955284356, 7.392317422778761, 7.022367813028454], [6.768184324776926, 6.539158811108031, 6.266786540694901, 5.321928094887363, 4.321928094887363, 4.459431618637297, 4.584962500721156, 5.554588851677638, 6.614709844115208, 6.857980995127572, 6.727920454563199, 6.857980995127572, 6.882643049361842, 6.882643049361842, 7.247927513443585, 7.2384047393250786, 6.94251450533924, 7.076815597050831, 6.569855608330948, 6.727920454563199, 6.754887502163468, 6.954196310386875, 7.066089190457772, 7.03342300153745], [6.727920454563199, 6.189824558880018, 5.78135971352466, 5.20945336562895, 4.0, 4.584962500721156, 4.584962500721156, 5.20945336562895, 6.491853096329675, 6.339850002884624, 6.569855608330948, 6.3750394313469245, 6.930737337562887, 6.845490050944376, 6.794415866350106, 6.700439718141093, 6.569855608330948, 6.832890014164741, 6.507794640198696, 6.768184324776926, 7.1799090900149345, 7.2761244052742375, 7.139551352398794, 6.845490050944376]]}