{"min": 0, "max": 11.000704269011246, "pieData": [[6.303780748177103, 5.727920454563199, 5.0, 4.321928094887363, 3.0, 3.169925001442312, 4.954196310386875, 6.189824558880018, 6.965784284662087, 7.467605550082998, 7.312882955284356, 7.022367813028454, 7.285402218862249, 7.285402218862249, 7.312882955284356, 7.219168520462161, 7.129283016944966, 7.321928094887363, 7.312882955284356, 6.129283016944966, 7.139551352398794, 7.807354922057604, 7.459431618637297, 7.199672344836364], [6.357552004618084, 6.266786540694901, 4.954196310386875, 3.169925001442312, 3.0, 3.0, 5.392317422778761, 6.303780748177103, 6.845490050944376, 7.523561956057013, 7.098032082960526, 7.285402218862249, 7.339850002884624, 7.539158811108031, 7.569855608330948, 7.312882955284356, 7.1799090900149345, 7.515699838284043, 7.3750394313469245, 7.622051819456376, 7.599912842187128, 7.672425341971495, 7.614709844115208, 7.066089190457772], [6.285402218862249, 5.754887502163468, 4.523561956057013, 3.4594316186372973, 3.169925001442312, 3.169925001442312, 4.523561956057013, 6.108524456778169, 7.066089190457772, 7.467605550082998, 7.129283016944966, 6.9886846867721655, 6.894817763307944, 6.930737337562887, 7.2384047393250786, 7.312882955284356, 7.321928094887363, 7.3750394313469245, 7.247927513443585, 7.159871336778389, 4.459431618637297, 7.459431618637297, 7.2384047393250786, 7.129283016944966], [6.108524456778169, 6.044394119358453, 5.044394119358453, 3.4594316186372973, 3.807354922057604, 3.807354922057604, 4.954196310386875, 6.129283016944966, 7.383704292474052, 7.169925001442312, 7.05528243550119, 6.94251450533924, 7.0, 7.312882955284356, 7.426264754702098, 7.199672344836364, 7.294620748891627, 7.118941072723508, 7.189824558880018, 7.339850002884624, 7.577428828035749, 7.622051819456376, 7.294620748891627, 6.930737337562887], [6.392317422778761, 5.906890595608519, 4.857980995127572, 4.087462841250339, 4.0, 2.807354922057604, 4.584962500721156, 6.285402218862249, 7.022367813028454, 7.357552004618084, 7.366322214245816, 7.219168520462161, 7.2384047393250786, 7.577428828035749, 7.658211482751795, 7.339850002884624, 7.339850002884624, 7.459431618637297, 6.882643049361842, 7.076815597050831, 7.658211482751795, 7.787902559391432, 7.539158811108031, 7.044394119358453], [6.459431618637297, 6.475733430966398, 5.727920454563199, 4.523561956057013, 4.584962500721156, 3.584962500721156, 4.584962500721156, 5.857980995127572, 6.7414669864011465, 7.247927513443585, 7.546894459887636, 7.3750394313469245, 7.20945336562895, 7.076815597050831, 7.312882955284356, 7.312882955284356, 7.20945336562895, 7.451211111832329, 7.22881869049588, 7.383704292474052, 7.409390936137702, 7.303780748177103, 7.108524456778169, 6.426264754702098], [6.523561956057013, 6.20945336562895, 5.807354922057604, 4.523561956057013, 3.169925001442312, 3.0, 3.584962500721156, 5.554588851677638, 6.247927513443585, 6.930737337562887, 7.383704292474052, 7.515699838284043, 7.539158811108031, 7.442943495848728, 7.383704292474052, 7.357552004618084, 7.392317422778761, 7.383704292474052, 7.392317422778761, 7.562242424221073, 7.672425341971495, 7.7615512324444795, 7.257387842692652, 6.78135971352466]]}