{"min": 0, "max": 11.000704269011246, "pieData": [[5.087462841250339, 3.169925001442312, 3.321928094887362, 1.584962500721156, 1.584962500721156, 2.807354922057604, 3.700439718141092, 5.087462841250339, 6.409390936137702, 6.285402218862249, 6.357552004618084, 6.189824558880018, 5.78135971352466, 6.044394119358453, 6.169925001442312, 6.409390936137702, 6.087462841250339, 6.409390936137702, 6.149747119504682, 4.906890595608519, 5.044394119358453, 5.672425341971495, 5.357552004618084, 5.584962500721156], [4.087462841250339, 3.807354922057604, 3.169925001442312, 2.807354922057604, 2.321928094887362, 2.584962500721156, 3.321928094887362, 4.754887502163468, 6.554588851677638, 6.321928094887363, 6.108524456778169, 6.20945336562895, 6.0, 6.044394119358453, 6.149747119504682, 6.768184324776926, 6.569855608330948, 6.189824558880018, 5.78135971352466, 5.554588851677638, 5.523561956057013, 5.832890014164741, 5.491853096329675, 5.20945336562895], [3.807354922057604, 3.700439718141092, 2.584962500721156, 2.0, 1.584962500721156, 1.0, 2.807354922057604, 4.247927513443585, 6.392317422778761, 6.087462841250339, 5.930737337562887, 6.426264754702098, 5.643856189774724, 5.614709844115208, 6.0, 6.321928094887363, 6.149747119504682, 6.087462841250339, 5.906890595608519, 5.523561956057013, 3.4594316186372973, 5.357552004618084, 5.20945336562895, 4.523561956057013], [5.044394119358453, 4.584962500721156, 3.9068905956085187, 2.321928094887362, 3.169925001442312, 2.321928094887362, 2.807354922057604, 4.643856189774724, 6.20945336562895, 6.303780748177103, 6.044394119358453, 5.954196310386875, 5.584962500721156, 6.321928094887363, 6.285402218862249, 6.0, 5.857980995127572, 6.22881869049588, 5.977279923499917, 5.459431618637297, 5.321928094887363, 5.169925001442312, 5.285402218862249, 5.044394119358453], [5.0, 3.584962500721156, 4.0, 2.321928094887362, 2.807354922057604, 1.584962500721156, 3.0, 4.906890595608519, 6.584962500721156, 6.247927513443585, 6.129283016944966, 6.3750394313469245, 5.857980995127572, 6.20945336562895, 6.129283016944966, 5.807354922057604, 5.832890014164741, 6.022367813028454, 5.727920454563199, 5.491853096329675, 5.044394119358453, 5.554588851677638, 5.727920454563199, 5.129283016944966], [4.754887502163468, 3.9068905956085187, 3.700439718141092, 3.700439718141092, 2.584962500721156, 2.321928094887362, 3.169925001442312, 4.087462841250339, 5.832890014164741, 5.426264754702098, 5.727920454563199, 5.491853096329675, 5.459431618637297, 5.491853096329675, 5.491853096329675, 5.20945336562895, 5.614709844115208, 5.643856189774724, 5.169925001442312, 4.459431618637297, 4.807354922057604, 4.321928094887363, 4.906890595608519, 4.523561956057013], [4.584962500721156, 3.169925001442312, 3.321928094887362, 3.0, 3.321928094887362, 1.584962500721156, 2.321928094887362, 4.169925001442312, 5.321928094887363, 5.357552004618084, 5.392317422778761, 5.754887502163468, 5.832890014164741, 6.0, 6.569855608330948, 6.20945336562895, 6.357552004618084, 6.189824558880018, 5.285402218862249, 5.554588851677638, 5.491853096329675, 5.584962500721156, 5.20945336562895, 4.857980995127572]]}