{"min": 0, "max": 11.000704269011246, "pieData": [[7.820178962415188, 7.139551352398794, 6.857980995127572, 6.357552004618084, 5.700439718141093, 5.554588851677638, 6.918863237274595, 8.087462841250339, 9.134426320220927, 9.714245517666123, 9.29232163280204, 9.20945336562895, 8.977279923499916, 8.876516946565, 8.876516946565, 8.778077129535358, 8.219168520462162, 8.271463027904375, 8.447083226209653, 7.523561956057013, 7.6293566200796095, 8.734709620225837, 8.535275376620802, 8.285402218862249], [7.813781191217037, 7.247927513443585, 6.906890595608519, 6.539158811108031, 5.832890014164741, 5.491853096329675, 6.584962500721156, 7.845490050944376, 9.13699111208023, 9.388017285345136, 9.189824558880018, 9.108524456778168, 8.584962500721156, 8.707359132080883, 8.741466986401146, 8.668884984266247, 8.614709844115207, 8.233619676759702, 8.066089190457772, 8.584962500721156, 8.400879436282183, 8.430452551665532, 8.507794640198696, 8.144658242831882], [7.774787059601174, 7.257387842692652, 6.894817763307944, 6.087462841250339, 5.832890014164741, 5.614709844115208, 6.554588851677638, 7.679480099505446, 8.74819284958946, 8.686500527183219, 8.614709844115207, 8.434628227636725, 8.139551352398794, 8.43879185257826, 8.46352437327118, 8.622051819456376, 8.375039431346925, 8.383704292474052, 8.139551352398794, 8.154818109052105, 5.672425341971495, 8.303780748177102, 8.228818690495881, 8.005624549193879], [7.9886846867721655, 7.442943495848728, 7.044394119358453, 6.409390936137702, 5.78135971352466, 5.700439718141093, 6.554588851677638, 7.721099188707186, 8.965784284662087, 8.927777962082342, 8.700439718141093, 8.569855608330947, 8.339850002884624, 8.447083226209653, 8.700439718141093, 8.59618975614441, 8.487840033823051, 8.247927513443585, 8.308339030139408, 8.417852514885897, 8.326429487122303, 8.388017285345136, 8.243173983472952, 8.066089190457772], [8.08214904135387, 7.507794640198696, 7.022367813028454, 6.409390936137702, 5.727920454563199, 5.700439718141093, 6.459431618637297, 7.6293566200796095, 9.019590728357882, 8.980139577639157, 8.778077129535358, 8.487840033823051, 8.257387842692651, 8.491853096329674, 8.550746785383243, 8.312882955284355, 8.174925682500678, 7.9600019320680815, 8.071462362556623, 8.50382573799575, 8.388017285345136, 8.228818690495881, 8.467605550082997, 8.144658242831882], [7.918863237274595, 7.622051819456376, 7.285402218862249, 6.965784284662087, 6.339850002884624, 6.247927513443585, 6.357552004618084, 7.03342300153745, 8.134426320220927, 8.022367813028454, 8.076815597050832, 8.005624549193879, 7.754887502163468, 7.794415866350106, 7.994353436858858, 7.936637939002571, 7.832890014164741, 8.038918989292302, 8.066089190457772, 8.0, 8.044394119358454, 8.164906926675688, 8.071462362556623, 7.870364719583405], [7.918863237274595, 7.562242424221073, 7.2761244052742375, 6.658211482751795, 6.392317422778761, 5.614709844115208, 6.20945336562895, 6.857980995127572, 8.519636252843213, 8.459431618637296, 8.113742166049189, 8.0, 8.159871336778389, 8.159871336778389, 8.154818109052105, 8.011227255423254, 7.754887502163468, 7.94251450533924, 8.124121311829187, 8.149747119504681, 8.361943773735241, 8.164906926675688, 8.339850002884624, 8.214319120800766]]}