{"min": 0, "max": 11.000704269011246, "pieData": [[6.870364719583405, 6.523561956057013, 5.700439718141093, 5.392317422778761, 4.906890595608519, 4.584962500721156, 6.087462841250339, 6.491853096329675, 5.807354922057604, 6.569855608330948, 7.087462841250339, 7.285402218862249, 7.199672344836364, 7.03342300153745, 7.266786540694901, 7.022367813028454, 7.098032082960526, 7.294620748891627, 6.78135971352466, 5.930737337562887, 7.199672344836364, 8.144658242831882, 8.038918989292302, 7.78135971352466], [7.219168520462161, 7.022367813028454, 6.569855608330948, 5.584962500721156, 5.129283016944966, 4.392317422778761, 5.882643049361842, 6.78135971352466, 6.087462841250339, 6.870364719583405, 6.643856189774724, 7.076815597050831, 7.442943495848728, 7.2761244052742375, 7.426264754702098, 7.459431618637297, 7.357552004618084, 6.870364719583405, 7.0, 7.312882955284356, 7.679480099505446, 7.894817763307944, 8.038918989292302, 7.539158811108031], [7.1799090900149345, 6.768184324776926, 6.409390936137702, 5.584962500721156, 4.643856189774724, 4.0, 5.614709844115208, 6.832890014164741, 6.507794640198696, 7.011227255423254, 7.076815597050831, 6.965784284662087, 7.169925001442312, 7.108524456778169, 6.754887502163468, 6.954196310386875, 6.754887502163468, 6.894817763307944, 6.930737337562887, 6.6865005271832185, 4.700439718141093, 7.754887502163468, 7.845490050944376, 7.400879436282184], [7.257387842692652, 6.6865005271832185, 5.977279923499917, 5.087462841250339, 4.523561956057013, 4.754887502163468, 5.857980995127572, 6.475733430966398, 6.321928094887363, 6.714245517666122, 7.169925001442312, 6.894817763307944, 6.977279923499917, 6.807354922057604, 6.9886846867721655, 7.066089190457772, 6.857980995127572, 6.794415866350106, 6.930737337562887, 6.977279923499917, 7.451211111832329, 7.459431618637297, 7.787902559391432, 7.546894459887636], [7.129283016944966, 6.754887502163468, 6.357552004618084, 5.392317422778761, 4.857980995127572, 4.247927513443585, 5.727920454563199, 6.426264754702098, 6.491853096329675, 6.832890014164741, 6.658211482751795, 6.977279923499917, 6.94251450533924, 7.118941072723508, 7.044394119358453, 7.266786540694901, 7.392317422778761, 7.3750394313469245, 6.965784284662087, 7.011227255423254, 7.569855608330948, 7.894817763307944, 8.03342300153745, 7.562242424221073], [7.339850002884624, 7.139551352398794, 6.727920454563199, 6.066089190457772, 5.672425341971495, 5.0, 5.523561956057013, 6.599912842187128, 6.6865005271832185, 7.20945336562895, 7.3750394313469245, 7.159871336778389, 7.357552004618084, 7.0, 6.643856189774724, 6.882643049361842, 6.820178962415188, 6.882643049361842, 6.870364719583405, 6.78135971352466, 7.285402218862249, 7.467605550082998, 7.6865005271832185, 7.614709844115208], [7.087462841250339, 6.906890595608519, 6.643856189774724, 5.930737337562887, 4.954196310386875, 4.857980995127572, 5.0, 5.906890595608519, 6.426264754702098, 6.714245517666122, 6.832890014164741, 6.7414669864011465, 7.22881869049588, 7.139551352398794, 6.977279923499917, 6.94251450533924, 6.882643049361842, 6.94251450533924, 7.108524456778169, 7.087462841250339, 7.303780748177103, 7.584962500721156, 7.7414669864011465, 7.2761244052742375]]}