{"min": 0, "max": 11.000704269011246, "pieData": [[4.169925001442312, 4.169925001442312, 3.700439718141092, 2.584962500721156, 2.0, 2.321928094887362, 3.807354922057604, 4.754887502163468, 4.906890595608519, 5.727920454563199, 5.321928094887363, 4.906890595608519, 5.584962500721156, 4.807354922057604, 5.523561956057013, 5.247927513443585, 5.643856189774724, 5.129283016944966, 4.906890595608519, 3.321928094887362, 4.169925001442312, 4.643856189774724, 4.523561956057013, 4.523561956057013], [4.0, 4.584962500721156, 4.584962500721156, 2.807354922057604, 3.584962500721156, 2.0, 3.4594316186372973, 4.754887502163468, 4.523561956057013, 5.285402218862249, 5.426264754702098, 4.807354922057604, 4.954196310386875, 5.20945336562895, 4.857980995127572, 5.20945336562895, 5.087462841250339, 4.857980995127572, 4.807354922057604, 4.247927513443585, 5.044394119358453, 4.954196310386875, 3.700439718141092, 4.523561956057013], [4.584962500721156, 4.087462841250339, 3.584962500721156, 2.807354922057604, 3.584962500721156, 3.169925001442312, 1.584962500721156, 4.754887502163468, 5.044394119358453, 4.857980995127572, 4.754887502163468, 4.906890595608519, 4.321928094887363, 4.321928094887363, 4.523561956057013, 4.700439718141093, 5.78135971352466, 5.0, 5.169925001442312, 4.087462841250339, 2.0, 4.754887502163468, 4.459431618637297, 4.700439718141093], [3.9068905956085187, 3.807354922057604, 3.321928094887362, 3.321928094887362, 2.584962500721156, 1.0, 3.169925001442312, 4.169925001442312, 4.906890595608519, 5.285402218862249, 4.954196310386875, 4.392317422778761, 3.807354922057604, 4.169925001442312, 5.20945336562895, 5.169925001442312, 5.392317422778761, 4.643856189774724, 4.0, 4.392317422778761, 4.087462841250339, 4.754887502163468, 4.906890595608519, 4.247927513443585], [3.807354922057604, 3.584962500721156, 3.700439718141092, 3.321928094887362, 2.321928094887362, 3.169925001442312, 4.087462841250339, 4.584962500721156, 5.087462841250339, 5.247927513443585, 5.0, 4.459431618637297, 4.700439718141093, 4.321928094887363, 5.20945336562895, 5.129283016944966, 5.044394119358453, 4.087462841250339, 4.169925001442312, 4.523561956057013, 4.584962500721156, 4.523561956057013, 3.9068905956085187, 3.807354922057604], [4.754887502163468, 3.807354922057604, 4.247927513443585, 3.4594316186372973, 3.0, 2.0, 3.169925001442312, 4.321928094887363, 4.247927513443585, 4.584962500721156, 5.285402218862249, 4.807354922057604, 4.523561956057013, 4.247927513443585, 4.584962500721156, 4.0, 5.087462841250339, 4.584962500721156, 3.9068905956085187, 4.459431618637297, 4.247927513443585, 4.087462841250339, 4.459431618637297, 3.700439718141092], [4.087462841250339, 4.087462841250339, 4.392317422778761, 2.584962500721156, 3.169925001442312, 2.584962500721156, 3.700439718141092, 4.169925001442312, 4.584962500721156, 5.426264754702098, 4.754887502163468, 4.523561956057013, 4.169925001442312, 4.321928094887363, 4.247927513443585, 4.523561956057013, 5.0, 4.700439718141093, 3.807354922057604, 2.807354922057604, 4.321928094887363, 3.807354922057604, 4.857980995127572, 3.9068905956085187]]}