{"min": 0, "max": 11.000704269011246, "pieData": [[4.0, 3.9068905956085187, 2.0, 1.584962500721156, 1.584962500721156, 2.807354922057604, 4.087462841250339, 5.754887502163468, 6.6865005271832185, 6.754887502163468, 6.6865005271832185, 6.22881869049588, 5.285402218862249, 5.954196310386875, 6.507794640198696, 6.022367813028454, 5.977279923499917, 5.672425341971495, 5.584962500721156, 4.0, 4.700439718141093, 5.087462841250339, 4.643856189774724, 4.523561956057013], [4.247927513443585, 3.9068905956085187, 3.9068905956085187, 1.0, 2.321928094887362, 2.0, 4.247927513443585, 5.727920454563199, 6.569855608330948, 6.820178962415188, 6.768184324776926, 6.247927513443585, 5.672425341971495, 5.807354922057604, 5.906890595608519, 6.339850002884624, 6.22881869049588, 6.044394119358453, 5.857980995127572, 5.426264754702098, 5.285402218862249, 5.044394119358453, 5.087462841250339, 4.857980995127572], [4.523561956057013, 4.169925001442312, 2.807354922057604, 2.0, 1.0, 1.0, 3.321928094887362, 5.426264754702098, 6.339850002884624, 5.643856189774724, 6.285402218862249, 6.066089190457772, 5.285402218862249, 5.523561956057013, 6.459431618637297, 6.459431618637297, 5.882643049361842, 5.672425341971495, 5.906890595608519, 4.906890595608519, 1.584962500721156, 5.20945336562895, 4.584962500721156, 4.0], [4.087462841250339, 3.9068905956085187, 3.0, 2.807354922057604, 2.584962500721156, 3.321928094887362, 4.0, 5.727920454563199, 6.392317422778761, 6.643856189774724, 6.189824558880018, 6.022367813028454, 5.169925001442312, 5.727920454563199, 6.303780748177103, 6.442943495848728, 6.22881869049588, 5.584962500721156, 5.523561956057013, 5.523561956057013, 5.129283016944966, 5.554588851677638, 4.392317422778761, 4.857980995127572], [4.523561956057013, 3.700439718141092, 3.321928094887362, 3.4594316186372973, 2.584962500721156, 1.0, 3.169925001442312, 5.392317422778761, 6.672425341971495, 6.78135971352466, 6.714245517666122, 5.857980995127572, 5.614709844115208, 6.22881869049588, 6.22881869049588, 6.20945336562895, 6.189824558880018, 6.0, 5.523561956057013, 5.392317422778761, 5.285402218862249, 5.584962500721156, 5.643856189774724, 4.700439718141093], [4.459431618637297, 4.321928094887363, 3.0, 2.584962500721156, 1.584962500721156, 1.584962500721156, 2.321928094887362, 5.357552004618084, 6.409390936137702, 6.392317422778761, 6.392317422778761, 5.700439718141093, 4.857980995127572, 5.321928094887363, 5.954196310386875, 5.584962500721156, 6.0, 5.285402218862249, 5.832890014164741, 5.672425341971495, 5.807354922057604, 5.169925001442312, 5.0, 5.357552004618084], [3.584962500721156, 4.321928094887363, 4.392317422778761, 3.700439718141092, 2.584962500721156, 3.0, 3.584962500721156, 5.321928094887363, 5.930737337562887, 6.643856189774724, 6.357552004618084, 5.459431618637297, 5.285402218862249, 5.20945336562895, 5.882643049361842, 5.954196310386875, 5.906890595608519, 5.169925001442312, 5.426264754702098, 5.321928094887363, 5.247927513443585, 4.857980995127572, 4.857980995127572, 4.643856189774724]]}