{"min": 0, "max": 11.000704269011246, "pieData": [[4.954196310386875, 4.392317422778761, 3.9068905956085187, 3.4594316186372973, 2.807354922057604, 2.0, 4.321928094887363, 5.20945336562895, 6.266786540694901, 6.507794640198696, 5.882643049361842, 5.426264754702098, 5.614709844115208, 5.523561956057013, 5.554588851677638, 5.906890595608519, 5.906890595608519, 5.643856189774724, 5.906890595608519, 4.247927513443585, 5.20945336562895, 5.643856189774724, 5.882643049361842, 5.459431618637297], [5.584962500721156, 4.754887502163468, 4.643856189774724, 4.087462841250339, 3.0, 2.584962500721156, 4.0, 4.643856189774724, 6.044394119358453, 5.754887502163468, 5.491853096329675, 5.672425341971495, 5.357552004618084, 5.491853096329675, 5.392317422778761, 5.614709844115208, 5.0, 5.491853096329675, 5.700439718141093, 5.807354922057604, 5.584962500721156, 6.044394119358453, 4.754887502163468, 5.882643049361842], [5.0, 4.754887502163468, 4.754887502163468, 3.0, 2.807354922057604, 2.584962500721156, 3.807354922057604, 5.044394119358453, 5.491853096329675, 5.554588851677638, 5.169925001442312, 5.087462841250339, 4.392317422778761, 5.169925001442312, 5.523561956057013, 5.614709844115208, 5.584962500721156, 5.584962500721156, 6.022367813028454, 5.285402218862249, 3.4594316186372973, 5.832890014164741, 5.392317422778761, 5.459431618637297], [4.954196310386875, 4.643856189774724, 4.169925001442312, 4.0, 3.807354922057604, 2.584962500721156, 2.807354922057604, 4.643856189774724, 5.832890014164741, 5.426264754702098, 5.087462841250339, 4.954196310386875, 5.247927513443585, 4.954196310386875, 5.426264754702098, 5.491853096329675, 5.491853096329675, 5.426264754702098, 5.554588851677638, 5.700439718141093, 5.754887502163468, 5.700439718141093, 5.954196310386875, 5.727920454563199], [5.523561956057013, 4.523561956057013, 4.754887502163468, 4.643856189774724, 3.584962500721156, 2.321928094887362, 3.807354922057604, 5.285402218862249, 5.700439718141093, 6.066089190457772, 5.357552004618084, 5.754887502163468, 5.129283016944966, 5.087462841250339, 5.491853096329675, 5.614709844115208, 5.491853096329675, 5.357552004618084, 5.930737337562887, 5.554588851677638, 6.022367813028454, 6.066089190457772, 5.78135971352466, 5.523561956057013], [5.247927513443585, 5.0, 4.906890595608519, 4.321928094887363, 3.321928094887362, 1.0, 3.4594316186372973, 4.857980995127572, 5.129283016944966, 5.426264754702098, 5.523561956057013, 5.426264754702098, 5.129283016944966, 5.554588851677638, 5.584962500721156, 5.426264754702098, 5.754887502163468, 5.584962500721156, 6.066089190457772, 6.044394119358453, 5.584962500721156, 5.78135971352466, 5.727920454563199, 5.700439718141093], [5.426264754702098, 5.357552004618084, 5.285402218862249, 4.459431618637297, 3.4594316186372973, 2.0, 3.169925001442312, 4.643856189774724, 5.459431618637297, 5.169925001442312, 5.554588851677638, 5.0, 5.459431618637297, 4.807354922057604, 5.523561956057013, 5.129283016944966, 5.614709844115208, 4.906890595608519, 6.0, 5.882643049361842, 5.643856189774724, 5.882643049361842, 5.087462841250339, 5.392317422778761]]}