{"min": 0, "max": 11.000704269011246, "pieData": [[4.700439718141093, 3.4594316186372973, 4.0, 2.321928094887362, 2.584962500721156, 2.321928094887362, 3.9068905956085187, 4.087462841250339, 5.0, 5.672425341971495, 5.285402218862249, 4.857980995127572, 5.0, 5.321928094887363, 4.754887502163468, 4.700439718141093, 5.392317422778761, 5.321928094887363, 4.643856189774724, 4.0, 4.169925001442312, 4.954196310386875, 4.754887502163468, 4.906890595608519], [3.9068905956085187, 3.4594316186372973, 4.247927513443585, 3.169925001442312, 2.584962500721156, 2.584962500721156, 3.807354922057604, 4.584962500721156, 4.643856189774724, 4.906890595608519, 4.700439718141093, 4.584962500721156, 5.044394119358453, 5.169925001442312, 5.087462841250339, 5.426264754702098, 5.321928094887363, 5.727920454563199, 5.459431618637297, 5.087462841250339, 5.491853096329675, 4.459431618637297, 5.044394119358453, 4.247927513443585], [3.700439718141092, 2.584962500721156, 3.4594316186372973, 3.321928094887362, 3.0, 3.321928094887362, 3.0, 4.169925001442312, 4.857980995127572, 4.321928094887363, 4.807354922057604, 4.643856189774724, 4.392317422778761, 4.584962500721156, 4.584962500721156, 4.643856189774724, 4.857980995127572, 5.426264754702098, 4.643856189774724, 3.700439718141092, 2.321928094887362, 4.584962500721156, 4.321928094887363, 4.392317422778761], [3.807354922057604, 4.392317422778761, 2.807354922057604, 2.807354922057604, 2.807354922057604, 2.0, 3.700439718141092, 4.523561956057013, 4.247927513443585, 4.584962500721156, 5.247927513443585, 4.643856189774724, 4.700439718141093, 4.906890595608519, 4.954196310386875, 5.392317422778761, 5.426264754702098, 5.357552004618084, 4.523561956057013, 4.754887502163468, 4.906890595608519, 4.754887502163468, 4.584962500721156, 3.807354922057604], [4.247927513443585, 4.0, 3.807354922057604, 4.0, 2.807354922057604, 2.807354922057604, 3.169925001442312, 4.754887502163468, 4.247927513443585, 4.392317422778761, 4.643856189774724, 4.459431618637297, 4.392317422778761, 4.459431618637297, 5.169925001442312, 5.0, 4.857980995127572, 5.044394119358453, 4.247927513443585, 4.807354922057604, 5.129283016944966, 4.247927513443585, 4.169925001442312, 4.087462841250339], [4.321928094887363, 3.4594316186372973, 4.857980995127572, 3.321928094887362, 3.0, 3.4594316186372973, 3.584962500721156, 4.247927513443585, 4.700439718141093, 5.129283016944966, 5.247927513443585, 4.906890595608519, 4.906890595608519, 4.954196310386875, 4.754887502163468, 5.0, 4.857980995127572, 5.087462841250339, 4.754887502163468, 4.700439718141093, 4.247927513443585, 4.087462841250339, 4.392317422778761, 4.392317422778761], [4.169925001442312, 4.087462841250339, 3.321928094887362, 2.807354922057604, 1.584962500721156, 1.584962500721156, 3.700439718141092, 4.321928094887363, 4.754887502163468, 4.247927513443585, 5.087462841250339, 4.700439718141093, 4.857980995127572, 5.247927513443585, 4.807354922057604, 4.321928094887363, 4.584962500721156, 4.906890595608519, 4.643856189774724, 4.807354922057604, 4.807354922057604, 4.169925001442312, 3.9068905956085187, 4.087462841250339]]}