{"min": 0, "max": 11.000704269011246, "pieData": [[5.523561956057013, 4.392317422778761, 4.857980995127572, 3.4594316186372973, 3.169925001442312, 3.700439718141092, 4.807354922057604, 4.700439718141093, 5.129283016944966, 5.857980995127572, 5.832890014164741, 5.357552004618084, 4.754887502163468, 5.285402218862249, 5.584962500721156, 5.321928094887363, 4.754887502163468, 4.807354922057604, 5.392317422778761, 3.4594316186372973, 4.857980995127572, 5.491853096329675, 5.087462841250339, 5.700439718141093], [5.044394119358453, 5.554588851677638, 4.807354922057604, 4.523561956057013, 3.9068905956085187, 3.4594316186372973, 4.247927513443585, 4.906890595608519, 5.807354922057604, 5.459431618637297, 4.954196310386875, 5.044394119358453, 4.857980995127572, 4.523561956057013, 4.754887502163468, 4.523561956057013, 5.0, 4.754887502163468, 5.754887502163468, 4.584962500721156, 4.700439718141093, 5.087462841250339, 4.700439718141093, 4.807354922057604], [5.087462841250339, 5.285402218862249, 3.9068905956085187, 4.392317422778761, 3.169925001442312, 2.807354922057604, 4.169925001442312, 4.459431618637297, 4.754887502163468, 5.491853096329675, 5.426264754702098, 5.129283016944966, 4.321928094887363, 4.807354922057604, 4.321928094887363, 4.459431618637297, 4.459431618637297, 4.700439718141093, 5.0, 4.392317422778761, 2.584962500721156, 5.20945336562895, 4.954196310386875, 5.20945336562895], [5.357552004618084, 5.727920454563199, 4.857980995127572, 4.321928094887363, 3.4594316186372973, 3.321928094887362, 4.0, 4.584962500721156, 5.044394119358453, 5.285402218862249, 4.643856189774724, 5.169925001442312, 4.643856189774724, 3.700439718141092, 4.700439718141093, 4.906890595608519, 5.169925001442312, 4.0, 4.954196310386875, 4.807354922057604, 4.754887502163468, 4.954196310386875, 5.20945336562895, 4.807354922057604], [5.20945336562895, 5.0, 4.584962500721156, 4.087462841250339, 2.807354922057604, 3.321928094887362, 3.4594316186372973, 5.044394119358453, 4.857980995127572, 4.807354922057604, 5.357552004618084, 5.459431618637297, 4.857980995127572, 4.247927513443585, 4.754887502163468, 4.700439718141093, 4.857980995127572, 5.392317422778761, 5.169925001442312, 4.700439718141093, 5.0, 5.129283016944966, 5.426264754702098, 5.20945336562895], [5.584962500721156, 5.700439718141093, 4.754887502163468, 4.523561956057013, 4.459431618637297, 2.584962500721156, 3.9068905956085187, 4.087462841250339, 5.0, 5.357552004618084, 5.169925001442312, 5.584962500721156, 5.321928094887363, 5.087462841250339, 4.857980995127572, 4.807354922057604, 4.459431618637297, 4.857980995127572, 4.857980995127572, 4.643856189774724, 4.857980995127572, 4.807354922057604, 5.247927513443585, 5.459431618637297], [5.357552004618084, 5.554588851677638, 5.0, 4.321928094887363, 3.321928094887362, 3.807354922057604, 4.459431618637297, 5.285402218862249, 5.247927513443585, 5.169925001442312, 4.754887502163468, 4.584962500721156, 4.169925001442312, 4.459431618637297, 4.857980995127572, 4.321928094887363, 4.459431618637297, 5.044394119358453, 5.087462841250339, 4.584962500721156, 4.523561956057013, 5.285402218862249, 4.523561956057013, 5.285402218862249]]}