{"min": 0, "max": 11.000704269011246, "pieData": [[1.0, 0.0, 0.0, 1.0, 0.0, 2.321928094887362, 0.0, 2.584962500721156, 1.0, 0.0, 1.584962500721156, 2.321928094887362, 1.0, 1.0, 0.0, 1.0, 1.584962500721156, 2.0, 1.584962500721156, 0.0, 0.0, 2.584962500721156, 1.0, 1.0], [1.0, 1.0, 0.0, 0.0, 0.0, 1.0, 1.0, 1.0, 0.0, 2.0, 2.0, 0.0, 1.0, 0.0, 0.0, 2.0, 1.584962500721156, 1.0, 0.0, 0.0, 0.0, 1.584962500721156, 1.0, 1.0], [1.584962500721156, 0.0, 0.0, 1.0, 0.0, 0.0, 1.0, 2.0, 1.0, 1.584962500721156, 1.584962500721156, 2.321928094887362, 2.0, 1.0, 1.0, 0.0, 1.0, 0.0, 1.0, 0.0, 0.0, 1.584962500721156, 1.0, 2.0], [1.0, 1.0, 2.0, 0.0, 1.584962500721156, 2.0, 0.0, 1.0, 1.584962500721156, 1.584962500721156, 2.0, 2.584962500721156, 0.0, 1.584962500721156, 1.584962500721156, 0.0, 1.0, 1.0, 2.0, 0.0, 1.0, 0.0, 2.0, 0.0], [4.087462841250339, 1.0, 0.0, 0.0, 0.0, 1.0, 1.0, 1.0, 2.321928094887362, 1.584962500721156, 2.0, 1.0, 4.392317422778761, 4.954196310386875, 1.584962500721156, 1.584962500721156, 1.0, 2.0, 1.0, 0.0, 0.0, 1.584962500721156, 0.0, 0.0], [1.0, 0.0, 1.0, 0.0, 0.0, 0.0, 0.0, 0.0, 1.584962500721156, 1.584962500721156, 2.584962500721156, 0.0, 2.0, 1.0, 1.0, 1.0, 0.0, 1.0, 0.0, 0.0, 0.0, 1.0, 2.0, 0.0], [1.0, 1.0, 1.0, 0.0, 1.0, 1.0, 0.0, 0.0, 1.584962500721156, 1.0, 1.0, 0.0, 1.0, 1.0, 0.0, 2.0, 1.0, 2.807354922057604, 0.0, 2.321928094887362, 0.0, 0.0, 0.0, 2.0]]}