{"min": 0, "max": 11.000704269011246, "pieData": [[6.108524456778169, 6.044394119358453, 4.857980995127572, 5.087462841250339, 4.169925001442312, 3.700439718141092, 6.189824558880018, 6.6293566200796095, 6.807354922057604, 7.098032082960526, 7.087462841250339, 6.857980995127572, 7.0, 7.05528243550119, 6.965784284662087, 6.857980995127572, 6.523561956057013, 6.459431618637297, 6.870364719583405, 5.672425341971495, 5.882643049361842, 6.189824558880018, 6.643856189774724, 6.539158811108031], [6.044394119358453, 6.022367813028454, 5.78135971352466, 5.20945336562895, 4.087462841250339, 5.20945336562895, 5.554588851677638, 6.247927513443585, 6.6293566200796095, 6.700439718141093, 6.700439718141093, 6.321928094887363, 6.768184324776926, 6.491853096329675, 6.569855608330948, 6.087462841250339, 5.523561956057013, 6.491853096329675, 6.870364719583405, 5.906890595608519, 6.584962500721156, 6.3750394313469245, 6.857980995127572, 6.169925001442312], [6.392317422778761, 5.727920454563199, 5.584962500721156, 5.0, 3.807354922057604, 5.247927513443585, 4.906890595608519, 5.977279923499917, 6.169925001442312, 6.321928094887363, 6.303780748177103, 6.507794640198696, 6.266786540694901, 6.149747119504682, 6.321928094887363, 6.22881869049588, 5.977279923499917, 6.129283016944966, 6.569855608330948, 6.129283016944966, 2.807354922057604, 6.614709844115208, 6.087462841250339, 6.303780748177103], [5.977279923499917, 6.0, 4.954196310386875, 5.614709844115208, 4.954196310386875, 4.459431618637297, 5.672425341971495, 5.906890595608519, 6.044394119358453, 6.539158811108031, 6.3750394313469245, 6.266786540694901, 6.357552004618084, 5.977279923499917, 6.491853096329675, 6.569855608330948, 5.882643049361842, 6.149747119504682, 6.554588851677638, 6.426264754702098, 6.475733430966398, 6.392317422778761, 6.643856189774724, 6.475733430966398], [6.247927513443585, 6.129283016944966, 5.554588851677638, 5.129283016944966, 4.954196310386875, 4.321928094887363, 5.643856189774724, 6.507794640198696, 6.584962500721156, 6.321928094887363, 6.658211482751795, 6.491853096329675, 6.357552004618084, 6.459431618637297, 6.459431618637297, 6.22881869049588, 5.930737337562887, 6.266786540694901, 6.409390936137702, 6.20945336562895, 6.129283016944966, 6.475733430966398, 6.569855608330948, 6.3750394313469245], [6.108524456778169, 5.882643049361842, 5.643856189774724, 5.20945336562895, 5.0, 4.523561956057013, 5.643856189774724, 5.930737337562887, 6.357552004618084, 6.475733430966398, 6.672425341971495, 6.321928094887363, 6.392317422778761, 6.700439718141093, 6.539158811108031, 6.475733430966398, 5.832890014164741, 6.6293566200796095, 6.357552004618084, 6.247927513443585, 6.475733430966398, 6.768184324776926, 6.22881869049588, 6.554588851677638], [6.569855608330948, 5.977279923499917, 6.022367813028454, 5.491853096329675, 5.129283016944966, 4.643856189774724, 5.882643049361842, 6.108524456778169, 6.129283016944966, 6.870364719583405, 6.392317422778761, 6.22881869049588, 6.409390936137702, 6.321928094887363, 6.614709844115208, 6.087462841250339, 5.977279923499917, 6.22881869049588, 6.523561956057013, 6.22881869049588, 6.303780748177103, 6.285402218862249, 6.3750394313469245, 6.539158811108031]]}