{"min": 0, "max": 11.000704269011246, "pieData": [[4.643856189774724, 3.321928094887362, 4.0, 3.807354922057604, 3.321928094887362, 3.169925001442312, 2.807354922057604, 4.584962500721156, 4.954196310386875, 4.857980995127572, 4.807354922057604, 4.247927513443585, 4.459431618637297, 4.523561956057013, 4.459431618637297, 4.584962500721156, 4.321928094887363, 4.321928094887363, 4.954196310386875, 3.321928094887362, 4.584962500721156, 4.523561956057013, 4.700439718141093, 5.129283016944966], [4.906890595608519, 4.392317422778761, 3.4594316186372973, 2.321928094887362, 2.321928094887362, 2.807354922057604, 3.700439718141092, 2.807354922057604, 4.247927513443585, 3.700439718141092, 4.459431618637297, 3.807354922057604, 4.392317422778761, 4.643856189774724, 4.321928094887363, 4.523561956057013, 4.321928094887363, 5.044394119358453, 4.247927513443585, 5.247927513443585, 4.807354922057604, 4.584962500721156, 3.700439718141092, 4.169925001442312], [4.087462841250339, 3.9068905956085187, 3.4594316186372973, 2.807354922057604, 3.169925001442312, 3.4594316186372973, 3.321928094887362, 3.321928094887362, 4.247927513443585, 4.392317422778761, 4.0, 4.584962500721156, 4.392317422778761, 4.523561956057013, 3.807354922057604, 4.754887502163468, 4.169925001442312, 4.857980995127572, 4.087462841250339, 4.087462841250339, 1.584962500721156, 4.754887502163468, 4.247927513443585, 4.169925001442312], [3.9068905956085187, 4.087462841250339, 3.321928094887362, 2.584962500721156, 3.0, 2.807354922057604, 4.0, 4.584962500721156, 4.700439718141093, 4.857980995127572, 4.754887502163468, 4.807354922057604, 3.321928094887362, 4.247927513443585, 4.247927513443585, 4.584962500721156, 3.807354922057604, 4.169925001442312, 5.169925001442312, 4.754887502163468, 4.459431618637297, 4.643856189774724, 4.700439718141093, 5.087462841250339], [4.392317422778761, 4.0, 3.700439718141092, 3.169925001442312, 2.584962500721156, 3.169925001442312, 2.807354922057604, 3.700439718141092, 4.754887502163468, 4.0, 4.700439718141093, 3.9068905956085187, 4.087462841250339, 3.807354922057604, 4.392317422778761, 4.754887502163468, 4.459431618637297, 4.700439718141093, 5.169925001442312, 4.584962500721156, 4.643856189774724, 4.087462841250339, 4.700439718141093, 4.321928094887363], [4.523561956057013, 4.392317422778761, 3.584962500721156, 2.807354922057604, 2.321928094887362, 3.807354922057604, 3.4594316186372973, 3.4594316186372973, 4.392317422778761, 4.247927513443585, 4.857980995127572, 4.700439718141093, 4.954196310386875, 4.754887502163468, 4.392317422778761, 5.044394119358453, 4.700439718141093, 4.584962500721156, 5.754887502163468, 5.044394119358453, 4.459431618637297, 4.754887502163468, 4.807354922057604, 5.0], [4.392317422778761, 4.857980995127572, 3.584962500721156, 3.584962500721156, 3.0, 3.4594316186372973, 4.169925001442312, 4.321928094887363, 4.247927513443585, 5.169925001442312, 5.044394119358453, 4.954196310386875, 4.754887502163468, 4.700439718141093, 4.754887502163468, 4.906890595608519, 4.584962500721156, 4.857980995127572, 4.700439718141093, 4.807354922057604, 4.247927513443585, 4.459431618637297, 5.554588851677638, 5.087462841250339]]}