{"min": 0, "max": 11.000704269011246, "pieData": [[6.857980995127572, 6.303780748177103, 5.523561956057013, 5.584962500721156, 4.523561956057013, 4.0, 5.554588851677638, 6.247927513443585, 6.357552004618084, 6.700439718141093, 6.930737337562887, 6.6865005271832185, 6.539158811108031, 7.139551352398794, 6.658211482751795, 6.794415866350106, 6.285402218862249, 6.303780748177103, 6.409390936137702, 5.700439718141093, 6.392317422778761, 7.266786540694901, 7.442943495848728, 6.857980995127572], [6.523561956057013, 6.442943495848728, 5.321928094887363, 5.523561956057013, 4.857980995127572, 4.700439718141093, 5.754887502163468, 6.554588851677638, 6.539158811108031, 6.6865005271832185, 6.658211482751795, 6.0, 6.768184324776926, 6.832890014164741, 6.459431618637297, 6.392317422778761, 6.247927513443585, 6.357552004618084, 6.614709844115208, 7.189824558880018, 7.149747119504682, 7.303780748177103, 7.149747119504682, 6.954196310386875], [6.643856189774724, 6.169925001442312, 5.554588851677638, 5.554588851677638, 4.169925001442312, 4.459431618637297, 5.129283016944966, 6.507794640198696, 6.22881869049588, 6.475733430966398, 6.087462841250339, 6.409390936137702, 6.129283016944966, 6.409390936137702, 6.357552004618084, 6.599912842187128, 6.247927513443585, 6.247927513443585, 6.507794640198696, 6.087462841250339, 4.0, 7.189824558880018, 6.954196310386875, 6.954196310386875], [6.700439718141093, 6.285402218862249, 5.954196310386875, 4.954196310386875, 6.087462841250339, 6.108524456778169, 5.459431618637297, 6.3750394313469245, 7.05528243550119, 6.357552004618084, 6.169925001442312, 6.20945336562895, 6.129283016944966, 6.285402218862249, 6.321928094887363, 6.3750394313469245, 6.554588851677638, 6.442943495848728, 6.392317422778761, 7.05528243550119, 7.149747119504682, 7.303780748177103, 7.098032082960526, 6.832890014164741], [6.507794640198696, 6.392317422778761, 5.672425341971495, 5.700439718141093, 4.523561956057013, 4.700439718141093, 4.954196310386875, 6.266786540694901, 6.392317422778761, 6.491853096329675, 6.6865005271832185, 6.523561956057013, 6.285402218862249, 6.672425341971495, 6.794415866350106, 6.22881869049588, 6.3750394313469245, 5.857980995127572, 6.22881869049588, 6.459431618637297, 7.266786540694901, 7.129283016944966, 7.098032082960526, 6.754887502163468], [6.9886846867721655, 6.409390936137702, 5.882643049361842, 6.044394119358453, 4.906890595608519, 4.643856189774724, 5.459431618637297, 5.727920454563199, 6.266786540694901, 6.700439718141093, 6.807354922057604, 6.584962500721156, 6.523561956057013, 6.599912842187128, 6.491853096329675, 6.442943495848728, 6.108524456778169, 6.475733430966398, 6.832890014164741, 6.918863237274595, 6.9886846867721655, 6.977279923499917, 6.930737337562887, 7.098032082960526], [6.857980995127572, 6.714245517666122, 6.569855608330948, 5.954196310386875, 5.357552004618084, 5.20945336562895, 5.087462841250339, 5.459431618637297, 6.658211482751795, 6.507794640198696, 6.392317422778761, 6.554588851677638, 6.554588851677638, 6.727920454563199, 6.894817763307944, 6.3750394313469245, 6.442943495848728, 5.882643049361842, 6.475733430966398, 6.523561956057013, 6.78135971352466, 6.954196310386875, 7.257387842692652, 7.044394119358453]]}