{"min": 0, "max": 11.000704269011246, "pieData": [[4.0, 2.0, 2.584962500721156, 3.321928094887362, 1.584962500721156, 1.584962500721156, 2.807354922057604, 3.4594316186372973, 4.0, 3.321928094887362, 3.321928094887362, 3.169925001442312, 3.807354922057604, 4.321928094887363, 3.9068905956085187, 4.169925001442312, 3.807354922057604, 3.584962500721156, 3.321928094887362, 2.0, 3.584962500721156, 4.247927513443585, 4.087462841250339, 3.700439718141092], [3.4594316186372973, 3.321928094887362, 3.0, 1.584962500721156, 1.584962500721156, 2.0, 1.584962500721156, 3.9068905956085187, 4.906890595608519, 3.807354922057604, 3.584962500721156, 4.954196310386875, 3.807354922057604, 3.0, 4.169925001442312, 4.169925001442312, 4.0, 4.321928094887363, 3.169925001442312, 3.0, 3.700439718141092, 3.584962500721156, 3.321928094887362, 4.169925001442312], [4.0, 2.321928094887362, 2.321928094887362, 3.0, 0.0, 1.0, 1.0, 3.321928094887362, 2.584962500721156, 4.247927513443585, 3.0, 2.807354922057604, 3.169925001442312, 4.523561956057013, 4.247927513443585, 3.169925001442312, 3.807354922057604, 2.321928094887362, 3.4594316186372973, 3.169925001442312, 1.0, 4.087462841250339, 3.584962500721156, 3.700439718141092], [3.321928094887362, 4.087462841250339, 2.584962500721156, 2.584962500721156, 2.0, 2.0, 1.0, 3.169925001442312, 3.4594316186372973, 4.247927513443585, 3.584962500721156, 4.087462841250339, 3.4594316186372973, 4.0, 3.584962500721156, 2.584962500721156, 3.321928094887362, 2.807354922057604, 1.0, 3.321928094887362, 3.700439718141092, 4.247927513443585, 3.700439718141092, 3.9068905956085187], [3.4594316186372973, 1.584962500721156, 3.321928094887362, 1.584962500721156, 2.0, 1.0, 2.0, 3.321928094887362, 2.807354922057604, 4.169925001442312, 4.087462841250339, 4.087462841250339, 3.169925001442312, 4.0, 3.4594316186372973, 3.321928094887362, 4.087462841250339, 3.584962500721156, 2.584962500721156, 3.321928094887362, 3.4594316186372973, 2.584962500721156, 4.321928094887363, 3.9068905956085187], [4.0, 3.807354922057604, 2.321928094887362, 2.584962500721156, 1.584962500721156, 2.584962500721156, 1.584962500721156, 3.321928094887362, 3.807354922057604, 4.169925001442312, 3.700439718141092, 4.0, 3.4594316186372973, 3.0, 3.321928094887362, 2.807354922057604, 3.321928094887362, 3.321928094887362, 3.169925001442312, 3.0, 4.0, 3.584962500721156, 4.247927513443585, 4.954196310386875], [4.169925001442312, 4.087462841250339, 3.700439718141092, 2.807354922057604, 2.584962500721156, 2.807354922057604, 1.0, 3.4594316186372973, 3.0, 3.4594316186372973, 3.700439718141092, 3.807354922057604, 3.0, 3.169925001442312, 3.321928094887362, 3.700439718141092, 3.807354922057604, 3.321928094887362, 3.700439718141092, 3.807354922057604, 3.807354922057604, 3.321928094887362, 4.087462841250339, 4.0]]}