{"min": 0, "max": 11.000704269011246, "pieData": [[8.731319031025064, 7.727920454563199, 7.1799090900149345, 7.149747119504682, 6.266786540694901, 6.894817763307944, 8.800899899920305, 8.997179480937621, 8.129283016944967, 8.243173983472952, 8.751544059089099, 8.73809225962049, 8.848622940429339, 8.39231742277876, 8.794415866350105, 8.784634845557521, 8.88264304936184, 8.710806433699352, 8.546894459887637, 7.22881869049588, 8.57742882803575, 8.689997971419446, 8.290018846932618, 8.658211482751796], [8.238404739325079, 7.044394119358453, 4.321928094887363, 2.321928094887362, 3.584962500721156, 6.918863237274595, 8.76487159073609, 8.98584193700334, 7.971543553950772, 8.194756854422248, 8.696967526234287, 8.804131021183318, 8.873444112515376, 8.820178962415188, 8.92481250360578, 8.744833837499545, 8.79766152585376, 8.98299357469431, 8.527477006060396, 8.784634845557521, 8.43879185257826, 8.584962500721156, 8.005624549193879, 8.357552004618084], [8.383704292474052, 6.700439718141093, 5.129283016944966, 3.700439718141092, 3.169925001442312, 6.965784284662087, 8.665335917185176, 8.640244936222345, 7.820178962415188, 7.977279923499917, 8.499845887083206, 8.800899899920305, 8.581200581924957, 8.405141463136344, 8.479780264029099, 8.400879436282183, 8.588714635582264, 8.539158811108031, 8.31741261376487, 8.129283016944967, 5.523561956057013, 8.643856189774725, 7.971543553950772, 8.280770770130603], [8.370687406807217, 7.6293566200796095, 5.954196310386875, 1.584962500721156, 3.169925001442312, 6.6293566200796095, 8.661778097771988, 8.43879185257826, 7.693486957499325, 7.820178962415188, 8.252665432450248, 8.459431618637296, 8.483815777264256, 8.243173983472952, 8.29920801838728, 8.447083226209653, 8.491853096329674, 8.686500527183219, 8.550746785383243, 8.294620748891628, 8.252665432450248, 8.219168520462162, 8.20945336562895, 8.459431618637296], [8.483815777264256, 6.954196310386875, 5.584962500721156, 3.0, 3.4594316186372973, 6.672425341971495, 8.519636252843213, 8.321928094887362, 7.577428828035749, 7.86418614465428, 7.948367231584678, 8.379378367071261, 8.535275376620802, 8.422064766172813, 8.751544059089099, 8.625708843064466, 8.584962500721156, 8.507794640198696, 8.46352437327118, 8.321928094887362, 8.57742882803575, 8.312882955284355, 7.882643049361842, 8.252665432450248], [8.124121311829187, 8.08214904135387, 6.20945336562895, 5.807354922057604, 4.459431618637297, 6.442943495848728, 8.266786540694902, 8.238404739325079, 7.754887502163468, 7.832890014164741, 8.144658242831882, 8.285402218862249, 7.912889336229962, 7.592457037268081, 8.049848549450562, 7.98299357469431, 8.308339030139408, 7.727920454563199, 7.930737337562887, 7.912889336229962, 7.826548487290915, 7.714245517666122, 7.366322214245816, 7.599912842187128], [7.60733031374961, 7.169925001442312, 5.0, 2.321928094887362, 2.0, 5.882643049361842, 7.894817763307944, 7.78135971352466, 7.357552004618084, 7.768184324776926, 8.055282435501189, 8.055282435501189, 8.247927513443585, 8.20945336562895, 8.426264754702098, 8.335390354693924, 8.447083226209653, 8.005624549193879, 8.31741261376487, 8.581200581924957, 8.430452551665532, 8.08214904135387, 7.86418614465428, 8.330916878114618]]}