{"min": 0, "max": 11.000704269011246, "pieData": [[5.832890014164741, 5.0, 5.044394119358453, 3.700439718141092, 3.700439718141092, 4.392317422778761, 4.807354922057604, 5.584962500721156, 6.149747119504682, 6.022367813028454, 6.149747119504682, 6.0, 5.672425341971495, 5.357552004618084, 5.643856189774724, 6.066089190457772, 6.044394119358453, 5.459431618637297, 5.700439718141093, 5.20945336562895, 5.954196310386875, 6.714245517666122, 6.266786540694901, 6.507794640198696], [6.066089190457772, 5.643856189774724, 5.392317422778761, 4.392317422778761, 3.584962500721156, 3.807354922057604, 5.0, 5.78135971352466, 5.727920454563199, 5.807354922057604, 5.700439718141093, 6.087462841250339, 5.129283016944966, 5.754887502163468, 6.22881869049588, 5.700439718141093, 5.754887502163468, 5.426264754702098, 5.807354922057604, 6.087462841250339, 5.977279923499917, 6.066089190457772, 6.7414669864011465, 6.539158811108031], [5.727920454563199, 5.285402218862249, 5.169925001442312, 4.392317422778761, 3.321928094887362, 3.4594316186372973, 4.0, 5.285402218862249, 5.392317422778761, 6.169925001442312, 5.700439718141093, 5.930737337562887, 5.321928094887363, 6.044394119358453, 6.0, 5.754887502163468, 5.643856189774724, 5.426264754702098, 6.044394119358453, 5.727920454563199, 2.584962500721156, 6.149747119504682, 6.285402218862249, 6.475733430966398], [6.523561956057013, 5.906890595608519, 5.0, 4.321928094887363, 3.807354922057604, 4.0, 4.523561956057013, 5.285402218862249, 5.954196310386875, 6.108524456778169, 6.108524456778169, 5.584962500721156, 5.700439718141093, 5.700439718141093, 5.807354922057604, 5.426264754702098, 5.554588851677638, 5.357552004618084, 5.754887502163468, 6.022367813028454, 6.108524456778169, 6.266786540694901, 6.3750394313469245, 6.426264754702098], [6.339850002884624, 5.700439718141093, 5.20945336562895, 4.857980995127572, 3.700439718141092, 3.0, 4.087462841250339, 5.459431618637297, 5.672425341971495, 5.882643049361842, 5.700439718141093, 5.727920454563199, 6.0, 5.727920454563199, 5.832890014164741, 5.426264754702098, 5.78135971352466, 5.491853096329675, 5.491853096329675, 5.700439718141093, 5.954196310386875, 6.108524456778169, 6.189824558880018, 6.6293566200796095], [6.285402218862249, 5.954196310386875, 5.554588851677638, 4.523561956057013, 3.4594316186372973, 3.807354922057604, 3.584962500721156, 5.044394119358453, 5.523561956057013, 5.643856189774724, 5.672425341971495, 5.754887502163468, 4.523561956057013, 4.754887502163468, 5.20945336562895, 5.614709844115208, 5.169925001442312, 5.459431618637297, 5.459431618637297, 5.78135971352466, 6.129283016944966, 6.149747119504682, 6.189824558880018, 6.357552004618084], [6.475733430966398, 6.285402218862249, 5.930737337562887, 5.459431618637297, 3.584962500721156, 4.087462841250339, 4.0, 4.321928094887363, 4.954196310386875, 5.554588851677638, 5.977279923499917, 5.614709844115208, 5.807354922057604, 6.022367813028454, 5.906890595608519, 5.491853096329675, 5.857980995127572, 6.087462841250339, 5.643856189774724, 5.459431618637297, 5.807354922057604, 6.426264754702098, 6.409390936137702, 6.569855608330948]]}