{"min": 0, "max": 11.000704269011246, "pieData": [[5.672425341971495, 5.129283016944966, 4.807354922057604, 4.700439718141093, 4.087462841250339, 3.807354922057604, 4.754887502163468, 5.169925001442312, 4.392317422778761, 5.643856189774724, 5.20945336562895, 5.523561956057013, 5.584962500721156, 5.643856189774724, 5.832890014164741, 5.357552004618084, 5.807354922057604, 5.78135971352466, 5.672425341971495, 5.357552004618084, 5.426264754702098, 6.475733430966398, 6.22881869049588, 6.523561956057013], [5.807354922057604, 5.321928094887363, 5.169925001442312, 5.044394119358453, 3.700439718141092, 4.087462841250339, 4.954196310386875, 4.700439718141093, 4.754887502163468, 4.857980995127572, 5.554588851677638, 5.169925001442312, 5.357552004618084, 5.087462841250339, 5.247927513443585, 5.754887502163468, 5.247927513443585, 5.906890595608519, 5.807354922057604, 5.832890014164741, 5.857980995127572, 6.189824558880018, 5.832890014164741, 6.303780748177103], [5.584962500721156, 5.247927513443585, 5.247927513443585, 4.247927513443585, 3.807354922057604, 3.9068905956085187, 4.0, 4.169925001442312, 3.9068905956085187, 5.129283016944966, 5.285402218862249, 5.426264754702098, 5.169925001442312, 5.169925001442312, 5.285402218862249, 5.357552004618084, 5.20945336562895, 5.491853096329675, 5.857980995127572, 5.554588851677638, 3.169925001442312, 6.108524456778169, 6.247927513443585, 5.954196310386875], [5.78135971352466, 5.20945336562895, 5.0, 4.643856189774724, 3.584962500721156, 3.169925001442312, 3.9068905956085187, 4.807354922057604, 4.523561956057013, 5.426264754702098, 5.392317422778761, 5.044394119358453, 5.129283016944966, 5.321928094887363, 5.807354922057604, 5.491853096329675, 5.672425341971495, 5.247927513443585, 5.78135971352466, 5.700439718141093, 5.754887502163468, 5.614709844115208, 5.954196310386875, 6.169925001442312], [6.0, 5.832890014164741, 5.129283016944966, 4.700439718141093, 3.9068905956085187, 3.0, 3.9068905956085187, 5.0, 5.129283016944966, 5.672425341971495, 5.392317422778761, 4.807354922057604, 5.20945336562895, 5.169925001442312, 5.78135971352466, 4.906890595608519, 5.392317422778761, 5.643856189774724, 5.882643049361842, 5.672425341971495, 5.614709844115208, 5.727920454563199, 5.807354922057604, 6.129283016944966], [5.954196310386875, 5.643856189774724, 5.584962500721156, 4.807354922057604, 4.643856189774724, 3.700439718141092, 4.321928094887363, 4.906890595608519, 5.044394119358453, 5.129283016944966, 4.954196310386875, 5.614709844115208, 5.087462841250339, 4.807354922057604, 5.0, 5.357552004618084, 5.459431618637297, 5.285402218862249, 5.285402218862249, 5.357552004618084, 5.672425341971495, 5.727920454563199, 5.78135971352466, 6.108524456778169], [5.930737337562887, 5.906890595608519, 5.321928094887363, 5.426264754702098, 4.392317422778761, 3.4594316186372973, 4.321928094887363, 4.321928094887363, 5.247927513443585, 5.426264754702098, 5.129283016944966, 5.754887502163468, 5.857980995127572, 5.129283016944966, 5.491853096329675, 5.426264754702098, 5.491853096329675, 5.321928094887363, 5.491853096329675, 5.78135971352466, 5.523561956057013, 5.930737337562887, 6.0, 6.339850002884624]]}