{"min": 0, "max": 11.000704269011246, "pieData": [[5.459431618637297, 5.044394119358453, 4.643856189774724, 4.0, 3.4594316186372973, 3.807354922057604, 5.321928094887363, 5.321928094887363, 5.906890595608519, 5.754887502163468, 5.78135971352466, 5.491853096329675, 5.491853096329675, 5.426264754702098, 5.357552004618084, 5.954196310386875, 6.169925001442312, 5.523561956057013, 5.614709844115208, 5.0, 5.857980995127572, 6.599912842187128, 6.569855608330948, 6.491853096329675], [5.954196310386875, 5.614709844115208, 4.954196310386875, 4.754887502163468, 2.584962500721156, 4.0, 4.392317422778761, 5.584962500721156, 6.087462841250339, 5.930737337562887, 5.754887502163468, 5.584962500721156, 5.321928094887363, 5.672425341971495, 5.247927513443585, 5.554588851677638, 5.727920454563199, 5.882643049361842, 5.459431618637297, 5.807354922057604, 6.507794640198696, 6.794415866350106, 6.569855608330948, 6.539158811108031], [6.0, 5.321928094887363, 4.754887502163468, 4.523561956057013, 4.247927513443585, 3.700439718141092, 5.129283016944966, 5.954196310386875, 5.832890014164741, 5.832890014164741, 5.357552004618084, 5.754887502163468, 5.584962500721156, 5.491853096329675, 5.459431618637297, 5.392317422778761, 5.977279923499917, 5.727920454563199, 5.807354922057604, 5.672425341971495, 2.584962500721156, 6.392317422778761, 6.614709844115208, 5.906890595608519], [5.672425341971495, 4.906890595608519, 4.954196310386875, 4.0, 3.321928094887362, 2.807354922057604, 4.954196310386875, 5.857980995127572, 6.087462841250339, 5.392317422778761, 5.727920454563199, 5.584962500721156, 5.247927513443585, 5.357552004618084, 5.169925001442312, 5.672425341971495, 5.426264754702098, 5.459431618637297, 5.426264754702098, 5.882643049361842, 6.149747119504682, 6.507794640198696, 6.614709844115208, 6.321928094887363], [5.672425341971495, 5.392317422778761, 4.906890595608519, 4.459431618637297, 4.0, 3.9068905956085187, 5.0, 5.523561956057013, 5.832890014164741, 5.727920454563199, 5.700439718141093, 5.523561956057013, 5.584962500721156, 5.584962500721156, 5.807354922057604, 5.857980995127572, 5.727920454563199, 5.78135971352466, 5.700439718141093, 5.906890595608519, 6.6293566200796095, 6.584962500721156, 6.392317422778761, 6.339850002884624], [6.169925001442312, 5.491853096329675, 5.554588851677638, 4.392317422778761, 3.700439718141092, 4.0, 4.247927513443585, 5.882643049361842, 5.906890595608519, 5.614709844115208, 5.930737337562887, 5.832890014164741, 5.247927513443585, 5.700439718141093, 5.754887502163468, 5.392317422778761, 5.129283016944966, 6.022367813028454, 5.906890595608519, 6.0, 6.189824558880018, 6.539158811108031, 5.906890595608519, 6.189824558880018], [5.807354922057604, 5.700439718141093, 5.247927513443585, 4.523561956057013, 3.4594316186372973, 3.4594316186372973, 4.392317422778761, 4.954196310386875, 5.357552004618084, 5.129283016944966, 5.554588851677638, 5.491853096329675, 5.700439718141093, 6.108524456778169, 5.807354922057604, 6.087462841250339, 5.857980995127572, 5.882643049361842, 5.357552004618084, 5.906890595608519, 6.285402218862249, 6.554588851677638, 6.584962500721156, 6.3750394313469245]]}