{"min": 0, "max": 11.000704269011246, "pieData": [[6.339850002884624, 5.554588851677638, 5.129283016944966, 4.087462841250339, 4.754887502163468, 4.247927513443585, 5.426264754702098, 5.392317422778761, 5.087462841250339, 6.149747119504682, 6.108524456778169, 5.643856189774724, 6.129283016944966, 5.807354922057604, 6.392317422778761, 5.832890014164741, 5.906890595608519, 6.409390936137702, 6.247927513443585, 5.087462841250339, 6.108524456778169, 6.807354922057604, 6.894817763307944, 6.507794640198696], [6.266786540694901, 5.954196310386875, 4.954196310386875, 4.857980995127572, 4.169925001442312, 4.523561956057013, 5.357552004618084, 5.807354922057604, 5.459431618637297, 5.954196310386875, 6.491853096329675, 6.087462841250339, 6.044394119358453, 5.614709844115208, 6.426264754702098, 6.149747119504682, 6.285402218862249, 6.409390936137702, 6.442943495848728, 6.285402218862249, 6.507794640198696, 6.768184324776926, 7.098032082960526, 6.794415866350106], [6.22881869049588, 5.643856189774724, 5.357552004618084, 4.700439718141093, 4.584962500721156, 4.169925001442312, 4.392317422778761, 5.247927513443585, 5.459431618637297, 5.700439718141093, 5.882643049361842, 5.643856189774724, 5.754887502163468, 5.523561956057013, 5.584962500721156, 6.0, 6.129283016944966, 6.189824558880018, 5.857980995127572, 5.977279923499917, 3.584962500721156, 6.303780748177103, 6.700439718141093, 6.78135971352466], [6.426264754702098, 5.672425341971495, 5.169925001442312, 4.459431618637297, 4.754887502163468, 4.807354922057604, 5.087462841250339, 5.426264754702098, 5.523561956057013, 6.20945336562895, 5.523561956057013, 5.584962500721156, 5.857980995127572, 5.554588851677638, 5.977279923499917, 6.285402218862249, 6.20945336562895, 6.714245517666122, 5.643856189774724, 6.357552004618084, 6.459431618637297, 6.392317422778761, 6.614709844115208, 6.523561956057013], [6.392317422778761, 5.906890595608519, 5.044394119358453, 4.807354922057604, 4.392317422778761, 4.247927513443585, 5.169925001442312, 5.672425341971495, 5.727920454563199, 6.149747119504682, 6.087462841250339, 6.247927513443585, 5.807354922057604, 6.108524456778169, 6.066089190457772, 5.954196310386875, 6.459431618637297, 6.475733430966398, 6.321928094887363, 6.22881869049588, 6.658211482751795, 6.599912842187128, 6.78135971352466, 6.807354922057604], [6.584962500721156, 6.087462841250339, 6.129283016944966, 5.357552004618084, 4.954196310386875, 5.247927513443585, 5.285402218862249, 5.584962500721156, 5.426264754702098, 5.392317422778761, 5.832890014164741, 5.672425341971495, 5.754887502163468, 5.78135971352466, 5.584962500721156, 5.614709844115208, 6.044394119358453, 6.066089190457772, 6.189824558880018, 5.832890014164741, 6.087462841250339, 6.442943495848728, 6.321928094887363, 6.22881869049588], [6.247927513443585, 5.807354922057604, 5.727920454563199, 5.459431618637297, 5.20945336562895, 3.4594316186372973, 5.0, 5.044394119358453, 5.392317422778761, 4.857980995127572, 5.954196310386875, 5.930737337562887, 6.22881869049588, 5.882643049361842, 5.672425341971495, 5.807354922057604, 6.169925001442312, 6.108524456778169, 6.066089190457772, 5.727920454563199, 6.149747119504682, 6.614709844115208, 6.614709844115208, 6.672425341971495]]}