{"min": 0, "max": 11.000704269011246, "pieData": [[4.807354922057604, 4.459431618637297, 4.169925001442312, 4.459431618637297, 3.169925001442312, 3.584962500721156, 4.459431618637297, 4.392317422778761, 4.584962500721156, 4.169925001442312, 4.584962500721156, 3.584962500721156, 4.700439718141093, 4.0, 4.0, 4.247927513443585, 4.857980995127572, 4.0, 4.754887502163468, 3.9068905956085187, 5.247927513443585, 4.954196310386875, 5.129283016944966, 5.285402218862249], [5.087462841250339, 4.857980995127572, 4.523561956057013, 3.584962500721156, 2.321928094887362, 2.584962500721156, 3.4594316186372973, 3.700439718141092, 4.523561956057013, 4.700439718141093, 4.0, 3.807354922057604, 4.247927513443585, 3.700439718141092, 4.700439718141093, 4.584962500721156, 3.9068905956085187, 4.459431618637297, 3.0, 4.459431618637297, 5.392317422778761, 4.523561956057013, 5.357552004618084, 5.285402218862249], [4.857980995127572, 4.247927513443585, 3.169925001442312, 3.700439718141092, 2.584962500721156, 2.321928094887362, 3.4594316186372973, 4.392317422778761, 3.4594316186372973, 3.700439718141092, 4.392317422778761, 3.700439718141092, 3.807354922057604, 4.087462841250339, 4.169925001442312, 3.700439718141092, 4.643856189774724, 4.700439718141093, 3.700439718141092, 4.087462841250339, 0.0, 4.754887502163468, 4.954196310386875, 4.906890595608519], [4.584962500721156, 4.754887502163468, 4.584962500721156, 3.169925001442312, 3.584962500721156, 2.584962500721156, 3.584962500721156, 4.169925001442312, 3.700439718141092, 4.169925001442312, 4.087462841250339, 4.459431618637297, 4.169925001442312, 4.0, 3.807354922057604, 3.700439718141092, 4.0, 4.954196310386875, 4.321928094887363, 4.247927513443585, 5.392317422778761, 5.087462841250339, 4.643856189774724, 5.0], [4.857980995127572, 5.357552004618084, 3.700439718141092, 3.700439718141092, 3.169925001442312, 2.807354922057604, 3.4594316186372973, 4.169925001442312, 4.392317422778761, 4.169925001442312, 4.321928094887363, 3.9068905956085187, 4.392317422778761, 4.754887502163468, 3.4594316186372973, 4.087462841250339, 3.9068905956085187, 5.129283016944966, 5.247927513443585, 4.584962500721156, 4.169925001442312, 5.044394119358453, 4.700439718141093, 5.523561956057013], [4.807354922057604, 4.754887502163468, 4.392317422778761, 4.087462841250339, 3.0, 3.807354922057604, 4.247927513443585, 4.392317422778761, 4.087462841250339, 4.087462841250339, 4.247927513443585, 4.584962500721156, 3.4594316186372973, 4.754887502163468, 4.087462841250339, 3.9068905956085187, 3.4594316186372973, 4.643856189774724, 3.0, 4.754887502163468, 4.906890595608519, 4.584962500721156, 4.954196310386875, 4.700439718141093], [5.285402218862249, 4.584962500721156, 4.906890595608519, 3.321928094887362, 3.584962500721156, 2.584962500721156, 4.0, 3.9068905956085187, 4.169925001442312, 3.700439718141092, 4.321928094887363, 3.9068905956085187, 4.0, 4.700439718141093, 3.807354922057604, 4.643856189774724, 4.954196310386875, 4.584962500721156, 4.247927513443585, 4.087462841250339, 5.392317422778761, 4.954196310386875, 5.426264754702098, 5.087462841250339]]}