{"min": 0, "max": 11.000704269011246, "pieData": [[6.6293566200796095, 6.0, 5.954196310386875, 4.643856189774724, 4.392317422778761, 4.754887502163468, 5.807354922057604, 5.614709844115208, 5.20945336562895, 6.321928094887363, 6.108524456778169, 5.754887502163468, 6.20945336562895, 6.20945336562895, 6.0, 6.129283016944966, 6.392317422778761, 6.392317422778761, 6.285402218862249, 5.459431618637297, 6.459431618637297, 7.169925001442312, 7.451211111832329, 7.266786540694901], [6.672425341971495, 6.658211482751795, 6.022367813028454, 5.392317422778761, 3.4594316186372973, 4.523561956057013, 5.643856189774724, 5.930737337562887, 5.20945336562895, 5.882643049361842, 5.882643049361842, 6.022367813028454, 6.169925001442312, 6.169925001442312, 6.266786540694901, 6.129283016944966, 6.247927513443585, 5.930737337562887, 6.409390936137702, 6.614709844115208, 6.845490050944376, 7.2761244052742375, 7.483815777264256, 7.285402218862249], [6.714245517666122, 6.189824558880018, 5.643856189774724, 5.087462841250339, 4.169925001442312, 4.807354922057604, 5.247927513443585, 5.491853096329675, 5.426264754702098, 6.022367813028454, 6.0, 5.643856189774724, 5.643856189774724, 6.022367813028454, 6.044394119358453, 6.066089190457772, 5.930737337562887, 5.930737337562887, 6.285402218862249, 5.930737337562887, 3.0, 6.78135971352466, 7.330916878114617, 7.0], [6.7414669864011465, 6.303780748177103, 6.0, 4.857980995127572, 5.044394119358453, 4.169925001442312, 5.044394119358453, 5.857980995127572, 5.754887502163468, 6.044394119358453, 6.066089190457772, 5.672425341971495, 6.20945336562895, 6.0, 6.442943495848728, 5.977279923499917, 6.022367813028454, 5.954196310386875, 6.066089190457772, 6.426264754702098, 7.044394119358453, 6.906890595608519, 7.087462841250339, 7.108524456778169], [6.930737337562887, 6.3750394313469245, 5.727920454563199, 5.459431618637297, 4.954196310386875, 4.523561956057013, 5.169925001442312, 5.614709844115208, 5.554588851677638, 5.906890595608519, 6.285402218862249, 5.700439718141093, 6.044394119358453, 6.409390936137702, 6.022367813028454, 6.129283016944966, 5.857980995127572, 6.321928094887363, 6.087462841250339, 6.20945336562895, 6.7414669864011465, 7.199672344836364, 7.087462841250339, 7.321928094887363], [7.022367813028454, 6.475733430966398, 6.459431618637297, 6.129283016944966, 5.044394119358453, 4.087462841250339, 4.857980995127572, 5.857980995127572, 6.022367813028454, 5.754887502163468, 5.807354922057604, 6.392317422778761, 6.149747119504682, 6.266786540694901, 5.807354922057604, 6.066089190457772, 5.930737337562887, 6.507794640198696, 6.339850002884624, 6.658211482751795, 6.6293566200796095, 6.7414669864011465, 6.965784284662087, 7.189824558880018], [6.9886846867721655, 6.6293566200796095, 6.129283016944966, 5.882643049361842, 4.906890595608519, 4.700439718141093, 5.459431618637297, 5.700439718141093, 5.357552004618084, 5.672425341971495, 5.954196310386875, 6.409390936137702, 6.3750394313469245, 6.409390936137702, 6.442943495848728, 6.491853096329675, 5.930737337562887, 5.882643049361842, 6.6865005271832185, 6.247927513443585, 6.918863237274595, 6.599912842187128, 7.108524456778169, 7.05528243550119]]}