{"min": 0, "max": 11.000704269011246, "pieData": [[5.491853096329675, 5.426264754702098, 4.857980995127572, 4.392317422778761, 3.807354922057604, 4.0, 5.20945336562895, 5.321928094887363, 4.392317422778761, 5.087462841250339, 5.247927513443585, 5.169925001442312, 5.321928094887363, 5.672425341971495, 5.321928094887363, 5.321928094887363, 5.584962500721156, 5.20945336562895, 5.044394119358453, 4.0, 5.357552004618084, 5.426264754702098, 5.977279923499917, 6.392317422778761], [5.882643049361842, 5.643856189774724, 5.169925001442312, 4.392317422778761, 3.4594316186372973, 4.0, 5.0, 5.0, 4.807354922057604, 4.754887502163468, 5.044394119358453, 4.807354922057604, 5.357552004618084, 4.954196310386875, 5.727920454563199, 5.426264754702098, 5.392317422778761, 5.0, 5.727920454563199, 5.554588851677638, 5.700439718141093, 5.700439718141093, 6.044394119358453, 5.832890014164741], [5.906890595608519, 5.700439718141093, 4.700439718141093, 4.169925001442312, 3.700439718141092, 3.700439718141092, 4.643856189774724, 4.700439718141093, 4.584962500721156, 4.523561956057013, 5.129283016944966, 5.20945336562895, 4.954196310386875, 4.754887502163468, 5.321928094887363, 5.247927513443585, 5.554588851677638, 5.357552004618084, 5.044394119358453, 5.285402218862249, 2.807354922057604, 5.523561956057013, 5.672425341971495, 5.357552004618084], [5.882643049361842, 5.247927513443585, 5.087462841250339, 4.754887502163468, 3.584962500721156, 3.321928094887362, 4.700439718141093, 4.906890595608519, 4.700439718141093, 4.459431618637297, 5.169925001442312, 5.169925001442312, 4.584962500721156, 5.459431618637297, 5.087462841250339, 5.285402218862249, 5.523561956057013, 5.20945336562895, 5.20945336562895, 5.321928094887363, 5.491853096329675, 5.906890595608519, 6.169925001442312, 5.857980995127572], [5.727920454563199, 5.882643049361842, 4.954196310386875, 4.584962500721156, 4.392317422778761, 3.4594316186372973, 4.459431618637297, 4.906890595608519, 4.906890595608519, 5.044394119358453, 5.0, 5.285402218862249, 4.643856189774724, 5.523561956057013, 5.321928094887363, 5.832890014164741, 5.357552004618084, 5.584962500721156, 5.523561956057013, 5.459431618637297, 5.754887502163468, 5.930737337562887, 6.0, 6.266786540694901], [5.857980995127572, 5.930737337562887, 5.700439718141093, 4.700439718141093, 3.807354922057604, 4.700439718141093, 5.0, 4.700439718141093, 4.754887502163468, 4.954196310386875, 5.20945336562895, 5.087462841250339, 5.247927513443585, 5.247927513443585, 4.954196310386875, 5.554588851677638, 5.491853096329675, 5.169925001442312, 5.169925001442312, 5.727920454563199, 6.044394119358453, 6.266786540694901, 5.977279923499917, 6.189824558880018], [5.882643049361842, 5.832890014164741, 5.392317422778761, 5.0, 4.169925001442312, 4.247927513443585, 4.584962500721156, 4.169925001442312, 4.754887502163468, 4.392317422778761, 4.954196310386875, 5.357552004618084, 4.584962500721156, 5.357552004618084, 5.0, 4.857980995127572, 5.357552004618084, 5.754887502163468, 4.807354922057604, 5.087462841250339, 6.189824558880018, 5.906890595608519, 6.066089190457772, 5.78135971352466]]}