{"min": 0, "max": 11.000704269011246, "pieData": [[6.22881869049588, 5.78135971352466, 4.321928094887363, 4.087462841250339, 3.700439718141092, 4.754887502163468, 5.491853096329675, 6.022367813028454, 5.906890595608519, 6.554588851677638, 6.599912842187128, 6.3750394313469245, 6.066089190457772, 6.794415866350106, 6.392317422778761, 6.129283016944966, 6.539158811108031, 6.149747119504682, 6.539158811108031, 5.169925001442312, 5.78135971352466, 6.6865005271832185, 6.459431618637297, 6.658211482751795], [5.906890595608519, 5.584962500721156, 5.129283016944966, 5.0, 4.247927513443585, 4.392317422778761, 5.459431618637297, 5.584962500721156, 5.857980995127572, 6.303780748177103, 6.266786540694901, 5.643856189774724, 5.882643049361842, 6.426264754702098, 6.442943495848728, 6.409390936137702, 6.857980995127572, 6.569855608330948, 6.539158811108031, 6.285402218862249, 6.523561956057013, 6.870364719583405, 6.507794640198696, 6.643856189774724], [5.930737337562887, 5.491853096329675, 5.20945336562895, 4.0, 3.807354922057604, 3.807354922057604, 4.700439718141093, 6.066089190457772, 6.129283016944966, 5.78135971352466, 6.357552004618084, 5.727920454563199, 5.700439718141093, 6.022367813028454, 5.832890014164741, 6.189824558880018, 6.20945336562895, 6.044394119358453, 5.807354922057604, 6.129283016944966, 3.807354922057604, 6.768184324776926, 6.584962500721156, 6.266786540694901], [6.22881869049588, 5.832890014164741, 5.321928094887363, 4.754887502163468, 3.700439718141092, 4.169925001442312, 5.0, 6.0, 6.22881869049588, 5.977279923499917, 6.303780748177103, 6.087462841250339, 6.066089190457772, 6.539158811108031, 6.022367813028454, 6.022367813028454, 6.108524456778169, 6.044394119358453, 6.108524456778169, 6.129283016944966, 6.475733430966398, 7.199672344836364, 6.882643049361842, 6.321928094887363], [6.20945336562895, 5.672425341971495, 5.426264754702098, 5.169925001442312, 4.247927513443585, 4.459431618637297, 4.392317422778761, 6.266786540694901, 6.189824558880018, 6.20945336562895, 6.22881869049588, 6.507794640198696, 6.044394119358453, 6.108524456778169, 6.149747119504682, 6.584962500721156, 6.409390936137702, 6.169925001442312, 6.22881869049588, 6.339850002884624, 6.491853096329675, 6.584962500721156, 7.022367813028454, 6.820178962415188], [6.658211482751795, 6.066089190457772, 5.392317422778761, 5.20945336562895, 4.807354922057604, 4.0, 4.754887502163468, 5.754887502163468, 5.807354922057604, 6.247927513443585, 5.832890014164741, 6.20945336562895, 5.727920454563199, 6.0, 6.303780748177103, 6.339850002884624, 6.392317422778761, 5.977279923499917, 5.906890595608519, 6.22881869049588, 6.321928094887363, 6.794415866350106, 6.554588851677638, 6.6293566200796095], [6.643856189774724, 6.426264754702098, 6.285402218862249, 5.584962500721156, 4.807354922057604, 4.0, 3.807354922057604, 5.129283016944966, 5.727920454563199, 5.832890014164741, 6.22881869049588, 6.20945336562895, 5.977279923499917, 5.906890595608519, 5.906890595608519, 6.303780748177103, 6.22881869049588, 6.3750394313469245, 6.20945336562895, 6.20945336562895, 6.554588851677638, 6.78135971352466, 6.882643049361842, 6.794415866350106]]}