{"min": 0, "max": 11.000704269011246, "pieData": [[4.700439718141093, 4.584962500721156, 4.169925001442312, 4.087462841250339, 3.169925001442312, 2.0, 4.392317422778761, 4.459431618637297, 2.807354922057604, 2.807354922057604, 3.169925001442312, 4.087462841250339, 4.0, 3.169925001442312, 3.321928094887362, 3.9068905956085187, 3.321928094887362, 4.0, 4.169925001442312, 1.584962500721156, 4.0, 4.523561956057013, 5.247927513443585, 5.523561956057013], [5.087462841250339, 4.754887502163468, 4.954196310386875, 4.247927513443585, 3.169925001442312, 2.0, 4.169925001442312, 3.9068905956085187, 3.700439718141092, 3.0, 3.321928094887362, 4.087462841250339, 3.4594316186372973, 3.4594316186372973, 4.169925001442312, 3.700439718141092, 4.169925001442312, 3.169925001442312, 3.321928094887362, 3.807354922057604, 4.700439718141093, 4.0, 5.357552004618084, 5.321928094887363], [5.20945336562895, 4.700439718141093, 4.459431618637297, 3.169925001442312, 3.169925001442312, 3.0, 4.169925001442312, 3.700439718141092, 3.4594316186372973, 4.0, 3.700439718141092, 3.169925001442312, 3.584962500721156, 3.807354922057604, 3.807354922057604, 3.4594316186372973, 4.169925001442312, 4.169925001442312, 4.392317422778761, 4.0, 0.0, 4.459431618637297, 5.044394119358453, 5.321928094887363], [4.807354922057604, 4.643856189774724, 4.169925001442312, 5.044394119358453, 2.0, 3.321928094887362, 4.584962500721156, 4.807354922057604, 3.584962500721156, 4.169925001442312, 3.9068905956085187, 4.321928094887363, 3.584962500721156, 4.087462841250339, 4.087462841250339, 3.807354922057604, 4.321928094887363, 4.087462841250339, 4.392317422778761, 4.392317422778761, 4.754887502163468, 4.954196310386875, 4.643856189774724, 4.906890595608519], [5.044394119358453, 4.459431618637297, 4.392317422778761, 4.087462841250339, 2.807354922057604, 3.321928094887362, 4.906890595608519, 4.857980995127572, 2.807354922057604, 3.700439718141092, 3.9068905956085187, 4.247927513443585, 3.4594316186372973, 3.700439718141092, 4.392317422778761, 4.169925001442312, 4.169925001442312, 3.321928094887362, 4.584962500721156, 4.247927513443585, 4.754887502163468, 4.906890595608519, 4.954196310386875, 4.954196310386875], [5.044394119358453, 5.247927513443585, 4.954196310386875, 4.459431618637297, 3.9068905956085187, 3.0, 3.169925001442312, 4.0, 4.247927513443585, 3.9068905956085187, 3.321928094887362, 3.169925001442312, 3.4594316186372973, 2.584962500721156, 2.807354922057604, 2.807354922057604, 3.807354922057604, 4.0, 4.0, 4.247927513443585, 3.700439718141092, 4.643856189774724, 3.321928094887362, 5.0], [4.643856189774724, 4.754887502163468, 4.643856189774724, 3.9068905956085187, 3.700439718141092, 2.807354922057604, 4.754887502163468, 4.087462841250339, 3.169925001442312, 3.584962500721156, 3.0, 2.584962500721156, 4.247927513443585, 3.807354922057604, 2.807354922057604, 3.584962500721156, 3.321928094887362, 3.807354922057604, 3.4594316186372973, 3.4594316186372973, 3.9068905956085187, 4.584962500721156, 5.087462841250339, 5.169925001442312]]}