{"min": 0, "max": 11.000704269011246, "pieData": [[6.442943495848728, 4.906890595608519, 5.129283016944966, 4.459431618637297, 4.087462841250339, 5.169925001442312, 5.882643049361842, 6.658211482751795, 5.754887502163468, 5.882643049361842, 6.0, 6.066089190457772, 6.357552004618084, 6.357552004618084, 6.409390936137702, 6.426264754702098, 6.475733430966398, 6.22881869049588, 6.820178962415188, 5.523561956057013, 6.78135971352466, 6.768184324776926, 7.285402218862249, 6.426264754702098], [6.169925001442312, 5.807354922057604, 5.087462841250339, 4.857980995127572, 3.4594316186372973, 4.857980995127572, 5.857980995127572, 6.22881869049588, 6.523561956057013, 5.882643049361842, 6.392317422778761, 6.189824558880018, 6.339850002884624, 6.303780748177103, 6.044394119358453, 6.584962500721156, 6.700439718141093, 6.599912842187128, 6.832890014164741, 6.6293566200796095, 7.0, 7.05528243550119, 7.0, 6.882643049361842], [6.22881869049588, 5.672425341971495, 5.0, 5.044394119358453, 4.0, 4.247927513443585, 5.129283016944966, 6.189824558880018, 5.78135971352466, 6.169925001442312, 6.087462841250339, 5.554588851677638, 6.087462841250339, 5.554588851677638, 5.727920454563199, 6.189824558880018, 6.554588851677638, 6.442943495848728, 6.78135971352466, 6.569855608330948, 3.9068905956085187, 6.930737337562887, 7.108524456778169, 6.727920454563199], [6.303780748177103, 5.977279923499917, 5.672425341971495, 5.247927513443585, 4.584962500721156, 4.523561956057013, 5.392317422778761, 6.3750394313469245, 6.339850002884624, 5.930737337562887, 6.409390936137702, 5.882643049361842, 6.169925001442312, 5.700439718141093, 6.22881869049588, 6.303780748177103, 6.614709844115208, 6.409390936137702, 6.930737337562887, 6.727920454563199, 7.076815597050831, 7.03342300153745, 7.044394119358453, 6.727920454563199], [6.392317422778761, 5.930737337562887, 4.954196310386875, 4.954196310386875, 4.459431618637297, 4.754887502163468, 5.392317422778761, 6.169925001442312, 6.285402218862249, 6.321928094887363, 6.643856189774724, 5.906890595608519, 6.20945336562895, 6.22881869049588, 6.321928094887363, 6.569855608330948, 6.22881869049588, 6.727920454563199, 6.832890014164741, 6.714245517666122, 6.9886846867721655, 6.768184324776926, 6.965784284662087, 7.20945336562895], [6.6865005271832185, 6.20945336562895, 6.022367813028454, 5.491853096329675, 5.459431618637297, 5.584962500721156, 6.108524456778169, 5.857980995127572, 6.507794640198696, 6.087462841250339, 6.339850002884624, 6.20945336562895, 5.832890014164741, 6.087462841250339, 6.3750394313469245, 6.044394119358453, 6.22881869049588, 6.247927513443585, 6.569855608330948, 6.672425341971495, 6.569855608330948, 6.643856189774724, 6.807354922057604, 6.78135971352466], [6.554588851677638, 5.807354922057604, 5.727920454563199, 5.459431618637297, 4.643856189774724, 4.807354922057604, 5.20945336562895, 5.643856189774724, 6.247927513443585, 6.066089190457772, 5.857980995127572, 6.392317422778761, 6.149747119504682, 6.149747119504682, 6.392317422778761, 6.569855608330948, 6.321928094887363, 6.303780748177103, 6.285402218862249, 6.357552004618084, 6.807354922057604, 6.857980995127572, 7.2384047393250786, 6.882643049361842]]}