{"min": 0, "max": 11.000704269011246, "pieData": [[5.832890014164741, 5.20945336562895, 4.857980995127572, 3.700439718141092, 3.9068905956085187, 3.321928094887362, 4.906890595608519, 5.044394119358453, 5.129283016944966, 5.357552004618084, 5.584962500721156, 5.0, 4.857980995127572, 5.491853096329675, 5.727920454563199, 5.614709844115208, 4.857980995127572, 5.321928094887363, 4.807354922057604, 4.321928094887363, 5.129283016944966, 6.044394119358453, 5.754887502163468, 6.20945336562895], [5.882643049361842, 5.169925001442312, 5.285402218862249, 4.247927513443585, 2.0, 3.584962500721156, 4.247927513443585, 5.554588851677638, 4.807354922057604, 5.087462841250339, 5.727920454563199, 5.247927513443585, 5.357552004618084, 5.78135971352466, 5.832890014164741, 5.643856189774724, 5.321928094887363, 5.491853096329675, 5.044394119358453, 5.857980995127572, 5.523561956057013, 5.906890595608519, 6.339850002884624, 6.339850002884624], [5.906890595608519, 5.087462841250339, 4.392317422778761, 3.807354922057604, 3.700439718141092, 3.584962500721156, 3.9068905956085187, 4.807354922057604, 4.584962500721156, 4.754887502163468, 4.857980995127572, 5.247927513443585, 4.643856189774724, 4.523561956057013, 5.129283016944966, 5.20945336562895, 5.491853096329675, 5.044394119358453, 5.0, 5.044394119358453, 3.169925001442312, 5.906890595608519, 6.108524456778169, 6.321928094887363], [6.0, 5.392317422778761, 4.700439718141093, 4.857980995127572, 3.321928094887362, 3.169925001442312, 4.523561956057013, 4.247927513443585, 5.20945336562895, 5.392317422778761, 5.357552004618084, 4.954196310386875, 4.954196310386875, 5.0, 5.169925001442312, 5.285402218862249, 4.700439718141093, 5.129283016944966, 4.906890595608519, 5.044394119358453, 5.20945336562895, 6.022367813028454, 5.882643049361842, 5.954196310386875], [5.459431618637297, 5.129283016944966, 4.807354922057604, 3.4594316186372973, 3.169925001442312, 3.807354922057604, 4.247927513443585, 5.0, 4.459431618637297, 5.087462841250339, 4.754887502163468, 5.357552004618084, 4.523561956057013, 5.643856189774724, 5.087462841250339, 5.044394119358453, 5.491853096329675, 5.0, 5.491853096329675, 5.392317422778761, 5.807354922057604, 5.554588851677638, 5.523561956057013, 6.044394119358453], [5.832890014164741, 5.643856189774724, 4.584962500721156, 4.459431618637297, 3.807354922057604, 2.584962500721156, 4.459431618637297, 4.523561956057013, 5.614709844115208, 4.584962500721156, 5.129283016944966, 5.321928094887363, 4.0, 4.700439718141093, 4.906890595608519, 5.0, 5.129283016944966, 5.247927513443585, 5.129283016944966, 4.700439718141093, 5.247927513443585, 5.523561956057013, 5.954196310386875, 5.78135971352466], [6.108524456778169, 5.78135971352466, 4.954196310386875, 4.392317422778761, 3.584962500721156, 3.4594316186372973, 4.247927513443585, 4.754887502163468, 4.954196310386875, 4.954196310386875, 4.857980995127572, 4.700439718141093, 5.044394119358453, 4.643856189774724, 4.643856189774724, 5.20945336562895, 4.247927513443585, 5.523561956057013, 5.169925001442312, 5.426264754702098, 5.554588851677638, 6.044394119358453, 6.266786540694901, 6.266786540694901]]}