{"min": 0, "max": 11.000704269011246, "pieData": [[4.459431618637297, 3.584962500721156, 3.807354922057604, 3.0, 2.584962500721156, 2.0, 2.807354922057604, 4.584962500721156, 4.321928094887363, 4.700439718141093, 4.169925001442312, 4.906890595608519, 4.523561956057013, 4.700439718141093, 5.087462841250339, 4.643856189774724, 4.754887502163468, 4.700439718141093, 4.169925001442312, 3.700439718141092, 3.4594316186372973, 4.523561956057013, 4.584962500721156, 4.584962500721156], [3.807354922057604, 3.9068905956085187, 3.321928094887362, 2.584962500721156, 2.321928094887362, 2.584962500721156, 2.807354922057604, 3.9068905956085187, 4.459431618637297, 4.087462841250339, 4.523561956057013, 4.169925001442312, 3.9068905956085187, 4.459431618637297, 4.857980995127572, 5.044394119358453, 5.129283016944966, 4.247927513443585, 4.392317422778761, 4.392317422778761, 4.754887502163468, 4.700439718141093, 4.906890595608519, 4.643856189774724], [4.584962500721156, 4.087462841250339, 3.584962500721156, 2.584962500721156, 0.0, 1.584962500721156, 1.584962500721156, 3.4594316186372973, 4.0, 4.459431618637297, 4.392317422778761, 4.247927513443585, 4.247927513443585, 4.169925001442312, 4.906890595608519, 4.754887502163468, 4.857980995127572, 4.700439718141093, 3.4594316186372973, 4.321928094887363, 2.321928094887362, 4.459431618637297, 4.459431618637297, 4.906890595608519], [4.321928094887363, 4.169925001442312, 3.169925001442312, 2.584962500721156, 1.0, 2.321928094887362, 2.584962500721156, 3.584962500721156, 4.087462841250339, 4.169925001442312, 3.700439718141092, 3.4594316186372973, 2.584962500721156, 3.169925001442312, 4.169925001442312, 4.169925001442312, 4.169925001442312, 4.754887502163468, 4.0, 4.169925001442312, 4.807354922057604, 4.392317422778761, 4.584962500721156, 4.321928094887363], [4.584962500721156, 3.9068905956085187, 3.807354922057604, 1.0, 2.0, 3.0, 2.807354922057604, 3.807354922057604, 4.321928094887363, 4.700439718141093, 4.459431618637297, 4.247927513443585, 3.9068905956085187, 4.754887502163468, 4.700439718141093, 4.169925001442312, 4.807354922057604, 4.584962500721156, 4.584962500721156, 5.044394119358453, 4.906890595608519, 4.523561956057013, 4.247927513443585, 4.087462841250339], [4.459431618637297, 4.247927513443585, 3.584962500721156, 4.0, 2.584962500721156, 2.584962500721156, 1.584962500721156, 3.169925001442312, 4.643856189774724, 4.247927513443585, 4.321928094887363, 4.321928094887363, 4.700439718141093, 4.459431618637297, 4.247927513443585, 4.857980995127572, 3.700439718141092, 4.169925001442312, 4.169925001442312, 4.247927513443585, 4.321928094887363, 4.857980995127572, 4.392317422778761, 4.906890595608519], [4.523561956057013, 4.321928094887363, 4.392317422778761, 3.4594316186372973, 2.807354922057604, 1.584962500721156, 2.807354922057604, 3.169925001442312, 3.700439718141092, 3.9068905956085187, 3.9068905956085187, 4.754887502163468, 4.087462841250339, 4.169925001442312, 5.0, 4.906890595608519, 4.247927513443585, 4.584962500721156, 5.0, 4.459431618637297, 4.700439718141093, 4.906890595608519, 4.857980995127572, 4.169925001442312]]}