{"min": 0, "max": 11.000704269011246, "pieData": [[5.169925001442312, 3.9068905956085187, 3.700439718141092, 3.0, 3.321928094887362, 3.0, 6.066089190457772, 6.321928094887363, 5.321928094887363, 5.977279923499917, 5.977279923499917, 5.977279923499917, 6.087462841250339, 5.857980995127572, 5.754887502163468, 5.554588851677638, 6.442943495848728, 6.129283016944966, 6.409390936137702, 4.643856189774724, 6.044394119358453, 6.442943495848728, 6.22881869049588, 6.129283016944966], [4.906890595608519, 3.700439718141092, 3.700439718141092, 3.0, 3.700439718141092, 3.321928094887362, 4.754887502163468, 6.3750394313469245, 6.266786540694901, 6.266786540694901, 5.78135971352466, 5.954196310386875, 6.022367813028454, 6.066089190457772, 6.247927513443585, 6.303780748177103, 6.672425341971495, 6.584962500721156, 6.426264754702098, 6.303780748177103, 6.426264754702098, 6.20945336562895, 6.392317422778761, 6.044394119358453], [5.247927513443585, 4.169925001442312, 2.584962500721156, 3.9068905956085187, 2.0, 3.4594316186372973, 5.285402218862249, 6.044394119358453, 5.857980995127572, 5.78135971352466, 5.78135971352466, 5.672425341971495, 5.672425341971495, 5.554588851677638, 5.930737337562887, 6.247927513443585, 6.129283016944966, 6.169925001442312, 6.507794640198696, 5.930737337562887, 3.0, 5.906890595608519, 5.882643049361842, 5.554588851677638], [4.954196310386875, 4.523561956057013, 4.0, 3.0, 2.321928094887362, 3.0, 5.321928094887363, 5.78135971352466, 5.882643049361842, 5.906890595608519, 6.022367813028454, 6.044394119358453, 5.584962500721156, 5.977279923499917, 5.491853096329675, 6.459431618637297, 6.285402218862249, 6.22881869049588, 6.727920454563199, 6.285402218862249, 6.149747119504682, 6.169925001442312, 6.22881869049588, 6.066089190457772], [4.906890595608519, 3.807354922057604, 2.321928094887362, 2.584962500721156, 2.584962500721156, 3.169925001442312, 5.129283016944966, 6.022367813028454, 6.20945336562895, 5.584962500721156, 6.129283016944966, 6.20945336562895, 5.614709844115208, 5.977279923499917, 6.20945336562895, 6.108524456778169, 6.087462841250339, 6.247927513443585, 6.426264754702098, 6.554588851677638, 6.339850002884624, 6.129283016944966, 6.599912842187128, 5.882643049361842], [5.357552004618084, 4.754887502163468, 3.700439718141092, 3.4594316186372973, 1.584962500721156, 3.584962500721156, 5.247927513443585, 6.189824558880018, 6.475733430966398, 6.087462841250339, 5.807354922057604, 5.727920454563199, 5.882643049361842, 5.643856189774724, 5.832890014164741, 5.954196310386875, 6.303780748177103, 5.807354922057604, 6.087462841250339, 6.044394119358453, 6.321928094887363, 6.149747119504682, 6.189824558880018, 6.149747119504682], [5.0, 3.9068905956085187, 4.0, 3.700439718141092, 2.807354922057604, 3.700439718141092, 4.906890595608519, 5.392317422778761, 6.321928094887363, 6.247927513443585, 6.409390936137702, 5.643856189774724, 5.832890014164741, 5.087462841250339, 5.754887502163468, 6.247927513443585, 6.0, 5.832890014164741, 6.22881869049588, 5.906890595608519, 6.20945336562895, 6.442943495848728, 6.266786540694901, 5.78135971352466]]}