{"min": 0, "max": 11.000704269011246, "pieData": [[6.523561956057013, 6.149747119504682, 5.357552004618084, 4.700439718141093, 4.169925001442312, 4.459431618637297, 5.754887502163468, 6.022367813028454, 5.426264754702098, 5.754887502163468, 5.554588851677638, 6.044394119358453, 5.426264754702098, 5.727920454563199, 5.954196310386875, 5.882643049361842, 5.700439718141093, 5.554588851677638, 5.906890595608519, 4.643856189774724, 6.22881869049588, 6.918863237274595, 7.266786540694901, 7.044394119358453], [6.832890014164741, 6.108524456778169, 5.491853096329675, 5.426264754702098, 4.321928094887363, 4.584962500721156, 5.672425341971495, 5.930737337562887, 5.459431618637297, 5.906890595608519, 5.78135971352466, 5.807354922057604, 5.169925001442312, 6.189824558880018, 5.523561956057013, 5.523561956057013, 5.882643049361842, 5.727920454563199, 5.459431618637297, 5.78135971352466, 6.523561956057013, 6.614709844115208, 7.066089190457772, 6.768184324776926], [6.426264754702098, 5.857980995127572, 5.554588851677638, 4.321928094887363, 4.321928094887363, 3.0, 5.392317422778761, 5.906890595608519, 5.087462841250339, 5.392317422778761, 5.426264754702098, 5.643856189774724, 5.954196310386875, 5.700439718141093, 5.392317422778761, 6.108524456778169, 5.643856189774724, 5.459431618637297, 5.614709844115208, 5.643856189774724, 2.321928094887362, 6.339850002884624, 6.882643049361842, 6.894817763307944], [6.523561956057013, 6.20945336562895, 5.321928094887363, 5.20945336562895, 4.169925001442312, 4.523561956057013, 5.643856189774724, 6.066089190457772, 5.321928094887363, 6.022367813028454, 5.459431618637297, 6.0, 5.672425341971495, 6.475733430966398, 5.954196310386875, 5.672425341971495, 5.977279923499917, 5.700439718141093, 5.754887502163468, 5.954196310386875, 6.7414669864011465, 6.584962500721156, 7.098032082960526, 6.965784284662087], [6.523561956057013, 6.149747119504682, 5.491853096329675, 4.700439718141093, 4.247927513443585, 4.700439718141093, 5.754887502163468, 5.906890595608519, 6.087462841250339, 5.930737337562887, 5.882643049361842, 6.285402218862249, 5.614709844115208, 5.459431618637297, 6.066089190457772, 6.108524456778169, 6.044394119358453, 5.754887502163468, 5.754887502163468, 5.584962500721156, 6.22881869049588, 6.523561956057013, 6.768184324776926, 6.832890014164741], [6.918863237274595, 5.882643049361842, 5.882643049361842, 5.754887502163468, 4.807354922057604, 4.584962500721156, 5.321928094887363, 5.727920454563199, 6.22881869049588, 5.584962500721156, 6.044394119358453, 5.832890014164741, 5.614709844115208, 5.977279923499917, 5.426264754702098, 6.087462841250339, 5.614709844115208, 5.857980995127572, 5.727920454563199, 5.285402218862249, 6.426264754702098, 6.321928094887363, 6.700439718141093, 6.918863237274595], [6.820178962415188, 6.554588851677638, 6.3750394313469245, 5.357552004618084, 4.807354922057604, 4.321928094887363, 4.857980995127572, 5.491853096329675, 5.392317422778761, 5.129283016944966, 5.882643049361842, 5.727920454563199, 5.930737337562887, 5.584962500721156, 5.906890595608519, 6.20945336562895, 5.491853096329675, 5.807354922057604, 5.700439718141093, 6.0, 6.066089190457772, 7.066089190457772, 7.03342300153745, 6.672425341971495]]}