{"min": 0, "max": 11.000704269011246, "pieData": [[5.169925001442312, 4.643856189774724, 4.523561956057013, 3.700439718141092, 2.584962500721156, 3.0, 4.700439718141093, 5.044394119358453, 6.044394119358453, 5.977279923499917, 6.044394119358453, 5.754887502163468, 5.20945336562895, 5.321928094887363, 6.149747119504682, 5.882643049361842, 5.930737337562887, 5.906890595608519, 5.882643049361842, 3.807354922057604, 4.954196310386875, 6.409390936137702, 6.22881869049588, 5.727920454563199], [5.491853096329675, 4.700439718141093, 4.523561956057013, 3.169925001442312, 3.321928094887362, 3.169925001442312, 4.459431618637297, 5.321928094887363, 6.169925001442312, 6.108524456778169, 5.954196310386875, 6.066089190457772, 5.523561956057013, 5.882643049361842, 5.906890595608519, 5.247927513443585, 6.022367813028454, 5.584962500721156, 5.857980995127572, 5.78135971352466, 6.149747119504682, 6.285402218862249, 6.507794640198696, 6.266786540694901], [5.357552004618084, 4.169925001442312, 4.0, 3.807354922057604, 3.0, 3.321928094887362, 4.087462841250339, 5.129283016944966, 5.930737337562887, 5.832890014164741, 5.727920454563199, 5.459431618637297, 5.20945336562895, 5.357552004618084, 5.614709844115208, 5.78135971352466, 6.066089190457772, 5.285402218862249, 5.523561956057013, 5.357552004618084, 2.807354922057604, 6.266786540694901, 6.303780748177103, 5.554588851677638], [5.78135971352466, 4.954196310386875, 3.4594316186372973, 4.0, 3.321928094887362, 3.0, 5.044394119358453, 5.285402218862249, 5.832890014164741, 5.754887502163468, 5.643856189774724, 5.285402218862249, 5.491853096329675, 5.20945336562895, 5.285402218862249, 5.357552004618084, 5.672425341971495, 5.954196310386875, 5.643856189774724, 5.614709844115208, 5.930737337562887, 6.357552004618084, 6.129283016944966, 5.807354922057604], [4.700439718141093, 4.643856189774724, 3.9068905956085187, 3.0, 2.321928094887362, 3.169925001442312, 4.087462841250339, 5.584962500721156, 5.954196310386875, 5.977279923499917, 5.954196310386875, 5.643856189774724, 5.491853096329675, 5.426264754702098, 6.169925001442312, 5.672425341971495, 5.754887502163468, 5.906890595608519, 5.832890014164741, 5.832890014164741, 5.857980995127572, 6.285402218862249, 6.189824558880018, 5.930737337562887], [5.426264754702098, 4.906890595608519, 4.523561956057013, 3.9068905956085187, 3.169925001442312, 3.4594316186372973, 4.087462841250339, 5.700439718141093, 5.643856189774724, 5.614709844115208, 5.807354922057604, 6.022367813028454, 5.491853096329675, 5.954196310386875, 5.044394119358453, 5.357552004618084, 5.044394119358453, 6.0, 5.727920454563199, 5.857980995127572, 5.087462841250339, 5.930737337562887, 6.066089190457772, 5.807354922057604], [5.0, 4.807354922057604, 4.643856189774724, 3.321928094887362, 3.700439718141092, 3.321928094887362, 3.4594316186372973, 4.954196310386875, 4.857980995127572, 5.087462841250339, 4.954196310386875, 5.584962500721156, 5.672425341971495, 5.392317422778761, 5.614709844115208, 5.247927513443585, 5.554588851677638, 5.832890014164741, 5.832890014164741, 5.977279923499917, 6.022367813028454, 6.129283016944966, 6.523561956057013, 5.954196310386875]]}