{"min": 0, "max": 11.000704269011246, "pieData": [[3.169925001442312, 1.584962500721156, 1.584962500721156, 1.0, 0.0, 1.0, 1.584962500721156, 2.0, 0.0, 3.169925001442312, 3.807354922057604, 2.0, 3.169925001442312, 3.0, 2.321928094887362, 2.0, 2.321928094887362, 2.584962500721156, 2.807354922057604, 2.584962500721156, 3.169925001442312, 3.807354922057604, 3.0, 0.0], [2.0, 2.321928094887362, 2.0, 1.0, 0.0, 1.0, 2.0, 1.584962500721156, 1.0, 2.321928094887362, 4.087462841250339, 3.700439718141092, 3.169925001442312, 2.807354922057604, 2.0, 3.9068905956085187, 3.584962500721156, 3.807354922057604, 3.0, 3.169925001442312, 4.087462841250339, 2.0, 3.321928094887362, 2.807354922057604], [2.0, 1.584962500721156, 2.321928094887362, 1.0, 1.0, 1.584962500721156, 1.584962500721156, 2.321928094887362, 2.321928094887362, 3.0, 3.321928094887362, 2.321928094887362, 3.321928094887362, 2.321928094887362, 3.169925001442312, 3.169925001442312, 2.584962500721156, 2.0, 2.807354922057604, 3.0, 1.0, 3.321928094887362, 3.700439718141092, 3.584962500721156], [3.700439718141092, 3.169925001442312, 2.584962500721156, 1.584962500721156, 1.0, 0.0, 1.0, 2.0, 2.0, 2.584962500721156, 2.321928094887362, 2.321928094887362, 2.321928094887362, 2.584962500721156, 2.584962500721156, 2.0, 2.584962500721156, 3.0, 3.0, 2.807354922057604, 2.321928094887362, 3.807354922057604, 3.169925001442312, 3.169925001442312], [3.0, 2.584962500721156, 2.0, 1.0, 1.0, 0.0, 2.0, 2.321928094887362, 0.0, 2.0, 1.584962500721156, 3.0, 3.169925001442312, 3.0, 2.584962500721156, 2.584962500721156, 1.584962500721156, 2.584962500721156, 2.0, 2.321928094887362, 2.0, 2.321928094887362, 2.807354922057604, 2.807354922057604], [2.584962500721156, 2.321928094887362, 1.0, 0.0, 1.0, 0.0, 2.807354922057604, 0.0, 2.0, 1.0, 2.0, 2.0, 2.807354922057604, 2.584962500721156, 3.4594316186372973, 1.584962500721156, 3.4594316186372973, 1.584962500721156, 2.584962500721156, 2.584962500721156, 2.807354922057604, 3.4594316186372973, 3.0, 3.169925001442312], [2.0, 2.0, 2.321928094887362, 1.0, 1.0, 1.0, 1.0, 2.0, 2.0, 3.321928094887362, 1.584962500721156, 3.4594316186372973, 2.321928094887362, 2.807354922057604, 3.0, 2.321928094887362, 2.807354922057604, 3.169925001442312, 3.169925001442312, 3.9068905956085187, 3.807354922057604, 3.321928094887362, 3.321928094887362, 1.584962500721156]]}