{"min": 0, "max": 11.000704269011246, "pieData": [[6.044394119358453, 5.554588851677638, 4.954196310386875, 4.087462841250339, 3.584962500721156, 4.0, 5.930737337562887, 5.700439718141093, 4.321928094887363, 5.321928094887363, 5.20945336562895, 5.169925001442312, 5.78135971352466, 5.584962500721156, 5.523561956057013, 5.977279923499917, 5.857980995127572, 5.754887502163468, 5.643856189774724, 4.0, 6.044394119358453, 6.768184324776926, 6.794415866350106, 6.392317422778761], [6.409390936137702, 5.357552004618084, 5.044394119358453, 4.459431618637297, 4.643856189774724, 3.700439718141092, 5.857980995127572, 5.20945336562895, 4.523561956057013, 5.087462841250339, 5.321928094887363, 5.807354922057604, 5.459431618637297, 5.491853096329675, 5.554588851677638, 5.643856189774724, 5.78135971352466, 6.22881869049588, 5.614709844115208, 6.169925001442312, 6.727920454563199, 6.7414669864011465, 6.6293566200796095, 6.523561956057013], [5.882643049361842, 5.491853096329675, 5.087462841250339, 3.700439718141092, 3.0, 3.169925001442312, 5.247927513443585, 5.087462841250339, 5.0, 4.523561956057013, 4.754887502163468, 4.807354922057604, 5.643856189774724, 4.807354922057604, 5.247927513443585, 5.426264754702098, 5.554588851677638, 5.459431618637297, 5.672425341971495, 5.044394119358453, 2.807354922057604, 6.523561956057013, 6.658211482751795, 6.475733430966398], [6.357552004618084, 5.643856189774724, 5.169925001442312, 4.523561956057013, 4.392317422778761, 4.087462841250339, 5.426264754702098, 5.392317422778761, 4.954196310386875, 4.807354922057604, 5.169925001442312, 5.285402218862249, 5.169925001442312, 5.426264754702098, 5.700439718141093, 5.459431618637297, 5.169925001442312, 5.807354922057604, 5.459431618637297, 6.022367813028454, 6.768184324776926, 6.870364719583405, 6.794415866350106, 6.339850002884624], [5.906890595608519, 5.129283016944966, 5.554588851677638, 4.247927513443585, 4.247927513443585, 4.0, 5.459431618637297, 6.129283016944966, 4.087462841250339, 5.78135971352466, 5.672425341971495, 5.700439718141093, 5.614709844115208, 5.832890014164741, 5.392317422778761, 5.930737337562887, 5.78135971352466, 5.954196310386875, 5.930737337562887, 5.392317422778761, 6.700439718141093, 6.523561956057013, 6.954196310386875, 6.554588851677638], [6.357552004618084, 6.022367813028454, 5.285402218862249, 5.727920454563199, 4.643856189774724, 4.643856189774724, 5.044394119358453, 5.459431618637297, 5.087462841250339, 5.169925001442312, 5.857980995127572, 5.357552004618084, 5.727920454563199, 6.0, 5.285402218862249, 5.807354922057604, 5.672425341971495, 5.727920454563199, 5.954196310386875, 6.189824558880018, 5.930737337562887, 6.3750394313469245, 6.3750394313469245, 6.569855608330948], [6.6293566200796095, 5.584962500721156, 5.584962500721156, 5.087462841250339, 4.523561956057013, 3.700439718141092, 4.087462841250339, 4.754887502163468, 5.357552004618084, 5.285402218862249, 5.321928094887363, 5.0, 6.066089190457772, 6.066089190457772, 5.672425341971495, 5.554588851677638, 5.491853096329675, 5.807354922057604, 5.832890014164741, 5.906890595608519, 6.491853096329675, 6.539158811108031, 6.794415866350106, 6.426264754702098]]}