{"min": 0, "max": 11.000704269011246, "pieData": [[5.357552004618084, 4.807354922057604, 4.807354922057604, 3.700439718141092, 3.169925001442312, 2.0, 4.087462841250339, 4.906890595608519, 4.857980995127572, 5.727920454563199, 5.044394119358453, 5.321928094887363, 5.169925001442312, 5.0, 5.491853096329675, 5.392317422778761, 5.643856189774724, 5.523561956057013, 5.78135971352466, 4.247927513443585, 5.20945336562895, 6.20945336562895, 5.954196310386875, 5.700439718141093], [4.584962500721156, 5.426264754702098, 4.700439718141093, 3.700439718141092, 3.321928094887362, 2.807354922057604, 4.169925001442312, 5.087462841250339, 5.491853096329675, 5.129283016944966, 5.554588851677638, 5.20945336562895, 5.044394119358453, 5.20945336562895, 5.321928094887363, 4.807354922057604, 5.491853096329675, 5.247927513443585, 5.491853096329675, 5.357552004618084, 5.523561956057013, 5.392317422778761, 5.700439718141093, 5.614709844115208], [4.700439718141093, 5.20945336562895, 4.321928094887363, 3.700439718141092, 3.321928094887362, 2.807354922057604, 4.321928094887363, 5.392317422778761, 5.247927513443585, 4.643856189774724, 4.754887502163468, 4.954196310386875, 5.247927513443585, 5.247927513443585, 5.554588851677638, 5.087462841250339, 5.392317422778761, 5.321928094887363, 5.643856189774724, 4.857980995127572, 3.169925001442312, 5.700439718141093, 5.700439718141093, 5.392317422778761], [5.285402218862249, 4.523561956057013, 3.9068905956085187, 3.700439718141092, 2.584962500721156, 2.807354922057604, 3.4594316186372973, 5.087462841250339, 4.584962500721156, 4.459431618637297, 4.0, 3.807354922057604, 4.807354922057604, 3.700439718141092, 5.247927513443585, 5.426264754702098, 5.357552004618084, 5.672425341971495, 5.044394119358453, 5.426264754702098, 5.672425341971495, 5.357552004618084, 5.459431618637297, 5.392317422778761], [5.044394119358453, 5.459431618637297, 4.643856189774724, 4.247927513443585, 2.807354922057604, 2.584962500721156, 4.087462841250339, 4.906890595608519, 5.554588851677638, 5.285402218862249, 5.459431618637297, 5.321928094887363, 5.0, 4.954196310386875, 5.643856189774724, 4.954196310386875, 5.491853096329675, 5.554588851677638, 5.584962500721156, 5.78135971352466, 5.392317422778761, 5.857980995127572, 5.426264754702098, 5.321928094887363], [5.491853096329675, 4.906890595608519, 5.643856189774724, 3.807354922057604, 3.584962500721156, 3.321928094887362, 3.321928094887362, 4.954196310386875, 5.357552004618084, 5.169925001442312, 5.357552004618084, 5.491853096329675, 5.321928094887363, 4.906890595608519, 5.169925001442312, 5.392317422778761, 5.392317422778761, 5.321928094887363, 5.392317422778761, 5.727920454563199, 5.700439718141093, 6.044394119358453, 5.643856189774724, 5.954196310386875], [5.426264754702098, 4.954196310386875, 5.285402218862249, 4.523561956057013, 4.321928094887363, 3.321928094887362, 3.9068905956085187, 4.169925001442312, 4.954196310386875, 5.044394119358453, 5.285402218862249, 5.321928094887363, 5.357552004618084, 5.20945336562895, 5.614709844115208, 5.523561956057013, 5.554588851677638, 5.554588851677638, 5.584962500721156, 5.554588851677638, 5.523561956057013, 5.459431618637297, 5.247927513443585, 5.459431618637297]]}