{"min": 0, "max": 11.000704269011246, "pieData": [[5.977279923499917, 5.584962500721156, 5.087462841250339, 4.247927513443585, 3.169925001442312, 4.321928094887363, 5.129283016944966, 5.930737337562887, 5.882643049361842, 6.303780748177103, 5.754887502163468, 5.700439718141093, 5.044394119358453, 5.523561956057013, 6.247927513443585, 6.247927513443585, 6.339850002884624, 6.087462841250339, 6.20945336562895, 4.643856189774724, 4.857980995127572, 6.129283016944966, 6.189824558880018, 5.78135971352466], [5.78135971352466, 5.459431618637297, 5.321928094887363, 4.807354922057604, 4.754887502163468, 3.700439718141092, 4.247927513443585, 5.357552004618084, 6.044394119358453, 5.78135971352466, 5.672425341971495, 5.129283016944966, 5.087462841250339, 5.554588851677638, 5.954196310386875, 6.0, 5.700439718141093, 5.78135971352466, 5.807354922057604, 5.643856189774724, 6.022367813028454, 5.614709844115208, 5.523561956057013, 5.882643049361842], [5.584962500721156, 5.614709844115208, 5.357552004618084, 4.0, 4.0, 4.0, 4.584962500721156, 5.285402218862249, 5.584962500721156, 5.426264754702098, 5.459431618637297, 5.459431618637297, 5.584962500721156, 5.044394119358453, 5.977279923499917, 5.426264754702098, 6.022367813028454, 6.149747119504682, 5.426264754702098, 5.321928094887363, 2.584962500721156, 5.426264754702098, 5.807354922057604, 5.954196310386875], [5.554588851677638, 5.700439718141093, 5.357552004618084, 4.169925001442312, 2.807354922057604, 4.0, 4.247927513443585, 4.906890595608519, 5.78135971352466, 5.129283016944966, 4.754887502163468, 5.087462841250339, 4.392317422778761, 4.087462841250339, 5.584962500721156, 6.392317422778761, 5.700439718141093, 5.78135971352466, 5.20945336562895, 6.247927513443585, 5.754887502163468, 5.930737337562887, 5.700439718141093, 5.491853096329675], [5.930737337562887, 5.426264754702098, 5.169925001442312, 4.392317422778761, 4.169925001442312, 3.584962500721156, 4.169925001442312, 5.20945336562895, 5.754887502163468, 5.882643049361842, 5.614709844115208, 5.700439718141093, 5.426264754702098, 5.491853096329675, 5.857980995127572, 6.087462841250339, 5.857980995127572, 5.584962500721156, 6.044394119358453, 5.807354922057604, 6.643856189774724, 6.066089190457772, 5.954196310386875, 5.906890595608519], [5.882643049361842, 6.087462841250339, 5.754887502163468, 4.954196310386875, 4.906890595608519, 4.169925001442312, 3.9068905956085187, 5.20945336562895, 5.672425341971495, 5.832890014164741, 5.832890014164741, 6.129283016944966, 5.754887502163468, 6.266786540694901, 6.3750394313469245, 5.832890014164741, 5.614709844115208, 5.807354922057604, 5.882643049361842, 6.087462841250339, 6.066089190457772, 6.20945336562895, 5.977279923499917, 5.78135971352466], [6.022367813028454, 5.672425341971495, 5.754887502163468, 4.906890595608519, 4.459431618637297, 4.321928094887363, 4.459431618637297, 4.857980995127572, 5.672425341971495, 5.672425341971495, 5.832890014164741, 6.0, 6.129283016944966, 6.357552004618084, 6.491853096329675, 6.507794640198696, 6.3750394313469245, 6.285402218862249, 5.930737337562887, 6.285402218862249, 6.022367813028454, 6.149747119504682, 6.303780748177103, 6.392317422778761]]}