{"min": 0, "max": 11.000704269011246, "pieData": [[5.426264754702098, 5.285402218862249, 4.857980995127572, 2.807354922057604, 2.807354922057604, 2.807354922057604, 4.857980995127572, 5.357552004618084, 5.321928094887363, 5.459431618637297, 5.614709844115208, 5.700439718141093, 5.643856189774724, 5.643856189774724, 5.832890014164741, 5.523561956057013, 4.954196310386875, 5.882643049361842, 5.554588851677638, 4.459431618637297, 4.807354922057604, 5.906890595608519, 6.066089190457772, 6.266786540694901], [5.523561956057013, 5.169925001442312, 5.129283016944966, 4.321928094887363, 3.0, 3.321928094887362, 4.523561956057013, 4.459431618637297, 5.129283016944966, 5.78135971352466, 5.584962500721156, 5.247927513443585, 5.20945336562895, 5.78135971352466, 5.906890595608519, 5.523561956057013, 5.491853096329675, 5.614709844115208, 5.882643049361842, 5.906890595608519, 5.832890014164741, 5.882643049361842, 6.22881869049588, 6.108524456778169], [5.554588851677638, 4.857980995127572, 4.459431618637297, 3.9068905956085187, 3.321928094887362, 2.0, 4.754887502163468, 5.0, 5.554588851677638, 5.247927513443585, 6.614709844115208, 6.20945336562895, 5.285402218862249, 5.357552004618084, 6.087462841250339, 5.321928094887363, 5.977279923499917, 5.807354922057604, 5.285402218862249, 5.357552004618084, 2.807354922057604, 6.087462841250339, 6.189824558880018, 5.930737337562887], [5.700439718141093, 5.459431618637297, 4.857980995127572, 4.643856189774724, 3.0, 4.087462841250339, 4.584962500721156, 5.392317422778761, 5.491853096329675, 5.727920454563199, 5.727920454563199, 5.357552004618084, 5.087462841250339, 5.247927513443585, 5.78135971352466, 5.672425341971495, 5.727920454563199, 5.643856189774724, 5.044394119358453, 5.930737337562887, 5.584962500721156, 6.459431618637297, 6.20945336562895, 6.066089190457772], [5.614709844115208, 5.087462841250339, 4.700439718141093, 4.247927513443585, 3.321928094887362, 3.584962500721156, 4.087462841250339, 4.857980995127572, 5.0, 5.78135971352466, 5.78135971352466, 5.584962500721156, 5.044394119358453, 5.357552004618084, 5.392317422778761, 5.392317422778761, 5.930737337562887, 6.247927513443585, 5.882643049361842, 5.643856189774724, 5.954196310386875, 5.930737337562887, 6.266786540694901, 6.169925001442312], [5.727920454563199, 5.906890595608519, 5.285402218862249, 4.584962500721156, 3.9068905956085187, 3.700439718141092, 4.169925001442312, 5.247927513443585, 5.0, 5.614709844115208, 5.584962500721156, 6.169925001442312, 4.906890595608519, 5.491853096329675, 5.426264754702098, 5.129283016944966, 4.954196310386875, 5.321928094887363, 5.169925001442312, 5.129283016944966, 5.584962500721156, 5.807354922057604, 6.108524456778169, 6.20945336562895], [5.882643049361842, 5.643856189774724, 5.087462841250339, 4.459431618637297, 3.169925001442312, 4.0, 4.0, 4.459431618637297, 5.357552004618084, 5.247927513443585, 5.554588851677638, 5.044394119358453, 5.954196310386875, 5.523561956057013, 4.954196310386875, 5.426264754702098, 5.491853096329675, 5.643856189774724, 5.584962500721156, 5.357552004618084, 6.066089190457772, 5.700439718141093, 6.169925001442312, 6.169925001442312]]}