{"min": 0, "max": 11.000704269011246, "pieData": [[6.930737337562887, 6.754887502163468, 6.169925001442312, 5.491853096329675, 5.044394119358453, 5.357552004618084, 6.392317422778761, 7.2761244052742375, 7.523561956057013, 7.906890595608519, 7.888743248898259, 7.554588851677638, 7.539158811108031, 7.483815777264256, 7.700439718141093, 7.651051691178928, 7.584962500721156, 7.467605550082998, 7.434628227636725, 5.832890014164741, 6.044394119358453, 7.409390936137702, 7.451211111832329, 7.108524456778169], [7.0, 6.930737337562887, 6.507794640198696, 5.727920454563199, 5.700439718141093, 4.954196310386875, 5.459431618637297, 6.930737337562887, 7.768184324776926, 7.6865005271832185, 7.2761244052742375, 7.426264754702098, 7.22881869049588, 7.2761244052742375, 7.523561956057013, 7.507794640198696, 7.523561956057013, 7.285402218862249, 7.330916878114617, 7.05528243550119, 7.357552004618084, 7.266786540694901, 7.219168520462161, 6.599912842187128], [6.832890014164741, 6.266786540694901, 6.20945336562895, 6.022367813028454, 5.285402218862249, 4.643856189774724, 5.832890014164741, 6.977279923499917, 7.022367813028454, 7.357552004618084, 7.199672344836364, 7.247927513443585, 7.011227255423254, 6.870364719583405, 7.257387842692652, 6.94251450533924, 7.247927513443585, 7.149747119504682, 7.20945336562895, 6.906890595608519, 4.0, 7.3750394313469245, 6.820178962415188, 7.0], [7.044394119358453, 6.714245517666122, 6.409390936137702, 6.149747119504682, 5.0, 5.044394119358453, 6.0, 6.78135971352466, 7.339850002884624, 7.05528243550119, 6.539158811108031, 6.285402218862249, 6.066089190457772, 6.392317422778761, 7.087462841250339, 7.539158811108031, 7.491853096329675, 7.1799090900149345, 7.022367813028454, 7.098032082960526, 7.1799090900149345, 7.434628227636725, 7.149747119504682, 6.954196310386875], [6.977279923499917, 6.768184324776926, 6.285402218862249, 5.643856189774724, 5.754887502163468, 4.584962500721156, 6.108524456778169, 7.129283016944966, 7.554588851677638, 7.60733031374961, 7.622051819456376, 7.400879436282184, 6.569855608330948, 6.870364719583405, 7.577428828035749, 7.700439718141093, 7.348728154231077, 7.022367813028454, 6.954196310386875, 7.426264754702098, 7.426264754702098, 7.189824558880018, 7.266786540694901, 7.169925001442312], [7.098032082960526, 7.108524456778169, 6.599912842187128, 5.930737337562887, 5.247927513443585, 4.700439718141093, 5.459431618637297, 6.643856189774724, 7.442943495848728, 7.339850002884624, 7.366322214245816, 7.499845887083206, 7.189824558880018, 7.257387842692652, 7.426264754702098, 7.247927513443585, 7.523561956057013, 7.434628227636725, 7.426264754702098, 7.294620748891627, 7.247927513443585, 7.108524456778169, 7.20945336562895, 6.965784284662087], [6.714245517666122, 6.658211482751795, 6.599912842187128, 6.569855608330948, 5.754887502163468, 5.0, 5.169925001442312, 6.339850002884624, 7.189824558880018, 7.2761244052742375, 7.467605550082998, 7.159871336778389, 7.294620748891627, 7.2761244052742375, 7.475733430966398, 7.499845887083206, 7.139551352398794, 7.098032082960526, 7.159871336778389, 7.169925001442312, 7.076815597050831, 7.303780748177103, 7.383704292474052, 6.727920454563199]]}