{"min": 0, "max": 11.000704269011246, "pieData": [[5.285402218862249, 4.643856189774724, 3.584962500721156, 3.700439718141092, 3.321928094887362, 3.584962500721156, 5.129283016944966, 5.20945336562895, 5.169925001442312, 4.954196310386875, 5.357552004618084, 5.977279923499917, 5.554588851677638, 5.459431618637297, 5.882643049361842, 6.022367813028454, 6.285402218862249, 6.20945336562895, 6.266786540694901, 4.459431618637297, 6.247927513443585, 6.658211482751795, 6.599912842187128, 6.189824558880018], [5.930737337562887, 4.700439718141093, 4.087462841250339, 4.0, 2.807354922057604, 3.584962500721156, 4.459431618637297, 5.754887502163468, 4.754887502163468, 5.357552004618084, 6.066089190457772, 5.700439718141093, 5.78135971352466, 5.857980995127572, 5.78135971352466, 6.108524456778169, 6.108524456778169, 6.0, 6.044394119358453, 6.643856189774724, 6.475733430966398, 6.820178962415188, 6.3750394313469245, 6.044394119358453], [5.044394119358453, 5.0, 4.954196310386875, 3.4594316186372973, 3.321928094887362, 3.321928094887362, 4.584962500721156, 6.087462841250339, 4.906890595608519, 5.857980995127572, 5.754887502163468, 5.426264754702098, 5.882643049361842, 5.523561956057013, 5.882643049361842, 6.108524456778169, 5.523561956057013, 6.303780748177103, 6.20945336562895, 5.930737337562887, 3.4594316186372973, 6.754887502163468, 6.491853096329675, 5.930737337562887], [5.807354922057604, 5.087462841250339, 4.169925001442312, 3.9068905956085187, 2.0, 3.700439718141092, 4.584962500721156, 5.614709844115208, 5.459431618637297, 5.906890595608519, 6.044394119358453, 5.807354922057604, 5.20945336562895, 5.78135971352466, 6.044394119358453, 5.906890595608519, 6.339850002884624, 6.066089190457772, 6.169925001442312, 6.6865005271832185, 6.539158811108031, 6.845490050944376, 6.584962500721156, 6.321928094887363], [5.357552004618084, 5.392317422778761, 3.700439718141092, 3.700439718141092, 3.169925001442312, 2.584962500721156, 4.0, 6.066089190457772, 4.807354922057604, 5.727920454563199, 5.78135971352466, 6.129283016944966, 5.78135971352466, 5.78135971352466, 6.266786540694901, 5.954196310386875, 6.129283016944966, 6.554588851677638, 6.321928094887363, 6.475733430966398, 6.475733430966398, 6.554588851677638, 6.475733430966398, 6.339850002884624], [5.727920454563199, 5.554588851677638, 4.906890595608519, 4.523561956057013, 3.700439718141092, 3.321928094887362, 4.700439718141093, 5.584962500721156, 6.0, 5.807354922057604, 6.409390936137702, 6.426264754702098, 6.189824558880018, 5.977279923499917, 6.149747119504682, 5.78135971352466, 6.044394119358453, 6.285402218862249, 6.22881869049588, 6.0, 6.303780748177103, 6.20945336562895, 6.20945336562895, 5.491853096329675], [6.149747119504682, 5.169925001442312, 4.857980995127572, 4.392317422778761, 4.247927513443585, 2.584962500721156, 4.392317422778761, 5.285402218862249, 6.044394119358453, 6.149747119504682, 6.20945336562895, 5.807354922057604, 6.20945336562895, 6.087462841250339, 6.3750394313469245, 6.459431618637297, 6.149747119504682, 6.22881869049588, 6.022367813028454, 6.266786540694901, 6.426264754702098, 6.6865005271832185, 6.569855608330948, 5.930737337562887]]}