{"min": 0, "max": 11.000704269011246, "pieData": [[7.247927513443585, 6.768184324776926, 6.357552004618084, 6.459431618637297, 5.044394119358453, 4.700439718141093, 6.321928094887363, 7.569855608330948, 7.044394119358453, 6.977279923499917, 7.679480099505446, 7.584962500721156, 7.900866807980749, 8.016808287686555, 7.813781191217037, 7.994353436858858, 7.954196310386875, 7.936637939002571, 7.584962500721156, 6.129283016944966, 7.6293566200796095, 8.233619676759702, 8.154818109052105, 7.721099188707186], [7.434628227636725, 7.366322214245816, 6.977279923499917, 6.599912842187128, 5.857980995127572, 5.087462841250339, 6.20945336562895, 7.459431618637297, 7.2384047393250786, 7.199672344836364, 7.515699838284043, 7.965784284662087, 7.977279923499917, 8.027905996569885, 8.005624549193879, 8.159871336778389, 7.813781191217037, 8.257387842692651, 7.900866807980749, 7.820178962415188, 8.060695931687555, 8.243173983472952, 7.977279923499917, 7.700439718141093], [7.357552004618084, 6.78135971352466, 6.6293566200796095, 5.807354922057604, 5.392317422778761, 5.321928094887363, 5.78135971352466, 7.22881869049588, 7.417852514885898, 7.169925001442312, 7.554588851677638, 7.614709844115208, 7.562242424221073, 7.651051691178928, 7.851749041416058, 8.027905996569885, 7.832890014164741, 7.86418614465428, 7.483815777264256, 7.475733430966398, 4.954196310386875, 8.0, 7.807354922057604, 7.392317422778761], [7.672425341971495, 7.159871336778389, 7.0, 6.554588851677638, 5.78135971352466, 5.129283016944966, 6.189824558880018, 7.499845887083206, 7.312882955284356, 7.599912842187128, 7.700439718141093, 7.734709620225838, 7.592457037268081, 7.800899899920305, 8.005624549193879, 8.027905996569885, 7.857980995127572, 7.965784284662087, 7.7414669864011465, 7.721099188707186, 8.113742166049189, 7.92481250360578, 7.9886846867721655, 7.768184324776926], [7.434628227636725, 7.22881869049588, 6.727920454563199, 6.108524456778169, 5.672425341971495, 5.426264754702098, 6.20945336562895, 7.459431618637297, 7.087462841250339, 7.20945336562895, 7.6653359171851765, 7.857980995127572, 7.584962500721156, 8.055282435501189, 8.027905996569885, 8.335390354693924, 7.977279923499917, 7.7615512324444795, 7.523561956057013, 7.357552004618084, 8.154818109052105, 8.060695931687555, 8.144658242831882, 7.614709844115208], [7.483815777264256, 7.1799090900149345, 7.2384047393250786, 6.357552004618084, 5.882643049361842, 5.247927513443585, 5.78135971352466, 6.7414669864011465, 7.339850002884624, 7.539158811108031, 7.7414669864011465, 7.6653359171851765, 7.636624620543649, 7.870364719583405, 7.787902559391432, 7.658211482751795, 7.622051819456376, 7.6865005271832185, 7.851749041416058, 7.800899899920305, 8.03342300153745, 7.7414669864011465, 7.813781191217037, 7.507794640198696], [7.599912842187128, 7.22881869049588, 6.894817763307944, 6.7414669864011465, 5.700439718141093, 5.247927513443585, 5.392317422778761, 6.022367813028454, 6.9886846867721655, 7.199672344836364, 7.6653359171851765, 7.523561956057013, 7.954196310386875, 7.971543553950772, 7.787902559391432, 7.930737337562887, 7.714245517666122, 7.9600019320680815, 7.912889336229962, 7.734709620225838, 8.224001674198105, 8.164906926675688, 7.936637939002571, 7.6653359171851765]]}