{"min": 0, "max": 11.000704269011246, "pieData": [[5.977279923499917, 5.832890014164741, 5.0, 4.321928094887363, 4.584962500721156, 4.906890595608519, 6.357552004618084, 7.321928094887363, 6.20945336562895, 6.523561956057013, 6.303780748177103, 6.845490050944376, 6.554588851677638, 6.768184324776926, 7.0, 6.672425341971495, 6.918863237274595, 6.475733430966398, 6.6293566200796095, 5.426264754702098, 6.6293566200796095, 7.257387842692652, 7.1799090900149345, 6.584962500721156], [6.442943495848728, 6.129283016944966, 5.700439718141093, 4.754887502163468, 4.754887502163468, 4.169925001442312, 6.129283016944966, 7.0, 6.6293566200796095, 6.426264754702098, 6.442943495848728, 6.409390936137702, 6.539158811108031, 6.954196310386875, 6.714245517666122, 6.882643049361842, 6.6293566200796095, 6.78135971352466, 6.7414669864011465, 6.768184324776926, 7.330916878114617, 7.348728154231077, 6.94251450533924, 6.78135971352466], [6.066089190457772, 5.672425341971495, 5.392317422778761, 5.321928094887363, 4.523561956057013, 4.321928094887363, 5.882643049361842, 6.906890595608519, 6.303780748177103, 6.426264754702098, 6.169925001442312, 6.507794640198696, 6.554588851677638, 6.6293566200796095, 6.754887502163468, 6.832890014164741, 6.658211482751795, 6.832890014164741, 6.6293566200796095, 6.6293566200796095, 4.169925001442312, 6.882643049361842, 6.954196310386875, 6.658211482751795], [6.6865005271832185, 6.129283016944966, 5.754887502163468, 5.491853096329675, 4.459431618637297, 4.643856189774724, 5.954196310386875, 7.1799090900149345, 6.569855608330948, 6.357552004618084, 6.409390936137702, 6.3750394313469245, 6.977279923499917, 6.672425341971495, 6.832890014164741, 6.442943495848728, 6.768184324776926, 6.357552004618084, 6.727920454563199, 6.965784284662087, 7.03342300153745, 7.357552004618084, 7.467605550082998, 7.03342300153745], [6.894817763307944, 6.321928094887363, 5.727920454563199, 4.700439718141093, 4.169925001442312, 4.247927513443585, 5.754887502163468, 7.087462841250339, 6.066089190457772, 6.087462841250339, 6.169925001442312, 6.584962500721156, 6.409390936137702, 6.768184324776926, 6.442943495848728, 6.930737337562887, 6.643856189774724, 6.754887502163468, 7.03342300153745, 7.0, 7.03342300153745, 6.965784284662087, 7.1799090900149345, 6.820178962415188], [6.6293566200796095, 6.459431618637297, 6.20945336562895, 5.392317422778761, 4.459431618637297, 5.044394119358453, 5.321928094887363, 6.303780748177103, 6.820178962415188, 6.392317422778761, 6.643856189774724, 6.672425341971495, 6.672425341971495, 7.066089190457772, 7.022367813028454, 6.321928094887363, 6.584962500721156, 6.523561956057013, 6.94251450533924, 6.794415866350106, 6.614709844115208, 6.7414669864011465, 6.672425341971495, 6.614709844115208], [6.714245517666122, 6.523561956057013, 5.857980995127572, 5.491853096329675, 4.584962500721156, 4.584962500721156, 5.459431618637297, 5.857980995127572, 6.584962500721156, 6.491853096329675, 6.321928094887363, 6.754887502163468, 7.087462841250339, 7.108524456778169, 7.149747119504682, 6.700439718141093, 6.794415866350106, 6.714245517666122, 6.643856189774724, 6.554588851677638, 7.189824558880018, 7.426264754702098, 7.0, 6.539158811108031]]}