{"min": 0, "max": 11.000704269011246, "pieData": [[7.330916878114617, 6.794415866350106, 6.584962500721156, 6.409390936137702, 5.727920454563199, 5.906890595608519, 6.977279923499917, 7.442943495848728, 6.569855608330948, 6.321928094887363, 6.78135971352466, 7.247927513443585, 7.721099188707186, 7.826548487290915, 7.870364719583405, 7.721099188707186, 8.005624549193879, 7.851749041416058, 7.882643049361842, 6.754887502163468, 7.86418614465428, 8.475733430966399, 8.344295907915816, 8.022367813028454], [7.577428828035749, 7.22881869049588, 7.087462841250339, 6.426264754702098, 6.044394119358453, 5.727920454563199, 6.954196310386875, 7.523561956057013, 7.066089190457772, 7.076815597050831, 7.076815597050831, 7.693486957499325, 7.826548487290915, 7.839203788096944, 8.044394119358454, 7.906890595608519, 8.233619676759702, 8.066089190457772, 8.113742166049189, 8.179909090014934, 8.451211111832329, 8.527477006060396, 8.430452551665532, 8.243173983472952], [7.467605550082998, 6.658211482751795, 7.118941072723508, 6.189824558880018, 5.584962500721156, 5.459431618637297, 6.894817763307944, 7.499845887083206, 6.6865005271832185, 7.1799090900149345, 7.330916878114617, 7.321928094887363, 7.700439718141093, 7.918863237274595, 7.714245517666122, 7.794415866350106, 7.906890595608519, 7.813781191217037, 7.7481928495894605, 7.845490050944376, 5.78135971352466, 8.467605550082997, 8.08214904135387, 7.6865005271832185], [7.622051819456376, 7.108524456778169, 7.169925001442312, 6.247927513443585, 6.087462841250339, 5.357552004618084, 6.832890014164741, 7.643856189774724, 6.794415866350106, 6.9886846867721655, 7.451211111832329, 7.7073591320808825, 7.6653359171851765, 7.971543553950772, 7.734709620225838, 7.768184324776926, 8.027905996569885, 7.826548487290915, 8.038918989292302, 8.087462841250339, 8.326429487122303, 8.262094845370179, 8.31741261376487, 8.016808287686555], [7.434628227636725, 7.294620748891627, 7.108524456778169, 6.303780748177103, 5.584962500721156, 5.426264754702098, 6.6865005271832185, 7.417852514885898, 7.199672344836364, 7.199672344836364, 7.459431618637297, 7.820178962415188, 7.851749041416058, 8.118941072723507, 7.870364719583405, 7.930737337562887, 8.169925001442312, 8.038918989292302, 7.700439718141093, 8.103287808412022, 8.247927513443585, 8.370687406807217, 8.459431618637296, 8.098032082960527], [7.426264754702098, 7.483815777264256, 7.330916878114617, 6.845490050944376, 6.554588851677638, 5.857980995127572, 6.266786540694901, 7.05528243550119, 7.139551352398794, 7.3750394313469245, 7.7414669864011465, 7.906890595608519, 7.754887502163468, 7.800899899920305, 7.554588851677638, 7.832890014164741, 7.754887502163468, 7.813781191217037, 8.08214904135387, 7.994353436858858, 8.189824558880018, 8.262094845370179, 7.98299357469431, 7.912889336229962], [7.643856189774724, 7.426264754702098, 6.794415866350106, 6.539158811108031, 6.066089190457772, 5.906890595608519, 6.066089190457772, 6.7414669864011465, 7.266786540694901, 7.507794640198696, 7.651051691178928, 8.0, 7.977279923499917, 8.071462362556623, 7.92481250360578, 8.022367813028454, 8.022367813028454, 8.189824558880018, 8.51175265376738, 7.977279923499917, 8.303780748177102, 8.710806433699352, 8.266786540694902, 8.044394119358454]]}