{"min": 0, "max": 11.000704269011246, "pieData": [[6.392317422778761, 6.129283016944966, 5.321928094887363, 4.954196310386875, 4.523561956057013, 4.247927513443585, 5.78135971352466, 7.03342300153745, 7.076815597050831, 6.614709844115208, 7.05528243550119, 6.459431618637297, 6.94251450533924, 6.918863237274595, 7.022367813028454, 6.832890014164741, 6.930737337562887, 7.129283016944966, 6.7414669864011465, 5.672425341971495, 5.832890014164741, 7.189824558880018, 7.044394119358453, 6.754887502163468], [6.409390936137702, 6.169925001442312, 5.700439718141093, 5.087462841250339, 4.392317422778761, 3.9068905956085187, 5.672425341971495, 6.727920454563199, 6.643856189774724, 6.7414669864011465, 6.894817763307944, 6.6293566200796095, 6.614709844115208, 6.754887502163468, 6.700439718141093, 6.906890595608519, 6.507794640198696, 6.894817763307944, 6.569855608330948, 6.918863237274595, 6.870364719583405, 7.098032082960526, 6.906890595608519, 6.700439718141093], [6.459431618637297, 6.087462841250339, 4.857980995127572, 4.807354922057604, 4.0, 3.4594316186372973, 5.321928094887363, 6.507794640198696, 6.554588851677638, 6.672425341971495, 6.189824558880018, 6.189824558880018, 6.6865005271832185, 6.3750394313469245, 6.266786540694901, 6.321928094887363, 6.475733430966398, 6.658211482751795, 6.523561956057013, 6.6865005271832185, 4.584962500721156, 7.149747119504682, 6.614709844115208, 6.614709844115208], [6.475733430966398, 5.523561956057013, 5.727920454563199, 4.700439718141093, 4.459431618637297, 3.169925001442312, 5.459431618637297, 6.78135971352466, 6.554588851677638, 6.149747119504682, 5.78135971352466, 5.832890014164741, 6.087462841250339, 5.78135971352466, 6.189824558880018, 6.539158811108031, 6.599912842187128, 6.658211482751795, 6.672425341971495, 6.954196310386875, 6.977279923499917, 7.118941072723508, 7.199672344836364, 6.599912842187128], [6.507794640198696, 6.285402218862249, 5.977279923499917, 4.857980995127572, 4.247927513443585, 3.807354922057604, 5.321928094887363, 6.658211482751795, 6.954196310386875, 6.906890595608519, 6.442943495848728, 6.7414669864011465, 6.475733430966398, 6.906890595608519, 7.022367813028454, 6.882643049361842, 6.754887502163468, 6.768184324776926, 6.599912842187128, 6.6865005271832185, 6.832890014164741, 6.882643049361842, 6.807354922057604, 6.6293566200796095], [6.507794640198696, 6.129283016944966, 5.807354922057604, 5.807354922057604, 4.523561956057013, 3.321928094887362, 5.0, 5.906890595608519, 6.599912842187128, 6.700439718141093, 6.507794640198696, 6.20945336562895, 6.714245517666122, 6.820178962415188, 6.392317422778761, 6.768184324776926, 7.03342300153745, 7.076815597050831, 6.857980995127572, 7.044394119358453, 6.930737337562887, 6.700439718141093, 6.754887502163468, 6.599912842187128], [6.954196310386875, 6.189824558880018, 6.0, 5.643856189774724, 5.0, 4.321928094887363, 4.643856189774724, 5.169925001442312, 6.475733430966398, 6.491853096329675, 6.614709844115208, 6.807354922057604, 6.599912842187128, 6.807354922057604, 6.906890595608519, 6.672425341971495, 6.954196310386875, 6.442943495848728, 6.614709844115208, 6.599912842187128, 6.894817763307944, 6.857980995127572, 6.845490050944376, 6.266786540694901]]}