{"min": 0, "max": 11.000704269011246, "pieData": [[5.954196310386875, 5.491853096329675, 5.087462841250339, 4.247927513443585, 3.4594316186372973, 4.906890595608519, 6.727920454563199, 7.92481250360578, 7.714245517666122, 7.832890014164741, 7.78135971352466, 7.6865005271832185, 7.483815777264256, 7.409390936137702, 7.727920454563199, 7.651051691178928, 7.672425341971495, 7.348728154231077, 6.977279923499917, 6.087462841250339, 6.6865005271832185, 7.392317422778761, 7.219168520462161, 6.954196310386875], [6.044394119358453, 6.169925001442312, 5.044394119358453, 4.584962500721156, 3.9068905956085187, 4.807354922057604, 6.189824558880018, 7.994353436858858, 7.965784284662087, 8.303780748177102, 7.857980995127572, 7.7414669864011465, 7.2761244052742375, 7.475733430966398, 7.787902559391432, 7.651051691178928, 7.7615512324444795, 7.7615512324444795, 7.129283016944966, 7.491853096329675, 7.562242424221073, 7.434628227636725, 7.539158811108031, 6.894817763307944], [6.321928094887363, 5.754887502163468, 5.247927513443585, 4.459431618637297, 2.807354922057604, 4.807354922057604, 6.672425341971495, 7.930737337562887, 7.643856189774724, 7.954196310386875, 7.426264754702098, 7.6653359171851765, 7.266786540694901, 7.139551352398794, 7.584962500721156, 7.820178962415188, 7.475733430966398, 7.321928094887363, 6.857980995127572, 7.108524456778169, 5.044394119358453, 7.531381460516312, 7.22881869049588, 6.906890595608519], [6.539158811108031, 5.882643049361842, 5.169925001442312, 5.0, 3.584962500721156, 4.321928094887363, 6.554588851677638, 8.005624549193879, 7.839203788096944, 8.092757140919852, 8.011227255423254, 7.820178962415188, 7.159871336778389, 7.044394119358453, 7.800899899920305, 7.592457037268081, 7.754887502163468, 7.366322214245816, 7.03342300153745, 7.499845887083206, 7.577428828035749, 7.569855608330948, 7.467605550082998, 6.918863237274595], [6.321928094887363, 5.357552004618084, 5.247927513443585, 4.523561956057013, 4.459431618637297, 5.0, 6.357552004618084, 7.888743248898259, 7.787902559391432, 7.7414669864011465, 7.900866807980749, 7.584962500721156, 7.189824558880018, 7.392317422778761, 7.7615512324444795, 7.7073591320808825, 7.507794640198696, 7.22881869049588, 6.643856189774724, 7.022367813028454, 7.2761244052742375, 7.475733430966398, 7.531381460516312, 7.159871336778389], [6.409390936137702, 5.954196310386875, 5.672425341971495, 4.857980995127572, 4.523561956057013, 3.9068905956085187, 5.906890595608519, 7.199672344836364, 7.672425341971495, 7.700439718141093, 7.434628227636725, 7.523561956057013, 7.108524456778169, 7.20945336562895, 7.6293566200796095, 7.1799090900149345, 7.169925001442312, 7.189824558880018, 7.03342300153745, 6.614709844115208, 6.965784284662087, 6.94251450533924, 7.05528243550119, 6.614709844115208], [6.491853096329675, 6.20945336562895, 5.285402218862249, 4.584962500721156, 4.087462841250339, 4.523561956057013, 5.727920454563199, 6.906890595608519, 7.348728154231077, 7.2384047393250786, 7.546894459887636, 7.303780748177103, 7.266786540694901, 7.199672344836364, 7.562242424221073, 7.442943495848728, 7.392317422778761, 7.257387842692652, 6.807354922057604, 7.044394119358453, 7.417852514885898, 7.189824558880018, 7.22881869049588, 6.700439718141093]]}