{"min": 0, "max": 11.000704269011246, "pieData": [[5.321928094887363, 4.392317422778761, 3.700439718141092, 2.584962500721156, 1.0, 2.321928094887362, 4.857980995127572, 4.392317422778761, 4.754887502163468, 5.321928094887363, 5.727920454563199, 5.129283016944966, 5.247927513443585, 5.459431618637297, 5.087462841250339, 5.459431618637297, 5.357552004618084, 5.727920454563199, 5.78135971352466, 4.0, 5.321928094887363, 6.392317422778761, 6.357552004618084, 6.129283016944966], [5.087462841250339, 4.857980995127572, 4.0, 2.807354922057604, 3.807354922057604, 3.321928094887362, 4.392317422778761, 4.700439718141093, 5.357552004618084, 5.906890595608519, 5.20945336562895, 5.614709844115208, 5.392317422778761, 5.247927513443585, 4.906890595608519, 5.20945336562895, 5.285402218862249, 5.044394119358453, 5.554588851677638, 5.832890014164741, 5.930737337562887, 6.022367813028454, 6.357552004618084, 5.857980995127572], [5.129283016944966, 4.459431618637297, 3.807354922057604, 1.584962500721156, 1.0, 3.321928094887362, 4.523561956057013, 5.044394119358453, 5.643856189774724, 5.087462841250339, 5.554588851677638, 5.20945336562895, 4.584962500721156, 5.169925001442312, 5.129283016944966, 5.0, 5.247927513443585, 4.906890595608519, 5.906890595608519, 5.285402218862249, 2.321928094887362, 5.754887502163468, 6.20945336562895, 5.491853096329675], [5.426264754702098, 4.523561956057013, 4.247927513443585, 3.169925001442312, 3.169925001442312, 2.584962500721156, 3.9068905956085187, 5.169925001442312, 5.392317422778761, 5.78135971352466, 5.426264754702098, 5.459431618637297, 4.700439718141093, 5.523561956057013, 5.523561956057013, 5.459431618637297, 5.357552004618084, 5.672425341971495, 5.906890595608519, 5.523561956057013, 5.78135971352466, 5.906890595608519, 6.149747119504682, 5.614709844115208], [5.357552004618084, 4.584962500721156, 4.584962500721156, 2.584962500721156, 2.584962500721156, 2.584962500721156, 4.0, 5.392317422778761, 4.700439718141093, 5.754887502163468, 5.643856189774724, 5.584962500721156, 5.614709844115208, 4.857980995127572, 4.392317422778761, 5.0, 5.129283016944966, 5.523561956057013, 5.754887502163468, 5.643856189774724, 6.266786540694901, 6.266786540694901, 6.108524456778169, 5.977279923499917], [5.700439718141093, 4.523561956057013, 4.459431618637297, 4.807354922057604, 3.0, 3.321928094887362, 4.087462841250339, 4.807354922057604, 5.247927513443585, 5.672425341971495, 5.20945336562895, 5.614709844115208, 5.20945336562895, 4.523561956057013, 5.0, 4.754887502163468, 5.169925001442312, 5.247927513443585, 5.20945336562895, 5.672425341971495, 5.700439718141093, 5.554588851677638, 5.754887502163468, 5.882643049361842], [5.285402218862249, 5.247927513443585, 4.523561956057013, 3.9068905956085187, 2.807354922057604, 2.807354922057604, 4.0, 4.247927513443585, 4.954196310386875, 5.321928094887363, 4.906890595608519, 5.554588851677638, 5.392317422778761, 5.20945336562895, 5.321928094887363, 5.321928094887363, 5.0, 5.20945336562895, 5.643856189774724, 5.857980995127572, 5.857980995127572, 5.930737337562887, 6.149747119504682, 6.0]]}