{"min": 0, "max": 11.000704269011246, "pieData": [[7.169925001442312, 6.339850002884624, 6.459431618637297, 5.727920454563199, 5.392317422778761, 4.906890595608519, 6.94251450533924, 8.011227255423254, 7.285402218862249, 7.321928094887363, 7.339850002884624, 7.98299357469431, 8.03342300153745, 7.900866807980749, 7.900866807980749, 8.124121311829187, 7.9600019320680815, 7.900866807980749, 7.813781191217037, 6.820178962415188, 7.7615512324444795, 8.507794640198696, 8.262094845370179, 7.882643049361842], [7.108524456778169, 6.857980995127572, 6.459431618637297, 6.321928094887363, 5.672425341971495, 5.0, 6.845490050944376, 8.087462841250339, 7.434628227636725, 7.614709844115208, 7.614709844115208, 7.787902559391432, 8.0, 8.03342300153745, 8.118941072723507, 8.118941072723507, 8.214319120800766, 8.08214904135387, 7.98299357469431, 8.134426320220927, 8.370687406807217, 8.280770770130603, 8.233619676759702, 7.636624620543649], [7.2384047393250786, 6.539158811108031, 6.507794640198696, 6.0, 5.321928094887363, 5.044394119358453, 6.857980995127572, 7.857980995127572, 7.483815777264256, 7.409390936137702, 7.451211111832329, 7.845490050944376, 7.845490050944376, 7.912889336229962, 7.851749041416058, 7.794415866350106, 7.845490050944376, 7.546894459887636, 7.651051691178928, 7.475733430966398, 5.754887502163468, 7.894817763307944, 7.9600019320680815, 7.714245517666122], [7.357552004618084, 6.78135971352466, 6.700439718141093, 5.906890595608519, 5.554588851677638, 5.087462841250339, 6.714245517666122, 8.060695931687555, 7.643856189774724, 7.569855608330948, 7.734709620225838, 7.693486957499325, 7.7481928495894605, 7.6865005271832185, 8.038918989292302, 7.774787059601174, 7.994353436858858, 8.005624549193879, 7.954196310386875, 8.164906926675688, 8.184875342908283, 8.113742166049189, 7.807354922057604, 7.599912842187128], [7.434628227636725, 7.05528243550119, 6.569855608330948, 5.977279923499917, 5.0, 5.0, 6.357552004618084, 7.78135971352466, 7.7414669864011465, 7.523561956057013, 7.2761244052742375, 7.577428828035749, 7.754887502163468, 7.965784284662087, 7.845490050944376, 7.948367231584678, 8.124121311829187, 7.7414669864011465, 7.312882955284356, 8.022367813028454, 8.108524456778168, 8.335390354693924, 8.189824558880018, 7.807354922057604], [7.312882955284356, 7.044394119358453, 6.845490050944376, 6.409390936137702, 5.554588851677638, 5.129283016944966, 5.727920454563199, 7.20945336562895, 7.475733430966398, 7.539158811108031, 7.839203788096944, 7.6653359171851765, 7.491853096329675, 7.592457037268081, 7.554588851677638, 7.734709620225838, 7.727920454563199, 7.569855608330948, 7.900866807980749, 8.049848549450562, 7.734709620225838, 8.027905996569885, 7.60733031374961, 7.554588851677638], [7.321928094887363, 6.977279923499917, 6.820178962415188, 6.599912842187128, 6.108524456778169, 5.491853096329675, 5.807354922057604, 6.820178962415188, 7.459431618637297, 7.434628227636725, 7.693486957499325, 7.845490050944376, 7.787902559391432, 7.86418614465428, 7.800899899920305, 7.714245517666122, 7.475733430966398, 7.651051691178928, 8.08214904135387, 7.832890014164741, 8.294620748891628, 8.308339030139408, 7.845490050944376, 7.794415866350106]]}