{"min": 0, "max": 11.000704269011246, "pieData": [[7.6293566200796095, 7.357552004618084, 6.930737337562887, 6.392317422778761, 5.727920454563199, 5.20945336562895, 6.78135971352466, 8.426264754702098, 7.839203788096944, 7.787902559391432, 7.876516946564999, 8.092757140919852, 8.027905996569885, 7.994353436858858, 8.370687406807217, 8.527477006060396, 8.271463027904375, 7.954196310386875, 7.768184324776926, 6.569855608330948, 7.78135971352466, 8.734709620225837, 8.405141463136344, 7.965784284662087], [7.754887502163468, 7.366322214245816, 7.05528243550119, 6.714245517666122, 5.614709844115208, 5.672425341971495, 6.820178962415188, 8.375039431346925, 8.169925001442312, 7.807354922057604, 7.851749041416058, 8.124121311829187, 8.149747119504681, 8.129283016944967, 8.383704292474052, 8.531381460516313, 8.20945336562895, 8.29920801838728, 7.768184324776926, 7.727920454563199, 8.285402218862249, 8.487840033823051, 8.335390354693924, 7.977279923499917], [7.546894459887636, 7.426264754702098, 7.257387842692652, 6.426264754702098, 5.643856189774724, 5.087462841250339, 6.339850002884624, 8.247927513443585, 7.948367231584678, 8.03342300153745, 8.03342300153745, 8.164906926675688, 7.870364719583405, 8.098032082960527, 8.060695931687555, 8.475733430966399, 8.134426320220927, 7.876516946564999, 7.6653359171851765, 7.499845887083206, 5.672425341971495, 8.20945336562895, 8.308339030139408, 7.912889336229962], [7.813781191217037, 7.475733430966398, 7.321928094887363, 5.906890595608519, 5.727920454563199, 5.554588851677638, 6.768184324776926, 8.266786540694902, 8.164906926675688, 7.965784284662087, 8.257387842692651, 8.076815597050832, 8.049848549450562, 8.055282435501189, 8.348728154231077, 8.451211111832329, 8.243173983472952, 8.164906926675688, 7.794415866350106, 7.6653359171851765, 8.238404739325079, 8.174925682500678, 8.044394119358454, 8.08214904135387], [7.774787059601174, 7.554588851677638, 7.285402218862249, 6.658211482751795, 5.78135971352466, 5.672425341971495, 6.569855608330948, 8.335390354693924, 8.108524456778168, 7.643856189774724, 8.199672344836364, 7.948367231584678, 8.087462841250339, 8.060695931687555, 8.290018846932618, 8.179909090014934, 8.164906926675688, 7.948367231584678, 7.330916878114617, 7.087462841250339, 8.044394119358454, 8.303780748177102, 8.527477006060396, 8.113742166049189], [7.994353436858858, 7.857980995127572, 7.6653359171851765, 6.6865005271832185, 6.169925001442312, 5.643856189774724, 6.066089190457772, 7.467605550082998, 7.870364719583405, 7.734709620225838, 8.144658242831882, 7.977279923499917, 7.948367231584678, 8.03342300153745, 7.965784284662087, 7.930737337562887, 7.800899899920305, 7.813781191217037, 8.038918989292302, 7.882643049361842, 7.672425341971495, 8.022367813028454, 8.066089190457772, 7.94251450533924], [7.734709620225838, 7.554588851677638, 7.339850002884624, 6.672425341971495, 5.700439718141093, 5.285402218862249, 5.882643049361842, 6.918863237274595, 7.442943495848728, 7.539158811108031, 7.832890014164741, 7.800899899920305, 8.098032082960527, 7.826548487290915, 7.900866807980749, 7.965784284662087, 7.7073591320808825, 7.994353436858858, 7.7073591320808825, 7.807354922057604, 8.204571144249204, 8.129283016944967, 8.022367813028454, 7.971543553950772]]}