{"min": 0, "max": 11.000704269011246, "pieData": [[4.523561956057013, 3.807354922057604, 2.0, 3.169925001442312, 2.807354922057604, 2.584962500721156, 4.807354922057604, 5.357552004618084, 4.392317422778761, 4.392317422778761, 4.321928094887363, 4.523561956057013, 4.584962500721156, 4.807354922057604, 5.321928094887363, 4.857980995127572, 4.700439718141093, 5.169925001442312, 5.584962500721156, 4.321928094887363, 5.087462841250339, 5.169925001442312, 5.321928094887363, 5.20945336562895], [4.247927513443585, 4.392317422778761, 2.807354922057604, 3.9068905956085187, 2.321928094887362, 2.584962500721156, 4.0, 4.584962500721156, 4.584962500721156, 4.247927513443585, 4.247927513443585, 4.643856189774724, 4.906890595608519, 5.169925001442312, 5.357552004618084, 5.357552004618084, 5.247927513443585, 5.554588851677638, 5.614709844115208, 5.643856189774724, 5.584962500721156, 5.321928094887363, 5.321928094887363, 5.357552004618084], [4.247927513443585, 3.807354922057604, 3.700439718141092, 3.4594316186372973, 2.807354922057604, 2.321928094887362, 4.169925001442312, 4.857980995127572, 4.523561956057013, 4.643856189774724, 3.807354922057604, 4.906890595608519, 4.169925001442312, 4.857980995127572, 5.044394119358453, 5.0, 5.0, 5.129283016944966, 5.321928094887363, 5.247927513443585, 2.0, 5.357552004618084, 5.087462841250339, 4.906890595608519], [4.754887502163468, 4.392317422778761, 3.4594316186372973, 3.169925001442312, 3.0, 2.807354922057604, 4.169925001442312, 4.643856189774724, 5.0, 3.807354922057604, 4.523561956057013, 4.857980995127572, 5.357552004618084, 4.392317422778761, 4.247927513443585, 4.857980995127572, 5.0, 4.807354922057604, 5.321928094887363, 5.727920454563199, 5.169925001442312, 5.614709844115208, 5.643856189774724, 5.285402218862249], [4.523561956057013, 4.0, 3.4594316186372973, 3.169925001442312, 1.584962500721156, 2.807354922057604, 4.700439718141093, 5.0, 4.523561956057013, 4.754887502163468, 4.392317422778761, 4.700439718141093, 5.20945336562895, 4.700439718141093, 4.857980995127572, 4.584962500721156, 4.906890595608519, 4.643856189774724, 5.0, 5.584962500721156, 5.0, 5.643856189774724, 5.523561956057013, 4.857980995127572], [4.523561956057013, 4.700439718141093, 3.321928094887362, 2.807354922057604, 3.321928094887362, 2.0, 3.700439718141092, 4.321928094887363, 5.357552004618084, 4.954196310386875, 5.321928094887363, 4.906890595608519, 5.247927513443585, 5.087462841250339, 5.087462841250339, 4.700439718141093, 4.807354922057604, 5.087462841250339, 4.906890595608519, 5.321928094887363, 5.0, 5.169925001442312, 4.584962500721156, 4.954196310386875], [4.754887502163468, 3.700439718141092, 4.169925001442312, 3.0, 2.321928094887362, 3.0, 3.4594316186372973, 3.584962500721156, 5.129283016944966, 4.321928094887363, 5.087462841250339, 5.20945336562895, 5.087462841250339, 4.954196310386875, 5.321928094887363, 4.857980995127572, 4.807354922057604, 5.392317422778761, 5.285402218862249, 5.643856189774724, 5.754887502163468, 5.247927513443585, 5.672425341971495, 4.857980995127572]]}