{"min": 0, "max": 11.000704269011246, "pieData": [[3.0, 2.0, 3.321928094887362, 2.584962500721156, 1.584962500721156, 1.0, 4.954196310386875, 5.78135971352466, 5.285402218862249, 4.807354922057604, 4.321928094887363, 4.643856189774724, 4.643856189774724, 5.0, 4.906890595608519, 4.954196310386875, 4.392317422778761, 5.459431618637297, 4.584962500721156, 3.321928094887362, 3.807354922057604, 5.169925001442312, 4.857980995127572, 4.643856189774724], [3.584962500721156, 2.807354922057604, 3.0, 3.584962500721156, 1.0, 1.0, 4.247927513443585, 5.491853096329675, 5.129283016944966, 4.0, 4.954196310386875, 4.321928094887363, 4.857980995127572, 5.285402218862249, 4.700439718141093, 4.0, 4.954196310386875, 5.044394119358453, 5.129283016944966, 4.807354922057604, 4.857980995127572, 5.285402218862249, 4.523561956057013, 4.700439718141093], [3.9068905956085187, 3.169925001442312, 2.807354922057604, 1.0, 2.0, 1.0, 4.523561956057013, 5.357552004618084, 5.357552004618084, 4.0, 4.169925001442312, 4.857980995127572, 4.700439718141093, 4.954196310386875, 3.807354922057604, 4.169925001442312, 4.459431618637297, 4.954196310386875, 4.584962500721156, 4.643856189774724, 2.321928094887362, 5.129283016944966, 4.807354922057604, 4.906890595608519], [4.754887502163468, 3.584962500721156, 3.700439718141092, 1.584962500721156, 3.321928094887362, 2.0, 3.700439718141092, 5.129283016944966, 4.954196310386875, 4.247927513443585, 3.9068905956085187, 4.0, 4.247927513443585, 4.321928094887363, 4.321928094887363, 3.700439718141092, 4.857980995127572, 4.906890595608519, 4.584962500721156, 4.523561956057013, 4.754887502163468, 4.392317422778761, 4.087462841250339, 4.247927513443585], [3.0, 3.4594316186372973, 4.0, 3.0, 2.0, 3.0, 4.321928094887363, 5.754887502163468, 5.169925001442312, 4.700439718141093, 4.807354922057604, 3.807354922057604, 4.247927513443585, 4.584962500721156, 4.857980995127572, 4.643856189774724, 4.584962500721156, 5.0, 4.169925001442312, 5.392317422778761, 4.954196310386875, 4.700439718141093, 4.954196310386875, 4.392317422778761], [3.807354922057604, 3.807354922057604, 4.087462841250339, 2.584962500721156, 1.584962500721156, 1.584962500721156, 2.807354922057604, 4.247927513443585, 5.357552004618084, 5.087462841250339, 4.754887502163468, 4.906890595608519, 5.20945336562895, 4.392317422778761, 4.754887502163468, 4.584962500721156, 5.285402218862249, 4.754887502163468, 4.643856189774724, 5.0, 5.087462841250339, 4.523561956057013, 4.857980995127572, 4.459431618637297], [3.4594316186372973, 3.169925001442312, 3.169925001442312, 3.584962500721156, 1.584962500721156, 1.0, 2.0, 3.700439718141092, 3.9068905956085187, 4.087462841250339, 4.643856189774724, 5.392317422778761, 4.954196310386875, 4.754887502163468, 4.700439718141093, 5.044394119358453, 5.087462841250339, 5.087462841250339, 4.247927513443585, 4.906890595608519, 5.392317422778761, 5.129283016944966, 5.087462841250339, 3.9068905956085187]]}