{"min": 0, "max": 11.000704269011246, "pieData": [[6.491853096329675, 5.954196310386875, 5.554588851677638, 4.169925001442312, 4.459431618637297, 3.700439718141092, 5.584962500721156, 7.6865005271832185, 7.912889336229962, 8.262094845370179, 7.7414669864011465, 7.7615512324444795, 7.754887502163468, 7.870364719583405, 8.0, 7.787902559391432, 7.94251450533924, 7.721099188707186, 7.507794640198696, 6.0, 7.321928094887363, 8.271463027904375, 8.189824558880018, 7.348728154231077], [6.820178962415188, 6.189824558880018, 5.357552004618084, 4.807354922057604, 3.9068905956085187, 4.247927513443585, 5.523561956057013, 7.554588851677638, 8.103287808412022, 8.159871336778389, 8.076815597050832, 7.86418614465428, 7.599912842187128, 7.7414669864011465, 7.7615512324444795, 8.022367813028454, 7.894817763307944, 7.78135971352466, 7.7481928495894605, 7.86418614465428, 7.7414669864011465, 7.839203788096944, 7.92481250360578, 7.266786540694901], [6.714245517666122, 6.189824558880018, 5.672425341971495, 4.643856189774724, 3.584962500721156, 4.700439718141093, 5.357552004618084, 7.219168520462161, 8.169925001442312, 8.092757140919852, 8.076815597050832, 7.92481250360578, 7.636624620543649, 7.515699838284043, 7.7073591320808825, 7.882643049361842, 7.820178962415188, 7.614709844115208, 7.599912842187128, 7.357552004618084, 5.491853096329675, 7.800899899920305, 7.546894459887636, 6.906890595608519], [6.894817763307944, 5.882643049361842, 5.554588851677638, 4.906890595608519, 4.523561956057013, 5.491853096329675, 5.357552004618084, 7.679480099505446, 8.326429487122303, 8.199672344836364, 7.918863237274595, 7.906890595608519, 7.60733031374961, 7.768184324776926, 8.005624549193879, 8.005624549193879, 7.6865005271832185, 7.888743248898259, 7.491853096329675, 7.7073591320808825, 7.954196310386875, 7.714245517666122, 7.6653359171851765, 7.348728154231077], [6.845490050944376, 6.285402218862249, 5.285402218862249, 4.857980995127572, 4.169925001442312, 4.247927513443585, 5.087462841250339, 7.546894459887636, 8.276124405274238, 8.326429487122303, 8.027905996569885, 7.900866807980749, 7.451211111832329, 7.577428828035749, 8.076815597050832, 7.577428828035749, 7.643856189774724, 7.6293566200796095, 7.044394119358453, 7.7414669864011465, 7.734709620225838, 7.693486957499325, 7.807354922057604, 7.475733430966398], [7.199672344836364, 6.643856189774724, 6.247927513443585, 5.584962500721156, 4.643856189774724, 4.459431618637297, 5.459431618637297, 6.459431618637297, 7.6865005271832185, 7.562242424221073, 7.6653359171851765, 7.7073591320808825, 7.622051819456376, 7.366322214245816, 7.483815777264256, 7.483815777264256, 7.219168520462161, 7.546894459887636, 7.515699838284043, 7.2761244052742375, 7.434628227636725, 7.554588851677638, 7.6865005271832185, 7.247927513443585], [6.599912842187128, 6.108524456778169, 5.954196310386875, 4.954196310386875, 4.584962500721156, 4.247927513443585, 5.20945336562895, 5.906890595608519, 7.303780748177103, 7.321928094887363, 7.507794640198696, 7.475733430966398, 7.434628227636725, 7.6653359171851765, 7.546894459887636, 7.417852514885898, 7.515699838284043, 7.60733031374961, 7.531381460516312, 7.357552004618084, 7.614709844115208, 7.7615512324444795, 7.357552004618084, 7.0]]}