{"min": 0, "max": 11.000704269011246, "pieData": [[8.640244936222345, 8.174925682500678, 7.754887502163468, 7.247927513443585, 6.845490050944376, 6.6865005271832185, 7.247927513443585, 8.312882955284355, 8.243173983472952, 8.129283016944967, 8.661778097771988, 9.221587121264806, 9.527477006060396, 9.651051691178928, 9.663558104217273, 9.588714635582264, 9.481799431665753, 9.533329732305834, 8.994353436858859, 7.546894459887636, 9.379378367071261, 10.16867211813223, 10.122827994807666, 9.370687406807217], [8.800899899920305, 8.108524456778168, 8.113742166049189, 7.7615512324444795, 6.882643049361842, 6.768184324776926, 7.483815777264256, 8.134426320220927, 8.49585502688717, 8.531381460516313, 8.761551232444479, 9.189824558880018, 9.521600439723727, 9.667111542075027, 9.67065624911844, 9.642051692927977, 9.558420713268664, 9.707359132080883, 9.189824558880018, 9.388017285345136, 9.943979914343739, 9.975847968006784, 9.88264304936184, 9.405141463136344], [8.62935662007961, 8.312882955284355, 7.948367231584678, 7.108524456778169, 6.614709844115208, 6.285402218862249, 7.219168520462161, 8.129283016944967, 8.49585502688717, 8.459431618637296, 8.823367240046235, 9.179909090014934, 9.290018846932618, 9.620219825507487, 9.471675214392045, 9.62935662007961, 9.509775004326936, 9.485829308701904, 8.965784284662087, 8.988684686772165, 7.098032082960526, 9.879583249612784, 9.65284497300198, 9.396604781181859], [8.813781191217037, 8.31741261376487, 8.139551352398794, 7.366322214245816, 6.569855608330948, 6.870364719583405, 7.285402218862249, 8.087462841250339, 8.467605550082997, 8.64745842645492, 8.957102041562287, 9.111135670234708, 9.364134655008051, 9.567956075415466, 9.447083226209653, 9.59618975614441, 9.471675214392045, 9.590587049915035, 9.124121311829187, 9.509775004326936, 9.914385132155443, 9.930737337562887, 9.86573327085176, 9.50382573799575], [8.957102041562287, 8.422064766172813, 7.954196310386875, 7.592457037268081, 6.954196310386875, 6.321928094887363, 7.392317422778761, 7.954196310386875, 8.569855608330947, 8.651051691178928, 8.957102041562287, 9.319672120946995, 9.481799431665753, 9.758223214726724, 9.52552080909507, 9.485829308701904, 9.324180546618742, 9.159871336778389, 8.098032082960527, 8.535275376620802, 9.681238411777805, 9.954196310386875, 9.867278739709661, 9.665335917185176], [9.00842862207058, 8.661778097771988, 8.413627929024173, 8.20945336562895, 7.400879436282184, 7.098032082960526, 7.159871336778389, 7.467605550082998, 8.353146825498083, 8.405141463136344, 8.90388184573618, 9.226412192788786, 9.199672344836364, 9.407267764244732, 9.588714635582264, 9.64565843240871, 9.523561956057012, 9.4655664048094, 9.273795599214264, 9.449148645375436, 9.758223214726724, 9.688250309133178, 9.729620743553038, 9.562242424221072], [8.991521846075695, 8.727920454563199, 8.499845887083206, 8.071462362556623, 7.400879436282184, 6.6865005271832185, 7.066089190457772, 7.285402218862249, 8.060695931687555, 8.487840033823051, 8.90388184573618, 9.038918989292302, 9.30149619498255, 9.521600439723727, 9.625708843064466, 9.65284497300198, 9.398743691938193, 9.548821908458752, 9.321928094887362, 9.370687406807217, 9.914385132155443, 9.727920454563199, 9.86418614465428, 9.605479518061669]]}