{"min": 0, "max": 11.000704269011246, "pieData": [[8.562242424221072, 8.179909090014934, 7.807354922057604, 7.05528243550119, 6.882643049361842, 6.426264754702098, 7.409390936137702, 8.400879436282183, 8.784634845557521, 8.558420713268664, 8.499845887083206, 8.897845456005511, 8.909893083770042, 9.027905996569885, 8.954196310386875, 8.997179480937621, 8.640244936222345, 8.599912842187127, 8.707359132080883, 7.357552004618084, 8.588714635582264, 9.527477006060396, 9.405141463136344, 9.216745858195306], [8.734709620225837, 8.467605550082997, 8.118941072723507, 7.768184324776926, 6.954196310386875, 6.6293566200796095, 7.409390936137702, 8.539158811108031, 9.066089190457772, 8.63662462054365, 8.867278739709661, 8.960001932068081, 8.927777962082342, 9.0, 9.049848549450562, 9.095397022792557, 8.778077129535358, 8.778077129535358, 8.876516946565, 8.829722735086058, 9.283088353024002, 9.442943495848729, 9.461479447286155, 9.20945336562895], [8.59618975614441, 8.366322214245816, 8.204571144249204, 7.417852514885898, 6.754887502163468, 6.658211482751795, 7.129283016944966, 8.257387842692651, 8.980139577639157, 8.717676423066397, 8.707359132080883, 8.761551232444479, 8.794415866350105, 8.829722735086058, 8.936637939002571, 8.94251450533924, 8.67595703294175, 8.848622940429339, 8.611024797307353, 8.584962500721156, 6.491853096329675, 9.103287808412022, 8.988684686772165, 8.79766152585376], [8.873444112515376, 8.303780748177102, 8.044394119358454, 7.339850002884624, 6.9886846867721655, 6.672425341971495, 7.05528243550119, 8.413627929024173, 9.116343961237469, 8.784634845557521, 8.7714894695006, 8.927777962082342, 8.74819284958946, 8.894817763307943, 9.019590728357882, 9.057991722759176, 8.721099188707186, 8.7714894695006, 8.839203788096944, 8.861086905995395, 9.243173983472952, 9.333155350310616, 9.388017285345136, 9.100662339005199], [8.76487159073609, 8.527477006060396, 8.169925001442312, 7.531381460516312, 7.066089190457772, 6.475733430966398, 7.022367813028454, 8.189824558880018, 8.98299357469431, 8.826548487290914, 8.754887502163468, 8.784634845557521, 8.618385502258606, 8.897845456005511, 9.0, 8.761551232444479, 8.339850002884624, 8.344295907915816, 7.94251450533924, 8.280770770130603, 9.06339508128851, 9.497851836951117, 9.544964432789238, 9.381542951184585], [8.73809225962049, 8.768184324776927, 8.543031820255237, 8.044394119358454, 7.1799090900149345, 6.832890014164741, 7.03342300153745, 7.900866807980749, 8.383704292474052, 8.710806433699352, 8.78135971352466, 8.787902559391432, 8.832890014164741, 8.888743248898258, 8.977279923499916, 8.936637939002571, 8.546894459887637, 8.611024797307353, 8.717676423066397, 8.67595703294175, 8.900866807980748, 9.139551352398794, 9.152284842306582, 8.7714894695006], [8.63662462054365, 8.308339030139408, 8.271463027904375, 7.94251450533924, 7.330916878114617, 6.554588851677638, 6.870364719583405, 7.483815777264256, 8.179909090014934, 8.335390354693924, 8.280770770130603, 8.654636028527968, 8.74819284958946, 8.861086905995395, 8.546894459887637, 8.839203788096944, 8.430452551665532, 8.588714635582264, 8.761551232444479, 8.59618975614441, 9.245552706255681, 9.226412192788786, 9.3151495622563, 9.066089190457772]]}