{"min": 0, "max": 11.000704269011246, "pieData": [[9.294620748891628, 8.909893083770042, 8.682994583681683, 8.219168520462162, 7.820178962415188, 7.149747119504682, 7.971543553950772, 8.599912842187127, 8.113742166049189, 8.129283016944967, 8.422064766172813, 8.885696373339396, 9.121533517340032, 9.162391328756906, 9.350939181546432, 9.426264754702098, 9.152284842306582, 9.092757140919852, 9.095397022792557, 7.918863237274595, 9.224001674198105, 10.074141462752506, 9.926295994781112, 9.588714635582264], [9.383704292474052, 9.31741261376487, 9.057991722759176, 8.487840033823051, 8.118941072723507, 7.577428828035749, 7.971543553950772, 8.535275376620802, 8.51175265376738, 8.154818109052105, 8.710806433699352, 8.98584193700334, 9.164906926675688, 9.324180546618742, 9.400879436282183, 9.417852514885897, 9.285402218862249, 9.303780748177102, 9.187352073200497, 9.515699838284043, 9.837627933171404, 9.840777923595054, 9.76983784362944, 9.546894459887637], [9.197216693110052, 9.049848549450562, 8.562242424221072, 8.430452551665532, 7.900866807980749, 7.219168520462161, 7.523561956057013, 8.344295907915816, 8.396604781181859, 8.50382573799575, 8.731319031025064, 8.951284714966972, 8.848622940429339, 9.108524456778168, 9.12670447284319, 9.113742166049189, 9.084808387804362, 9.152284842306582, 9.060695931687555, 8.857980995127573, 6.906890595608519, 9.698704666770345, 9.505811553919594, 9.445014845868423], [9.285402218862249, 9.027905996569885, 8.894817763307943, 8.422064766172813, 8.159871336778389, 7.714245517666122, 7.845490050944376, 8.566054038171092, 8.758223214726724, 8.515699838284043, 8.791162888555018, 8.918863237274595, 9.005624549193879, 8.88264304936184, 9.25502856981873, 9.278449458220482, 9.167418145831737, 9.197216693110052, 9.134426320220927, 9.497851836951117, 9.837627933171404, 9.7431513941125, 9.834471049984222, 9.581200581924957], [9.245552706255681, 9.090112419664289, 8.820178962415188, 8.658211482751796, 8.29920801838728, 7.434628227636725, 7.7481928495894605, 8.426264754702098, 8.422064766172813, 8.447083226209653, 8.430452551665532, 8.900866807980748, 8.939579214314692, 9.174925682500678, 9.177419537989236, 9.197216693110052, 9.038918989292302, 8.76487159073609, 8.326429487122303, 8.98584193700334, 9.67595703294175, 9.870364719583405, 9.840777923595054, 9.758223214726724], [9.276124405274238, 9.310612781659529, 9.31741261376487, 8.857980995127573, 8.491853096329674, 7.9600019320680815, 7.7414669864011465, 8.154818109052105, 8.535275376620802, 8.614709844115207, 8.96289600533726, 8.751544059089099, 8.78135971352466, 9.022367813028454, 8.918863237274595, 8.939579214314692, 8.696967526234287, 9.071462362556623, 9.233619676759702, 9.428360172704291, 9.828136484194108, 9.539158811108031, 9.61654884377899, 9.409390936137703], [9.436711542137214, 9.139551352398794, 9.011227255423254, 8.807354922057604, 8.491853096329674, 7.60733031374961, 7.672425341971495, 7.592457037268081, 8.038918989292302, 8.308339030139408, 8.51175265376738, 8.51175265376738, 8.79766152585376, 8.807354922057604, 8.800899899920305, 8.933690654952233, 8.787902559391432, 8.930737337562887, 9.388017285345136, 9.550746785383243, 9.85642552862553, 9.804131021183318, 9.689997971419446, 9.623881490013458]]}