{"min": 0, "max": 11.000704269011246, "pieData": [[6.894817763307944, 5.954196310386875, 5.700439718141093, 5.285402218862249, 4.807354922057604, 4.857980995127572, 6.459431618637297, 6.894817763307944, 7.05528243550119, 7.539158811108031, 7.357552004618084, 7.05528243550119, 7.022367813028454, 7.303780748177103, 7.392317422778761, 7.011227255423254, 7.022367813028454, 7.199672344836364, 7.022367813028454, 6.3750394313469245, 7.087462841250339, 7.930737337562887, 7.820178962415188, 7.6865005271832185], [7.189824558880018, 6.700439718141093, 5.523561956057013, 4.954196310386875, 4.954196310386875, 4.321928094887363, 5.754887502163468, 6.807354922057604, 6.965784284662087, 7.714245517666122, 7.247927513443585, 7.247927513443585, 6.918863237274595, 7.257387842692652, 7.515699838284043, 7.400879436282184, 6.6865005271832185, 7.20945336562895, 7.098032082960526, 7.366322214245816, 7.614709844115208, 7.807354922057604, 7.800899899920305, 7.599912842187128], [6.918863237274595, 6.442943495848728, 5.807354922057604, 3.9068905956085187, 3.807354922057604, 4.169925001442312, 5.20945336562895, 6.727920454563199, 7.22881869049588, 7.491853096329675, 6.882643049361842, 6.94251450533924, 6.727920454563199, 7.257387842692652, 6.977279923499917, 6.906890595608519, 6.584962500721156, 7.149747119504682, 6.845490050944376, 6.714245517666122, 4.807354922057604, 7.491853096329675, 7.467605550082998, 7.434628227636725], [7.044394119358453, 6.392317422778761, 5.285402218862249, 4.754887502163468, 4.321928094887363, 4.247927513443585, 5.20945336562895, 6.882643049361842, 7.312882955284356, 7.554588851677638, 7.139551352398794, 6.918863237274595, 6.807354922057604, 7.149747119504682, 6.965784284662087, 6.820178962415188, 7.087462841250339, 7.169925001442312, 7.05528243550119, 7.22881869049588, 7.60733031374961, 7.6653359171851765, 7.426264754702098, 7.577428828035749], [7.1799090900149345, 6.599912842187128, 6.108524456778169, 4.392317422778761, 4.643856189774724, 3.700439718141092, 5.78135971352466, 7.0, 7.22881869049588, 7.515699838284043, 7.257387842692652, 7.129283016944966, 7.011227255423254, 7.2761244052742375, 7.129283016944966, 7.118941072723508, 6.894817763307944, 6.977279923499917, 6.78135971352466, 6.954196310386875, 7.2761244052742375, 7.523561956057013, 7.721099188707186, 7.800899899920305], [7.247927513443585, 6.643856189774724, 6.7414669864011465, 5.643856189774724, 5.169925001442312, 4.954196310386875, 5.523561956057013, 6.442943495848728, 7.149747119504682, 7.22881869049588, 7.011227255423254, 7.03342300153745, 7.087462841250339, 6.832890014164741, 7.2384047393250786, 7.149747119504682, 6.78135971352466, 7.169925001442312, 6.9886846867721655, 7.05528243550119, 7.312882955284356, 7.139551352398794, 7.672425341971495, 7.3750394313469245], [6.845490050944376, 6.599912842187128, 6.066089190457772, 5.426264754702098, 4.087462841250339, 4.392317422778761, 4.807354922057604, 6.0, 6.442943495848728, 6.523561956057013, 6.700439718141093, 6.9886846867721655, 6.845490050944376, 7.022367813028454, 6.794415866350106, 7.044394119358453, 6.94251450533924, 6.918863237274595, 6.523561956057013, 7.118941072723508, 7.643856189774724, 7.546894459887636, 7.7615512324444795, 7.426264754702098]]}