{"min": 0, "max": 11.000704269011246, "pieData": [[5.285402218862249, 4.643856189774724, 3.321928094887362, 3.807354922057604, 1.0, 3.169925001442312, 5.426264754702098, 5.807354922057604, 6.954196310386875, 7.531381460516312, 6.906890595608519, 6.807354922057604, 6.845490050944376, 6.894817763307944, 7.011227255423254, 6.870364719583405, 6.9886846867721655, 6.832890014164741, 6.459431618637297, 4.392317422778761, 5.906890595608519, 7.108524456778169, 7.417852514885898, 7.022367813028454], [6.022367813028454, 5.0, 4.087462841250339, 3.584962500721156, 3.700439718141092, 3.0, 5.727920454563199, 5.832890014164741, 7.066089190457772, 7.820178962415188, 7.118941072723508, 6.894817763307944, 6.714245517666122, 6.727920454563199, 7.139551352398794, 6.794415866350106, 6.882643049361842, 6.6865005271832185, 6.108524456778169, 6.426264754702098, 6.6293566200796095, 6.539158811108031, 7.266786540694901, 7.098032082960526], [5.857980995127572, 4.857980995127572, 3.169925001442312, 3.169925001442312, 3.321928094887362, 3.169925001442312, 4.459431618637297, 5.700439718141093, 7.066089190457772, 7.774787059601174, 6.94251450533924, 6.569855608330948, 6.714245517666122, 6.727920454563199, 6.768184324776926, 6.643856189774724, 6.894817763307944, 6.78135971352466, 6.0, 6.066089190457772, 4.392317422778761, 6.820178962415188, 7.044394119358453, 6.754887502163468], [5.857980995127572, 4.584962500721156, 4.807354922057604, 3.321928094887362, 3.700439718141092, 3.807354922057604, 4.643856189774724, 6.108524456778169, 6.614709844115208, 7.820178962415188, 6.9886846867721655, 6.643856189774724, 6.569855608330948, 6.857980995127572, 7.139551352398794, 6.554588851677638, 6.906890595608519, 6.614709844115208, 6.3750394313469245, 5.977279923499917, 6.78135971352466, 7.076815597050831, 7.044394119358453, 6.807354922057604], [6.0, 4.857980995127572, 3.9068905956085187, 2.807354922057604, 2.807354922057604, 1.0, 4.754887502163468, 5.906890595608519, 7.129283016944966, 7.768184324776926, 7.0, 6.918863237274595, 6.426264754702098, 6.906890595608519, 7.03342300153745, 6.658211482751795, 6.392317422778761, 6.303780748177103, 5.459431618637297, 5.832890014164741, 6.303780748177103, 6.7414669864011465, 6.523561956057013, 6.794415866350106], [5.807354922057604, 5.392317422778761, 5.044394119358453, 4.087462841250339, 3.700439718141092, 2.807354922057604, 5.129283016944966, 6.285402218862249, 6.569855608330948, 6.491853096329675, 6.3750394313469245, 6.087462841250339, 6.108524456778169, 5.643856189774724, 5.643856189774724, 5.977279923499917, 6.247927513443585, 6.108524456778169, 5.523561956057013, 5.459431618637297, 5.857980995127572, 6.066089190457772, 6.022367813028454, 5.700439718141093], [5.459431618637297, 4.0, 3.584962500721156, 2.807354922057604, 3.169925001442312, 3.584962500721156, 4.954196310386875, 5.523561956057013, 5.977279923499917, 5.672425341971495, 5.643856189774724, 5.832890014164741, 5.491853096329675, 6.22881869049588, 6.285402218862249, 5.584962500721156, 5.930737337562887, 6.149747119504682, 5.78135971352466, 5.857980995127572, 5.954196310386875, 6.22881869049588, 6.507794640198696, 5.882643049361842]]}