{"min": 0, "max": 11.000704269011246, "pieData": [[4.0, 3.584962500721156, 3.169925001442312, 2.584962500721156, 1.584962500721156, 2.584962500721156, 4.0, 5.930737337562887, 7.409390936137702, 7.577428828035749, 7.108524456778169, 6.794415866350106, 6.599912842187128, 7.159871336778389, 7.321928094887363, 7.339850002884624, 6.965784284662087, 6.700439718141093, 6.442943495848728, 4.247927513443585, 5.977279923499917, 6.768184324776926, 7.044394119358453, 5.977279923499917], [5.129283016944966, 4.169925001442312, 3.4594316186372973, 2.0, 1.584962500721156, 1.584962500721156, 4.087462841250339, 5.78135971352466, 7.257387842692652, 8.038918989292302, 7.2384047393250786, 6.9886846867721655, 6.7414669864011465, 7.149747119504682, 7.348728154231077, 7.03342300153745, 7.098032082960526, 7.05528243550119, 6.6865005271832185, 6.22881869049588, 6.768184324776926, 6.754887502163468, 6.643856189774724, 6.426264754702098], [4.247927513443585, 4.0, 2.807354922057604, 1.584962500721156, 1.0, 2.321928094887362, 2.584962500721156, 6.22881869049588, 7.392317422778761, 7.787902559391432, 7.189824558880018, 6.894817763307944, 6.357552004618084, 7.118941072723508, 6.965784284662087, 7.149747119504682, 6.94251450533924, 6.906890595608519, 5.857980995127572, 5.954196310386875, 4.087462841250339, 6.700439718141093, 6.599912842187128, 5.807354922057604], [5.0, 3.9068905956085187, 3.169925001442312, 1.0, 1.0, 0.0, 3.9068905956085187, 5.491853096329675, 7.467605550082998, 7.813781191217037, 7.483815777264256, 7.118941072723508, 6.7414669864011465, 7.247927513443585, 7.129283016944966, 7.294620748891627, 6.672425341971495, 6.894817763307944, 6.672425341971495, 6.266786540694901, 6.22881869049588, 6.794415866350106, 6.6865005271832185, 5.906890595608519], [5.0, 3.584962500721156, 3.169925001442312, 2.321928094887362, 0.0, 1.584962500721156, 3.321928094887362, 5.857980995127572, 7.366322214245816, 7.894817763307944, 7.03342300153745, 7.108524456778169, 6.918863237274595, 7.108524456778169, 7.294620748891627, 7.159871336778389, 6.807354922057604, 6.392317422778761, 5.954196310386875, 5.672425341971495, 5.977279923499917, 6.285402218862249, 6.149747119504682, 5.727920454563199], [4.523561956057013, 3.321928094887362, 2.807354922057604, 1.584962500721156, 2.321928094887362, 2.0, 4.523561956057013, 5.614709844115208, 6.845490050944376, 6.6865005271832185, 6.357552004618084, 6.3750394313469245, 6.066089190457772, 5.977279923499917, 5.087462841250339, 5.554588851677638, 5.78135971352466, 5.807354922057604, 5.20945336562895, 5.426264754702098, 5.584962500721156, 5.426264754702098, 5.491853096329675, 4.954196310386875], [4.169925001442312, 3.4594316186372973, 3.321928094887362, 3.0, 2.584962500721156, 2.584962500721156, 3.321928094887362, 4.321928094887363, 5.643856189774724, 4.754887502163468, 4.906890595608519, 5.554588851677638, 5.426264754702098, 4.857980995127572, 5.554588851677638, 5.700439718141093, 5.247927513443585, 5.459431618637297, 5.087462841250339, 5.20945336562895, 5.044394119358453, 5.129283016944966, 5.584962500721156, 4.584962500721156]]}