{"min": 0, "max": 11.000704269011246, "pieData": [[5.754887502163468, 5.129283016944966, 4.0, 3.807354922057604, 3.0, 3.807354922057604, 4.523561956057013, 6.599912842187128, 7.882643049361842, 8.092757140919852, 7.813781191217037, 7.693486957499325, 7.546894459887636, 7.700439718141093, 7.977279923499917, 8.011227255423254, 7.876516946564999, 7.700439718141093, 7.483815777264256, 6.6293566200796095, 7.118941072723508, 7.569855608330948, 7.78135971352466, 6.906890595608519], [6.189824558880018, 5.285402218862249, 5.169925001442312, 3.4594316186372973, 2.807354922057604, 2.321928094887362, 4.857980995127572, 6.794415866350106, 8.044394119358454, 8.353146825498083, 7.9600019320680815, 7.851749041416058, 7.636624620543649, 7.894817763307944, 7.787902559391432, 8.087462841250339, 7.839203788096944, 7.857980995127572, 7.851749041416058, 7.876516946564999, 7.882643049361842, 7.434628227636725, 7.507794640198696, 7.257387842692652], [6.266786540694901, 5.459431618637297, 4.700439718141093, 3.169925001442312, 2.321928094887362, 2.584962500721156, 4.584962500721156, 6.442943495848728, 7.794415866350106, 8.303780748177102, 8.011227255423254, 7.672425341971495, 7.3750394313469245, 7.499845887083206, 7.86418614465428, 7.906890595608519, 7.870364719583405, 7.622051819456376, 7.467605550082998, 7.409390936137702, 5.285402218862249, 7.434628227636725, 7.2761244052742375, 6.768184324776926], [6.149747119504682, 5.426264754702098, 3.9068905956085187, 3.0, 3.321928094887362, 2.807354922057604, 4.754887502163468, 6.20945336562895, 8.066089190457772, 8.076815597050832, 7.906890595608519, 7.515699838284043, 7.523561956057013, 7.78135971352466, 7.9886846867721655, 7.86418614465428, 7.876516946564999, 7.971543553950772, 7.700439718141093, 8.011227255423254, 7.614709844115208, 7.434628227636725, 7.483815777264256, 7.066089190457772], [6.392317422778761, 5.554588851677638, 4.523561956057013, 4.459431618637297, 2.321928094887362, 3.169925001442312, 4.700439718141093, 6.303780748177103, 7.965784284662087, 8.044394119358454, 7.734709620225838, 7.768184324776926, 7.426264754702098, 7.845490050944376, 7.965784284662087, 7.800899899920305, 7.523561956057013, 7.636624620543649, 7.1799090900149345, 7.6653359171851765, 7.643856189774724, 7.348728154231077, 7.3750394313469245, 7.303780748177103], [6.459431618637297, 5.882643049361842, 4.906890595608519, 3.584962500721156, 3.9068905956085187, 3.584962500721156, 4.523561956057013, 6.022367813028454, 7.20945336562895, 7.108524456778169, 7.392317422778761, 7.392317422778761, 7.03342300153745, 6.882643049361842, 7.2761244052742375, 6.807354922057604, 7.044394119358453, 7.266786540694901, 7.366322214245816, 6.965784284662087, 7.169925001442312, 6.857980995127572, 6.977279923499917, 6.539158811108031], [6.426264754702098, 5.426264754702098, 4.392317422778761, 4.087462841250339, 3.0, 3.321928094887362, 3.807354922057604, 4.906890595608519, 6.442943495848728, 6.475733430966398, 6.3750394313469245, 6.614709844115208, 6.820178962415188, 6.882643049361842, 7.022367813028454, 6.882643049361842, 6.539158811108031, 6.894817763307944, 7.159871336778389, 7.098032082960526, 7.339850002884624, 7.247927513443585, 7.189824558880018, 6.714245517666122]]}