{"min": 0, "max": 11.000704269011246, "pieData": [[6.658211482751795, 6.491853096329675, 5.807354922057604, 5.357552004618084, 4.857980995127572, 4.700439718141093, 5.554588851677638, 7.693486957499325, 8.689997971419446, 8.447083226209653, 7.965784284662087, 8.016808287686555, 7.787902559391432, 8.005624549193879, 8.0, 8.184875342908283, 8.098032082960527, 7.918863237274595, 7.813781191217037, 6.554588851677638, 6.954196310386875, 8.076815597050832, 8.016808287686555, 7.483815777264256], [7.247927513443585, 6.409390936137702, 5.285402218862249, 4.523561956057013, 3.807354922057604, 3.9068905956085187, 5.832890014164741, 7.442943495848728, 8.658211482751796, 8.535275376620802, 8.118941072723507, 8.113742166049189, 7.813781191217037, 7.894817763307944, 8.038918989292302, 8.164906926675688, 8.011227255423254, 8.027905996569885, 7.912889336229962, 8.066089190457772, 7.820178962415188, 7.800899899920305, 8.005624549193879, 7.700439718141093], [6.569855608330948, 6.149747119504682, 6.0, 4.392317422778761, 3.4594316186372973, 4.392317422778761, 5.491853096329675, 7.20945336562895, 8.693486957499324, 8.383704292474052, 7.9886846867721655, 8.027905996569885, 7.599912842187128, 7.794415866350106, 7.965784284662087, 8.011227255423254, 7.839203788096944, 8.022367813028454, 7.876516946564999, 7.820178962415188, 5.169925001442312, 7.936637939002571, 7.7615512324444795, 7.159871336778389], [7.087462841250339, 6.507794640198696, 6.066089190457772, 4.584962500721156, 4.807354922057604, 4.754887502163468, 5.700439718141093, 7.483815777264256, 8.768184324776927, 8.562242424221072, 8.049848549450562, 8.038918989292302, 7.6653359171851765, 7.912889336229962, 8.214319120800766, 8.169925001442312, 8.228818690495881, 8.124121311829187, 8.076815597050832, 7.870364719583405, 7.994353436858858, 8.005624549193879, 7.971543553950772, 7.7481928495894605], [7.169925001442312, 6.426264754702098, 5.584962500721156, 5.087462841250339, 3.321928094887362, 3.9068905956085187, 5.459431618637297, 7.672425341971495, 8.826548487290914, 8.233619676759702, 7.912889336229962, 7.876516946564999, 7.539158811108031, 8.022367813028454, 8.169925001442312, 8.011227255423254, 7.7615512324444795, 7.672425341971495, 7.339850002884624, 7.599912842187128, 7.714245517666122, 7.98299357469431, 8.108524456778168, 7.787902559391432], [7.129283016944966, 6.599912842187128, 6.3750394313469245, 5.523561956057013, 5.247927513443585, 4.700439718141093, 5.643856189774724, 7.05528243550119, 7.800899899920305, 7.672425341971495, 7.366322214245816, 7.562242424221073, 7.459431618637297, 6.9886846867721655, 7.098032082960526, 7.05528243550119, 7.400879436282184, 7.636624620543649, 7.651051691178928, 7.118941072723508, 7.118941072723508, 7.400879436282184, 7.1799090900149345, 7.366322214245816], [6.918863237274595, 6.087462841250339, 5.700439718141093, 4.954196310386875, 4.321928094887363, 4.523561956057013, 4.754887502163468, 6.357552004618084, 6.9886846867721655, 7.169925001442312, 7.118941072723508, 7.266786540694901, 7.139551352398794, 7.312882955284356, 7.546894459887636, 7.189824558880018, 7.159871336778389, 7.515699838284043, 7.507794640198696, 7.383704292474052, 7.651051691178928, 7.562242424221073, 7.614709844115208, 7.266786540694901]]}