{"min": 0, "max": 11.000704269011246, "pieData": [[8.873444112515376, 8.154818109052105, 7.714245517666122, 7.149747119504682, 7.044394119358453, 6.918863237274595, 7.98299357469431, 8.960001932068081, 9.398743691938193, 9.46352437327118, 9.346513733165635, 9.586839787961827, 9.754887502163468, 9.79603960882977, 10.005624549193879, 9.805743872151618, 9.543031820255237, 9.413627929024173, 9.090112419664289, 7.9600019320680815, 9.273795599214264, 9.995767150877802, 9.871905237659186, 9.521600439723727], [8.854868383260236, 8.335390354693924, 7.839203788096944, 7.507794640198696, 6.94251450533924, 7.0, 7.754887502163468, 8.74819284958946, 9.63662462054365, 9.583082767502933, 9.556506054671928, 9.731319031025064, 9.693486957499324, 9.766528908598865, 9.847057346091336, 9.812177305514448, 9.539158811108031, 9.477758266443889, 9.216745858195306, 9.509775004326936, 9.92035285541508, 9.876516946565, 9.823367240046235, 9.507794640198696], [8.76487159073609, 8.29920801838728, 8.022367813028454, 7.1799090900149345, 6.930737337562887, 7.149747119504682, 7.6653359171851765, 8.523561956057012, 9.562242424221072, 9.583082767502933, 9.394462694610317, 9.661778097771988, 9.41574176829009, 9.638435913990472, 9.81698362325538, 9.709083812550343, 9.649256177517314, 9.394462694610317, 9.157346935362844, 9.103287808412022, 7.285402218862249, 9.590587049915035, 9.43879185257826, 9.471675214392045], [9.002815015607053, 8.396604781181859, 8.169925001442312, 7.507794640198696, 6.672425341971495, 7.011227255423254, 7.483815777264256, 8.957102041562287, 9.656424863277781, 9.63117705570398, 9.643856189774725, 9.682994583681683, 9.603626344986193, 9.778077129535358, 9.89026427702111, 9.871905237659186, 9.521600439723727, 9.581200581924957, 9.219168520462162, 9.4655664048094, 9.893301530860564, 9.939579214314692, 9.688250309133178, 9.531381460516313], [8.957102041562287, 8.330916878114618, 8.184875342908283, 7.60733031374961, 7.076815597050831, 7.0, 7.851749041416058, 8.744833837499545, 9.457380879072534, 9.57553924683453, 9.515699838284043, 9.734709620225837, 9.581200581924957, 9.73978060977326, 9.749869427396844, 9.667111542075027, 9.240791332161956, 8.939579214314692, 8.499845887083206, 8.625708843064466, 9.541096615349524, 9.665335917185176, 9.813781191217037, 9.634811050171718], [8.897845456005511, 8.73809225962049, 8.491853096329674, 7.86418614465428, 7.219168520462161, 7.584962500721156, 7.857980995127572, 8.409390936137703, 8.778077129535358, 9.092757140919852, 9.372865060112588, 9.350939181546432, 9.453270634010623, 9.497851836951117, 9.64565843240871, 9.544964432789238, 9.400879436282183, 9.432541900388259, 9.409390936137703, 9.413627929024173, 9.656424863277781, 9.642051692927977, 9.489847960439297, 9.35974956032233], [8.915879378835774, 8.584962500721156, 7.948367231584678, 7.592457037268081, 7.330916878114617, 6.9886846867721655, 7.339850002884624, 7.7414669864011465, 8.308339030139408, 8.51175265376738, 8.98584193700334, 9.247927513443585, 9.350939181546432, 9.403012023574997, 9.52552080909507, 9.537218400538595, 9.174925682500678, 9.426264754702098, 9.238404739325079, 9.394462694610317, 9.930737337562887, 9.823367240046235, 9.702172685365548, 9.319672120946995]]}