{"min": 0, "max": 11.000704269011246, "pieData": [[8.751544059089099, 8.247927513443585, 7.845490050944376, 7.348728154231077, 6.599912842187128, 6.507794640198696, 7.159871336778389, 8.531381460516313, 8.957102041562287, 9.60177078840771, 9.741466986401146, 9.7714894695006, 9.59245703726808, 9.586839787961827, 9.571752643503546, 9.407267764244732, 9.187352073200497, 8.948367231584678, 8.405141463136344, 7.499845887083206, 8.848622940429339, 9.381542951184585, 9.383704292474052, 9.187352073200497], [8.741466986401146, 8.59618975614441, 8.184875342908283, 7.826548487290915, 7.076815597050831, 6.189824558880018, 7.348728154231077, 8.312882955284355, 9.199672344836364, 9.550746785383243, 9.722807531169547, 9.73809225962049, 9.69522829149575, 9.722807531169547, 9.64745842645492, 9.590587049915035, 9.06339508128851, 9.124121311829187, 8.566054038171092, 9.074141462752506, 9.167418145831737, 9.333155350310616, 9.390168956200183, 9.152284842306582], [8.768184324776927, 8.396604781181859, 8.060695931687555, 7.599912842187128, 6.882643049361842, 6.906890595608519, 7.219168520462161, 8.339850002884624, 9.090112419664289, 9.449148645375436, 9.634811050171718, 9.560332834212442, 9.41574176829009, 9.405141463136344, 9.562242424221072, 9.483815777264256, 9.131856960608793, 8.696967526234287, 8.45532722030456, 8.581200581924957, 6.303780748177103, 9.066089190457772, 9.057991722759176, 8.988684686772165], [8.845490050944376, 8.326429487122303, 8.055282435501189, 7.577428828035749, 6.409390936137702, 6.643856189774724, 7.139551352398794, 8.700439718141093, 9.149747119504681, 9.413627929024173, 9.569855608330947, 9.715961990255144, 9.523561956057012, 9.515699838284043, 9.556506054671928, 9.483815777264256, 9.159871336778389, 8.988684686772165, 8.640244936222345, 8.888743248898258, 9.18239435340453, 8.98584193700334, 9.20945336562895, 9.129283016944967], [8.857980995127573, 8.233619676759702, 8.098032082960527, 7.622051819456376, 7.066089190457772, 6.357552004618084, 7.1799090900149345, 8.519636252843213, 9.211888294546004, 9.562242424221072, 9.60733031374961, 9.567956075415466, 9.321928094887362, 9.535275376620802, 9.491853096329674, 9.370687406807217, 8.909893083770042, 8.426264754702098, 7.774787059601174, 8.479780264029099, 9.038918989292302, 9.194756854422248, 9.25502856981873, 9.238404739325079], [8.78135971352466, 8.531381460516313, 8.396604781181859, 7.7615512324444795, 7.2761244052742375, 6.554588851677638, 7.169925001442312, 8.169925001442312, 8.546894459887637, 8.894817763307943, 9.231221180711186, 9.43879185257826, 9.044394119358454, 9.174925682500678, 9.164906926675688, 9.002815015607053, 8.734709620225837, 8.885696373339396, 8.46352437327118, 8.784634845557521, 8.968666793195208, 9.041659151637214, 8.997179480937621, 8.974414589805527], [8.654636028527968, 8.46352437327118, 8.164906926675688, 7.936637939002571, 6.977279923499917, 6.6293566200796095, 6.658211482751795, 7.321928094887363, 8.361943773735241, 8.562242424221072, 8.81698362325538, 9.002815015607053, 9.121533517340032, 9.038918989292302, 9.068778277985412, 9.134426320220927, 8.774787059601174, 8.78135971352466, 8.430452551665532, 8.930737337562887, 9.409390936137703, 9.350939181546432, 9.342074667999139, 9.154818109052105]]}