{"min": 0, "max": 11.000704269011246, "pieData": [[10.28424574982967, 10.076815597050832, 9.800899899920305, 9.46352437327118, 9.014020470314934, 8.67595703294175, 8.682994583681683, 9.29920801838728, 9.61654884377899, 9.290018846932618, 9.473705749619416, 9.804131021183318, 9.958552715431011, 10.158609688214478, 10.358651200892886, 10.172427508645482, 9.881113960675096, 10.113742166049189, 9.696967526234287, 8.459431618637296, 9.98299357469431, 10.881113960675096, 10.912889336229961, 10.710806433699352], [10.485829308701904, 10.33427328530719, 10.169925001442312, 9.862637357558794, 9.319672120946995, 8.79766152585376, 8.885696373339396, 9.247927513443585, 9.722807531169547, 9.509775004326936, 9.603626344986193, 9.92035285541508, 10.084808387804362, 10.159871336778389, 10.260919533662905, 10.156083076288681, 10.025139562278508, 9.991521846075695, 9.874981347653774, 10.228818690495881, 10.560332834212442, 10.801708358916462, 10.824163209744158, 10.694357887221452], [10.365228849251544, 10.246740598493144, 9.930737337562887, 9.715961990255144, 8.951284714966972, 8.60733031374961, 8.588714635582264, 8.965784284662087, 9.584962500721156, 9.605479518061669, 9.489847960439297, 9.69522829149575, 9.824958740528523, 9.974414589805527, 10.040289721025717, 10.070120944476823, 9.867278739709661, 9.965784284662087, 9.69522829149575, 9.590587049915035, 7.794415866350106, 10.521600439723727, 10.52258153125483, 10.543031820255237], [10.451211111832329, 10.29232163280204, 10.158609688214478, 9.800899899920305, 9.236014191900084, 8.83605035505807, 8.654636028527968, 9.116343961237469, 9.782998208920414, 9.611024797307353, 9.548821908458752, 9.820178962415188, 9.930737337562887, 10.00982861736811, 9.92481250360578, 10.083479327331842, 9.784634845557521, 10.038918989292302, 9.933690654952233, 10.236014191900084, 10.548821908458752, 10.644757592516257, 10.774787059601174, 10.675074920385445], [10.429406741513981, 10.391243589427443, 10.162391328756906, 9.930737337562887, 9.507794640198696, 8.991521846075695, 8.900866807980748, 9.038918989292302, 9.57742882803575, 9.405141463136344, 9.677719641641009, 9.861086905995395, 9.946906274456397, 10.133142212400601, 10.047123912114026, 10.019590728357882, 9.656424863277781, 9.710806433699352, 9.214319120800766, 9.556506054671928, 10.474719946526482, 10.816183681432342, 11.001408194392809, 10.954196310386875], [10.519636252843213, 10.581200581924957, 10.513727595952437, 10.302638923787553, 9.828136484194108, 9.350939181546432, 8.73809225962049, 8.857980995127573, 9.350939181546432, 9.375039431346925, 9.672425341971495, 9.702172685365548, 9.710806433699352, 9.832890014164741, 9.909893083770042, 9.90839262077375, 9.710806433699352, 10.041659151637214, 10.049848549450562, 10.091435386323607, 10.401946123976536, 10.580258567499788, 10.66622400280318, 10.561287945164828], [10.561287945164828, 10.543031820255237, 10.304921669581672, 10.19598729802851, 9.751544059089099, 9.326429487122303, 8.870364719583405, 8.348728154231077, 8.957102041562287, 9.219168520462162, 9.296916206879288, 9.60733031374961, 9.691743519171276, 9.86573327085176, 9.794415866350105, 9.832890014164741, 9.754887502163468, 9.854868383260236, 9.902375114486025, 10.20945336562895, 10.654636028527968, 10.729620743553038, 10.722807531169547, 10.696967526234287]]}