{"min": 0, "max": 11.000704269011246, "pieData": [[9.002815015607053, 8.46352437327118, 7.599912842187128, 7.507794640198696, 6.727920454563199, 7.22881869049588, 7.94251450533924, 8.219168520462162, 8.46352437327118, 8.96289600533726, 9.184875342908283, 9.346513733165635, 9.257387842692651, 9.35974956032233, 9.368506461507693, 9.381542951184585, 9.084808387804362, 8.74819284958946, 8.661778097771988, 7.546894459887636, 8.717676423066397, 9.39231742277876, 9.479780264029099, 9.449148645375436], [9.027905996569885, 8.640244936222345, 8.257387842692651, 7.813781191217037, 7.159871336778389, 7.357552004618084, 7.912889336229962, 8.134426320220927, 8.826548487290914, 9.047123912114026, 9.370687406807217, 9.451211111832329, 9.294620748891628, 9.531381460516313, 9.581200581924957, 9.477758266443889, 9.027905996569885, 8.918863237274595, 8.76487159073609, 9.041659151637214, 9.269126679149418, 9.179909090014934, 9.370687406807217, 9.41574176829009], [8.965784284662087, 8.475733430966399, 8.238404739325079, 7.614709844115208, 7.0, 6.672425341971495, 7.546894459887636, 8.044394119358454, 8.751544059089099, 8.948367231584678, 9.098032082960527, 9.159871336778389, 9.147204924942228, 9.129283016944967, 9.30149619498255, 9.357552004618084, 8.900866807980748, 8.909893083770042, 8.900866807980748, 8.622051819456376, 6.321928094887363, 9.103287808412022, 9.047123912114026, 9.20212382383046], [8.98584193700334, 8.523561956057012, 8.174925682500678, 7.531381460516312, 7.03342300153745, 6.977279923499917, 7.554588851677638, 8.339850002884624, 8.76487159073609, 9.071462362556623, 9.057991722759176, 9.152284842306582, 8.994353436858859, 9.357552004618084, 9.541096615349524, 9.39231742277876, 9.071462362556623, 8.78135971352466, 8.857980995127573, 9.149747119504681, 9.121533517340032, 9.084808387804362, 9.068778277985412, 9.294620748891628], [8.98584193700334, 8.413627929024173, 7.936637939002571, 7.651051691178928, 6.954196310386875, 6.794415866350106, 7.539158811108031, 7.977279923499917, 8.800899899920305, 8.90388184573618, 9.221587121264806, 9.207014320177532, 9.0, 9.357552004618084, 9.273795599214264, 9.233619676759702, 8.909893083770042, 8.51175265376738, 8.174925682500678, 8.422064766172813, 9.131856960608793, 9.20212382383046, 9.434628227636725, 9.290018846932618], [9.038918989292302, 8.851749041416058, 8.63662462054365, 7.965784284662087, 7.330916878114617, 7.159871336778389, 7.400879436282184, 7.734709620225838, 8.214319120800766, 8.64745842645492, 8.86418614465428, 8.894817763307943, 8.800899899920305, 8.991521846075695, 8.915879378835774, 8.991521846075695, 8.679480099505446, 8.997179480937621, 8.820178962415188, 8.876516946565, 9.118941072723507, 9.12670447284319, 9.052568050804153, 9.192292814470767], [8.92481250360578, 8.603626344986193, 8.219168520462162, 7.813781191217037, 7.392317422778761, 6.906890595608519, 7.294620748891627, 7.011227255423254, 8.144658242831882, 8.174925682500678, 8.326429487122303, 8.714245517666123, 8.787902559391432, 8.807354922057604, 8.861086905995395, 8.92481250360578, 8.614709844115207, 8.734709620225837, 8.693486957499324, 8.703903573444663, 9.411510988012072, 9.179909090014934, 9.39231742277876, 9.238404739325079]]}