{"min": 0, "max": 11.000704269011246, "pieData": [[7.348728154231077, 6.870364719583405, 6.870364719583405, 6.0, 5.523561956057013, 5.357552004618084, 6.169925001442312, 7.149747119504682, 7.159871336778389, 7.807354922057604, 8.219168520462162, 8.266786540694902, 8.092757140919852, 8.219168520462162, 8.491853096329674, 8.507794640198696, 8.353146825498083, 8.39231742277876, 7.807354922057604, 6.78135971352466, 7.475733430966398, 8.447083226209653, 8.113742166049189, 7.845490050944376], [7.727920454563199, 7.219168520462161, 6.977279923499917, 6.321928094887363, 5.857980995127572, 5.643856189774724, 6.392317422778761, 7.614709844115208, 7.6293566200796095, 8.124121311829187, 8.31741261376487, 8.29920801838728, 8.071462362556623, 8.113742166049189, 8.430452551665532, 8.396604781181859, 8.312882955284355, 8.108524456778168, 7.800899899920305, 8.184875342908283, 8.20945336562895, 8.348728154231077, 8.31741261376487, 7.78135971352466], [7.499845887083206, 7.2761244052742375, 6.882643049361842, 6.426264754702098, 5.523561956057013, 5.491853096329675, 6.087462841250339, 7.531381460516312, 7.515699838284043, 7.971543553950772, 7.971543553950772, 8.071462362556623, 7.9600019320680815, 7.936637939002571, 8.139551352398794, 8.113742166049189, 7.870364719583405, 7.948367231584678, 7.321928094887363, 7.78135971352466, 5.129283016944966, 8.154818109052105, 7.7481928495894605, 7.693486957499325], [7.60733031374961, 7.189824558880018, 6.918863237274595, 6.392317422778761, 5.643856189774724, 5.20945336562895, 6.285402218862249, 7.409390936137702, 7.554588851677638, 8.159871336778389, 8.164906926675688, 8.0, 7.900866807980749, 7.912889336229962, 8.092757140919852, 8.159871336778389, 8.194756854422248, 7.906890595608519, 7.499845887083206, 7.754887502163468, 8.011227255423254, 7.971543553950772, 8.022367813028454, 7.6865005271832185], [7.7615512324444795, 7.400879436282184, 6.714245517666122, 6.475733430966398, 5.672425341971495, 4.807354922057604, 6.0, 7.569855608330948, 7.507794640198696, 7.94251450533924, 8.118941072723507, 7.851749041416058, 7.774787059601174, 7.92481250360578, 8.271463027904375, 8.417852514885897, 8.194756854422248, 7.977279923499917, 7.330916878114617, 7.754887502163468, 8.326429487122303, 8.375039431346925, 8.154818109052105, 8.257387842692651], [7.994353436858858, 7.870364719583405, 7.392317422778761, 6.614709844115208, 5.906890595608519, 5.357552004618084, 6.321928094887363, 7.658211482751795, 7.7615512324444795, 8.071462362556623, 7.994353436858858, 8.060695931687555, 7.9600019320680815, 7.930737337562887, 7.894817763307944, 8.027905996569885, 7.92481250360578, 8.027905996569885, 7.546894459887636, 7.845490050944376, 8.011227255423254, 7.826548487290915, 7.9600019320680815, 7.794415866350106], [7.475733430966398, 7.219168520462161, 7.219168520462161, 6.6865005271832185, 5.754887502163468, 4.584962500721156, 5.643856189774724, 7.087462841250339, 7.426264754702098, 7.459431618637297, 7.882643049361842, 7.734709620225838, 7.569855608330948, 8.011227255423254, 7.9600019320680815, 7.965784284662087, 7.936637939002571, 8.060695931687555, 8.0, 7.971543553950772, 8.154818109052105, 8.134426320220927, 8.049848549450562, 7.400879436282184]]}