{"min": 0, "max": 11.000704269011246, "pieData": [[4.523561956057013, 2.321928094887362, 2.584962500721156, 2.0, 1.0, 2.321928094887362, 3.807354922057604, 4.392317422778761, 6.459431618637297, 6.94251450533924, 5.392317422778761, 5.169925001442312, 5.554588851677638, 5.754887502163468, 6.108524456778169, 5.727920454563199, 5.491853096329675, 5.554588851677638, 5.584962500721156, 3.584962500721156, 5.321928094887363, 5.754887502163468, 6.087462841250339, 5.459431618637297], [4.523561956057013, 3.169925001442312, 2.321928094887362, 2.0, 2.321928094887362, 0.0, 2.584962500721156, 5.169925001442312, 6.882643049361842, 6.491853096329675, 5.930737337562887, 5.554588851677638, 5.754887502163468, 5.954196310386875, 5.930737337562887, 6.066089190457772, 5.78135971352466, 5.906890595608519, 5.247927513443585, 5.285402218862249, 5.807354922057604, 5.392317422778761, 5.0, 5.584962500721156], [3.807354922057604, 3.4594316186372973, 3.169925001442312, 0.0, 1.0, 1.0, 3.700439718141092, 4.643856189774724, 6.768184324776926, 6.643856189774724, 5.882643049361842, 5.459431618637297, 5.614709844115208, 6.169925001442312, 5.754887502163468, 5.426264754702098, 5.807354922057604, 5.832890014164741, 5.20945336562895, 5.247927513443585, 3.0, 5.285402218862249, 5.807354922057604, 5.087462841250339], [3.9068905956085187, 2.584962500721156, 3.321928094887362, 2.0, 0.0, 3.0, 3.0, 5.392317422778761, 6.658211482751795, 6.714245517666122, 6.087462841250339, 5.20945336562895, 5.523561956057013, 5.700439718141093, 5.754887502163468, 5.754887502163468, 6.066089190457772, 6.066089190457772, 5.906890595608519, 4.857980995127572, 5.954196310386875, 5.247927513443585, 5.169925001442312, 5.169925001442312], [4.169925001442312, 3.4594316186372973, 3.4594316186372973, 2.584962500721156, 2.321928094887362, 2.584962500721156, 3.0, 4.700439718141093, 6.7414669864011465, 6.9886846867721655, 5.672425341971495, 5.857980995127572, 5.523561956057013, 5.977279923499917, 5.906890595608519, 5.954196310386875, 5.727920454563199, 5.906890595608519, 4.857980995127572, 4.754887502163468, 5.321928094887363, 5.459431618637297, 4.807354922057604, 5.129283016944966], [4.459431618637297, 3.584962500721156, 2.807354922057604, 2.584962500721156, 1.584962500721156, 2.0, 2.321928094887362, 4.754887502163468, 6.727920454563199, 6.409390936137702, 5.727920454563199, 4.857980995127572, 4.807354922057604, 5.087462841250339, 4.857980995127572, 4.754887502163468, 4.807354922057604, 5.129283016944966, 4.247927513443585, 4.087462841250339, 4.584962500721156, 4.700439718141093, 4.754887502163468, 3.9068905956085187], [3.169925001442312, 3.169925001442312, 3.169925001442312, 2.584962500721156, 2.0, 1.0, 2.0, 3.0, 4.087462841250339, 4.459431618637297, 4.754887502163468, 4.700439718141093, 4.392317422778761, 4.0, 4.906890595608519, 4.643856189774724, 4.247927513443585, 4.643856189774724, 5.285402218862249, 4.087462841250339, 4.584962500721156, 4.459431618637297, 5.129283016944966, 4.087462841250339]]}