{"min": 0, "max": 11.000704269011246, "pieData": [[3.169925001442312, 2.0, 1.584962500721156, 2.584962500721156, 1.584962500721156, 2.321928094887362, 2.807354922057604, 5.321928094887363, 4.169925001442312, 4.247927513443585, 4.643856189774724, 4.643856189774724, 4.247927513443585, 5.087462841250339, 4.906890595608519, 4.700439718141093, 4.643856189774724, 5.357552004618084, 5.169925001442312, 2.584962500721156, 4.523561956057013, 4.954196310386875, 4.754887502163468, 4.247927513443585], [3.584962500721156, 3.4594316186372973, 3.0, 1.584962500721156, 1.584962500721156, 1.584962500721156, 1.0, 4.807354922057604, 3.584962500721156, 4.807354922057604, 4.321928094887363, 4.700439718141093, 4.754887502163468, 4.906890595608519, 5.20945336562895, 4.906890595608519, 4.321928094887363, 4.643856189774724, 5.0, 5.129283016944966, 4.954196310386875, 5.0, 5.087462841250339, 4.169925001442312], [3.584962500721156, 2.0, 2.0, 2.0, 0.0, 0.0, 2.321928094887362, 4.857980995127572, 4.247927513443585, 5.087462841250339, 4.0, 5.20945336562895, 4.643856189774724, 4.643856189774724, 4.700439718141093, 5.087462841250339, 4.584962500721156, 4.954196310386875, 5.20945336562895, 4.584962500721156, 2.584962500721156, 4.523561956057013, 4.807354922057604, 4.0], [3.4594316186372973, 3.169925001442312, 2.321928094887362, 2.321928094887362, 0.0, 2.0, 3.0, 4.954196310386875, 4.523561956057013, 4.523561956057013, 4.807354922057604, 4.321928094887363, 4.807354922057604, 4.392317422778761, 4.754887502163468, 3.700439718141092, 5.129283016944966, 4.807354922057604, 4.643856189774724, 4.643856189774724, 5.491853096329675, 4.857980995127572, 4.700439718141093, 3.321928094887362], [3.700439718141092, 3.321928094887362, 3.321928094887362, 1.0, 0.0, 1.584962500721156, 2.584962500721156, 4.247927513443585, 3.700439718141092, 4.857980995127572, 5.044394119358453, 4.906890595608519, 5.20945336562895, 5.321928094887363, 4.857980995127572, 4.906890595608519, 4.321928094887363, 5.321928094887363, 4.321928094887363, 5.129283016944966, 4.954196310386875, 5.129283016944966, 4.321928094887363, 4.392317422778761], [3.700439718141092, 2.807354922057604, 3.584962500721156, 3.0, 2.0, 2.0, 3.0, 3.169925001442312, 3.700439718141092, 4.643856189774724, 4.700439718141093, 5.129283016944966, 5.0, 4.807354922057604, 5.044394119358453, 4.087462841250339, 4.392317422778761, 5.0, 4.857980995127572, 4.643856189774724, 4.523561956057013, 4.643856189774724, 4.700439718141093, 3.807354922057604], [3.700439718141092, 3.169925001442312, 3.321928094887362, 2.0, 2.0, 1.584962500721156, 2.584962500721156, 4.857980995127572, 3.700439718141092, 4.0, 3.9068905956085187, 4.700439718141093, 4.700439718141093, 4.523561956057013, 4.584962500721156, 4.754887502163468, 4.906890595608519, 5.169925001442312, 5.129283016944966, 4.247927513443585, 4.700439718141093, 4.459431618637297, 4.0, 3.4594316186372973]]}