{"min": 0, "max": 11.000704269011246, "pieData": [[6.94251450533924, 6.754887502163468, 5.857980995127572, 5.523561956057013, 5.087462841250339, 5.129283016944966, 6.189824558880018, 7.451211111832329, 8.515699838284043, 8.751544059089099, 8.005624549193879, 8.044394119358454, 7.92481250360578, 8.129283016944967, 8.204571144249204, 8.139551352398794, 8.134426320220927, 7.918863237274595, 8.049848549450562, 6.906890595608519, 7.491853096329675, 8.219168520462162, 8.303780748177102, 8.016808287686555], [7.400879436282184, 6.882643049361842, 6.6293566200796095, 5.906890595608519, 5.321928094887363, 5.247927513443585, 6.189824558880018, 7.392317422778761, 8.569855608330947, 8.79766152585376, 8.339850002884624, 8.08214904135387, 7.918863237274595, 8.20945336562895, 8.400879436282183, 8.139551352398794, 8.194756854422248, 8.027905996569885, 8.113742166049189, 8.204571144249204, 8.20945336562895, 8.276124405274238, 8.03342300153745, 7.807354922057604], [7.475733430966398, 6.857980995127572, 6.108524456778169, 5.754887502163468, 5.087462841250339, 5.0, 5.906890595608519, 7.312882955284356, 8.618385502258606, 8.366322214245816, 8.098032082960527, 7.977279923499917, 7.98299357469431, 8.011227255423254, 8.189824558880018, 8.098032082960527, 7.894817763307944, 8.071462362556623, 7.826548487290915, 7.954196310386875, 5.727920454563199, 7.78135971352466, 8.044394119358454, 7.554588851677638], [7.3750394313469245, 6.599912842187128, 6.129283016944966, 5.643856189774724, 5.20945336562895, 5.285402218862249, 5.977279923499917, 7.22881869049588, 8.59245703726808, 8.550746785383243, 8.238404739325079, 7.971543553950772, 7.882643049361842, 7.94251450533924, 8.159871336778389, 8.118941072723507, 7.882643049361842, 8.027905996569885, 7.948367231584678, 8.076815597050832, 8.027905996569885, 8.124121311829187, 8.164906926675688, 7.918863237274595], [7.459431618637297, 6.714245517666122, 6.303780748177103, 5.459431618637297, 4.392317422778761, 4.906890595608519, 5.807354922057604, 7.1799090900149345, 8.774787059601174, 8.686500527183219, 8.290018846932618, 8.03342300153745, 7.954196310386875, 7.994353436858858, 8.20945336562895, 7.6865005271832185, 8.113742166049189, 8.087462841250339, 7.930737337562887, 8.159871336778389, 8.184875342908283, 8.134426320220927, 8.388017285345136, 8.238404739325079], [7.599912842187128, 7.312882955284356, 6.700439718141093, 5.727920454563199, 5.087462841250339, 5.584962500721156, 5.754887502163468, 7.149747119504682, 7.930737337562887, 7.592457037268081, 7.727920454563199, 7.475733430966398, 7.614709844115208, 7.651051691178928, 7.569855608330948, 7.348728154231077, 7.491853096329675, 7.409390936137702, 7.888743248898259, 7.734709620225838, 7.451211111832329, 7.562242424221073, 7.7481928495894605, 7.7414669864011465], [7.434628227636725, 7.139551352398794, 6.870364719583405, 5.459431618637297, 5.584962500721156, 4.754887502163468, 5.643856189774724, 6.149747119504682, 6.754887502163468, 7.149747119504682, 6.906890595608519, 7.257387842692652, 7.219168520462161, 7.330916878114617, 7.3750394313469245, 7.285402218862249, 7.417852514885898, 7.442943495848728, 7.339850002884624, 7.845490050944376, 7.900866807980749, 7.936637939002571, 7.599912842187128, 7.539158811108031]]}