{"min": 0, "max": 11.000704269011246, "pieData": [[7.954196310386875, 7.467605550082998, 6.954196310386875, 6.768184324776926, 5.954196310386875, 6.426264754702098, 6.857980995127572, 7.584962500721156, 7.894817763307944, 8.375039431346925, 8.357552004618084, 8.426264754702098, 8.076815597050832, 8.312882955284355, 8.204571144249204, 7.851749041416058, 7.98299357469431, 7.599912842187128, 7.531381460516312, 6.599912842187128, 7.734709620225838, 8.426264754702098, 8.479780264029099, 8.294620748891628], [7.94251450533924, 7.832890014164741, 7.247927513443585, 6.954196310386875, 6.3750394313469245, 6.129283016944966, 6.954196310386875, 7.515699838284043, 7.918863237274595, 8.118941072723507, 8.189824558880018, 8.184875342908283, 8.103287808412022, 8.233619676759702, 7.930737337562887, 7.92481250360578, 8.03342300153745, 7.6865005271832185, 7.714245517666122, 8.252665432450248, 8.312882955284355, 8.361943773735241, 8.546894459887637, 8.228818690495881], [7.888743248898259, 7.392317422778761, 7.257387842692652, 6.977279923499917, 6.3750394313469245, 5.832890014164741, 6.700439718141093, 7.546894459887636, 7.870364719583405, 8.0, 8.228818690495881, 7.870364719583405, 8.113742166049189, 8.049848549450562, 8.20945336562895, 7.9600019320680815, 7.491853096329675, 7.7615512324444795, 7.813781191217037, 7.912889336229962, 5.426264754702098, 8.262094845370179, 8.174925682500678, 8.113742166049189], [8.124121311829187, 7.800899899920305, 7.366322214245816, 7.066089190457772, 6.339850002884624, 5.857980995127572, 6.614709844115208, 7.813781191217037, 8.0, 7.971543553950772, 7.9600019320680815, 8.159871336778389, 8.159871336778389, 8.134426320220927, 8.049848549450562, 7.930737337562887, 7.546894459887636, 7.643856189774724, 7.734709620225838, 7.94251450533924, 8.312882955284355, 8.370687406807217, 8.233619676759702, 8.098032082960527], [8.066089190457772, 7.820178962415188, 7.679480099505446, 7.05528243550119, 6.3750394313469245, 5.78135971352466, 6.6865005271832185, 7.400879436282184, 7.813781191217037, 7.845490050944376, 8.038918989292302, 7.876516946564999, 8.066089190457772, 8.076815597050832, 8.224001674198105, 7.936637939002571, 7.700439718141093, 7.734709620225838, 7.531381460516312, 7.94251450533924, 8.129283016944967, 8.379378367071261, 8.442943495848729, 8.204571144249204], [8.124121311829187, 7.9600019320680815, 7.6293566200796095, 7.199672344836364, 6.794415866350106, 5.930737337562887, 6.491853096329675, 6.832890014164741, 7.303780748177103, 7.7481928495894605, 7.894817763307944, 8.113742166049189, 7.9886846867721655, 7.78135971352466, 7.870364719583405, 7.700439718141093, 7.807354922057604, 7.622051819456376, 7.754887502163468, 8.03342300153745, 8.118941072723507, 8.20945336562895, 8.388017285345136, 8.049848549450562], [8.049848549450562, 7.700439718141093, 7.577428828035749, 7.339850002884624, 6.584962500721156, 6.266786540694901, 6.044394119358453, 6.754887502163468, 7.285402218862249, 7.467605550082998, 7.768184324776926, 7.714245517666122, 7.845490050944376, 7.714245517666122, 8.076815597050832, 8.124121311829187, 7.539158811108031, 7.700439718141093, 7.845490050944376, 8.016808287686555, 8.50382573799575, 8.491853096329674, 8.57742882803575, 8.243173983472952]]}