{"min": 0, "max": 11.000704269011246, "pieData": [[7.392317422778761, 7.066089190457772, 6.129283016944966, 5.857980995127572, 5.20945336562895, 5.044394119358453, 6.357552004618084, 7.129283016944966, 7.219168520462161, 7.807354922057604, 7.832890014164741, 8.103287808412022, 8.087462841250339, 7.918863237274595, 8.144658242831882, 7.98299357469431, 8.098032082960527, 8.071462362556623, 8.113742166049189, 6.714245517666122, 7.643856189774724, 8.76487159073609, 8.519636252843213, 8.164906926675688], [7.7414669864011465, 7.499845887083206, 6.599912842187128, 6.044394119358453, 5.087462841250339, 4.954196310386875, 6.303780748177103, 7.507794640198696, 7.60733031374961, 7.845490050944376, 7.882643049361842, 8.144658242831882, 7.971543553950772, 8.066089190457772, 8.294620748891628, 8.233619676759702, 8.03342300153745, 7.9600019320680815, 8.066089190457772, 8.294620748891628, 8.475733430966399, 8.405141463136344, 8.467605550082997, 7.851749041416058], [7.499845887083206, 7.303780748177103, 6.6865005271832185, 5.554588851677638, 4.584962500721156, 4.584962500721156, 5.754887502163468, 7.189824558880018, 7.285402218862249, 7.888743248898259, 7.768184324776926, 8.0, 8.108524456778168, 7.832890014164741, 7.994353436858858, 7.9886846867721655, 7.98299357469431, 7.948367231584678, 7.7615512324444795, 7.857980995127572, 5.491853096329675, 8.430452551665532, 7.965784284662087, 7.807354922057604], [7.774787059601174, 7.087462841250339, 6.459431618637297, 5.954196310386875, 4.906890595608519, 5.044394119358453, 5.954196310386875, 7.475733430966398, 7.2761244052742375, 7.977279923499917, 7.936637939002571, 7.994353436858858, 7.800899899920305, 7.813781191217037, 8.022367813028454, 7.870364719583405, 8.103287808412022, 8.113742166049189, 7.876516946564999, 7.94251450533924, 8.266786540694902, 8.330916878114618, 8.434628227636725, 8.03342300153745], [7.7414669864011465, 7.05528243550119, 6.754887502163468, 6.022367813028454, 4.584962500721156, 4.807354922057604, 5.832890014164741, 7.392317422778761, 7.409390936137702, 8.066089190457772, 8.049848549450562, 7.965784284662087, 7.994353436858858, 8.038918989292302, 8.016808287686555, 8.169925001442312, 8.071462362556623, 8.03342300153745, 7.599912842187128, 7.906890595608519, 8.409390936137703, 8.727920454563199, 8.734709620225837, 8.400879436282183], [8.361943773735241, 7.546894459887636, 7.475733430966398, 6.794415866350106, 5.426264754702098, 5.643856189774724, 6.149747119504682, 7.0, 7.78135971352466, 7.882643049361842, 8.055282435501189, 8.285402218862249, 8.199672344836364, 8.055282435501189, 7.9886846867721655, 8.011227255423254, 7.906890595608519, 8.164906926675688, 7.971543553950772, 7.9886846867721655, 8.044394119358454, 8.339850002884624, 8.276124405274238, 8.294620748891628], [8.149747119504681, 7.2384047393250786, 6.794415866350106, 6.108524456778169, 5.20945336562895, 4.584962500721156, 5.584962500721156, 6.426264754702098, 6.906890595608519, 7.577428828035749, 7.714245517666122, 7.693486957499325, 7.851749041416058, 8.124121311829187, 8.060695931687555, 8.224001674198105, 7.787902559391432, 8.092757140919852, 8.144658242831882, 8.087462841250339, 8.417852514885897, 8.294620748891628, 8.233619676759702, 7.930737337562887]]}