{"min": 0, "max": 11.000704269011246, "pieData": [[7.087462841250339, 6.523561956057013, 6.066089190457772, 5.169925001442312, 4.584962500721156, 4.807354922057604, 5.882643049361842, 5.044394119358453, 5.285402218862249, 5.491853096329675, 6.066089190457772, 6.129283016944966, 6.442943495848728, 6.409390936137702, 6.523561956057013, 6.491853096329675, 6.247927513443585, 6.442943495848728, 6.266786540694901, 5.392317422778761, 6.339850002884624, 7.643856189774724, 7.087462841250339, 7.20945336562895], [7.0, 7.044394119358453, 6.303780748177103, 5.930737337562887, 4.857980995127572, 4.459431618637297, 5.584962500721156, 5.523561956057013, 5.285402218862249, 5.700439718141093, 6.087462841250339, 6.20945336562895, 6.285402218862249, 6.357552004618084, 6.523561956057013, 6.507794640198696, 6.321928094887363, 6.392317422778761, 6.149747119504682, 6.569855608330948, 7.022367813028454, 7.22881869049588, 7.149747119504682, 6.930737337562887], [6.714245517666122, 6.475733430966398, 5.954196310386875, 5.700439718141093, 4.754887502163468, 4.807354922057604, 5.321928094887363, 5.672425341971495, 4.523561956057013, 6.022367813028454, 5.954196310386875, 6.108524456778169, 6.149747119504682, 5.672425341971495, 6.066089190457772, 6.189824558880018, 5.930737337562887, 5.832890014164741, 5.807354922057604, 6.22881869049588, 3.584962500721156, 7.312882955284356, 6.643856189774724, 6.584962500721156], [6.930737337562887, 6.303780748177103, 6.247927513443585, 5.491853096329675, 4.584962500721156, 3.584962500721156, 5.129283016944966, 5.672425341971495, 5.20945336562895, 5.882643049361842, 5.754887502163468, 5.906890595608519, 5.643856189774724, 6.442943495848728, 6.169925001442312, 6.149747119504682, 6.584962500721156, 6.820178962415188, 5.882643049361842, 6.507794640198696, 6.882643049361842, 7.266786540694901, 7.03342300153745, 6.459431618637297], [7.108524456778169, 6.442943495848728, 6.149747119504682, 5.700439718141093, 4.857980995127572, 4.643856189774724, 5.285402218862249, 5.523561956057013, 4.523561956057013, 5.754887502163468, 5.954196310386875, 6.0, 6.149747119504682, 6.129283016944966, 6.672425341971495, 6.523561956057013, 6.459431618637297, 6.539158811108031, 6.044394119358453, 6.918863237274595, 6.768184324776926, 7.2761244052742375, 7.257387842692652, 7.459431618637297], [7.22881869049588, 6.807354922057604, 6.714245517666122, 6.20945336562895, 5.426264754702098, 4.321928094887363, 4.954196310386875, 5.78135971352466, 6.129283016944966, 6.108524456778169, 6.554588851677638, 6.78135971352466, 6.614709844115208, 6.6293566200796095, 6.285402218862249, 6.285402218862249, 5.807354922057604, 6.409390936137702, 6.357552004618084, 6.491853096329675, 6.643856189774724, 6.857980995127572, 6.965784284662087, 6.930737337562887], [7.159871336778389, 6.857980995127572, 6.247927513443585, 5.523561956057013, 5.044394119358453, 4.247927513443585, 4.754887502163468, 5.554588851677638, 5.523561956057013, 6.087462841250339, 5.727920454563199, 6.066089190457772, 6.409390936137702, 6.672425341971495, 6.087462841250339, 6.599912842187128, 6.3750394313469245, 6.475733430966398, 6.3750394313469245, 6.614709844115208, 6.906890595608519, 7.044394119358453, 6.965784284662087, 6.882643049361842]]}