{"min": 0, "max": 11.000704269011246, "pieData": [[7.199672344836364, 6.727920454563199, 5.672425341971495, 4.807354922057604, 4.0, 3.700439718141092, 5.247927513443585, 6.20945336562895, 7.285402218862249, 7.546894459887636, 7.303780748177103, 7.475733430966398, 7.721099188707186, 7.807354922057604, 7.714245517666122, 7.845490050944376, 7.768184324776926, 8.08214904135387, 8.055282435501189, 6.658211482751795, 7.870364719583405, 8.800899899920305, 8.62935662007961, 7.6865005271832185], [7.467605550082998, 7.022367813028454, 6.129283016944966, 5.087462841250339, 4.087462841250339, 3.700439718141092, 5.247927513443585, 6.584962500721156, 7.312882955284356, 7.409390936137702, 7.475733430966398, 7.693486957499325, 7.857980995127572, 7.7414669864011465, 8.03342300153745, 8.0, 7.948367231584678, 8.0, 8.016808287686555, 8.422064766172813, 8.434628227636725, 8.710806433699352, 8.189824558880018, 7.9600019320680815], [7.417852514885898, 6.614709844115208, 6.087462841250339, 5.0, 4.0, 3.0, 4.954196310386875, 6.169925001442312, 7.098032082960526, 7.339850002884624, 7.523561956057013, 7.6653359171851765, 7.930737337562887, 7.807354922057604, 7.734709620225838, 7.651051691178928, 7.523561956057013, 7.499845887083206, 7.774787059601174, 7.882643049361842, 5.357552004618084, 8.611024797307353, 8.471675214392045, 7.857980995127572], [7.459431618637297, 6.930737337562887, 5.930737337562887, 5.087462841250339, 3.700439718141092, 3.700439718141092, 4.754887502163468, 6.339850002884624, 7.219168520462161, 7.3750394313469245, 7.199672344836364, 7.366322214245816, 7.6865005271832185, 7.636624620543649, 7.9600019320680815, 7.826548487290915, 7.800899899920305, 7.7414669864011465, 7.876516946564999, 8.294620748891628, 8.308339030139408, 8.507794640198696, 8.396604781181859, 7.820178962415188], [7.199672344836364, 6.918863237274595, 6.129283016944966, 5.20945336562895, 4.087462841250339, 2.584962500721156, 4.523561956057013, 6.339850002884624, 7.20945336562895, 7.392317422778761, 7.467605550082998, 7.636624620543649, 7.6293566200796095, 7.845490050944376, 8.124121311829187, 7.857980995127572, 7.774787059601174, 8.005624549193879, 7.7615512324444795, 7.882643049361842, 8.618385502258606, 8.876516946565, 8.682994583681683, 8.280770770130603], [7.614709844115208, 7.3750394313469245, 7.05528243550119, 6.20945336562895, 5.0, 4.392317422778761, 4.807354922057604, 5.832890014164741, 6.894817763307944, 6.845490050944376, 7.348728154231077, 7.870364719583405, 7.900866807980749, 7.971543553950772, 7.888743248898259, 7.888743248898259, 7.592457037268081, 8.149747119504681, 8.087462841250339, 8.154818109052105, 8.370687406807217, 8.087462841250339, 8.276124405274238, 7.965784284662087], [7.7481928495894605, 7.044394119358453, 6.554588851677638, 6.0, 4.857980995127572, 3.169925001442312, 4.321928094887363, 5.20945336562895, 6.169925001442312, 6.303780748177103, 7.348728154231077, 7.569855608330948, 7.851749041416058, 8.049848549450562, 8.08214904135387, 8.066089190457772, 7.774787059601174, 7.882643049361842, 8.108524456778168, 8.049848549450562, 8.214319120800766, 8.339850002884624, 8.330916878114618, 7.754887502163468]]}