{"min": 0, "max": 11.000704269011246, "pieData": [[7.03342300153745, 6.954196310386875, 6.459431618637297, 6.087462841250339, 5.426264754702098, 5.832890014164741, 7.05528243550119, 7.700439718141093, 6.672425341971495, 7.294620748891627, 6.965784284662087, 7.0, 7.0, 6.954196310386875, 6.906890595608519, 7.169925001442312, 7.442943495848728, 7.189824558880018, 7.459431618637297, 6.714245517666122, 7.159871336778389, 8.124121311829187, 8.011227255423254, 7.800899899920305], [7.383704292474052, 6.820178962415188, 6.882643049361842, 6.727920454563199, 5.78135971352466, 5.491853096329675, 6.714245517666122, 7.658211482751795, 7.076815597050831, 7.366322214245816, 7.169925001442312, 6.882643049361842, 6.857980995127572, 7.219168520462161, 7.05528243550119, 7.22881869049588, 7.118941072723508, 7.20945336562895, 7.330916878114617, 7.948367231584678, 7.92481250360578, 7.700439718141093, 7.870364719583405, 7.6293566200796095], [7.459431618637297, 6.845490050944376, 6.658211482751795, 6.357552004618084, 5.78135971352466, 5.523561956057013, 6.672425341971495, 7.515699838284043, 6.906890595608519, 7.285402218862249, 6.768184324776926, 6.658211482751795, 6.832890014164741, 6.714245517666122, 7.011227255423254, 6.965784284662087, 7.066089190457772, 7.247927513443585, 7.2761244052742375, 7.584962500721156, 4.857980995127572, 7.426264754702098, 7.651051691178928, 7.3750394313469245], [7.515699838284043, 6.78135971352466, 6.266786540694901, 6.129283016944966, 5.807354922057604, 5.129283016944966, 6.599912842187128, 7.523561956057013, 7.076815597050831, 7.569855608330948, 7.05528243550119, 6.599912842187128, 6.539158811108031, 6.918863237274595, 7.05528243550119, 7.159871336778389, 6.794415866350106, 6.965784284662087, 7.400879436282184, 7.714245517666122, 7.672425341971495, 7.794415866350106, 7.807354922057604, 7.658211482751795], [7.569855608330948, 7.05528243550119, 6.672425341971495, 6.303780748177103, 5.832890014164741, 5.672425341971495, 6.714245517666122, 7.266786540694901, 7.159871336778389, 7.257387842692652, 6.832890014164741, 7.0, 6.954196310386875, 7.044394119358453, 6.882643049361842, 7.129283016944966, 7.199672344836364, 7.400879436282184, 7.592457037268081, 8.238404739325079, 7.599912842187128, 7.86418614465428, 7.813781191217037, 7.965784284662087], [7.643856189774724, 7.257387842692652, 7.022367813028454, 6.614709844115208, 6.087462841250339, 6.0, 6.507794640198696, 7.066089190457772, 7.199672344836364, 6.9886846867721655, 6.965784284662087, 6.918863237274595, 6.870364719583405, 7.044394119358453, 7.108524456778169, 7.2384047393250786, 7.199672344836364, 7.066089190457772, 7.467605550082998, 7.599912842187128, 7.6293566200796095, 7.7414669864011465, 7.700439718141093, 7.515699838284043], [7.700439718141093, 7.339850002884624, 6.930737337562887, 6.832890014164741, 6.266786540694901, 6.169925001442312, 6.189824558880018, 6.882643049361842, 6.870364719583405, 6.894817763307944, 7.05528243550119, 7.118941072723508, 7.247927513443585, 7.348728154231077, 7.2384047393250786, 7.321928094887363, 6.794415866350106, 7.339850002884624, 7.577428828035749, 7.562242424221073, 7.918863237274595, 7.851749041416058, 7.832890014164741, 7.6293566200796095]]}