{"min": 0, "max": 11.000704269011246, "pieData": [[7.734709620225838, 7.257387842692652, 6.845490050944376, 6.20945336562895, 5.491853096329675, 5.930737337562887, 7.149747119504682, 7.820178962415188, 7.651051691178928, 8.276124405274238, 7.679480099505446, 7.727920454563199, 7.977279923499917, 7.882643049361842, 7.820178962415188, 7.651051691178928, 7.930737337562887, 8.087462841250339, 8.169925001442312, 7.189824558880018, 7.882643049361842, 8.335390354693924, 8.588714635582264, 8.266786540694902], [8.0, 7.636624620543649, 7.2761244052742375, 6.894817763307944, 6.20945336562895, 6.169925001442312, 6.918863237274595, 8.076815597050832, 7.936637939002571, 8.451211111832329, 7.971543553950772, 7.882643049361842, 7.900866807980749, 7.900866807980749, 7.971543553950772, 8.303780748177102, 8.03342300153745, 8.055282435501189, 8.060695931687555, 8.483815777264256, 8.388017285345136, 8.483815777264256, 8.479780264029099, 8.335390354693924], [7.876516946564999, 7.562242424221073, 7.22881869049588, 6.584962500721156, 6.339850002884624, 5.727920454563199, 6.7414669864011465, 7.7481928495894605, 7.845490050944376, 8.038918989292302, 7.813781191217037, 7.636624620543649, 7.636624620543649, 7.851749041416058, 7.876516946564999, 7.832890014164741, 7.7481928495894605, 7.794415866350106, 8.098032082960527, 7.813781191217037, 5.78135971352466, 8.184875342908283, 8.164906926675688, 8.044394119358454], [7.787902559391432, 7.434628227636725, 7.539158811108031, 6.965784284662087, 5.882643049361842, 6.0, 6.820178962415188, 7.807354922057604, 8.179909090014934, 8.247927513443585, 7.774787059601174, 7.672425341971495, 7.734709620225838, 7.918863237274595, 7.906890595608519, 7.918863237274595, 7.845490050944376, 8.092757140919852, 8.066089190457772, 8.467605550082997, 8.400879436282183, 8.447083226209653, 8.467605550082997, 8.280770770130603], [8.113742166049189, 7.774787059601174, 7.60733031374961, 6.768184324776926, 6.357552004618084, 6.044394119358453, 6.857980995127572, 7.876516946564999, 7.894817763307944, 8.339850002884624, 7.857980995127572, 7.774787059601174, 7.888743248898259, 7.800899899920305, 7.845490050944376, 8.071462362556623, 7.912889336229962, 8.103287808412022, 8.184875342908283, 8.546894459887637, 8.487840033823051, 8.330916878114618, 8.451211111832329, 8.303780748177102], [7.9600019320680815, 7.936637939002571, 7.857980995127572, 7.392317422778761, 6.6293566200796095, 6.087462841250339, 6.768184324776926, 7.383704292474052, 7.94251450533924, 7.870364719583405, 7.6653359171851765, 7.832890014164741, 7.888743248898259, 8.022367813028454, 7.86418614465428, 7.734709620225838, 8.03342300153745, 7.912889336229962, 7.800899899920305, 8.118941072723507, 8.044394119358454, 8.144658242831882, 8.257387842692651, 8.204571144249204], [8.134426320220927, 7.94251450533924, 7.7481928495894605, 7.118941072723508, 7.044394119358453, 5.906890595608519, 6.459431618637297, 7.022367813028454, 7.434628227636725, 7.546894459887636, 7.467605550082998, 7.7073591320808825, 7.906890595608519, 7.774787059601174, 7.912889336229962, 7.936637939002571, 7.870364719583405, 7.9886846867721655, 8.113742166049189, 8.20945336562895, 8.388017285345136, 8.550746785383243, 8.262094845370179, 8.044394119358454]]}