{"min": 0, "max": 11.000704269011246, "pieData": [[7.467605550082998, 7.066089190457772, 6.3750394313469245, 5.584962500721156, 5.321928094887363, 5.321928094887363, 7.159871336778389, 8.405141463136344, 8.988684686772165, 8.826548487290914, 8.599912842187127, 8.294620748891628, 8.087462841250339, 8.335390354693924, 8.426264754702098, 8.45532722030456, 8.366322214245816, 8.103287808412022, 8.098032082960527, 7.392317422778761, 7.78135971352466, 8.471675214392045, 8.31741261376487, 7.9600019320680815], [7.622051819456376, 7.1799090900149345, 6.614709844115208, 6.285402218862249, 6.0, 5.643856189774724, 7.219168520462161, 8.29920801838728, 8.991521846075695, 8.851749041416058, 8.57742882803575, 8.434628227636725, 8.108524456778168, 8.326429487122303, 8.303780748177102, 8.562242424221072, 8.491853096329674, 8.321928094887362, 8.308339030139408, 8.804131021183318, 8.499845887083206, 8.422064766172813, 8.430452551665532, 7.94251450533924], [7.577428828035749, 7.011227255423254, 6.303780748177103, 6.129283016944966, 5.584962500721156, 5.392317422778761, 7.022367813028454, 8.413627929024173, 8.717676423066397, 8.60733031374961, 8.011227255423254, 8.228818690495881, 8.087462841250339, 8.08214904135387, 8.39231742277876, 8.124121311829187, 8.285402218862249, 8.049848549450562, 8.353146825498083, 8.375039431346925, 5.614709844115208, 8.361943773735241, 8.049848549450562, 7.78135971352466], [7.554588851677638, 6.977279923499917, 6.569855608330948, 5.807354922057604, 5.78135971352466, 5.672425341971495, 6.807354922057604, 8.134426320220927, 8.79766152585376, 8.721099188707186, 8.344295907915816, 8.247927513443585, 7.971543553950772, 8.262094845370179, 8.204571144249204, 8.31741261376487, 8.247927513443585, 8.214319120800766, 8.348728154231077, 8.467605550082997, 8.294620748891628, 8.308339030139408, 8.214319120800766, 7.894817763307944], [7.721099188707186, 7.257387842692652, 6.977279923499917, 5.977279923499917, 5.930737337562887, 5.78135971352466, 6.584962500721156, 8.285402218862249, 8.930737337562887, 8.88264304936184, 8.409390936137703, 8.507794640198696, 8.005624549193879, 7.9886846867721655, 8.280770770130603, 8.204571144249204, 8.29920801838728, 8.164906926675688, 8.417852514885897, 8.92184093707449, 8.405141463136344, 8.471675214392045, 8.375039431346925, 8.092757140919852], [7.851749041416058, 7.614709844115208, 7.098032082960526, 6.894817763307944, 6.149747119504682, 5.930737337562887, 6.870364719583405, 7.539158811108031, 8.233619676759702, 8.290018846932618, 8.189824558880018, 8.290018846932618, 7.820178962415188, 7.971543553950772, 8.08214904135387, 8.005624549193879, 7.800899899920305, 7.832890014164741, 8.103287808412022, 8.194756854422248, 8.0, 8.154818109052105, 8.076815597050832, 7.965784284662087], [7.6653359171851765, 7.491853096329675, 7.2384047393250786, 6.266786540694901, 5.882643049361842, 4.906890595608519, 6.247927513443585, 7.076815597050831, 7.888743248898259, 7.9600019320680815, 7.894817763307944, 7.7414669864011465, 7.839203788096944, 8.011227255423254, 8.066089190457772, 7.86418614465428, 7.845490050944376, 8.055282435501189, 8.271463027904375, 8.379378367071261, 8.321928094887362, 8.409390936137703, 8.20945336562895, 7.721099188707186]]}