{"min": 0, "max": 11.000704269011246, "pieData": [[4.807354922057604, 3.700439718141092, 3.4594316186372973, 3.321928094887362, 3.169925001442312, 3.0, 4.700439718141093, 6.727920454563199, 7.149747119504682, 7.285402218862249, 6.266786540694901, 5.930737337562887, 6.266786540694901, 6.409390936137702, 6.392317422778761, 6.149747119504682, 6.3750394313469245, 6.554588851677638, 6.714245517666122, 5.044394119358453, 5.754887502163468, 6.475733430966398, 6.189824558880018, 5.906890595608519], [5.129283016944966, 5.169925001442312, 3.9068905956085187, 3.584962500721156, 3.700439718141092, 2.0, 4.523561956057013, 6.459431618637297, 7.159871336778389, 6.832890014164741, 6.087462841250339, 6.20945336562895, 6.266786540694901, 6.392317422778761, 6.599912842187128, 6.321928094887363, 6.459431618637297, 6.339850002884624, 6.285402218862249, 6.6865005271832185, 6.189824558880018, 6.614709844115208, 6.066089190457772, 5.426264754702098], [5.087462841250339, 5.0, 3.807354922057604, 3.9068905956085187, 2.584962500721156, 2.807354922057604, 4.169925001442312, 6.189824558880018, 7.098032082960526, 6.523561956057013, 6.3750394313469245, 6.20945336562895, 6.169925001442312, 6.303780748177103, 6.475733430966398, 5.954196310386875, 6.189824558880018, 6.22881869049588, 6.357552004618084, 6.285402218862249, 4.0, 6.189824558880018, 6.044394119358453, 5.672425341971495], [4.906890595608519, 4.584962500721156, 4.523561956057013, 3.0, 2.807354922057604, 2.584962500721156, 4.643856189774724, 6.727920454563199, 7.507794640198696, 7.159871336778389, 6.409390936137702, 6.149747119504682, 6.426264754702098, 6.266786540694901, 6.321928094887363, 6.658211482751795, 6.392317422778761, 6.507794640198696, 6.714245517666122, 6.614709844115208, 6.409390936137702, 6.754887502163468, 6.554588851677638, 5.523561956057013], [5.357552004618084, 4.392317422778761, 4.0, 3.584962500721156, 1.0, 3.0, 5.169925001442312, 6.357552004618084, 7.022367813028454, 6.954196310386875, 6.768184324776926, 6.409390936137702, 6.0, 6.3750394313469245, 6.409390936137702, 6.087462841250339, 6.285402218862249, 6.523561956057013, 6.768184324776926, 6.599912842187128, 6.044394119358453, 6.409390936137702, 6.491853096329675, 5.459431618637297], [5.78135971352466, 4.857980995127572, 5.129283016944966, 3.321928094887362, 3.169925001442312, 3.0, 4.459431618637297, 5.321928094887363, 6.569855608330948, 6.0, 5.954196310386875, 5.672425341971495, 5.882643049361842, 6.247927513443585, 6.0, 6.339850002884624, 5.614709844115208, 5.832890014164741, 5.930737337562887, 6.087462841250339, 6.022367813028454, 5.672425341971495, 5.857980995127572, 5.643856189774724], [5.321928094887363, 5.20945336562895, 4.392317422778761, 4.169925001442312, 3.169925001442312, 2.807354922057604, 3.321928094887362, 5.129283016944966, 6.0, 5.882643049361842, 5.700439718141093, 5.832890014164741, 5.643856189774724, 6.044394119358453, 5.643856189774724, 5.906890595608519, 6.066089190457772, 6.149747119504682, 6.20945336562895, 5.614709844115208, 6.357552004618084, 5.930737337562887, 5.614709844115208, 5.087462841250339]]}