{"min": 0, "max": 11.000704269011246, "pieData": [[2.321928094887362, 1.0, 0.0, 0.0, 1.0, 2.321928094887362, 6.475733430966398, 7.366322214245816, 7.159871336778389, 7.754887502163468, 7.392317422778761, 7.312882955284356, 7.066089190457772, 7.22881869049588, 7.011227255423254, 7.169925001442312, 6.794415866350106, 7.312882955284356, 6.94251450533924, 5.700439718141093, 6.3750394313469245, 7.247927513443585, 6.727920454563199, 5.20945336562895], [1.584962500721156, 1.584962500721156, 0.0, 1.584962500721156, 0.0, 1.584962500721156, 5.727920454563199, 6.7414669864011465, 7.066089190457772, 7.515699838284043, 7.577428828035749, 7.159871336778389, 7.03342300153745, 7.247927513443585, 7.20945336562895, 7.22881869049588, 7.189824558880018, 7.357552004618084, 7.303780748177103, 6.754887502163468, 7.303780748177103, 7.266786540694901, 6.807354922057604, 5.392317422778761], [2.321928094887362, 2.321928094887362, 0.0, 1.0, 0.0, 0.0, 5.78135971352466, 6.614709844115208, 7.129283016944966, 7.357552004618084, 7.569855608330948, 7.149747119504682, 7.066089190457772, 7.159871336778389, 7.011227255423254, 6.9886846867721655, 6.78135971352466, 6.918863237274595, 7.098032082960526, 6.930737337562887, 4.954196310386875, 7.03342300153745, 6.599912842187128, 5.523561956057013], [2.584962500721156, 1.0, 1.0, 1.584962500721156, 0.0, 1.0, 5.954196310386875, 6.794415866350106, 7.515699838284043, 7.78135971352466, 7.531381460516312, 7.451211111832329, 6.794415866350106, 7.357552004618084, 7.3750394313469245, 6.930737337562887, 7.2761244052742375, 7.554588851677638, 6.918863237274595, 7.118941072723508, 7.285402218862249, 7.303780748177103, 6.768184324776926, 5.930737337562887], [2.807354922057604, 2.0, 0.0, 1.0, 1.584962500721156, 2.321928094887362, 4.754887502163468, 6.599912842187128, 7.022367813028454, 7.554588851677638, 7.294620748891627, 6.754887502163468, 7.03342300153745, 7.247927513443585, 7.169925001442312, 7.022367813028454, 7.03342300153745, 7.330916878114617, 6.727920454563199, 6.7414669864011465, 7.569855608330948, 7.417852514885898, 7.076815597050831, 5.614709844115208], [2.321928094887362, 0.0, 0.0, 0.0, 1.584962500721156, 0.0, 5.044394119358453, 6.754887502163468, 7.339850002884624, 7.247927513443585, 7.636624620543649, 7.159871336778389, 6.78135971352466, 7.434628227636725, 7.219168520462161, 7.118941072723508, 6.599912842187128, 6.727920454563199, 6.6865005271832185, 7.087462841250339, 7.159871336778389, 7.434628227636725, 6.930737337562887, 5.321928094887363], [1.584962500721156, 2.807354922057604, 1.584962500721156, 0.0, 0.0, 2.0, 5.087462841250339, 6.108524456778169, 6.523561956057013, 7.139551352398794, 7.339850002884624, 7.066089190457772, 7.219168520462161, 6.977279923499917, 7.20945336562895, 7.108524456778169, 6.727920454563199, 7.467605550082998, 6.700439718141093, 7.507794640198696, 7.948367231584678, 8.238404739325079, 7.562242424221073, 5.700439718141093]]}