{"min": 0, "max": 11.000704269011246, "pieData": [[6.044394119358453, 5.247927513443585, 4.807354922057604, 4.169925001442312, 3.4594316186372973, 4.643856189774724, 5.129283016944966, 5.426264754702098, 4.807354922057604, 5.523561956057013, 5.727920454563199, 5.78135971352466, 5.857980995127572, 5.954196310386875, 6.285402218862249, 6.409390936137702, 5.906890595608519, 6.149747119504682, 5.754887502163468, 4.906890595608519, 6.357552004618084, 7.098032082960526, 6.754887502163468, 6.7414669864011465], [6.3750394313469245, 5.754887502163468, 5.169925001442312, 5.169925001442312, 3.584962500721156, 4.169925001442312, 5.0, 5.954196310386875, 4.700439718141093, 5.78135971352466, 6.129283016944966, 6.426264754702098, 6.247927513443585, 6.108524456778169, 6.475733430966398, 6.491853096329675, 6.247927513443585, 6.189824558880018, 5.977279923499917, 6.022367813028454, 6.491853096329675, 6.754887502163468, 6.539158811108031, 6.554588851677638], [6.20945336562895, 5.247927513443585, 4.523561956057013, 4.321928094887363, 3.4594316186372973, 3.584962500721156, 4.523561956057013, 5.491853096329675, 5.20945336562895, 6.044394119358453, 5.807354922057604, 5.727920454563199, 6.149747119504682, 6.022367813028454, 5.491853096329675, 5.426264754702098, 5.78135971352466, 5.930737337562887, 5.857980995127572, 5.044394119358453, 3.321928094887362, 6.247927513443585, 6.523561956057013, 6.339850002884624], [6.321928094887363, 5.247927513443585, 5.044394119358453, 3.9068905956085187, 3.700439718141092, 4.0, 4.754887502163468, 5.392317422778761, 5.426264754702098, 5.930737337562887, 5.832890014164741, 5.672425341971495, 5.672425341971495, 5.754887502163468, 5.882643049361842, 6.149747119504682, 6.303780748177103, 5.906890595608519, 5.807354922057604, 5.857980995127572, 6.392317422778761, 6.569855608330948, 6.599912842187128, 6.285402218862249], [6.459431618637297, 5.754887502163468, 5.247927513443585, 4.459431618637297, 4.247927513443585, 4.169925001442312, 5.129283016944966, 5.954196310386875, 5.614709844115208, 5.357552004618084, 5.392317422778761, 5.882643049361842, 5.700439718141093, 5.672425341971495, 6.442943495848728, 6.20945336562895, 6.20945336562895, 6.169925001442312, 5.727920454563199, 5.392317422778761, 5.727920454563199, 6.266786540694901, 6.022367813028454, 6.266786540694901], [6.339850002884624, 5.643856189774724, 5.491853096329675, 5.0, 4.584962500721156, 4.087462841250339, 4.643856189774724, 5.459431618637297, 5.954196310386875, 5.857980995127572, 5.523561956057013, 5.426264754702098, 5.584962500721156, 6.189824558880018, 5.807354922057604, 6.044394119358453, 5.807354922057604, 5.906890595608519, 5.857980995127572, 5.930737337562887, 5.832890014164741, 5.906890595608519, 5.930737337562887, 6.0], [5.954196310386875, 5.700439718141093, 5.584962500721156, 5.0, 3.9068905956085187, 3.9068905956085187, 4.247927513443585, 4.392317422778761, 5.672425341971495, 5.321928094887363, 5.426264754702098, 5.285402218862249, 5.614709844115208, 5.78135971352466, 5.882643049361842, 5.882643049361842, 5.643856189774724, 6.044394119358453, 5.754887502163468, 5.672425341971495, 6.022367813028454, 6.129283016944966, 6.727920454563199, 6.247927513443585]]}