{"min": 0, "max": 11.000704269011246, "pieData": [[6.044394119358453, 5.285402218862249, 5.044394119358453, 4.954196310386875, 3.4594316186372973, 4.0, 4.247927513443585, 5.087462841250339, 6.357552004618084, 6.475733430966398, 6.339850002884624, 6.129283016944966, 6.539158811108031, 6.087462841250339, 6.022367813028454, 6.22881869049588, 6.149747119504682, 6.169925001442312, 6.066089190457772, 5.491853096329675, 6.087462841250339, 7.20945336562895, 7.169925001442312, 6.906890595608519], [5.977279923499917, 5.882643049361842, 5.285402218862249, 4.0, 3.9068905956085187, 3.321928094887362, 3.807354922057604, 5.807354922057604, 6.475733430966398, 6.6293566200796095, 6.108524456778169, 6.189824558880018, 5.930737337562887, 6.507794640198696, 6.727920454563199, 6.539158811108031, 5.754887502163468, 6.392317422778761, 6.266786540694901, 6.459431618637297, 7.129283016944966, 6.523561956057013, 6.882643049361842, 6.554588851677638], [6.409390936137702, 5.954196310386875, 5.392317422778761, 4.700439718141093, 3.4594316186372973, 2.321928094887362, 3.700439718141092, 5.357552004618084, 6.523561956057013, 6.6293566200796095, 6.442943495848728, 6.022367813028454, 5.643856189774724, 6.409390936137702, 6.20945336562895, 6.189824558880018, 6.149747119504682, 6.066089190457772, 6.20945336562895, 5.807354922057604, 3.169925001442312, 6.247927513443585, 6.475733430966398, 6.22881869049588], [6.169925001442312, 5.882643049361842, 5.247927513443585, 4.087462841250339, 3.321928094887362, 3.9068905956085187, 4.321928094887363, 5.129283016944966, 6.285402218862249, 6.459431618637297, 5.882643049361842, 5.523561956057013, 6.044394119358453, 5.977279923499917, 6.044394119358453, 6.491853096329675, 6.108524456778169, 6.129283016944966, 5.977279923499917, 5.954196310386875, 6.857980995127572, 6.569855608330948, 6.820178962415188, 6.6293566200796095], [6.599912842187128, 5.754887502163468, 5.0, 4.321928094887363, 3.4594316186372973, 2.807354922057604, 4.169925001442312, 4.643856189774724, 6.700439718141093, 6.149747119504682, 5.754887502163468, 6.044394119358453, 5.954196310386875, 6.022367813028454, 6.339850002884624, 6.22881869049588, 6.087462841250339, 6.392317422778761, 5.906890595608519, 5.0, 6.569855608330948, 6.584962500721156, 6.768184324776926, 6.845490050944376], [6.491853096329675, 6.539158811108031, 6.189824558880018, 5.672425341971495, 4.906890595608519, 4.459431618637297, 4.169925001442312, 5.285402218862249, 6.022367813028454, 5.727920454563199, 5.832890014164741, 5.247927513443585, 5.584962500721156, 6.426264754702098, 5.491853096329675, 5.357552004618084, 5.321928094887363, 6.266786540694901, 6.149747119504682, 5.857980995127572, 6.614709844115208, 6.442943495848728, 6.129283016944966, 6.523561956057013], [6.3750394313469245, 5.930737337562887, 5.357552004618084, 5.392317422778761, 3.700439718141092, 2.0, 3.584962500721156, 5.129283016944966, 5.392317422778761, 5.807354922057604, 5.459431618637297, 5.727920454563199, 5.392317422778761, 6.044394119358453, 5.614709844115208, 5.857980995127572, 5.584962500721156, 5.954196310386875, 5.807354922057604, 5.321928094887363, 6.491853096329675, 6.409390936137702, 6.700439718141093, 6.087462841250339]]}