{"min": 0, "max": 11.000704269011246, "pieData": [[2.0, 2.321928094887362, 1.0, 2.321928094887362, 1.584962500721156, 1.0, 3.700439718141092, 4.754887502163468, 4.321928094887363, 4.643856189774724, 4.700439718141093, 3.9068905956085187, 3.9068905956085187, 4.0, 4.459431618637297, 4.523561956057013, 4.700439718141093, 4.321928094887363, 4.857980995127572, 3.584962500721156, 3.0, 4.321928094887363, 4.169925001442312, 4.584962500721156], [2.0, 3.169925001442312, 1.584962500721156, 2.0, 0.0, 1.0, 3.584962500721156, 3.807354922057604, 5.321928094887363, 4.807354922057604, 4.392317422778761, 4.700439718141093, 3.807354922057604, 4.169925001442312, 4.087462841250339, 4.906890595608519, 4.643856189774724, 4.247927513443585, 3.807354922057604, 4.0, 4.087462841250339, 4.459431618637297, 4.0, 4.087462841250339], [3.700439718141092, 3.4594316186372973, 2.584962500721156, 1.0, 2.321928094887362, 1.584962500721156, 2.321928094887362, 3.700439718141092, 5.129283016944966, 4.0, 4.523561956057013, 4.321928094887363, 4.247927513443585, 3.321928094887362, 4.321928094887363, 4.954196310386875, 4.392317422778761, 3.700439718141092, 4.087462841250339, 3.4594316186372973, 0.0, 4.807354922057604, 4.169925001442312, 4.459431618637297], [3.700439718141092, 3.0, 3.321928094887362, 1.584962500721156, 2.807354922057604, 1.0, 3.807354922057604, 3.700439718141092, 4.807354922057604, 4.392317422778761, 4.087462841250339, 4.0, 4.169925001442312, 3.4594316186372973, 4.087462841250339, 4.169925001442312, 4.754887502163468, 4.247927513443585, 3.700439718141092, 4.643856189774724, 4.169925001442312, 5.044394119358453, 4.523561956057013, 4.392317422778761], [3.321928094887362, 3.584962500721156, 2.584962500721156, 0.0, 1.0, 1.584962500721156, 2.584962500721156, 3.700439718141092, 4.523561956057013, 4.754887502163468, 4.459431618637297, 4.392317422778761, 2.807354922057604, 3.9068905956085187, 4.643856189774724, 4.523561956057013, 4.247927513443585, 4.523561956057013, 4.857980995127572, 4.321928094887363, 4.584962500721156, 4.857980995127572, 4.643856189774724, 4.087462841250339], [4.0, 3.321928094887362, 2.321928094887362, 2.0, 1.0, 1.0, 2.0, 3.700439718141092, 4.523561956057013, 3.807354922057604, 4.247927513443585, 4.321928094887363, 3.807354922057604, 4.321928094887363, 4.523561956057013, 3.807354922057604, 4.321928094887363, 4.0, 4.700439718141093, 4.169925001442312, 5.129283016944966, 4.247927513443585, 4.754887502163468, 3.807354922057604], [3.321928094887362, 3.169925001442312, 1.584962500721156, 2.807354922057604, 0.0, 1.0, 2.321928094887362, 3.9068905956085187, 4.857980995127572, 4.0, 4.321928094887363, 4.247927513443585, 4.247927513443585, 3.321928094887362, 4.247927513443585, 3.584962500721156, 3.9068905956085187, 4.584962500721156, 4.954196310386875, 4.523561956057013, 4.247927513443585, 4.321928094887363, 4.392317422778761, 3.584962500721156]]}