{"min": 0, "max": 11.000704269011246, "pieData": [[5.459431618637297, 3.700439718141092, 3.9068905956085187, 2.584962500721156, 2.584962500721156, 2.0, 4.0, 5.426264754702098, 6.584962500721156, 7.0, 6.507794640198696, 6.044394119358453, 4.954196310386875, 5.643856189774724, 6.3750394313469245, 6.22881869049588, 5.672425341971495, 5.832890014164741, 5.882643049361842, 4.169925001442312, 5.247927513443585, 5.672425341971495, 5.20945336562895, 4.807354922057604], [4.584962500721156, 4.643856189774724, 3.9068905956085187, 3.321928094887362, 2.807354922057604, 2.321928094887362, 3.807354922057604, 5.727920454563199, 6.087462841250339, 6.285402218862249, 6.129283016944966, 5.906890595608519, 5.392317422778761, 5.832890014164741, 6.357552004618084, 6.475733430966398, 6.087462841250339, 6.066089190457772, 6.108524456778169, 6.108524456778169, 5.977279923499917, 5.672425341971495, 5.491853096329675, 4.906890595608519], [4.807354922057604, 4.247927513443585, 4.643856189774724, 3.0, 0.0, 1.584962500721156, 2.321928094887362, 5.129283016944966, 6.20945336562895, 6.129283016944966, 6.149747119504682, 5.285402218862249, 5.523561956057013, 5.672425341971495, 6.3750394313469245, 5.523561956057013, 5.727920454563199, 6.149747119504682, 5.426264754702098, 5.0, 3.0, 5.523561956057013, 5.247927513443585, 4.392317422778761], [4.459431618637297, 4.459431618637297, 4.392317422778761, 3.169925001442312, 3.321928094887362, 2.321928094887362, 3.700439718141092, 5.285402218862249, 5.643856189774724, 6.022367813028454, 6.20945336562895, 5.832890014164741, 5.20945336562895, 5.459431618637297, 5.523561956057013, 5.754887502163468, 5.857980995127572, 5.954196310386875, 6.066089190457772, 5.459431618637297, 5.954196310386875, 5.554588851677638, 5.426264754702098, 4.807354922057604], [4.643856189774724, 4.523561956057013, 3.584962500721156, 2.584962500721156, 2.0, 2.584962500721156, 3.4594316186372973, 5.044394119358453, 5.954196310386875, 6.321928094887363, 6.392317422778761, 6.044394119358453, 5.321928094887363, 5.727920454563199, 5.857980995127572, 5.857980995127572, 5.78135971352466, 5.672425341971495, 6.475733430966398, 6.066089190457772, 5.614709844115208, 5.807354922057604, 6.189824558880018, 5.0], [5.0, 4.857980995127572, 4.523561956057013, 1.584962500721156, 1.0, 2.0, 3.169925001442312, 4.643856189774724, 5.754887502163468, 5.78135971352466, 6.022367813028454, 5.20945336562895, 5.426264754702098, 5.977279923499917, 5.906890595608519, 5.643856189774724, 6.022367813028454, 5.392317422778761, 5.807354922057604, 5.727920454563199, 5.643856189774724, 5.321928094887363, 5.491853096329675, 5.044394119358453], [5.129283016944966, 4.247927513443585, 4.392317422778761, 4.321928094887363, 3.169925001442312, 3.169925001442312, 4.321928094887363, 4.247927513443585, 5.672425341971495, 5.754887502163468, 5.807354922057604, 5.727920454563199, 5.426264754702098, 5.977279923499917, 5.727920454563199, 5.832890014164741, 5.930737337562887, 5.169925001442312, 5.832890014164741, 5.906890595608519, 5.807354922057604, 5.700439718141093, 5.044394119358453, 5.392317422778761]]}