{"min": 0, "max": 11.000704269011246, "pieData": [[5.906890595608519, 5.491853096329675, 4.906890595608519, 4.087462841250339, 3.4594316186372973, 3.9068905956085187, 4.700439718141093, 4.906890595608519, 5.614709844115208, 6.044394119358453, 5.832890014164741, 5.727920454563199, 5.954196310386875, 5.78135971352466, 6.169925001442312, 6.247927513443585, 5.459431618637297, 6.087462841250339, 6.108524456778169, 4.754887502163468, 5.285402218862249, 5.954196310386875, 6.108524456778169, 5.584962500721156], [5.643856189774724, 5.426264754702098, 5.247927513443585, 4.392317422778761, 3.169925001442312, 3.321928094887362, 4.169925001442312, 5.129283016944966, 5.807354922057604, 5.832890014164741, 6.066089190457772, 5.700439718141093, 5.392317422778761, 5.954196310386875, 6.087462841250339, 5.491853096329675, 5.321928094887363, 5.614709844115208, 6.022367813028454, 5.954196310386875, 6.169925001442312, 6.20945336562895, 5.554588851677638, 5.727920454563199], [5.044394119358453, 5.087462841250339, 4.954196310386875, 3.700439718141092, 3.321928094887362, 3.807354922057604, 4.321928094887363, 4.807354922057604, 5.169925001442312, 5.321928094887363, 6.0, 5.584962500721156, 5.426264754702098, 5.700439718141093, 5.807354922057604, 5.643856189774724, 5.754887502163468, 5.727920454563199, 5.727920454563199, 5.129283016944966, 3.321928094887362, 5.754887502163468, 5.727920454563199, 5.392317422778761], [5.20945336562895, 5.392317422778761, 5.0, 4.247927513443585, 3.700439718141092, 4.087462841250339, 4.0, 4.643856189774724, 5.523561956057013, 5.554588851677638, 5.523561956057013, 5.426264754702098, 4.643856189774724, 5.672425341971495, 5.807354922057604, 6.0, 5.78135971352466, 6.22881869049588, 5.754887502163468, 5.930737337562887, 6.20945336562895, 5.614709844115208, 5.459431618637297, 5.321928094887363], [6.022367813028454, 5.727920454563199, 5.247927513443585, 4.584962500721156, 4.169925001442312, 3.700439718141092, 4.392317422778761, 5.129283016944966, 5.169925001442312, 6.189824558880018, 5.78135971352466, 5.614709844115208, 5.20945336562895, 5.357552004618084, 5.672425341971495, 5.977279923499917, 5.700439718141093, 5.78135971352466, 6.129283016944966, 5.614709844115208, 6.266786540694901, 6.044394119358453, 5.754887502163468, 5.78135971352466], [5.247927513443585, 5.285402218862249, 5.321928094887363, 4.523561956057013, 4.0, 3.9068905956085187, 3.321928094887362, 5.321928094887363, 5.169925001442312, 5.392317422778761, 5.554588851677638, 5.643856189774724, 5.392317422778761, 5.906890595608519, 5.930737337562887, 5.584962500721156, 5.754887502163468, 5.954196310386875, 6.303780748177103, 5.977279923499917, 5.832890014164741, 5.832890014164741, 5.614709844115208, 5.807354922057604], [5.727920454563199, 5.129283016944966, 5.129283016944966, 4.754887502163468, 4.0, 3.700439718141092, 2.584962500721156, 4.857980995127572, 5.491853096329675, 5.700439718141093, 5.727920454563199, 5.584962500721156, 5.554588851677638, 5.491853096329675, 5.285402218862249, 5.930737337562887, 5.930737337562887, 5.882643049361842, 6.087462841250339, 5.584962500721156, 6.0, 5.700439718141093, 6.0, 5.321928094887363]]}