{"min": 0, "max": 11.000704269011246, "pieData": [[5.672425341971495, 4.754887502163468, 4.807354922057604, 3.807354922057604, 2.584962500721156, 4.169925001442312, 5.357552004618084, 6.357552004618084, 6.189824558880018, 6.906890595608519, 6.643856189774724, 6.672425341971495, 6.794415866350106, 6.977279923499917, 7.05528243550119, 7.247927513443585, 7.108524456778169, 7.118941072723508, 7.022367813028454, 5.807354922057604, 6.022367813028454, 6.614709844115208, 6.321928094887363, 6.044394119358453], [5.247927513443585, 5.129283016944966, 4.584962500721156, 4.321928094887363, 3.9068905956085187, 3.0, 4.807354922057604, 6.169925001442312, 6.3750394313469245, 6.658211482751795, 7.303780748177103, 6.918863237274595, 6.584962500721156, 6.857980995127572, 6.965784284662087, 6.94251450533924, 6.894817763307944, 6.714245517666122, 6.807354922057604, 6.9886846867721655, 7.0, 6.658211482751795, 6.285402218862249, 5.727920454563199], [5.129283016944966, 5.321928094887363, 4.754887502163468, 3.9068905956085187, 3.4594316186372973, 4.169925001442312, 4.087462841250339, 5.727920454563199, 5.977279923499917, 6.475733430966398, 6.584962500721156, 6.820178962415188, 6.357552004618084, 6.754887502163468, 7.169925001442312, 6.658211482751795, 6.94251450533924, 6.794415866350106, 6.658211482751795, 6.569855608330948, 3.700439718141092, 6.6293566200796095, 6.3750394313469245, 5.954196310386875], [5.459431618637297, 5.20945336562895, 4.906890595608519, 4.169925001442312, 2.584962500721156, 3.700439718141092, 4.954196310386875, 6.022367813028454, 6.554588851677638, 6.794415866350106, 6.599912842187128, 6.392317422778761, 6.459431618637297, 6.768184324776926, 6.7414669864011465, 6.672425341971495, 6.870364719583405, 6.78135971352466, 6.491853096329675, 6.507794640198696, 6.700439718141093, 6.475733430966398, 6.22881869049588, 5.426264754702098], [5.357552004618084, 5.20945336562895, 4.954196310386875, 4.700439718141093, 3.4594316186372973, 3.0, 4.584962500721156, 5.930737337562887, 6.149747119504682, 6.954196310386875, 6.807354922057604, 6.584962500721156, 6.3750394313469245, 6.820178962415188, 7.044394119358453, 7.139551352398794, 6.94251450533924, 6.6865005271832185, 6.845490050944376, 6.857980995127572, 6.754887502163468, 6.820178962415188, 6.20945336562895, 5.906890595608519], [5.700439718141093, 5.20945336562895, 5.0, 4.169925001442312, 4.0, 4.700439718141093, 5.044394119358453, 5.807354922057604, 6.20945336562895, 6.539158811108031, 6.426264754702098, 6.977279923499917, 6.569855608330948, 6.906890595608519, 7.1799090900149345, 7.022367813028454, 7.0, 6.754887502163468, 6.882643049361842, 6.614709844115208, 7.011227255423254, 6.820178962415188, 6.643856189774724, 6.044394119358453], [6.044394119358453, 5.285402218862249, 5.044394119358453, 4.954196310386875, 3.0, 4.169925001442312, 5.169925001442312, 5.727920454563199, 6.700439718141093, 6.768184324776926, 7.011227255423254, 6.584962500721156, 6.714245517666122, 7.076815597050831, 7.03342300153745, 7.076815597050831, 6.6865005271832185, 6.94251450533924, 6.832890014164741, 6.94251450533924, 6.700439718141093, 6.554588851677638, 6.129283016944966, 6.044394119358453]]}