{"min": 0, "max": 11.000704269011246, "pieData": [[5.78135971352466, 5.169925001442312, 4.700439718141093, 3.700439718141092, 2.321928094887362, 3.584962500721156, 4.169925001442312, 5.614709844115208, 5.857980995127572, 6.022367813028454, 5.954196310386875, 5.906890595608519, 5.523561956057013, 5.554588851677638, 5.954196310386875, 6.0, 6.0, 5.614709844115208, 6.149747119504682, 5.044394119358453, 5.930737337562887, 5.954196310386875, 6.0, 5.643856189774724], [5.672425341971495, 5.426264754702098, 5.169925001442312, 4.857980995127572, 3.169925001442312, 4.0, 3.4594316186372973, 5.087462841250339, 5.78135971352466, 5.857980995127572, 5.930737337562887, 5.523561956057013, 5.584962500721156, 6.266786540694901, 5.78135971352466, 5.930737337562887, 5.392317422778761, 5.882643049361842, 5.954196310386875, 5.321928094887363, 5.906890595608519, 6.022367813028454, 6.22881869049588, 5.954196310386875], [5.0, 5.357552004618084, 4.584962500721156, 4.392317422778761, 3.321928094887362, 3.9068905956085187, 2.321928094887362, 4.754887502163468, 5.459431618637297, 5.20945336562895, 5.954196310386875, 5.727920454563199, 5.169925001442312, 5.930737337562887, 5.584962500721156, 5.78135971352466, 5.930737337562887, 5.954196310386875, 5.807354922057604, 6.022367813028454, 3.321928094887362, 5.882643049361842, 5.614709844115208, 5.977279923499917], [5.491853096329675, 5.491853096329675, 5.087462841250339, 4.584962500721156, 3.807354922057604, 3.321928094887362, 4.169925001442312, 5.491853096329675, 5.20945336562895, 5.78135971352466, 5.700439718141093, 5.491853096329675, 5.459431618637297, 5.392317422778761, 5.614709844115208, 5.614709844115208, 5.977279923499917, 6.0, 6.0, 6.087462841250339, 5.954196310386875, 5.754887502163468, 5.727920454563199, 5.807354922057604], [5.523561956057013, 5.20945336562895, 5.357552004618084, 4.321928094887363, 4.392317422778761, 3.321928094887362, 3.321928094887362, 5.20945336562895, 6.044394119358453, 6.189824558880018, 5.857980995127572, 5.672425341971495, 5.807354922057604, 5.672425341971495, 5.930737337562887, 6.044394119358453, 5.807354922057604, 5.754887502163468, 5.700439718141093, 5.882643049361842, 5.977279923499917, 6.0, 6.022367813028454, 5.459431618637297], [5.906890595608519, 5.459431618637297, 5.392317422778761, 4.0, 3.807354922057604, 3.700439718141092, 2.584962500721156, 5.523561956057013, 5.087462841250339, 5.392317422778761, 5.78135971352466, 5.491853096329675, 5.643856189774724, 5.882643049361842, 5.672425341971495, 5.727920454563199, 5.459431618637297, 6.044394119358453, 5.906890595608519, 5.584962500721156, 5.906890595608519, 6.108524456778169, 6.149747119504682, 5.727920454563199], [5.491853096329675, 6.022367813028454, 5.321928094887363, 4.754887502163468, 3.9068905956085187, 3.169925001442312, 3.584962500721156, 4.807354922057604, 5.426264754702098, 5.523561956057013, 5.78135971352466, 6.0, 5.285402218862249, 5.357552004618084, 5.614709844115208, 5.857980995127572, 5.78135971352466, 5.584962500721156, 6.189824558880018, 5.491853096329675, 5.882643049361842, 5.672425341971495, 5.614709844115208, 5.554588851677638]]}