{"min": 0, "max": 11.000704269011246, "pieData": [[2.584962500721156, 2.321928094887362, 2.321928094887362, 1.584962500721156, 1.584962500721156, 0.0, 1.0, 2.807354922057604, 2.584962500721156, 3.0, 2.807354922057604, 2.807354922057604, 2.584962500721156, 1.584962500721156, 2.807354922057604, 3.169925001442312, 2.584962500721156, 2.0, 1.584962500721156, 0.0, 1.0, 2.0, 1.584962500721156, 1.0], [1.0, 1.0, 1.0, 1.0, 0.0, 0.0, 1.0, 2.321928094887362, 2.0, 2.584962500721156, 2.807354922057604, 2.807354922057604, 2.0, 4.857980995127572, 4.0, 2.807354922057604, 2.0, 2.807354922057604, 2.807354922057604, 2.321928094887362, 2.321928094887362, 2.0, 2.0, 2.0], [2.584962500721156, 2.0, 1.584962500721156, 0.0, 0.0, 0.0, 0.0, 0.0, 1.584962500721156, 2.807354922057604, 1.0, 3.0, 1.584962500721156, 2.0, 2.584962500721156, 0.0, 1.0, 2.321928094887362, 1.0, 1.584962500721156, 0.0, 2.321928094887362, 3.0, 1.584962500721156], [2.0, 2.321928094887362, 0.0, 1.0, 0.0, 1.0, 0.0, 2.0, 2.321928094887362, 1.0, 2.584962500721156, 2.321928094887362, 0.0, 1.584962500721156, 2.321928094887362, 2.321928094887362, 1.0, 2.584962500721156, 2.807354922057604, 3.321928094887362, 2.321928094887362, 1.0, 2.0, 2.584962500721156], [2.0, 1.0, 2.321928094887362, 2.321928094887362, 0.0, 0.0, 1.0, 1.584962500721156, 4.087462841250339, 1.0, 2.807354922057604, 2.321928094887362, 3.321928094887362, 5.044394119358453, 1.0, 2.321928094887362, 2.321928094887362, 2.584962500721156, 3.0, 2.321928094887362, 2.0, 1.584962500721156, 1.0, 2.0], [2.321928094887362, 1.0, 0.0, 0.0, 0.0, 0.0, 1.0, 2.321928094887362, 3.0, 2.584962500721156, 2.321928094887362, 1.584962500721156, 2.321928094887362, 4.643856189774724, 1.584962500721156, 3.0, 2.321928094887362, 2.0, 2.584962500721156, 2.0, 2.0, 2.0, 2.0, 2.0], [2.584962500721156, 1.584962500721156, 2.0, 0.0, 0.0, 0.0, 0.0, 2.321928094887362, 2.0, 2.584962500721156, 1.0, 2.0, 1.584962500721156, 3.0, 2.807354922057604, 2.584962500721156, 2.0, 1.0, 2.321928094887362, 1.0, 1.0, 2.807354922057604, 1.584962500721156, 1.0]]}