{"min": 0, "max": 11.000704269011246, "pieData": [[5.129283016944966, 5.087462841250339, 4.857980995127572, 3.700439718141092, 4.321928094887363, 4.700439718141093, 5.357552004618084, 6.285402218862249, 6.599912842187128, 6.727920454563199, 6.977279923499917, 6.426264754702098, 6.22881869049588, 6.285402218862249, 6.491853096329675, 6.247927513443585, 5.78135971352466, 5.977279923499917, 6.339850002884624, 5.0, 5.807354922057604, 6.044394119358453, 5.643856189774724, 5.672425341971495], [5.285402218862249, 4.857980995127572, 4.700439718141093, 4.643856189774724, 4.392317422778761, 4.392317422778761, 5.614709844115208, 5.882643049361842, 6.357552004618084, 6.768184324776926, 6.807354922057604, 6.554588851677638, 6.459431618637297, 6.442943495848728, 6.392317422778761, 6.189824558880018, 5.857980995127572, 6.108524456778169, 6.409390936137702, 5.882643049361842, 5.491853096329675, 5.672425341971495, 5.78135971352466, 5.491853096329675], [5.0, 3.807354922057604, 3.807354922057604, 3.584962500721156, 2.807354922057604, 4.087462841250339, 4.584962500721156, 5.807354922057604, 6.149747119504682, 6.285402218862249, 6.459431618637297, 6.285402218862249, 6.022367813028454, 6.247927513443585, 6.426264754702098, 6.339850002884624, 6.0, 5.882643049361842, 5.554588851677638, 5.700439718141093, 3.584962500721156, 5.832890014164741, 5.426264754702098, 5.321928094887363], [5.087462841250339, 4.584962500721156, 5.044394119358453, 5.857980995127572, 6.022367813028454, 5.977279923499917, 5.20945336562895, 6.044394119358453, 6.6293566200796095, 6.129283016944966, 6.087462841250339, 6.066089190457772, 5.807354922057604, 5.977279923499917, 6.129283016944966, 6.087462841250339, 6.247927513443585, 5.807354922057604, 6.169925001442312, 5.977279923499917, 5.523561956057013, 5.643856189774724, 4.643856189774724, 4.807354922057604], [5.129283016944966, 4.643856189774724, 3.584962500721156, 4.857980995127572, 4.0, 3.321928094887362, 4.169925001442312, 5.930737337562887, 6.189824558880018, 6.303780748177103, 6.149747119504682, 6.087462841250339, 6.108524456778169, 5.954196310386875, 6.087462841250339, 5.930737337562887, 6.044394119358453, 5.672425341971495, 5.727920454563199, 6.087462841250339, 5.727920454563199, 5.20945336562895, 5.584962500721156, 5.459431618637297], [4.857980995127572, 5.0, 4.954196310386875, 4.0, 4.087462841250339, 4.321928094887363, 5.169925001442312, 6.0, 6.6293566200796095, 6.6865005271832185, 6.584962500721156, 6.491853096329675, 6.189824558880018, 6.339850002884624, 6.643856189774724, 6.189824558880018, 6.845490050944376, 6.022367813028454, 6.20945336562895, 6.129283016944966, 5.807354922057604, 5.584962500721156, 5.857980995127572, 5.357552004618084], [5.554588851677638, 5.614709844115208, 4.857980995127572, 4.169925001442312, 4.392317422778761, 3.9068905956085187, 4.700439718141093, 5.672425341971495, 6.149747119504682, 6.554588851677638, 6.882643049361842, 5.727920454563199, 5.491853096329675, 5.977279923499917, 6.321928094887363, 5.857980995127572, 6.044394119358453, 5.754887502163468, 6.108524456778169, 6.149747119504682, 6.247927513443585, 5.832890014164741, 5.554588851677638, 5.614709844115208]]}