{"min": 0, "max": 11.000704269011246, "pieData": [[6.392317422778761, 5.672425341971495, 6.066089190457772, 5.392317422778761, 4.807354922057604, 4.247927513443585, 5.554588851677638, 6.392317422778761, 6.321928094887363, 6.768184324776926, 6.930737337562887, 6.129283016944966, 6.20945336562895, 6.0, 6.569855608330948, 6.357552004618084, 6.087462841250339, 6.129283016944966, 6.539158811108031, 5.044394119358453, 6.129283016944966, 6.672425341971495, 6.569855608330948, 6.129283016944966], [6.189824558880018, 5.906890595608519, 5.459431618637297, 5.491853096329675, 4.857980995127572, 4.392317422778761, 4.459431618637297, 6.78135971352466, 6.20945336562895, 6.266786540694901, 6.285402218862249, 6.189824558880018, 6.169925001442312, 5.78135971352466, 6.149747119504682, 6.189824558880018, 6.066089190457772, 5.807354922057604, 6.584962500721156, 6.507794640198696, 6.3750394313469245, 6.794415866350106, 6.768184324776926, 6.357552004618084], [6.339850002884624, 5.426264754702098, 5.727920454563199, 5.20945336562895, 3.807354922057604, 4.247927513443585, 4.807354922057604, 6.169925001442312, 6.339850002884624, 6.409390936137702, 6.285402218862249, 5.78135971352466, 5.807354922057604, 5.807354922057604, 6.20945336562895, 6.189824558880018, 5.882643049361842, 6.022367813028454, 6.392317422778761, 6.285402218862249, 3.584962500721156, 6.614709844115208, 6.459431618637297, 6.22881869049588], [5.832890014164741, 5.977279923499917, 5.832890014164741, 5.247927513443585, 4.523561956057013, 4.0, 4.954196310386875, 6.087462841250339, 6.475733430966398, 5.614709844115208, 5.882643049361842, 5.727920454563199, 5.882643049361842, 5.554588851677638, 5.906890595608519, 6.285402218862249, 5.754887502163468, 6.189824558880018, 6.523561956057013, 6.523561956057013, 6.768184324776926, 6.539158811108031, 6.6293566200796095, 6.442943495848728], [6.189824558880018, 6.087462841250339, 5.906890595608519, 5.857980995127572, 4.392317422778761, 4.169925001442312, 4.392317422778761, 6.584962500721156, 6.266786540694901, 6.169925001442312, 6.266786540694901, 5.954196310386875, 6.022367813028454, 6.357552004618084, 6.066089190457772, 6.303780748177103, 6.169925001442312, 6.044394119358453, 6.169925001442312, 7.05528243550119, 6.507794640198696, 6.459431618637297, 6.339850002884624, 6.149747119504682], [6.392317422778761, 6.285402218862249, 5.754887502163468, 5.554588851677638, 5.044394119358453, 4.0, 5.0, 6.189824558880018, 6.599912842187128, 6.857980995127572, 6.643856189774724, 6.409390936137702, 6.108524456778169, 6.442943495848728, 6.339850002884624, 6.129283016944966, 6.409390936137702, 6.614709844115208, 6.794415866350106, 6.022367813028454, 6.554588851677638, 6.7414669864011465, 6.658211482751795, 6.6293566200796095], [6.321928094887363, 6.303780748177103, 6.087462841250339, 5.807354922057604, 4.857980995127572, 4.906890595608519, 4.584962500721156, 5.584962500721156, 6.149747119504682, 6.247927513443585, 6.247927513443585, 6.169925001442312, 6.303780748177103, 5.857980995127572, 6.303780748177103, 6.20945336562895, 5.807354922057604, 6.22881869049588, 6.614709844115208, 6.169925001442312, 6.539158811108031, 6.643856189774724, 6.285402218862249, 6.599912842187128]]}