{"min": 0, "max": 11.000704269011246, "pieData": [[4.954196310386875, 3.169925001442312, 3.700439718141092, 2.807354922057604, 2.321928094887362, 1.0, 4.087462841250339, 6.169925001442312, 5.906890595608519, 5.857980995127572, 5.672425341971495, 5.087462841250339, 5.169925001442312, 5.20945336562895, 5.643856189774724, 5.044394119358453, 4.523561956057013, 4.392317422778761, 5.285402218862249, 4.754887502163468, 4.643856189774724, 5.584962500721156, 4.906890595608519, 5.0], [4.169925001442312, 3.169925001442312, 4.0, 3.0, 2.321928094887362, 1.584962500721156, 3.807354922057604, 5.906890595608519, 5.78135971352466, 5.807354922057604, 5.357552004618084, 5.285402218862249, 4.857980995127572, 5.0, 5.321928094887363, 5.491853096329675, 4.954196310386875, 4.459431618637297, 4.700439718141093, 5.727920454563199, 5.247927513443585, 5.523561956057013, 5.20945336562895, 5.0], [3.807354922057604, 2.584962500721156, 3.4594316186372973, 2.0, 2.321928094887362, 2.321928094887362, 3.321928094887362, 5.906890595608519, 6.022367813028454, 5.169925001442312, 5.247927513443585, 5.285402218862249, 4.584962500721156, 5.321928094887363, 5.129283016944966, 4.643856189774724, 4.0, 5.087462841250339, 5.0, 5.0, 3.321928094887362, 5.700439718141093, 4.459431618637297, 4.584962500721156], [3.700439718141092, 3.584962500721156, 3.4594316186372973, 3.321928094887362, 3.169925001442312, 3.0, 3.9068905956085187, 6.022367813028454, 5.754887502163468, 5.700439718141093, 5.426264754702098, 4.584962500721156, 5.0, 5.129283016944966, 5.523561956057013, 5.672425341971495, 4.906890595608519, 4.754887502163468, 4.807354922057604, 5.727920454563199, 5.727920454563199, 5.459431618637297, 5.285402218862249, 4.954196310386875], [3.0, 3.169925001442312, 3.0, 2.0, 2.584962500721156, 2.807354922057604, 3.700439718141092, 6.3750394313469245, 5.754887502163468, 5.523561956057013, 5.882643049361842, 5.044394119358453, 4.523561956057013, 4.754887502163468, 5.459431618637297, 4.906890595608519, 3.807354922057604, 4.857980995127572, 4.643856189774724, 5.321928094887363, 5.357552004618084, 5.727920454563199, 4.954196310386875, 5.129283016944966], [4.643856189774724, 4.700439718141093, 2.0, 2.807354922057604, 3.0, 3.0, 2.321928094887362, 6.066089190457772, 6.0, 5.906890595608519, 5.392317422778761, 4.857980995127572, 4.906890595608519, 4.754887502163468, 5.20945336562895, 5.044394119358453, 5.044394119358453, 5.285402218862249, 4.906890595608519, 5.247927513443585, 5.357552004618084, 4.247927513443585, 5.0, 5.169925001442312], [4.392317422778761, 4.392317422778761, 3.9068905956085187, 1.584962500721156, 2.321928094887362, 3.700439718141092, 3.4594316186372973, 4.754887502163468, 5.754887502163468, 5.491853096329675, 5.357552004618084, 4.754887502163468, 3.807354922057604, 4.087462841250339, 4.700439718141093, 4.087462841250339, 4.700439718141093, 4.700439718141093, 5.0, 5.491853096329675, 5.087462841250339, 4.700439718141093, 5.20945336562895, 4.700439718141093]]}