{"min": 0, "max": 11.000704269011246, "pieData": [[5.169925001442312, 5.0, 4.807354922057604, 4.523561956057013, 4.247927513443585, 4.321928094887363, 5.426264754702098, 5.977279923499917, 6.714245517666122, 7.7414669864011465, 7.426264754702098, 6.965784284662087, 6.149747119504682, 6.426264754702098, 6.845490050944376, 6.700439718141093, 6.523561956057013, 6.339850002884624, 6.22881869049588, 5.129283016944966, 5.977279923499917, 6.409390936137702, 6.129283016944966, 5.954196310386875], [5.584962500721156, 5.0, 4.807354922057604, 4.247927513443585, 4.0, 3.9068905956085187, 5.087462841250339, 6.129283016944966, 6.820178962415188, 6.459431618637297, 6.78135971352466, 6.303780748177103, 5.672425341971495, 5.807354922057604, 6.247927513443585, 6.754887502163468, 5.954196310386875, 5.882643049361842, 6.569855608330948, 6.599912842187128, 6.754887502163468, 6.20945336562895, 6.569855608330948, 6.321928094887363], [5.392317422778761, 4.643856189774724, 3.9068905956085187, 3.9068905956085187, 3.807354922057604, 3.0, 4.954196310386875, 5.426264754702098, 6.303780748177103, 6.339850002884624, 6.6865005271832185, 6.339850002884624, 5.614709844115208, 6.20945336562895, 6.569855608330948, 6.303780748177103, 5.857980995127572, 5.700439718141093, 6.066089190457772, 6.022367813028454, 3.584962500721156, 6.554588851677638, 6.247927513443585, 5.857980995127572], [5.832890014164741, 5.20945336562895, 4.643856189774724, 4.754887502163468, 3.700439718141092, 3.321928094887362, 4.643856189774724, 6.044394119358453, 6.409390936137702, 6.569855608330948, 6.491853096329675, 6.189824558880018, 5.672425341971495, 5.523561956057013, 6.169925001442312, 6.459431618637297, 6.169925001442312, 6.169925001442312, 6.523561956057013, 6.523561956057013, 6.870364719583405, 6.584962500721156, 5.882643049361842, 5.882643049361842], [5.129283016944966, 4.857980995127572, 4.754887502163468, 3.700439718141092, 3.584962500721156, 3.0, 5.087462841250339, 6.339850002884624, 6.321928094887363, 6.658211482751795, 6.7414669864011465, 6.321928094887363, 5.954196310386875, 6.189824558880018, 6.672425341971495, 6.426264754702098, 6.392317422778761, 5.754887502163468, 6.022367813028454, 6.066089190457772, 6.727920454563199, 6.3750394313469245, 6.321928094887363, 6.108524456778169], [6.087462841250339, 5.044394119358453, 5.129283016944966, 4.459431618637297, 2.807354922057604, 3.4594316186372973, 5.0, 6.339850002884624, 6.672425341971495, 6.857980995127572, 6.794415866350106, 6.22881869049588, 6.599912842187128, 6.3750394313469245, 6.539158811108031, 6.539158811108031, 6.339850002884624, 6.727920454563199, 6.129283016944966, 6.357552004618084, 6.672425341971495, 6.491853096329675, 6.507794640198696, 5.754887502163468], [6.339850002884624, 5.643856189774724, 5.247927513443585, 5.247927513443585, 4.0, 4.906890595608519, 4.857980995127572, 5.357552004618084, 6.285402218862249, 6.475733430966398, 6.78135971352466, 6.357552004618084, 6.321928094887363, 6.569855608330948, 6.6293566200796095, 6.554588851677638, 6.3750394313469245, 6.044394119358453, 6.599912842187128, 6.357552004618084, 6.426264754702098, 6.392317422778761, 6.129283016944966, 5.754887502163468]]}