{"min": 0, "max": 11.000704269011246, "pieData": [[2.807354922057604, 1.0, 2.321928094887362, 0.0, 0.0, 1.584962500721156, 2.807354922057604, 4.906890595608519, 5.954196310386875, 5.169925001442312, 4.523561956057013, 4.087462841250339, 4.754887502163468, 4.807354922057604, 4.954196310386875, 4.087462841250339, 4.392317422778761, 5.087462841250339, 4.321928094887363, 3.169925001442312, 4.169925001442312, 4.247927513443585, 4.321928094887363, 3.807354922057604], [1.584962500721156, 2.321928094887362, 1.0, 0.0, 0.0, 2.321928094887362, 2.0, 4.906890595608519, 6.108524456778169, 5.20945336562895, 4.392317422778761, 4.247927513443585, 5.285402218862249, 4.643856189774724, 4.392317422778761, 4.169925001442312, 4.169925001442312, 4.857980995127572, 4.807354922057604, 3.9068905956085187, 3.321928094887362, 4.247927513443585, 4.169925001442312, 3.700439718141092], [2.321928094887362, 1.0, 2.807354922057604, 1.0, 1.0, 0.0, 1.0, 5.0, 5.727920454563199, 5.087462841250339, 4.523561956057013, 4.087462841250339, 4.392317422778761, 4.754887502163468, 4.906890595608519, 4.247927513443585, 5.0, 4.906890595608519, 5.0, 4.857980995127572, 2.321928094887362, 3.584962500721156, 4.459431618637297, 3.0], [2.807354922057604, 3.0, 2.0, 2.321928094887362, 1.584962500721156, 1.0, 2.0, 4.754887502163468, 6.087462841250339, 5.247927513443585, 4.643856189774724, 4.754887502163468, 4.247927513443585, 4.754887502163468, 4.0, 4.523561956057013, 4.700439718141093, 5.0, 5.0, 3.700439718141092, 4.169925001442312, 4.087462841250339, 4.0, 4.0], [3.4594316186372973, 2.584962500721156, 1.584962500721156, 2.321928094887362, 0.0, 1.584962500721156, 0.0, 4.643856189774724, 5.672425341971495, 5.129283016944966, 4.523561956057013, 4.169925001442312, 4.523561956057013, 4.954196310386875, 5.0, 4.0, 4.700439718141093, 5.426264754702098, 4.584962500721156, 4.584962500721156, 4.700439718141093, 4.459431618637297, 3.584962500721156, 3.4594316186372973], [3.169925001442312, 2.584962500721156, 1.0, 0.0, 1.0, 1.0, 2.584962500721156, 4.247927513443585, 6.285402218862249, 4.643856189774724, 3.700439718141092, 3.9068905956085187, 3.0, 4.321928094887363, 3.169925001442312, 3.700439718141092, 4.0, 4.169925001442312, 3.584962500721156, 4.087462841250339, 4.169925001442312, 3.0, 4.169925001442312, 3.584962500721156], [3.700439718141092, 3.0, 2.0, 1.584962500721156, 1.584962500721156, 1.0, 2.584962500721156, 3.807354922057604, 3.584962500721156, 4.459431618637297, 3.4594316186372973, 3.321928094887362, 3.700439718141092, 3.700439718141092, 3.4594316186372973, 2.321928094887362, 4.087462841250339, 3.321928094887362, 3.807354922057604, 3.807354922057604, 3.9068905956085187, 3.807354922057604, 4.087462841250339, 3.700439718141092]]}