{"min": 0, "max": 11.000704269011246, "pieData": [[4.459431618637297, 4.247927513443585, 3.4594316186372973, 3.169925001442312, 4.087462841250339, 2.321928094887362, 2.0, 5.523561956057013, 5.247927513443585, 5.643856189774724, 5.491853096329675, 5.584962500721156, 4.954196310386875, 5.357552004618084, 5.584962500721156, 4.700439718141093, 5.523561956057013, 4.906890595608519, 5.357552004618084, 4.087462841250339, 5.247927513443585, 5.392317422778761, 4.807354922057604, 4.906890595608519], [4.087462841250339, 3.700439718141092, 3.4594316186372973, 2.0, 3.4594316186372973, 2.321928094887362, 3.321928094887362, 5.700439718141093, 5.459431618637297, 4.754887502163468, 4.754887502163468, 4.643856189774724, 5.523561956057013, 5.129283016944966, 5.321928094887363, 4.700439718141093, 4.321928094887363, 5.357552004618084, 5.700439718141093, 5.20945336562895, 5.321928094887363, 5.754887502163468, 5.087462841250339, 4.700439718141093], [3.9068905956085187, 3.700439718141092, 2.321928094887362, 2.0, 2.584962500721156, 2.0, 3.4594316186372973, 5.459431618637297, 5.169925001442312, 4.954196310386875, 5.321928094887363, 4.954196310386875, 5.357552004618084, 4.857980995127572, 5.0, 5.169925001442312, 4.523561956057013, 4.523561956057013, 4.954196310386875, 5.20945336562895, 2.321928094887362, 5.523561956057013, 4.857980995127572, 5.0], [3.807354922057604, 3.0, 3.4594316186372973, 3.169925001442312, 1.0, 3.321928094887362, 3.169925001442312, 5.426264754702098, 5.285402218862249, 5.672425341971495, 4.954196310386875, 4.807354922057604, 4.700439718141093, 4.857980995127572, 4.754887502163468, 5.044394119358453, 5.285402218862249, 4.954196310386875, 5.285402218862249, 5.357552004618084, 5.491853096329675, 5.129283016944966, 5.459431618637297, 5.0], [4.087462841250339, 3.807354922057604, 3.584962500721156, 1.584962500721156, 1.584962500721156, 3.0, 3.0, 5.584962500721156, 5.169925001442312, 5.882643049361842, 5.129283016944966, 5.392317422778761, 4.857980995127572, 4.954196310386875, 4.857980995127572, 4.954196310386875, 5.169925001442312, 4.754887502163468, 4.857980995127572, 5.321928094887363, 5.614709844115208, 5.247927513443585, 4.584962500721156, 4.643856189774724], [3.9068905956085187, 3.9068905956085187, 2.807354922057604, 3.321928094887362, 2.321928094887362, 3.0, 3.584962500721156, 5.700439718141093, 5.643856189774724, 5.614709844115208, 4.954196310386875, 5.807354922057604, 5.357552004618084, 5.087462841250339, 5.044394119358453, 5.169925001442312, 5.169925001442312, 6.087462841250339, 5.20945336562895, 5.491853096329675, 5.0, 5.357552004618084, 5.169925001442312, 5.0], [4.459431618637297, 4.087462841250339, 4.247927513443585, 3.0, 2.321928094887362, 2.321928094887362, 3.807354922057604, 4.584962500721156, 5.491853096329675, 5.426264754702098, 5.044394119358453, 5.20945336562895, 4.954196310386875, 4.906890595608519, 4.954196310386875, 5.087462841250339, 5.285402218862249, 5.087462841250339, 5.169925001442312, 5.584962500721156, 5.459431618637297, 5.129283016944966, 5.087462841250339, 5.247927513443585]]}