{"min": 0, "max": 11.000704269011246, "pieData": [[3.169925001442312, 1.584962500721156, 1.584962500721156, 2.0, 1.0, 1.0, 3.321928094887362, 5.0, 6.321928094887363, 5.129283016944966, 4.523561956057013, 4.392317422778761, 4.523561956057013, 4.754887502163468, 4.954196310386875, 5.0, 4.459431618637297, 5.285402218862249, 4.459431618637297, 3.9068905956085187, 4.169925001442312, 4.857980995127572, 4.807354922057604, 4.459431618637297], [3.700439718141092, 3.0, 2.321928094887362, 2.321928094887362, 0.0, 2.584962500721156, 1.584962500721156, 4.643856189774724, 6.149747119504682, 5.357552004618084, 4.169925001442312, 4.807354922057604, 4.906890595608519, 5.0, 4.643856189774724, 4.392317422778761, 4.523561956057013, 4.643856189774724, 4.392317422778761, 4.169925001442312, 4.523561956057013, 5.20945336562895, 4.807354922057604, 4.643856189774724], [3.584962500721156, 3.0, 2.321928094887362, 1.584962500721156, 1.584962500721156, 1.584962500721156, 2.584962500721156, 4.459431618637297, 6.189824558880018, 5.20945336562895, 4.523561956057013, 4.857980995127572, 4.857980995127572, 4.906890595608519, 4.392317422778761, 4.807354922057604, 4.247927513443585, 4.247927513443585, 4.321928094887363, 4.584962500721156, 2.584962500721156, 5.044394119358453, 4.954196310386875, 4.392317422778761], [3.700439718141092, 3.584962500721156, 1.584962500721156, 2.807354922057604, 1.584962500721156, 0.0, 3.321928094887362, 5.285402218862249, 6.285402218862249, 5.426264754702098, 4.247927513443585, 5.0, 4.523561956057013, 4.700439718141093, 5.357552004618084, 3.9068905956085187, 3.9068905956085187, 4.754887502163468, 4.169925001442312, 4.087462841250339, 4.169925001442312, 4.954196310386875, 5.0, 4.584962500721156], [3.9068905956085187, 2.584962500721156, 2.0, 1.0, 1.0, 1.584962500721156, 2.321928094887362, 4.0, 6.129283016944966, 4.857980995127572, 5.20945336562895, 4.754887502163468, 4.906890595608519, 4.857980995127572, 5.0, 5.285402218862249, 4.954196310386875, 4.954196310386875, 4.392317422778761, 3.9068905956085187, 4.523561956057013, 5.044394119358453, 5.087462841250339, 4.392317422778761], [3.807354922057604, 3.169925001442312, 2.584962500721156, 1.0, 2.0, 1.0, 2.807354922057604, 3.9068905956085187, 6.247927513443585, 5.044394119358453, 4.247927513443585, 4.807354922057604, 4.247927513443585, 3.807354922057604, 3.169925001442312, 3.584962500721156, 3.0, 4.247927513443585, 4.169925001442312, 4.700439718141093, 4.247927513443585, 4.700439718141093, 3.9068905956085187, 4.584962500721156], [3.9068905956085187, 3.700439718141092, 3.0, 2.584962500721156, 2.0, 1.0, 2.321928094887362, 3.321928094887362, 4.087462841250339, 4.523561956057013, 3.9068905956085187, 4.459431618637297, 4.700439718141093, 4.321928094887363, 4.087462841250339, 4.0, 3.9068905956085187, 4.087462841250339, 4.392317422778761, 4.643856189774724, 4.584962500721156, 4.954196310386875, 4.700439718141093, 4.459431618637297]]}