{"min": 0, "max": 11.000704269011246, "pieData": [[5.554588851677638, 4.807354922057604, 4.643856189774724, 3.700439718141092, 3.321928094887362, 2.584962500721156, 4.247927513443585, 4.857980995127572, 5.129283016944966, 5.832890014164741, 5.977279923499917, 5.727920454563199, 5.807354922057604, 5.832890014164741, 5.930737337562887, 5.285402218862249, 5.614709844115208, 5.392317422778761, 5.727920454563199, 5.044394119358453, 5.523561956057013, 6.584962500721156, 6.108524456778169, 5.930737337562887], [5.20945336562895, 5.169925001442312, 5.20945336562895, 3.807354922057604, 2.807354922057604, 3.4594316186372973, 4.459431618637297, 5.321928094887363, 5.754887502163468, 5.643856189774724, 5.930737337562887, 5.491853096329675, 5.78135971352466, 5.044394119358453, 5.672425341971495, 5.882643049361842, 6.044394119358453, 5.754887502163468, 5.357552004618084, 5.700439718141093, 6.149747119504682, 6.022367813028454, 5.930737337562887, 6.066089190457772], [5.554588851677638, 5.044394119358453, 4.169925001442312, 4.087462841250339, 2.807354922057604, 3.4594316186372973, 4.087462841250339, 4.906890595608519, 5.426264754702098, 5.614709844115208, 5.614709844115208, 5.357552004618084, 5.285402218862249, 5.491853096329675, 5.832890014164741, 6.108524456778169, 5.954196310386875, 5.672425341971495, 5.754887502163468, 5.700439718141093, 3.4594316186372973, 5.977279923499917, 5.426264754702098, 5.977279923499917], [5.285402218862249, 4.754887502163468, 4.754887502163468, 4.0, 2.807354922057604, 3.0, 4.321928094887363, 5.169925001442312, 5.832890014164741, 5.357552004618084, 5.169925001442312, 5.169925001442312, 5.044394119358453, 5.0, 6.022367813028454, 5.832890014164741, 6.169925001442312, 5.523561956057013, 5.930737337562887, 6.22881869049588, 6.066089190457772, 5.614709844115208, 5.882643049361842, 6.022367813028454], [5.285402218862249, 4.857980995127572, 4.392317422778761, 3.9068905956085187, 3.321928094887362, 3.0, 4.247927513443585, 5.392317422778761, 5.584962500721156, 5.727920454563199, 5.643856189774724, 5.954196310386875, 5.247927513443585, 5.807354922057604, 5.882643049361842, 5.643856189774724, 5.700439718141093, 5.0, 5.977279923499917, 5.906890595608519, 5.754887502163468, 6.189824558880018, 5.20945336562895, 6.066089190457772], [5.882643049361842, 5.491853096329675, 4.321928094887363, 4.247927513443585, 3.4594316186372973, 3.4594316186372973, 4.523561956057013, 4.954196310386875, 5.321928094887363, 5.357552004618084, 5.727920454563199, 5.754887502163468, 5.285402218862249, 5.754887502163468, 5.672425341971495, 5.392317422778761, 5.247927513443585, 5.906890595608519, 6.044394119358453, 6.108524456778169, 5.727920454563199, 5.930737337562887, 5.807354922057604, 5.754887502163468], [5.584962500721156, 5.087462841250339, 5.321928094887363, 4.643856189774724, 3.169925001442312, 3.700439718141092, 3.700439718141092, 4.392317422778761, 4.954196310386875, 5.129283016944966, 5.643856189774724, 5.523561956057013, 5.672425341971495, 5.285402218862249, 5.459431618637297, 5.459431618637297, 5.523561956057013, 5.321928094887363, 5.78135971352466, 5.977279923499917, 6.0, 5.491853096329675, 5.906890595608519, 5.954196310386875]]}