{"min": 0, "max": 11.000704269011246, "pieData": [[5.754887502163468, 4.807354922057604, 4.954196310386875, 3.584962500721156, 3.584962500721156, 3.700439718141092, 4.247927513443585, 5.0, 5.247927513443585, 5.129283016944966, 5.643856189774724, 5.247927513443585, 4.754887502163468, 5.247927513443585, 5.321928094887363, 5.247927513443585, 5.554588851677638, 5.321928094887363, 5.78135971352466, 4.169925001442312, 5.523561956057013, 5.882643049361842, 5.754887502163468, 5.930737337562887], [5.247927513443585, 5.129283016944966, 5.129283016944966, 4.523561956057013, 4.087462841250339, 2.584962500721156, 4.321928094887363, 4.906890595608519, 5.392317422778761, 5.357552004618084, 5.044394119358453, 5.357552004618084, 5.0, 4.857980995127572, 5.169925001442312, 4.906890595608519, 5.129283016944966, 5.0, 4.906890595608519, 5.321928094887363, 5.554588851677638, 5.392317422778761, 5.954196310386875, 5.78135971352466], [5.169925001442312, 4.954196310386875, 5.0, 4.754887502163468, 3.807354922057604, 2.584962500721156, 4.0, 4.807354922057604, 4.954196310386875, 5.20945336562895, 4.857980995127572, 5.169925001442312, 4.643856189774724, 5.321928094887363, 5.129283016944966, 5.044394119358453, 5.087462841250339, 5.129283016944966, 4.954196310386875, 5.523561956057013, 3.0, 5.554588851677638, 5.392317422778761, 5.20945336562895], [5.321928094887363, 5.129283016944966, 4.700439718141093, 4.392317422778761, 3.0, 3.0, 2.807354922057604, 5.392317422778761, 4.754887502163468, 5.169925001442312, 5.129283016944966, 5.044394119358453, 4.700439718141093, 5.087462841250339, 5.044394119358453, 5.169925001442312, 5.357552004618084, 4.643856189774724, 5.426264754702098, 6.066089190457772, 5.523561956057013, 5.426264754702098, 5.754887502163468, 6.044394119358453], [5.321928094887363, 5.954196310386875, 6.392317422778761, 4.087462841250339, 4.321928094887363, 3.4594316186372973, 4.0, 5.0, 5.247927513443585, 5.247927513443585, 5.426264754702098, 5.20945336562895, 5.169925001442312, 5.169925001442312, 5.321928094887363, 4.857980995127572, 5.087462841250339, 4.906890595608519, 5.247927513443585, 5.357552004618084, 5.584962500721156, 5.20945336562895, 5.754887502163468, 5.78135971352466], [5.78135971352466, 5.491853096329675, 5.754887502163468, 5.129283016944966, 3.807354922057604, 3.321928094887362, 4.0, 4.643856189774724, 5.672425341971495, 4.954196310386875, 5.044394119358453, 5.285402218862249, 5.044394119358453, 4.954196310386875, 4.584962500721156, 4.700439718141093, 5.20945336562895, 5.614709844115208, 5.426264754702098, 5.392317422778761, 5.727920454563199, 6.247927513443585, 5.807354922057604, 5.491853096329675], [6.044394119358453, 6.523561956057013, 5.672425341971495, 4.754887502163468, 3.9068905956085187, 3.700439718141092, 3.700439718141092, 4.247927513443585, 4.643856189774724, 5.20945336562895, 5.459431618637297, 5.614709844115208, 4.954196310386875, 5.129283016944966, 5.0, 5.426264754702098, 5.426264754702098, 4.906890595608519, 5.247927513443585, 5.614709844115208, 5.807354922057604, 5.426264754702098, 5.321928094887363, 5.087462841250339]]}