{"min": 0, "max": 11.000704269011246, "pieData": [[5.672425341971495, 3.4594316186372973, 3.700439718141092, 3.4594316186372973, 3.321928094887362, 3.0, 4.643856189774724, 4.754887502163468, 4.700439718141093, 4.523561956057013, 3.700439718141092, 4.0, 5.247927513443585, 4.906890595608519, 4.0, 3.321928094887362, 5.247927513443585, 4.643856189774724, 5.321928094887363, 3.9068905956085187, 5.044394119358453, 5.285402218862249, 4.523561956057013, 5.0], [4.954196310386875, 4.392317422778761, 4.392317422778761, 4.321928094887363, 3.584962500721156, 3.584962500721156, 3.700439718141092, 4.906890595608519, 4.459431618637297, 4.643856189774724, 4.392317422778761, 4.321928094887363, 4.700439718141093, 4.523561956057013, 4.0, 5.129283016944966, 4.857980995127572, 5.044394119358453, 4.906890595608519, 4.700439718141093, 4.643856189774724, 4.906890595608519, 4.954196310386875, 4.857980995127572], [3.700439718141092, 3.9068905956085187, 2.584962500721156, 3.4594316186372973, 3.0, 1.584962500721156, 3.4594316186372973, 4.459431618637297, 3.4594316186372973, 4.247927513443585, 3.9068905956085187, 3.807354922057604, 3.807354922057604, 4.321928094887363, 4.643856189774724, 3.9068905956085187, 3.807354922057604, 4.321928094887363, 3.700439718141092, 4.087462841250339, 1.584962500721156, 4.954196310386875, 4.643856189774724, 3.584962500721156], [4.643856189774724, 4.321928094887363, 4.087462841250339, 1.584962500721156, 2.807354922057604, 2.0, 3.169925001442312, 3.9068905956085187, 4.169925001442312, 3.321928094887362, 3.9068905956085187, 4.584962500721156, 4.643856189774724, 4.247927513443585, 3.807354922057604, 4.087462841250339, 4.321928094887363, 4.459431618637297, 4.0, 4.392317422778761, 4.523561956057013, 5.247927513443585, 4.643856189774724, 4.857980995127572], [4.857980995127572, 3.584962500721156, 3.700439718141092, 2.807354922057604, 2.0, 2.0, 3.700439718141092, 4.459431618637297, 4.392317422778761, 4.954196310386875, 4.643856189774724, 3.9068905956085187, 4.169925001442312, 4.700439718141093, 4.169925001442312, 4.906890595608519, 4.169925001442312, 4.169925001442312, 3.584962500721156, 5.0, 4.523561956057013, 3.584962500721156, 4.643856189774724, 4.807354922057604], [4.906890595608519, 4.169925001442312, 4.321928094887363, 3.169925001442312, 2.0, 2.807354922057604, 3.4594316186372973, 3.584962500721156, 4.169925001442312, 4.459431618637297, 3.700439718141092, 3.584962500721156, 4.857980995127572, 4.169925001442312, 4.087462841250339, 3.807354922057604, 4.087462841250339, 4.392317422778761, 4.0, 4.523561956057013, 4.643856189774724, 5.0, 4.700439718141093, 4.807354922057604], [5.247927513443585, 4.0, 3.700439718141092, 1.584962500721156, 3.4594316186372973, 3.0, 4.087462841250339, 3.807354922057604, 4.087462841250339, 3.700439718141092, 4.643856189774724, 4.459431618637297, 3.700439718141092, 4.643856189774724, 3.169925001442312, 4.0, 4.0, 4.906890595608519, 4.523561956057013, 4.906890595608519, 4.087462841250339, 4.392317422778761, 5.087462841250339, 4.392317422778761]]}