{"min": 0, "max": 11.000704269011246, "pieData": [[4.807354922057604, 3.9068905956085187, 3.700439718141092, 3.9068905956085187, 2.584962500721156, 3.321928094887362, 3.584962500721156, 3.9068905956085187, 4.459431618637297, 4.643856189774724, 3.584962500721156, 4.247927513443585, 4.754887502163468, 4.169925001442312, 4.523561956057013, 4.643856189774724, 5.169925001442312, 5.357552004618084, 4.754887502163468, 3.700439718141092, 4.754887502163468, 5.247927513443585, 5.357552004618084, 4.857980995127572], [4.523561956057013, 4.643856189774724, 4.700439718141093, 2.807354922057604, 3.700439718141092, 3.4594316186372973, 3.584962500721156, 4.0, 4.459431618637297, 3.807354922057604, 4.807354922057604, 3.700439718141092, 4.906890595608519, 4.584962500721156, 4.754887502163468, 5.20945336562895, 4.584962500721156, 4.857980995127572, 4.392317422778761, 4.954196310386875, 4.392317422778761, 5.247927513443585, 5.523561956057013, 4.584962500721156], [4.643856189774724, 4.247927513443585, 3.700439718141092, 2.321928094887362, 3.807354922057604, 2.0, 4.0, 4.169925001442312, 3.807354922057604, 4.584962500721156, 4.247927513443585, 4.584962500721156, 3.4594316186372973, 3.9068905956085187, 4.459431618637297, 4.643856189774724, 4.459431618637297, 4.807354922057604, 4.247927513443585, 4.169925001442312, 2.807354922057604, 5.129283016944966, 5.247927513443585, 4.523561956057013], [4.584962500721156, 4.807354922057604, 3.321928094887362, 3.700439718141092, 4.0, 3.4594316186372973, 4.247927513443585, 4.857980995127572, 3.807354922057604, 4.392317422778761, 4.700439718141093, 4.321928094887363, 4.700439718141093, 4.392317422778761, 4.392317422778761, 4.247927513443585, 4.754887502163468, 3.700439718141092, 4.392317422778761, 4.954196310386875, 4.906890595608519, 5.426264754702098, 5.584962500721156, 5.523561956057013], [4.459431618637297, 4.247927513443585, 4.321928094887363, 3.321928094887362, 2.807354922057604, 2.584962500721156, 3.9068905956085187, 4.087462841250339, 4.169925001442312, 4.321928094887363, 4.087462841250339, 4.459431618637297, 4.0, 4.807354922057604, 5.491853096329675, 5.357552004618084, 5.044394119358453, 4.459431618637297, 5.247927513443585, 4.247927513443585, 5.523561956057013, 4.906890595608519, 5.044394119358453, 4.857980995127572], [5.0, 4.523561956057013, 4.857980995127572, 2.584962500721156, 2.807354922057604, 3.321928094887362, 3.9068905956085187, 4.087462841250339, 4.321928094887363, 4.459431618637297, 4.754887502163468, 4.954196310386875, 4.523561956057013, 4.643856189774724, 4.700439718141093, 4.392317422778761, 4.523561956057013, 5.459431618637297, 4.584962500721156, 4.807354922057604, 4.643856189774724, 5.20945336562895, 5.247927513443585, 5.087462841250339], [4.754887502163468, 5.129283016944966, 4.700439718141093, 3.584962500721156, 3.584962500721156, 3.169925001442312, 3.9068905956085187, 4.169925001442312, 5.0, 4.459431618637297, 4.754887502163468, 4.459431618637297, 3.807354922057604, 4.392317422778761, 4.0, 4.459431618637297, 4.459431618637297, 4.0, 4.459431618637297, 4.392317422778761, 4.643856189774724, 4.392317422778761, 4.954196310386875, 4.954196310386875]]}