{"min": 0, "max": 11.000704269011246, "pieData": [[3.700439718141092, 3.584962500721156, 3.584962500721156, 2.0, 3.0, 2.807354922057604, 4.643856189774724, 4.700439718141093, 4.857980995127572, 4.700439718141093, 4.0, 3.807354922057604, 3.9068905956085187, 3.807354922057604, 4.523561956057013, 4.087462841250339, 3.9068905956085187, 3.321928094887362, 4.0, 2.321928094887362, 3.321928094887362, 3.9068905956085187, 4.459431618637297, 4.754887502163468], [4.459431618637297, 4.0, 3.169925001442312, 3.321928094887362, 2.0, 2.0, 3.807354922057604, 3.807354922057604, 4.584962500721156, 4.857980995127572, 4.643856189774724, 4.247927513443585, 4.087462841250339, 4.459431618637297, 3.9068905956085187, 4.643856189774724, 4.321928094887363, 4.169925001442312, 4.087462841250339, 5.0, 4.906890595608519, 5.044394119358453, 4.857980995127572, 4.087462841250339], [4.0, 3.700439718141092, 1.584962500721156, 2.321928094887362, 2.321928094887362, 2.584962500721156, 3.321928094887362, 3.700439718141092, 4.523561956057013, 3.169925001442312, 3.0, 3.700439718141092, 3.807354922057604, 3.4594316186372973, 4.087462841250339, 3.321928094887362, 3.700439718141092, 4.247927513443585, 3.9068905956085187, 3.700439718141092, 2.321928094887362, 5.169925001442312, 4.584962500721156, 4.857980995127572], [4.169925001442312, 4.087462841250339, 3.807354922057604, 2.807354922057604, 1.584962500721156, 2.0, 4.643856189774724, 4.807354922057604, 4.523561956057013, 3.807354922057604, 3.584962500721156, 4.087462841250339, 3.700439718141092, 4.459431618637297, 4.754887502163468, 4.459431618637297, 4.459431618637297, 3.9068905956085187, 4.459431618637297, 4.087462841250339, 4.954196310386875, 4.906890595608519, 4.857980995127572, 4.392317422778761], [4.754887502163468, 3.807354922057604, 3.169925001442312, 2.807354922057604, 2.321928094887362, 3.0, 4.523561956057013, 4.247927513443585, 4.169925001442312, 4.700439718141093, 4.754887502163468, 5.044394119358453, 4.247927513443585, 4.584962500721156, 3.700439718141092, 4.584962500721156, 4.807354922057604, 4.247927513443585, 4.643856189774724, 4.087462841250339, 4.700439718141093, 5.044394119358453, 4.754887502163468, 5.285402218862249], [4.807354922057604, 4.0, 3.584962500721156, 3.169925001442312, 3.584962500721156, 1.584962500721156, 4.169925001442312, 4.643856189774724, 4.643856189774724, 4.169925001442312, 4.807354922057604, 4.523561956057013, 4.459431618637297, 4.169925001442312, 3.9068905956085187, 4.321928094887363, 3.584962500721156, 4.584962500721156, 4.700439718141093, 4.459431618637297, 4.700439718141093, 4.700439718141093, 5.459431618637297, 4.643856189774724], [4.906890595608519, 4.954196310386875, 3.807354922057604, 3.0, 3.700439718141092, 3.169925001442312, 3.0, 4.087462841250339, 4.392317422778761, 4.643856189774724, 4.0, 4.247927513443585, 4.0, 3.807354922057604, 3.700439718141092, 4.392317422778761, 3.807354922057604, 4.584962500721156, 4.0, 4.321928094887363, 4.459431618637297, 5.087462841250339, 4.523561956057013, 4.700439718141093]]}