{"min": 0, "max": 11.000704269011246, "pieData": [[7.592457037268081, 7.366322214245816, 7.076815597050831, 6.321928094887363, 5.700439718141093, 5.321928094887363, 6.426264754702098, 6.918863237274595, 6.426264754702098, 6.820178962415188, 6.409390936137702, 6.442943495848728, 6.672425341971495, 6.672425341971495, 6.845490050944376, 6.339850002884624, 6.700439718141093, 6.727920454563199, 6.6293566200796095, 5.584962500721156, 6.3750394313469245, 7.330916878114617, 7.507794640198696, 7.774787059601174], [7.562242424221073, 7.592457037268081, 7.149747119504682, 6.643856189774724, 6.22881869049588, 5.554588851677638, 5.882643049361842, 6.807354922057604, 6.475733430966398, 5.977279923499917, 6.459431618637297, 6.339850002884624, 6.475733430966398, 6.807354922057604, 6.754887502163468, 6.3750394313469245, 6.714245517666122, 6.599912842187128, 6.266786540694901, 6.614709844115208, 7.247927513443585, 7.108524456778169, 7.459431618637297, 7.592457037268081], [7.491853096329675, 7.467605550082998, 7.03342300153745, 6.6865005271832185, 5.906890595608519, 5.754887502163468, 6.6865005271832185, 6.189824558880018, 5.614709844115208, 6.149747119504682, 6.266786540694901, 6.20945336562895, 6.6293566200796095, 6.7414669864011465, 6.672425341971495, 6.409390936137702, 6.149747119504682, 6.426264754702098, 6.409390936137702, 6.022367813028454, 4.247927513443585, 7.169925001442312, 7.451211111832329, 7.434628227636725], [7.6293566200796095, 7.022367813028454, 6.930737337562887, 6.303780748177103, 5.643856189774724, 5.0, 6.22881869049588, 6.700439718141093, 6.247927513443585, 6.3750394313469245, 6.247927513443585, 6.6865005271832185, 6.409390936137702, 6.491853096329675, 6.6865005271832185, 6.643856189774724, 6.554588851677638, 6.491853096329675, 6.768184324776926, 6.700439718141093, 7.257387842692652, 7.392317422778761, 7.531381460516312, 7.826548487290915], [7.622051819456376, 7.330916878114617, 7.022367813028454, 6.754887502163468, 5.832890014164741, 5.554588851677638, 6.129283016944966, 6.614709844115208, 6.339850002884624, 6.426264754702098, 6.6293566200796095, 6.6865005271832185, 6.7414669864011465, 6.820178962415188, 6.794415866350106, 6.78135971352466, 6.599912842187128, 6.426264754702098, 6.247927513443585, 6.768184324776926, 6.977279923499917, 7.459431618637297, 7.531381460516312, 7.539158811108031], [7.820178962415188, 7.643856189774724, 7.330916878114617, 6.965784284662087, 6.22881869049588, 5.491853096329675, 6.0, 6.409390936137702, 6.672425341971495, 6.475733430966398, 6.266786540694901, 6.7414669864011465, 6.339850002884624, 6.643856189774724, 6.409390936137702, 6.491853096329675, 6.108524456778169, 6.247927513443585, 6.066089190457772, 6.614709844115208, 6.539158811108031, 7.0, 7.451211111832329, 7.569855608330948], [7.774787059601174, 7.409390936137702, 7.3750394313469245, 6.6865005271832185, 5.906890595608519, 5.426264754702098, 5.977279923499917, 6.108524456778169, 6.129283016944966, 6.491853096329675, 6.339850002884624, 6.426264754702098, 6.3750394313469245, 6.599912842187128, 6.20945336562895, 6.569855608330948, 6.357552004618084, 6.108524456778169, 6.0, 6.491853096329675, 7.129283016944966, 7.2384047393250786, 7.2761244052742375, 7.531381460516312]]}