{"min": 0, "max": 11.000704269011246, "pieData": [[4.643856189774724, 4.087462841250339, 3.169925001442312, 3.4594316186372973, 3.321928094887362, 3.321928094887362, 5.321928094887363, 5.426264754702098, 4.700439718141093, 4.321928094887363, 4.321928094887363, 5.087462841250339, 4.807354922057604, 4.906890595608519, 4.906890595608519, 4.857980995127572, 5.426264754702098, 5.426264754702098, 4.954196310386875, 3.9068905956085187, 5.087462841250339, 6.189824558880018, 6.087462841250339, 5.20945336562895], [5.727920454563199, 4.584962500721156, 4.700439718141093, 4.247927513443585, 2.584962500721156, 3.0, 4.807354922057604, 5.672425341971495, 4.169925001442312, 4.807354922057604, 5.129283016944966, 4.247927513443585, 5.169925001442312, 5.321928094887363, 5.0, 4.584962500721156, 4.857980995127572, 5.247927513443585, 5.044394119358453, 5.247927513443585, 5.321928094887363, 5.832890014164741, 5.832890014164741, 5.321928094887363], [4.857980995127572, 4.459431618637297, 3.584962500721156, 3.321928094887362, 2.0, 2.807354922057604, 4.700439718141093, 4.807354922057604, 5.20945336562895, 5.20945336562895, 4.857980995127572, 4.643856189774724, 4.0, 4.321928094887363, 4.459431618637297, 5.0, 5.0, 4.857980995127572, 4.807354922057604, 4.169925001442312, 3.321928094887362, 5.727920454563199, 5.727920454563199, 5.459431618637297], [4.857980995127572, 4.954196310386875, 4.0, 2.807354922057604, 2.321928094887362, 2.321928094887362, 4.169925001442312, 4.906890595608519, 4.321928094887363, 4.584962500721156, 4.643856189774724, 4.807354922057604, 4.459431618637297, 5.20945336562895, 4.807354922057604, 5.285402218862249, 4.906890595608519, 4.906890595608519, 4.700439718141093, 5.807354922057604, 5.727920454563199, 5.857980995127572, 6.087462841250339, 5.459431618637297], [5.044394119358453, 4.700439718141093, 4.247927513443585, 3.584962500721156, 2.321928094887362, 2.0, 4.459431618637297, 5.0, 5.0, 3.584962500721156, 4.906890595608519, 5.20945336562895, 4.584962500721156, 4.857980995127572, 4.857980995127572, 4.169925001442312, 5.247927513443585, 4.954196310386875, 5.087462841250339, 5.426264754702098, 5.491853096329675, 5.930737337562887, 6.087462841250339, 5.614709844115208], [5.044394119358453, 4.700439718141093, 4.247927513443585, 4.0, 3.321928094887362, 2.584962500721156, 4.169925001442312, 5.087462841250339, 5.392317422778761, 4.584962500721156, 5.129283016944966, 4.906890595608519, 5.087462841250339, 4.700439718141093, 5.169925001442312, 4.584962500721156, 4.523561956057013, 4.247927513443585, 5.554588851677638, 4.807354922057604, 5.523561956057013, 5.930737337562887, 5.977279923499917, 5.700439718141093], [5.247927513443585, 4.807354922057604, 4.169925001442312, 3.4594316186372973, 3.807354922057604, 2.0, 3.321928094887362, 4.459431618637297, 5.357552004618084, 5.087462841250339, 5.20945336562895, 5.087462841250339, 5.700439718141093, 4.0, 5.169925001442312, 5.247927513443585, 5.0, 5.584962500721156, 4.754887502163468, 4.754887502163468, 6.303780748177103, 5.857980995127572, 5.977279923499917, 5.129283016944966]]}