{"min": 0, "max": 11.000704269011246, "pieData": [[6.0, 5.321928094887363, 5.459431618637297, 4.807354922057604, 4.247927513443585, 3.700439718141092, 4.584962500721156, 5.930737337562887, 6.066089190457772, 6.459431618637297, 6.108524456778169, 5.857980995127572, 5.357552004618084, 5.321928094887363, 5.459431618637297, 5.754887502163468, 5.643856189774724, 5.906890595608519, 5.832890014164741, 5.523561956057013, 4.459431618637297, 5.643856189774724, 5.882643049361842, 5.643856189774724], [5.614709844115208, 4.906890595608519, 5.247927513443585, 4.392317422778761, 4.0, 3.700439718141092, 3.807354922057604, 4.857980995127572, 5.700439718141093, 5.727920454563199, 5.20945336562895, 5.426264754702098, 5.20945336562895, 5.807354922057604, 5.584962500721156, 5.906890595608519, 5.672425341971495, 5.426264754702098, 5.754887502163468, 5.977279923499917, 5.807354922057604, 6.0, 5.930737337562887, 6.022367813028454], [5.807354922057604, 5.523561956057013, 5.044394119358453, 4.392317422778761, 3.9068905956085187, 2.807354922057604, 4.087462841250339, 4.906890595608519, 5.614709844115208, 5.321928094887363, 5.614709844115208, 4.954196310386875, 5.044394119358453, 5.20945336562895, 5.087462841250339, 5.491853096329675, 5.614709844115208, 5.321928094887363, 5.977279923499917, 6.0, 3.9068905956085187, 6.22881869049588, 5.700439718141093, 5.672425341971495], [5.459431618637297, 5.20945336562895, 4.643856189774724, 4.523561956057013, 3.9068905956085187, 3.4594316186372973, 3.807354922057604, 5.459431618637297, 5.807354922057604, 5.247927513443585, 4.584962500721156, 4.523561956057013, 4.643856189774724, 4.0, 5.247927513443585, 5.643856189774724, 5.882643049361842, 5.247927513443585, 5.727920454563199, 5.807354922057604, 6.044394119358453, 6.066089190457772, 5.906890595608519, 5.459431618637297], [5.700439718141093, 5.78135971352466, 5.321928094887363, 4.857980995127572, 3.9068905956085187, 4.0, 3.584962500721156, 5.357552004618084, 5.247927513443585, 5.954196310386875, 5.614709844115208, 4.906890595608519, 5.087462841250339, 5.247927513443585, 5.930737337562887, 5.857980995127572, 5.643856189774724, 5.392317422778761, 5.906890595608519, 5.977279923499917, 5.954196310386875, 5.954196310386875, 5.857980995127572, 5.700439718141093], [6.357552004618084, 5.643856189774724, 5.247927513443585, 5.426264754702098, 4.169925001442312, 4.247927513443585, 4.087462841250339, 5.169925001442312, 5.643856189774724, 5.930737337562887, 5.727920454563199, 5.584962500721156, 5.614709844115208, 5.554588851677638, 5.459431618637297, 5.954196310386875, 5.643856189774724, 5.584962500721156, 5.754887502163468, 6.189824558880018, 6.189824558880018, 6.0, 6.392317422778761, 6.169925001442312], [6.129283016944966, 5.882643049361842, 5.459431618637297, 4.954196310386875, 3.4594316186372973, 4.247927513443585, 4.584962500721156, 4.700439718141093, 5.0, 5.954196310386875, 6.0, 5.321928094887363, 5.614709844115208, 6.0, 5.357552004618084, 6.066089190457772, 5.554588851677638, 6.108524456778169, 6.3750394313469245, 5.857980995127572, 5.754887502163468, 6.044394119358453, 5.614709844115208, 5.523561956057013]]}