{"min": 0, "max": 11.000704269011246, "pieData": [[5.614709844115208, 4.584962500721156, 5.392317422778761, 4.643856189774724, 3.807354922057604, 4.0, 4.807354922057604, 6.022367813028454, 6.066089190457772, 6.169925001442312, 5.906890595608519, 5.78135971352466, 5.78135971352466, 5.491853096329675, 5.857980995127572, 5.614709844115208, 5.672425341971495, 5.614709844115208, 6.0, 4.643856189774724, 4.857980995127572, 6.0, 6.044394119358453, 5.523561956057013], [5.700439718141093, 5.523561956057013, 4.857980995127572, 4.321928094887363, 3.169925001442312, 3.4594316186372973, 3.9068905956085187, 5.857980995127572, 5.857980995127572, 5.614709844115208, 5.700439718141093, 5.357552004618084, 5.426264754702098, 5.832890014164741, 5.491853096329675, 5.392317422778761, 5.169925001442312, 5.554588851677638, 5.930737337562887, 5.614709844115208, 5.491853096329675, 5.672425341971495, 5.672425341971495, 5.700439718141093], [5.044394119358453, 4.643856189774724, 4.321928094887363, 5.044394119358453, 4.247927513443585, 3.321928094887362, 4.247927513443585, 5.754887502163468, 5.554588851677638, 5.584962500721156, 4.954196310386875, 5.554588851677638, 5.491853096329675, 5.20945336562895, 5.459431618637297, 5.044394119358453, 5.20945336562895, 5.357552004618084, 6.169925001442312, 5.523561956057013, 2.584962500721156, 5.807354922057604, 5.832890014164741, 5.882643049361842], [5.459431618637297, 5.129283016944966, 4.906890595608519, 4.584962500721156, 2.807354922057604, 4.247927513443585, 4.321928094887363, 4.954196310386875, 5.727920454563199, 5.700439718141093, 5.247927513443585, 4.392317422778761, 4.643856189774724, 4.459431618637297, 5.087462841250339, 5.643856189774724, 5.523561956057013, 5.0, 5.857980995127572, 5.882643049361842, 5.727920454563199, 6.0, 5.727920454563199, 5.643856189774724], [6.0, 5.357552004618084, 5.044394119358453, 4.523561956057013, 3.807354922057604, 2.584962500721156, 3.584962500721156, 5.459431618637297, 5.491853096329675, 5.78135971352466, 5.247927513443585, 5.459431618637297, 5.357552004618084, 5.807354922057604, 5.614709844115208, 5.087462841250339, 5.285402218862249, 5.643856189774724, 6.3750394313469245, 6.569855608330948, 5.857980995127572, 5.78135971352466, 5.882643049361842, 5.523561956057013], [5.426264754702098, 5.0, 5.491853096329675, 5.044394119358453, 4.643856189774724, 4.247927513443585, 4.459431618637297, 5.643856189774724, 5.754887502163468, 5.523561956057013, 5.392317422778761, 5.672425341971495, 5.584962500721156, 5.643856189774724, 5.672425341971495, 5.357552004618084, 5.044394119358453, 5.554588851677638, 5.954196310386875, 5.78135971352466, 5.426264754702098, 5.906890595608519, 6.044394119358453, 5.727920454563199], [5.554588851677638, 5.285402218862249, 5.78135971352466, 4.857980995127572, 4.247927513443585, 3.321928094887362, 4.321928094887363, 5.321928094887363, 5.426264754702098, 5.977279923499917, 5.882643049361842, 5.832890014164741, 5.700439718141093, 5.643856189774724, 5.832890014164741, 5.584962500721156, 5.614709844115208, 5.700439718141093, 6.523561956057013, 5.584962500721156, 5.78135971352466, 5.78135971352466, 5.832890014164741, 5.247927513443585]]}