{"min": 0, "max": 11.000704269011246, "pieData": [[7.426264754702098, 6.442943495848728, 6.357552004618084, 5.700439718141093, 4.954196310386875, 5.727920454563199, 6.882643049361842, 7.1799090900149345, 6.303780748177103, 7.149747119504682, 7.700439718141093, 7.539158811108031, 7.6865005271832185, 7.734709620225838, 7.857980995127572, 8.103287808412022, 8.129283016944967, 7.86418614465428, 7.366322214245816, 6.554588851677638, 7.199672344836364, 8.108524456778168, 8.159871336778389, 7.651051691178928], [7.2384047393250786, 6.894817763307944, 6.754887502163468, 5.906890595608519, 5.285402218862249, 5.426264754702098, 6.832890014164741, 7.149747119504682, 6.614709844115208, 7.285402218862249, 7.434628227636725, 7.60733031374961, 7.7414669864011465, 7.409390936137702, 7.727920454563199, 7.900866807980749, 7.965784284662087, 7.672425341971495, 7.303780748177103, 7.636624620543649, 7.599912842187128, 7.787902559391432, 8.071462362556623, 7.599912842187128], [6.94251450533924, 6.108524456778169, 6.189824558880018, 5.857980995127572, 5.169925001442312, 5.129283016944966, 6.599912842187128, 6.94251450533924, 6.491853096329675, 6.832890014164741, 7.087462841250339, 7.507794640198696, 7.562242424221073, 7.257387842692652, 7.442943495848728, 7.900866807980749, 7.672425341971495, 7.584962500721156, 6.918863237274595, 7.266786540694901, 5.426264754702098, 7.851749041416058, 7.813781191217037, 7.434628227636725], [6.870364719583405, 6.727920454563199, 6.554588851677638, 6.087462841250339, 5.584962500721156, 5.459431618637297, 6.643856189774724, 6.918863237274595, 6.459431618637297, 7.011227255423254, 7.734709620225838, 7.577428828035749, 7.475733430966398, 7.651051691178928, 7.714245517666122, 7.651051691178928, 7.845490050944376, 7.727920454563199, 7.658211482751795, 7.700439718141093, 7.774787059601174, 8.011227255423254, 8.03342300153745, 7.417852514885898], [7.294620748891627, 6.807354922057604, 6.247927513443585, 5.807354922057604, 5.044394119358453, 5.459431618637297, 6.794415866350106, 6.94251450533924, 6.820178962415188, 6.918863237274595, 7.2761244052742375, 7.826548487290915, 7.569855608330948, 7.7481928495894605, 7.78135971352466, 7.658211482751795, 8.252665432450248, 7.734709620225838, 7.312882955284356, 7.7073591320808825, 7.794415866350106, 7.86418614465428, 7.9600019320680815, 7.693486957499325], [7.442943495848728, 7.0, 6.3750394313469245, 5.832890014164741, 5.700439718141093, 5.643856189774724, 6.22881869049588, 7.011227255423254, 7.442943495848728, 7.22881869049588, 7.622051819456376, 7.442943495848728, 7.366322214245816, 7.672425341971495, 7.475733430966398, 7.546894459887636, 7.539158811108031, 7.426264754702098, 7.257387842692652, 7.60733031374961, 7.679480099505446, 7.554588851677638, 7.754887502163468, 7.475733430966398], [7.2384047393250786, 7.011227255423254, 6.539158811108031, 6.475733430966398, 5.754887502163468, 5.20945336562895, 6.3750394313469245, 6.491853096329675, 6.930737337562887, 7.434628227636725, 7.339850002884624, 7.515699838284043, 7.149747119504682, 7.434628227636725, 7.554588851677638, 7.483815777264256, 7.9600019320680815, 7.807354922057604, 7.577428828035749, 7.507794640198696, 8.066089190457772, 7.876516946564999, 7.7615512324444795, 7.515699838284043]]}