{"min": 0, "max": 11.000704269011246, "pieData": [[5.0, 4.523561956057013, 2.321928094887362, 3.584962500721156, 2.584962500721156, 3.169925001442312, 4.700439718141093, 3.9068905956085187, 3.584962500721156, 3.321928094887362, 3.321928094887362, 3.807354922057604, 3.9068905956085187, 3.9068905956085187, 4.169925001442312, 4.392317422778761, 4.087462841250339, 4.392317422778761, 3.584962500721156, 3.0, 4.392317422778761, 5.247927513443585, 5.044394119358453, 5.087462841250339], [4.807354922057604, 4.584962500721156, 4.321928094887363, 3.169925001442312, 3.0, 3.0, 3.9068905956085187, 3.807354922057604, 4.169925001442312, 4.247927513443585, 3.4594316186372973, 3.700439718141092, 3.169925001442312, 4.754887502163468, 4.754887502163468, 4.459431618637297, 3.9068905956085187, 4.459431618637297, 4.087462841250339, 3.9068905956085187, 4.169925001442312, 5.087462841250339, 4.754887502163468, 5.426264754702098], [4.906890595608519, 4.087462841250339, 4.169925001442312, 3.169925001442312, 2.0, 1.584962500721156, 3.4594316186372973, 3.807354922057604, 3.169925001442312, 1.584962500721156, 3.321928094887362, 3.169925001442312, 4.0, 3.9068905956085187, 3.700439718141092, 4.321928094887363, 4.321928094887363, 4.459431618637297, 3.4594316186372973, 3.9068905956085187, 3.0, 5.044394119358453, 5.459431618637297, 4.906890595608519], [5.0, 4.0, 3.700439718141092, 4.0, 2.321928094887362, 1.584962500721156, 4.169925001442312, 4.523561956057013, 4.087462841250339, 2.321928094887362, 3.9068905956085187, 3.4594316186372973, 3.9068905956085187, 4.392317422778761, 4.643856189774724, 4.0, 4.523561956057013, 4.247927513443585, 3.321928094887362, 3.584962500721156, 4.392317422778761, 5.285402218862249, 5.392317422778761, 5.044394119358453], [4.700439718141093, 4.087462841250339, 4.0, 3.807354922057604, 3.4594316186372973, 1.584962500721156, 4.459431618637297, 4.321928094887363, 3.0, 3.4594316186372973, 4.321928094887363, 3.807354922057604, 4.807354922057604, 4.0, 4.169925001442312, 4.321928094887363, 4.523561956057013, 4.169925001442312, 4.523561956057013, 3.807354922057604, 4.700439718141093, 5.357552004618084, 5.392317422778761, 5.357552004618084], [4.523561956057013, 4.523561956057013, 3.584962500721156, 3.321928094887362, 3.169925001442312, 3.169925001442312, 2.584962500721156, 3.807354922057604, 4.523561956057013, 3.321928094887362, 4.321928094887363, 3.584962500721156, 3.169925001442312, 3.4594316186372973, 4.392317422778761, 4.392317422778761, 4.087462841250339, 4.169925001442312, 3.4594316186372973, 4.584962500721156, 5.044394119358453, 4.857980995127572, 5.169925001442312, 5.169925001442312], [5.247927513443585, 4.643856189774724, 3.9068905956085187, 3.9068905956085187, 3.169925001442312, 2.321928094887362, 3.584962500721156, 3.169925001442312, 3.584962500721156, 4.169925001442312, 3.169925001442312, 4.392317422778761, 4.169925001442312, 4.392317422778761, 4.459431618637297, 4.459431618637297, 4.169925001442312, 4.169925001442312, 4.584962500721156, 4.954196310386875, 4.954196310386875, 5.087462841250339, 5.392317422778761, 5.491853096329675]]}