{"min": 0, "max": 11.000704269011246, "pieData": [[5.426264754702098, 5.426264754702098, 5.0, 4.643856189774724, 3.9068905956085187, 4.0, 4.754887502163468, 6.189824558880018, 5.78135971352466, 5.832890014164741, 5.727920454563199, 5.554588851677638, 5.727920454563199, 5.78135971352466, 5.672425341971495, 5.523561956057013, 5.392317422778761, 5.832890014164741, 5.754887502163468, 5.247927513443585, 4.643856189774724, 6.189824558880018, 6.285402218862249, 5.930737337562887], [5.614709844115208, 5.247927513443585, 5.357552004618084, 4.700439718141093, 3.9068905956085187, 3.9068905956085187, 5.0, 5.491853096329675, 5.906890595608519, 5.20945336562895, 5.930737337562887, 5.78135971352466, 5.491853096329675, 5.832890014164741, 5.459431618637297, 5.554588851677638, 5.554588851677638, 5.491853096329675, 5.700439718141093, 6.129283016944966, 5.930737337562887, 5.906890595608519, 6.149747119504682, 6.044394119358453], [5.727920454563199, 5.169925001442312, 4.857980995127572, 4.087462841250339, 4.247927513443585, 3.4594316186372973, 4.169925001442312, 5.357552004618084, 5.426264754702098, 5.459431618637297, 5.392317422778761, 4.857980995127572, 5.392317422778761, 5.169925001442312, 5.087462841250339, 5.459431618637297, 5.129283016944966, 5.129283016944966, 5.20945336562895, 5.459431618637297, 2.807354922057604, 5.807354922057604, 5.754887502163468, 5.727920454563199], [5.727920454563199, 5.459431618637297, 4.247927513443585, 4.321928094887363, 3.9068905956085187, 2.807354922057604, 4.321928094887363, 5.321928094887363, 5.78135971352466, 5.392317422778761, 4.584962500721156, 4.906890595608519, 4.459431618637297, 4.392317422778761, 5.426264754702098, 5.672425341971495, 5.614709844115208, 5.459431618637297, 5.554588851677638, 5.882643049361842, 6.129283016944966, 5.954196310386875, 5.906890595608519, 5.930737337562887], [5.930737337562887, 4.954196310386875, 5.459431618637297, 4.459431618637297, 3.807354922057604, 3.4594316186372973, 4.0, 6.0, 5.614709844115208, 5.554588851677638, 5.700439718141093, 5.700439718141093, 5.321928094887363, 5.491853096329675, 5.614709844115208, 5.930737337562887, 5.857980995127572, 5.857980995127572, 5.459431618637297, 6.266786540694901, 6.247927513443585, 5.930737337562887, 6.20945336562895, 5.643856189774724], [5.807354922057604, 5.906890595608519, 5.643856189774724, 5.20945336562895, 4.523561956057013, 4.584962500721156, 4.459431618637297, 5.459431618637297, 6.066089190457772, 5.426264754702098, 6.0, 6.066089190457772, 5.882643049361842, 6.169925001442312, 5.727920454563199, 5.672425341971495, 5.906890595608519, 5.491853096329675, 5.977279923499917, 6.285402218862249, 5.954196310386875, 5.977279923499917, 5.700439718141093, 5.977279923499917], [6.022367813028454, 5.807354922057604, 5.169925001442312, 5.247927513443585, 4.700439718141093, 4.0, 4.643856189774724, 5.0, 5.459431618637297, 5.906890595608519, 6.022367813028454, 5.857980995127572, 5.857980995127572, 6.108524456778169, 5.882643049361842, 6.475733430966398, 5.832890014164741, 6.0, 6.022367813028454, 5.643856189774724, 6.149747119504682, 6.22881869049588, 5.754887502163468, 5.584962500721156]]}