{"min": 0, "max": 11.000704269011246, "pieData": [[4.754887502163468, 3.169925001442312, 3.0, 2.807354922057604, 2.321928094887362, 2.584962500721156, 4.857980995127572, 5.700439718141093, 6.066089190457772, 6.22881869049588, 5.930737337562887, 5.491853096329675, 5.20945336562895, 5.169925001442312, 6.285402218862249, 5.807354922057604, 5.832890014164741, 5.169925001442312, 4.906890595608519, 4.247927513443585, 4.523561956057013, 4.321928094887363, 4.754887502163468, 3.9068905956085187], [3.4594316186372973, 3.321928094887362, 2.0, 2.321928094887362, 1.584962500721156, 2.807354922057604, 4.523561956057013, 4.643856189774724, 5.906890595608519, 5.882643049361842, 5.78135971352466, 5.20945336562895, 5.129283016944966, 5.754887502163468, 5.392317422778761, 6.044394119358453, 5.044394119358453, 5.129283016944966, 5.321928094887363, 5.087462841250339, 4.700439718141093, 4.321928094887363, 3.584962500721156, 4.169925001442312], [3.9068905956085187, 2.807354922057604, 2.321928094887362, 3.0, 2.321928094887362, 3.4594316186372973, 4.321928094887363, 5.491853096329675, 5.700439718141093, 5.321928094887363, 5.392317422778761, 5.554588851677638, 5.087462841250339, 5.087462841250339, 5.727920454563199, 5.584962500721156, 5.357552004618084, 5.321928094887363, 4.857980995127572, 4.584962500721156, 2.584962500721156, 3.807354922057604, 4.700439718141093, 4.459431618637297], [4.087462841250339, 3.807354922057604, 3.584962500721156, 2.321928094887362, 1.0, 2.321928094887362, 5.087462841250339, 4.392317422778761, 5.754887502163468, 5.491853096329675, 4.807354922057604, 4.857980995127572, 4.643856189774724, 4.523561956057013, 5.392317422778761, 5.426264754702098, 5.426264754702098, 4.700439718141093, 4.643856189774724, 5.044394119358453, 4.584962500721156, 5.0, 4.247927513443585, 4.169925001442312], [4.643856189774724, 3.9068905956085187, 3.0, 1.0, 2.0, 3.0, 4.523561956057013, 4.954196310386875, 5.523561956057013, 5.930737337562887, 5.954196310386875, 5.672425341971495, 4.321928094887363, 5.459431618637297, 5.906890595608519, 6.022367813028454, 5.169925001442312, 4.954196310386875, 5.584962500721156, 5.426264754702098, 5.0, 4.857980995127572, 4.857980995127572, 4.087462841250339], [3.807354922057604, 3.9068905956085187, 4.169925001442312, 2.807354922057604, 3.0, 2.807354922057604, 3.584962500721156, 5.392317422778761, 4.643856189774724, 4.0, 4.700439718141093, 4.523561956057013, 5.0, 3.4594316186372973, 5.426264754702098, 5.321928094887363, 4.247927513443585, 5.169925001442312, 5.044394119358453, 4.906890595608519, 4.169925001442312, 4.523561956057013, 4.857980995127572, 4.807354922057604], [4.169925001442312, 4.321928094887363, 3.321928094887362, 1.584962500721156, 2.0, 2.321928094887362, 3.169925001442312, 3.321928094887362, 3.9068905956085187, 4.700439718141093, 4.523561956057013, 4.584962500721156, 4.906890595608519, 4.0, 4.906890595608519, 4.807354922057604, 5.20945336562895, 4.857980995127572, 5.491853096329675, 4.643856189774724, 4.807354922057604, 5.0, 4.857980995127572, 4.087462841250339]]}