{"min": 0, "max": 11.000704269011246, "pieData": [[7.303780748177103, 6.266786540694901, 6.044394119358453, 5.727920454563199, 5.20945336562895, 5.285402218862249, 6.882643049361842, 6.614709844115208, 7.011227255423254, 7.03342300153745, 7.087462841250339, 7.219168520462161, 7.6293566200796095, 7.434628227636725, 7.700439718141093, 7.845490050944376, 7.832890014164741, 7.7481928495894605, 7.247927513443585, 6.599912842187128, 7.409390936137702, 7.936637939002571, 7.94251450533924, 7.475733430966398], [7.189824558880018, 6.78135971352466, 6.169925001442312, 5.857980995127572, 5.285402218862249, 5.554588851677638, 6.768184324776926, 6.930737337562887, 6.832890014164741, 7.1799090900149345, 7.562242424221073, 7.562242424221073, 7.531381460516312, 7.636624620543649, 7.971543553950772, 7.7414669864011465, 7.826548487290915, 7.86418614465428, 7.467605550082998, 7.507794640198696, 7.577428828035749, 7.714245517666122, 7.94251450533924, 7.614709844115208], [6.94251450533924, 6.357552004618084, 5.584962500721156, 4.906890595608519, 4.523561956057013, 4.584962500721156, 6.409390936137702, 6.820178962415188, 7.303780748177103, 6.9886846867721655, 7.321928094887363, 7.409390936137702, 7.467605550082998, 7.339850002884624, 7.483815777264256, 7.870364719583405, 7.348728154231077, 7.467605550082998, 7.22881869049588, 7.169925001442312, 5.129283016944966, 7.845490050944376, 7.672425341971495, 7.392317422778761], [7.199672344836364, 6.918863237274595, 6.7414669864011465, 5.584962500721156, 5.426264754702098, 5.044394119358453, 6.882643049361842, 6.94251450533924, 7.108524456778169, 7.339850002884624, 7.442943495848728, 7.622051819456376, 7.285402218862249, 7.562242424221073, 7.727920454563199, 7.6293566200796095, 7.693486957499325, 7.971543553950772, 7.807354922057604, 7.562242424221073, 7.636624620543649, 7.768184324776926, 7.912889336229962, 7.554588851677638], [6.930737337562887, 6.7414669864011465, 6.321928094887363, 5.754887502163468, 5.129283016944966, 5.426264754702098, 6.554588851677638, 7.199672344836364, 7.1799090900149345, 7.118941072723508, 7.6865005271832185, 7.651051691178928, 7.734709620225838, 7.721099188707186, 7.954196310386875, 7.7073591320808825, 7.6293566200796095, 7.499845887083206, 7.392317422778761, 7.554588851677638, 7.930737337562887, 7.714245517666122, 8.027905996569885, 7.636624620543649], [7.383704292474052, 6.906890595608519, 6.554588851677638, 6.149747119504682, 5.0, 5.129283016944966, 6.108524456778169, 6.906890595608519, 7.409390936137702, 7.247927513443585, 7.409390936137702, 7.679480099505446, 7.459431618637297, 7.491853096329675, 7.434628227636725, 7.434628227636725, 7.636624620543649, 7.426264754702098, 7.499845887083206, 7.599912842187128, 7.622051819456376, 7.658211482751795, 7.813781191217037, 7.392317422778761], [7.129283016944966, 6.78135971352466, 6.658211482751795, 6.0, 5.584962500721156, 5.321928094887363, 6.169925001442312, 6.20945336562895, 6.857980995127572, 7.312882955284356, 7.400879436282184, 7.20945336562895, 7.409390936137702, 7.400879436282184, 7.257387842692652, 7.569855608330948, 7.483815777264256, 7.392317422778761, 7.546894459887636, 7.189824558880018, 7.839203788096944, 7.768184324776926, 7.965784284662087, 7.257387842692652]]}