{"min": 0, "max": 11.000704269011246, "pieData": [[3.169925001442312, 2.584962500721156, 2.321928094887362, 1.0, 1.0, 2.321928094887362, 3.807354922057604, 2.321928094887362, 4.087462841250339, 4.906890595608519, 6.169925001442312, 6.044394119358453, 4.459431618637297, 4.584962500721156, 5.832890014164741, 4.700439718141093, 5.392317422778761, 5.672425341971495, 4.087462841250339, 3.0, 3.321928094887362, 4.321928094887363, 3.807354922057604, 3.584962500721156], [3.169925001442312, 2.584962500721156, 2.0, 2.0, 1.0, 2.0, 3.4594316186372973, 3.4594316186372973, 4.321928094887363, 5.977279923499917, 6.266786540694901, 5.78135971352466, 4.906890595608519, 5.0, 6.303780748177103, 6.339850002884624, 5.78135971352466, 5.285402218862249, 4.954196310386875, 4.584962500721156, 4.169925001442312, 3.807354922057604, 4.523561956057013, 4.169925001442312], [3.0, 2.321928094887362, 3.0, 1.0, 0.0, 1.0, 2.0, 2.321928094887362, 4.523561956057013, 5.285402218862249, 5.832890014164741, 5.906890595608519, 4.392317422778761, 4.807354922057604, 6.20945336562895, 5.977279923499917, 5.727920454563199, 4.700439718141093, 4.169925001442312, 3.9068905956085187, 1.0, 5.0, 4.0, 4.247927513443585], [2.807354922057604, 2.584962500721156, 1.584962500721156, 1.0, 1.584962500721156, 1.584962500721156, 2.807354922057604, 3.0, 5.129283016944966, 5.554588851677638, 6.087462841250339, 5.643856189774724, 4.321928094887363, 4.321928094887363, 6.149747119504682, 5.930737337562887, 5.954196310386875, 4.954196310386875, 4.392317422778761, 4.523561956057013, 4.643856189774724, 3.807354922057604, 4.906890595608519, 3.700439718141092], [3.4594316186372973, 2.0, 2.0, 1.584962500721156, 0.0, 2.584962500721156, 2.321928094887362, 3.4594316186372973, 4.954196310386875, 5.930737337562887, 5.930737337562887, 5.882643049361842, 4.392317422778761, 5.129283016944966, 6.20945336562895, 6.22881869049588, 5.643856189774724, 4.857980995127572, 4.700439718141093, 3.700439718141092, 4.459431618637297, 4.087462841250339, 4.643856189774724, 3.700439718141092], [3.4594316186372973, 1.0, 2.807354922057604, 1.584962500721156, 1.0, 0.0, 3.169925001442312, 3.169925001442312, 4.754887502163468, 4.459431618637297, 3.700439718141092, 3.807354922057604, 3.700439718141092, 3.321928094887362, 4.0, 3.4594316186372973, 4.247927513443585, 4.0, 3.4594316186372973, 4.087462841250339, 3.584962500721156, 4.321928094887363, 3.584962500721156, 2.807354922057604], [3.321928094887362, 2.584962500721156, 2.321928094887362, 2.807354922057604, 2.321928094887362, 1.584962500721156, 2.807354922057604, 4.169925001442312, 4.247927513443585, 4.0, 3.9068905956085187, 3.807354922057604, 3.4594316186372973, 3.169925001442312, 3.4594316186372973, 4.169925001442312, 4.392317422778761, 4.169925001442312, 4.523561956057013, 3.9068905956085187, 4.169925001442312, 4.0, 3.4594316186372973, 3.9068905956085187]]}