{"min": 0, "max": 11.000704269011246, "pieData": [[4.700439718141093, 4.247927513443585, 4.0, 2.584962500721156, 2.0, 3.9068905956085187, 4.954196310386875, 5.087462841250339, 4.700439718141093, 4.523561956057013, 5.0, 5.247927513443585, 5.321928094887363, 5.459431618637297, 5.129283016944966, 5.78135971352466, 5.954196310386875, 5.643856189774724, 4.700439718141093, 4.392317422778761, 5.523561956057013, 6.22881869049588, 6.066089190457772, 5.459431618637297], [5.169925001442312, 4.584962500721156, 4.523561956057013, 2.807354922057604, 3.321928094887362, 2.0, 3.807354922057604, 5.169925001442312, 4.754887502163468, 4.392317422778761, 5.285402218862249, 5.426264754702098, 4.954196310386875, 5.357552004618084, 5.285402218862249, 5.930737337562887, 5.614709844115208, 5.857980995127572, 5.169925001442312, 5.169925001442312, 5.584962500721156, 5.906890595608519, 5.700439718141093, 5.357552004618084], [4.906890595608519, 4.169925001442312, 3.807354922057604, 3.4594316186372973, 3.0, 1.584962500721156, 3.169925001442312, 4.523561956057013, 5.20945336562895, 5.554588851677638, 4.857980995127572, 4.584962500721156, 5.0, 4.807354922057604, 5.426264754702098, 5.357552004618084, 5.357552004618084, 5.247927513443585, 4.700439718141093, 5.357552004618084, 3.169925001442312, 5.357552004618084, 4.954196310386875, 5.357552004618084], [4.954196310386875, 3.700439718141092, 4.0, 2.0, 2.321928094887362, 3.700439718141092, 4.0, 5.169925001442312, 5.247927513443585, 5.129283016944966, 4.857980995127572, 5.523561956057013, 5.357552004618084, 5.357552004618084, 5.285402218862249, 5.614709844115208, 5.857980995127572, 5.129283016944966, 5.129283016944966, 5.459431618637297, 5.459431618637297, 5.700439718141093, 5.643856189774724, 5.426264754702098], [4.807354922057604, 4.643856189774724, 2.807354922057604, 3.169925001442312, 3.169925001442312, 3.321928094887362, 4.392317422778761, 4.807354922057604, 5.087462841250339, 4.700439718141093, 5.321928094887363, 5.672425341971495, 5.285402218862249, 5.523561956057013, 5.0, 5.523561956057013, 5.882643049361842, 5.285402218862249, 4.392317422778761, 5.20945336562895, 5.672425341971495, 5.832890014164741, 5.857980995127572, 5.78135971352466], [5.0, 4.643856189774724, 4.321928094887363, 4.0, 1.584962500721156, 3.169925001442312, 4.0, 4.643856189774724, 5.357552004618084, 5.087462841250339, 5.285402218862249, 5.426264754702098, 4.906890595608519, 4.700439718141093, 5.321928094887363, 5.169925001442312, 5.169925001442312, 5.0, 4.700439718141093, 5.247927513443585, 5.20945336562895, 5.129283016944966, 5.491853096329675, 5.247927513443585], [4.906890595608519, 4.392317422778761, 4.523561956057013, 3.584962500721156, 3.0, 3.700439718141092, 3.321928094887362, 4.754887502163468, 5.285402218862249, 4.754887502163468, 4.754887502163468, 4.523561956057013, 4.584962500721156, 5.614709844115208, 5.285402218862249, 5.20945336562895, 5.426264754702098, 4.807354922057604, 5.321928094887363, 4.906890595608519, 5.20945336562895, 5.857980995127572, 5.78135971352466, 4.906890595608519]]}