{"min": 0, "max": 11.000704269011246, "pieData": [[6.754887502163468, 5.700439718141093, 5.727920454563199, 5.285402218862249, 4.523561956057013, 5.129283016944966, 6.247927513443585, 6.459431618637297, 5.672425341971495, 5.247927513443585, 6.442943495848728, 5.930737337562887, 6.357552004618084, 6.554588851677638, 6.584962500721156, 6.507794640198696, 6.643856189774724, 6.584962500721156, 6.442943495848728, 5.700439718141093, 6.6865005271832185, 7.285402218862249, 7.392317422778761, 7.20945336562895], [6.569855608330948, 6.22881869049588, 6.149747119504682, 5.20945336562895, 3.9068905956085187, 4.954196310386875, 5.672425341971495, 6.6293566200796095, 6.087462841250339, 6.066089190457772, 6.285402218862249, 5.977279923499917, 6.6293566200796095, 6.442943495848728, 6.426264754702098, 6.539158811108031, 6.658211482751795, 6.539158811108031, 6.820178962415188, 6.894817763307944, 7.22881869049588, 7.20945336562895, 7.2384047393250786, 7.011227255423254], [6.584962500721156, 6.189824558880018, 5.321928094887363, 4.807354922057604, 4.523561956057013, 4.247927513443585, 5.977279923499917, 6.426264754702098, 5.491853096329675, 5.672425341971495, 6.189824558880018, 6.321928094887363, 6.189824558880018, 6.169925001442312, 6.022367813028454, 6.321928094887363, 6.247927513443585, 6.491853096329675, 6.409390936137702, 6.491853096329675, 4.247927513443585, 7.169925001442312, 7.149747119504682, 6.768184324776926], [6.409390936137702, 6.169925001442312, 6.129283016944966, 4.754887502163468, 4.392317422778761, 4.584962500721156, 5.554588851677638, 6.475733430966398, 6.044394119358453, 5.426264754702098, 5.930737337562887, 5.977279923499917, 6.149747119504682, 6.584962500721156, 6.22881869049588, 6.22881869049588, 6.614709844115208, 6.6865005271832185, 6.357552004618084, 6.906890595608519, 6.954196310386875, 7.169925001442312, 7.266786540694901, 7.011227255423254], [6.426264754702098, 5.643856189774724, 5.392317422778761, 5.285402218862249, 4.392317422778761, 4.459431618637297, 5.672425341971495, 6.6293566200796095, 5.977279923499917, 6.20945336562895, 6.108524456778169, 6.108524456778169, 6.491853096329675, 6.599912842187128, 6.3750394313469245, 6.426264754702098, 6.7414669864011465, 6.442943495848728, 6.491853096329675, 6.9886846867721655, 6.977279923499917, 7.1799090900149345, 7.022367813028454, 7.011227255423254], [6.894817763307944, 6.442943495848728, 5.930737337562887, 5.727920454563199, 4.857980995127572, 4.321928094887363, 5.247927513443585, 6.087462841250339, 6.20945336562895, 6.22881869049588, 6.475733430966398, 6.189824558880018, 6.087462841250339, 6.614709844115208, 6.569855608330948, 5.882643049361842, 6.459431618637297, 6.6865005271832185, 6.507794640198696, 6.285402218862249, 6.700439718141093, 6.906890595608519, 7.266786540694901, 6.643856189774724], [6.807354922057604, 6.285402218862249, 6.149747119504682, 5.321928094887363, 4.857980995127572, 4.392317422778761, 5.357552004618084, 5.285402218862249, 6.20945336562895, 6.491853096329675, 6.189824558880018, 6.285402218862249, 6.357552004618084, 6.523561956057013, 6.491853096329675, 6.357552004618084, 6.491853096329675, 6.523561956057013, 6.392317422778761, 6.754887502163468, 7.05528243550119, 7.011227255423254, 7.219168520462161, 7.129283016944966]]}