{"min": 0, "max": 11.000704269011246, "pieData": [[6.906890595608519, 6.108524456778169, 5.584962500721156, 4.954196310386875, 4.643856189774724, 4.857980995127572, 6.149747119504682, 7.1799090900149345, 6.523561956057013, 6.321928094887363, 7.011227255423254, 6.614709844115208, 6.672425341971495, 6.832890014164741, 7.285402218862249, 7.321928094887363, 7.169925001442312, 6.977279923499917, 6.807354922057604, 5.807354922057604, 7.0, 7.800899899920305, 7.851749041416058, 7.475733430966398], [7.159871336778389, 7.087462841250339, 6.539158811108031, 5.930737337562887, 5.247927513443585, 4.584962500721156, 6.022367813028454, 7.149747119504682, 6.794415866350106, 7.139551352398794, 6.894817763307944, 6.918863237274595, 6.794415866350106, 6.894817763307944, 7.303780748177103, 7.266786540694901, 7.348728154231077, 7.383704292474052, 7.05528243550119, 7.303780748177103, 7.584962500721156, 7.672425341971495, 7.813781191217037, 7.539158811108031], [7.03342300153745, 6.491853096329675, 5.906890595608519, 5.044394119358453, 5.087462841250339, 5.044394119358453, 5.20945336562895, 7.159871336778389, 6.768184324776926, 6.754887502163468, 6.906890595608519, 6.584962500721156, 6.643856189774724, 6.832890014164741, 7.294620748891627, 7.348728154231077, 6.882643049361842, 7.076815597050831, 6.714245517666122, 7.044394119358453, 4.523561956057013, 7.554588851677638, 7.515699838284043, 7.383704292474052], [7.303780748177103, 6.768184324776926, 6.303780748177103, 5.285402218862249, 4.754887502163468, 4.700439718141093, 6.087462841250339, 6.807354922057604, 6.7414669864011465, 6.392317422778761, 7.05528243550119, 6.78135971352466, 6.768184324776926, 6.700439718141093, 7.366322214245816, 7.108524456778169, 7.2384047393250786, 7.330916878114617, 7.076815597050831, 7.199672344836364, 7.3750394313469245, 7.794415866350106, 7.577428828035749, 7.451211111832329], [7.22881869049588, 6.832890014164741, 6.409390936137702, 6.022367813028454, 5.392317422778761, 4.247927513443585, 6.087462841250339, 7.03342300153745, 6.247927513443585, 6.6865005271832185, 7.426264754702098, 6.954196310386875, 6.700439718141093, 6.768184324776926, 7.339850002884624, 7.467605550082998, 7.622051819456376, 7.189824558880018, 7.087462841250339, 7.149747119504682, 7.294620748891627, 7.679480099505446, 7.826548487290915, 7.839203788096944], [7.330916878114617, 7.108524456778169, 6.584962500721156, 6.022367813028454, 5.087462841250339, 4.857980995127572, 5.459431618637297, 6.321928094887363, 7.2384047393250786, 6.6293566200796095, 7.011227255423254, 6.754887502163468, 6.584962500721156, 6.700439718141093, 7.05528243550119, 6.768184324776926, 6.918863237274595, 7.066089190457772, 6.700439718141093, 6.894817763307944, 7.149747119504682, 7.417852514885898, 7.636624620543649, 7.357552004618084], [7.0, 7.05528243550119, 6.569855608330948, 5.977279923499917, 5.169925001442312, 5.20945336562895, 5.357552004618084, 6.189824558880018, 7.20945336562895, 7.159871336778389, 6.7414669864011465, 6.426264754702098, 6.9886846867721655, 6.643856189774724, 6.965784284662087, 6.954196310386875, 6.832890014164741, 7.044394119358453, 6.965784284662087, 7.022367813028454, 7.499845887083206, 7.7414669864011465, 7.839203788096944, 7.434628227636725]]}