{"min": 0, "max": 11.000704269011246, "pieData": [[3.321928094887362, 3.0, 2.0, 3.169925001442312, 2.0, 1.0, 3.9068905956085187, 3.4594316186372973, 4.459431618637297, 5.044394119358453, 4.954196310386875, 4.584962500721156, 4.584962500721156, 4.321928094887363, 4.392317422778761, 4.584962500721156, 5.129283016944966, 4.169925001442312, 4.087462841250339, 2.807354922057604, 4.0, 5.044394119358453, 4.643856189774724, 3.321928094887362], [3.321928094887362, 2.807354922057604, 3.169925001442312, 1.584962500721156, 0.0, 2.0, 3.700439718141092, 4.247927513443585, 4.643856189774724, 4.0, 4.169925001442312, 4.584962500721156, 4.700439718141093, 4.392317422778761, 4.584962500721156, 4.700439718141093, 4.392317422778761, 4.700439718141093, 4.0, 4.584962500721156, 4.700439718141093, 4.392317422778761, 4.169925001442312, 3.0], [3.321928094887362, 3.0, 0.0, 1.0, 2.584962500721156, 0.0, 3.169925001442312, 4.0, 4.087462841250339, 3.807354922057604, 4.459431618637297, 4.392317422778761, 4.0, 3.700439718141092, 4.321928094887363, 4.643856189774724, 4.643856189774724, 4.392317422778761, 4.169925001442312, 3.169925001442312, 2.0, 4.087462841250339, 4.321928094887363, 4.0], [3.584962500721156, 2.807354922057604, 3.584962500721156, 2.321928094887362, 0.0, 1.0, 2.807354922057604, 3.9068905956085187, 4.247927513443585, 3.0, 2.584962500721156, 3.321928094887362, 3.169925001442312, 3.4594316186372973, 4.087462841250339, 4.584962500721156, 4.392317422778761, 4.584962500721156, 4.584962500721156, 4.392317422778761, 4.906890595608519, 4.584962500721156, 4.247927513443585, 3.321928094887362], [3.9068905956085187, 2.807354922057604, 2.807354922057604, 2.807354922057604, 1.584962500721156, 0.0, 3.9068905956085187, 4.906890595608519, 4.584962500721156, 4.584962500721156, 4.247927513443585, 4.523561956057013, 4.247927513443585, 4.169925001442312, 4.807354922057604, 4.754887502163468, 5.321928094887363, 4.807354922057604, 4.087462841250339, 4.954196310386875, 4.321928094887363, 4.523561956057013, 4.169925001442312, 4.247927513443585], [4.392317422778761, 3.321928094887362, 2.321928094887362, 2.321928094887362, 2.807354922057604, 1.584962500721156, 2.321928094887362, 3.9068905956085187, 5.129283016944966, 3.4594316186372973, 4.584962500721156, 4.954196310386875, 4.459431618637297, 3.169925001442312, 4.523561956057013, 4.954196310386875, 4.0, 4.459431618637297, 4.643856189774724, 4.169925001442312, 4.321928094887363, 3.9068905956085187, 4.392317422778761, 4.247927513443585], [4.247927513443585, 3.4594316186372973, 3.321928094887362, 2.807354922057604, 3.169925001442312, 1.584962500721156, 2.0, 3.4594316186372973, 4.754887502163468, 4.584962500721156, 4.700439718141093, 4.0, 4.169925001442312, 5.357552004618084, 4.392317422778761, 4.169925001442312, 4.584962500721156, 4.0, 3.700439718141092, 3.807354922057604, 3.169925001442312, 4.321928094887363, 3.4594316186372973, 2.321928094887362]]}