{"min": 0, "max": 11.000704269011246, "pieData": [[6.6865005271832185, 6.321928094887363, 6.266786540694901, 5.614709844115208, 3.9068905956085187, 3.9068905956085187, 6.442943495848728, 7.339850002884624, 7.303780748177103, 7.257387842692652, 7.392317422778761, 6.977279923499917, 6.832890014164741, 7.159871336778389, 7.139551352398794, 7.257387842692652, 7.366322214245816, 7.03342300153745, 6.857980995127572, 6.266786540694901, 6.3750394313469245, 7.2384047393250786, 7.257387842692652, 6.727920454563199], [6.614709844115208, 6.409390936137702, 6.285402218862249, 5.807354922057604, 4.584962500721156, 4.523561956057013, 5.643856189774724, 7.294620748891627, 7.066089190457772, 7.294620748891627, 6.94251450533924, 6.794415866350106, 6.857980995127572, 6.754887502163468, 7.20945336562895, 7.312882955284356, 6.78135971352466, 7.199672344836364, 7.1799090900149345, 7.22881869049588, 7.169925001442312, 7.108524456778169, 6.94251450533924, 6.894817763307944], [6.392317422778761, 5.882643049361842, 5.78135971352466, 5.614709844115208, 4.584962500721156, 3.9068905956085187, 5.426264754702098, 6.714245517666122, 6.714245517666122, 6.977279923499917, 6.321928094887363, 6.794415866350106, 6.523561956057013, 6.807354922057604, 6.672425341971495, 6.857980995127572, 6.832890014164741, 7.076815597050831, 6.918863237274595, 6.9886846867721655, 4.643856189774724, 7.303780748177103, 6.954196310386875, 6.6293566200796095], [6.491853096329675, 6.658211482751795, 5.977279923499917, 4.643856189774724, 3.700439718141092, 3.9068905956085187, 5.672425341971495, 6.870364719583405, 6.794415866350106, 6.507794640198696, 6.108524456778169, 5.857980995127572, 6.022367813028454, 6.022367813028454, 6.832890014164741, 6.820178962415188, 7.011227255423254, 7.066089190457772, 7.05528243550119, 7.1799090900149345, 7.189824558880018, 7.266786540694901, 7.20945336562895, 6.906890595608519], [6.832890014164741, 6.6865005271832185, 6.0, 5.129283016944966, 4.954196310386875, 4.247927513443585, 5.285402218862249, 7.20945336562895, 7.129283016944966, 7.169925001442312, 6.94251450533924, 7.0, 6.700439718141093, 6.658211482751795, 6.965784284662087, 6.727920454563199, 6.754887502163468, 7.247927513443585, 7.499845887083206, 7.539158811108031, 7.392317422778761, 7.366322214245816, 7.257387842692652, 7.22881869049588], [6.870364719583405, 6.906890595608519, 6.087462841250339, 6.169925001442312, 4.754887502163468, 4.754887502163468, 5.321928094887363, 6.044394119358453, 6.894817763307944, 7.011227255423254, 7.03342300153745, 6.794415866350106, 7.0, 7.118941072723508, 7.066089190457772, 6.857980995127572, 7.169925001442312, 7.266786540694901, 6.954196310386875, 7.2384047393250786, 7.330916878114617, 7.022367813028454, 7.098032082960526, 7.011227255423254], [6.918863237274595, 6.78135971352466, 6.3750394313469245, 6.169925001442312, 5.643856189774724, 4.754887502163468, 4.523561956057013, 5.882643049361842, 6.426264754702098, 6.768184324776926, 6.954196310386875, 6.954196310386875, 6.870364719583405, 6.94251450533924, 6.807354922057604, 7.139551352398794, 7.098032082960526, 6.977279923499917, 6.894817763307944, 7.098032082960526, 7.098032082960526, 7.303780748177103, 6.930737337562887, 6.754887502163468]]}