{"min": 0, "max": 11.000704269011246, "pieData": [[4.392317422778761, 1.584962500721156, 1.584962500721156, 1.584962500721156, 1.0, 2.0, 3.321928094887362, 4.459431618637297, 2.807354922057604, 4.247927513443585, 4.169925001442312, 3.169925001442312, 4.321928094887363, 4.169925001442312, 4.169925001442312, 3.9068905956085187, 2.807354922057604, 3.4594316186372973, 3.807354922057604, 2.584962500721156, 3.0, 3.9068905956085187, 4.700439718141093, 4.0], [2.584962500721156, 0.0, 1.584962500721156, 0.0, 0.0, 0.0, 3.169925001442312, 3.9068905956085187, 4.459431618637297, 4.169925001442312, 5.044394119358453, 4.169925001442312, 4.807354922057604, 4.459431618637297, 4.392317422778761, 5.044394119358453, 4.247927513443585, 3.321928094887362, 4.169925001442312, 4.321928094887363, 3.9068905956085187, 4.321928094887363, 4.169925001442312, 4.459431618637297], [2.321928094887362, 2.0, 0.0, 1.0, 0.0, 1.0, 1.584962500721156, 3.169925001442312, 3.9068905956085187, 4.523561956057013, 4.523561956057013, 3.700439718141092, 4.169925001442312, 4.700439718141093, 4.700439718141093, 3.9068905956085187, 3.169925001442312, 4.087462841250339, 4.523561956057013, 4.247927513443585, 1.584962500721156, 5.044394119358453, 4.807354922057604, 4.700439718141093], [3.584962500721156, 2.321928094887362, 1.0, 1.0, 0.0, 0.0, 2.321928094887362, 4.169925001442312, 4.459431618637297, 4.906890595608519, 4.906890595608519, 5.169925001442312, 4.643856189774724, 4.643856189774724, 5.0, 5.087462841250339, 4.321928094887363, 4.523561956057013, 4.584962500721156, 4.643856189774724, 4.643856189774724, 4.954196310386875, 5.20945336562895, 4.0], [3.807354922057604, 1.0, 0.0, 1.0, 0.0, 1.584962500721156, 2.584962500721156, 3.4594316186372973, 4.087462841250339, 4.459431618637297, 3.9068905956085187, 3.584962500721156, 4.169925001442312, 4.643856189774724, 3.4594316186372973, 4.321928094887363, 3.584962500721156, 3.807354922057604, 3.807354922057604, 3.584962500721156, 3.807354922057604, 4.584962500721156, 4.247927513443585, 4.392317422778761], [3.321928094887362, 2.321928094887362, 2.321928094887362, 1.584962500721156, 1.0, 1.0, 2.0, 2.807354922057604, 3.321928094887362, 3.4594316186372973, 3.4594316186372973, 2.807354922057604, 4.087462841250339, 3.584962500721156, 3.584962500721156, 2.584962500721156, 2.584962500721156, 4.169925001442312, 4.087462841250339, 3.4594316186372973, 3.321928094887362, 4.087462841250339, 4.523561956057013, 4.321928094887363], [3.169925001442312, 2.321928094887362, 1.0, 1.0, 1.0, 0.0, 2.321928094887362, 1.584962500721156, 2.584962500721156, 2.321928094887362, 3.169925001442312, 2.807354922057604, 3.807354922057604, 3.321928094887362, 3.321928094887362, 3.321928094887362, 3.4594316186372973, 2.807354922057604, 3.700439718141092, 3.9068905956085187, 3.584962500721156, 3.169925001442312, 2.807354922057604, 2.321928094887362]]}