{"min": 0, "max": 11.000704269011246, "pieData": [[7.118941072723508, 6.658211482751795, 5.954196310386875, 5.087462841250339, 4.954196310386875, 5.169925001442312, 6.22881869049588, 7.294620748891627, 6.727920454563199, 7.189824558880018, 6.977279923499917, 7.22881869049588, 7.139551352398794, 7.409390936137702, 7.721099188707186, 7.754887502163468, 7.614709844115208, 7.577428828035749, 7.409390936137702, 6.426264754702098, 7.294620748891627, 8.344295907915816, 8.204571144249204, 8.174925682500678], [7.483815777264256, 6.768184324776926, 6.392317422778761, 5.78135971352466, 5.321928094887363, 4.643856189774724, 5.906890595608519, 7.475733430966398, 7.139551352398794, 7.2761244052742375, 7.451211111832329, 7.6865005271832185, 7.499845887083206, 7.643856189774724, 7.643856189774724, 7.679480099505446, 7.700439718141093, 7.562242424221073, 7.515699838284043, 8.092757140919852, 8.154818109052105, 8.321928094887362, 8.159871336778389, 7.936637939002571], [7.199672344836364, 6.768184324776926, 6.149747119504682, 5.554588851677638, 4.807354922057604, 4.643856189774724, 5.584962500721156, 7.459431618637297, 7.011227255423254, 7.266786540694901, 7.491853096329675, 7.321928094887363, 7.257387842692652, 7.321928094887363, 7.577428828035749, 7.515699838284043, 7.330916878114617, 7.499845887083206, 7.467605550082998, 7.6293566200796095, 4.700439718141093, 7.86418614465428, 7.954196310386875, 7.679480099505446], [7.357552004618084, 6.807354922057604, 6.357552004618084, 5.672425341971495, 5.0, 4.807354922057604, 5.977279923499917, 7.357552004618084, 6.857980995127572, 7.257387842692652, 7.491853096329675, 7.451211111832329, 7.20945336562895, 7.257387842692652, 7.554588851677638, 7.6293566200796095, 7.507794640198696, 7.475733430966398, 7.507794640198696, 8.03342300153745, 8.174925682500678, 7.994353436858858, 8.087462841250339, 7.768184324776926], [7.22881869049588, 7.066089190457772, 6.285402218862249, 6.189824558880018, 5.0, 5.584962500721156, 5.727920454563199, 7.491853096329675, 7.05528243550119, 7.417852514885898, 7.7414669864011465, 7.584962500721156, 7.330916878114617, 7.507794640198696, 7.599912842187128, 7.794415866350106, 7.622051819456376, 7.651051691178928, 7.2384047393250786, 7.700439718141093, 8.071462362556623, 7.86418614465428, 8.276124405274238, 7.870364719583405], [7.794415866350106, 7.3750394313469245, 6.794415866350106, 6.6293566200796095, 5.554588851677638, 5.285402218862249, 6.044394119358453, 7.03342300153745, 7.584962500721156, 7.312882955284356, 7.247927513443585, 7.20945336562895, 7.022367813028454, 7.139551352398794, 7.169925001442312, 6.94251450533924, 7.257387842692652, 7.434628227636725, 7.554588851677638, 7.285402218862249, 7.658211482751795, 7.78135971352466, 7.936637939002571, 7.679480099505446], [7.442943495848728, 7.03342300153745, 6.768184324776926, 6.108524456778169, 5.169925001442312, 4.754887502163468, 5.554588851677638, 6.285402218862249, 6.965784284662087, 6.845490050944376, 7.05528243550119, 6.599912842187128, 7.169925001442312, 7.491853096329675, 7.303780748177103, 7.2761244052742375, 7.2761244052742375, 7.339850002884624, 7.539158811108031, 7.426264754702098, 7.912889336229962, 7.845490050944376, 7.948367231584678, 7.584962500721156]]}