{"min": 0, "max": 11.000704269011246, "pieData": [[7.285402218862249, 6.672425341971495, 6.0, 5.523561956057013, 5.20945336562895, 5.169925001442312, 6.7414669864011465, 7.3750394313469245, 7.451211111832329, 7.266786540694901, 7.622051819456376, 8.044394119358454, 7.7414669864011465, 8.134426320220927, 8.361943773735241, 8.348728154231077, 8.08214904135387, 8.103287808412022, 7.60733031374961, 6.022367813028454, 7.3750394313469245, 8.20945336562895, 8.43879185257826, 7.994353436858858], [7.531381460516312, 7.1799090900149345, 6.714245517666122, 5.78135971352466, 5.169925001442312, 5.169925001442312, 6.357552004618084, 7.475733430966398, 7.727920454563199, 7.539158811108031, 8.03342300153745, 8.243173983472952, 8.08214904135387, 8.076815597050832, 8.164906926675688, 8.370687406807217, 8.011227255423254, 7.900866807980749, 7.599912842187128, 7.839203788096944, 7.930737337562887, 8.149747119504681, 8.238404739325079, 7.768184324776926], [7.417852514885898, 6.832890014164741, 6.321928094887363, 5.584962500721156, 5.129283016944966, 5.169925001442312, 6.169925001442312, 7.1799090900149345, 7.7073591320808825, 7.845490050944376, 7.721099188707186, 8.055282435501189, 7.636624620543649, 7.912889336229962, 8.038918989292302, 8.257387842692651, 8.169925001442312, 8.071462362556623, 7.6293566200796095, 7.569855608330948, 4.807354922057604, 7.554588851677638, 7.994353436858858, 7.700439718141093], [7.357552004618084, 6.845490050944376, 6.857980995127572, 5.882643049361842, 4.954196310386875, 5.523561956057013, 6.108524456778169, 7.442943495848728, 7.714245517666122, 7.700439718141093, 7.912889336229962, 7.813781191217037, 7.636624620543649, 7.906890595608519, 8.179909090014934, 8.370687406807217, 8.08214904135387, 7.930737337562887, 7.539158811108031, 7.727920454563199, 7.894817763307944, 7.9600019320680815, 8.113742166049189, 8.0], [7.523561956057013, 6.672425341971495, 6.3750394313469245, 5.807354922057604, 5.321928094887363, 5.087462841250339, 6.149747119504682, 7.266786540694901, 7.636624620543649, 7.7481928495894605, 8.066089190457772, 7.882643049361842, 7.894817763307944, 7.994353436858858, 8.294620748891628, 8.294620748891628, 7.918863237274595, 7.839203788096944, 7.294620748891627, 7.266786540694901, 7.86418614465428, 7.92481250360578, 7.839203788096944, 7.971543553950772], [7.599912842187128, 7.247927513443585, 6.954196310386875, 6.044394119358453, 5.426264754702098, 5.392317422778761, 6.189824558880018, 7.087462841250339, 7.392317422778761, 7.857980995127572, 7.774787059601174, 8.022367813028454, 7.800899899920305, 7.930737337562887, 8.011227255423254, 7.965784284662087, 7.882643049361842, 7.7414669864011465, 7.592457037268081, 7.2384047393250786, 7.546894459887636, 7.60733031374961, 7.954196310386875, 7.636624620543649], [7.417852514885898, 7.247927513443585, 6.882643049361842, 6.507794640198696, 5.392317422778761, 5.392317422778761, 6.022367813028454, 6.507794640198696, 7.2384047393250786, 7.303780748177103, 7.622051819456376, 7.636624620543649, 7.857980995127572, 7.794415866350106, 7.918863237274595, 7.754887502163468, 7.714245517666122, 7.768184324776926, 7.434628227636725, 7.499845887083206, 7.851749041416058, 7.994353436858858, 8.03342300153745, 7.851749041416058]]}