{"min": 0, "max": 11.000704269011246, "pieData": [[2.584962500721156, 2.807354922057604, 2.0, 2.0, 1.584962500721156, 1.0, 1.0, 4.754887502163468, 5.491853096329675, 5.554588851677638, 5.321928094887363, 4.169925001442312, 3.9068905956085187, 4.169925001442312, 5.087462841250339, 5.087462841250339, 4.906890595608519, 4.857980995127572, 4.459431618637297, 3.321928094887362, 4.0, 3.807354922057604, 3.321928094887362, 3.807354922057604], [2.584962500721156, 2.807354922057604, 1.0, 1.584962500721156, 1.0, 0.0, 2.807354922057604, 4.906890595608519, 5.044394119358453, 5.087462841250339, 4.169925001442312, 4.584962500721156, 3.4594316186372973, 4.643856189774724, 5.129283016944966, 4.523561956057013, 4.523561956057013, 4.807354922057604, 4.247927513443585, 4.0, 3.807354922057604, 3.700439718141092, 2.321928094887362, 3.584962500721156], [3.321928094887362, 1.584962500721156, 2.321928094887362, 1.584962500721156, 0.0, 1.0, 2.807354922057604, 5.087462841250339, 5.087462841250339, 4.247927513443585, 4.700439718141093, 4.392317422778761, 3.807354922057604, 4.0, 4.700439718141093, 4.754887502163468, 4.857980995127572, 4.857980995127572, 4.807354922057604, 3.321928094887362, 1.584962500721156, 3.700439718141092, 3.9068905956085187, 3.321928094887362], [3.584962500721156, 3.700439718141092, 2.584962500721156, 1.0, 1.0, 0.0, 2.0, 4.087462841250339, 4.700439718141093, 5.0, 4.321928094887363, 4.0, 3.0, 3.700439718141092, 4.169925001442312, 4.700439718141093, 5.357552004618084, 4.169925001442312, 3.169925001442312, 3.584962500721156, 3.321928094887362, 2.807354922057604, 3.584962500721156, 3.4594316186372973], [3.169925001442312, 2.0, 2.0, 2.0, 2.321928094887362, 1.0, 2.807354922057604, 4.700439718141093, 4.700439718141093, 4.700439718141093, 4.643856189774724, 5.129283016944966, 3.584962500721156, 4.459431618637297, 5.247927513443585, 5.0, 4.700439718141093, 4.459431618637297, 4.392317422778761, 3.700439718141092, 4.247927513443585, 3.9068905956085187, 3.584962500721156, 3.169925001442312], [2.807354922057604, 2.0, 3.169925001442312, 2.584962500721156, 2.807354922057604, 0.0, 3.0, 3.321928094887362, 4.169925001442312, 3.584962500721156, 3.9068905956085187, 3.807354922057604, 3.807354922057604, 4.459431618637297, 4.392317422778761, 4.0, 3.700439718141092, 3.584962500721156, 3.700439718141092, 4.169925001442312, 3.169925001442312, 3.584962500721156, 3.584962500721156, 3.321928094887362], [2.807354922057604, 3.0, 2.0, 2.584962500721156, 2.0, 1.584962500721156, 2.0, 3.321928094887362, 4.523561956057013, 4.247927513443585, 4.0, 4.169925001442312, 4.584962500721156, 3.700439718141092, 4.247927513443585, 3.584962500721156, 3.807354922057604, 3.807354922057604, 4.321928094887363, 3.4594316186372973, 3.0, 4.169925001442312, 3.584962500721156, 4.0]]}