{"min": 0, "max": 11.000704269011246, "pieData": [[3.584962500721156, 3.700439718141092, 3.0, 1.0, 2.321928094887362, 2.321928094887362, 4.321928094887363, 5.459431618637297, 6.108524456778169, 6.22881869049588, 5.672425341971495, 5.754887502163468, 5.426264754702098, 5.954196310386875, 5.78135971352466, 6.0, 6.022367813028454, 5.906890595608519, 5.554588851677638, 4.321928094887363, 4.700439718141093, 5.672425341971495, 4.906890595608519, 4.392317422778761], [4.584962500721156, 3.700439718141092, 4.087462841250339, 3.4594316186372973, 2.584962500721156, 2.584962500721156, 3.807354922057604, 5.426264754702098, 5.857980995127572, 5.807354922057604, 4.857980995127572, 5.554588851677638, 5.491853096329675, 5.584962500721156, 5.426264754702098, 5.20945336562895, 5.727920454563199, 5.523561956057013, 5.426264754702098, 5.392317422778761, 5.584962500721156, 5.554588851677638, 5.087462841250339, 5.169925001442312], [4.169925001442312, 4.247927513443585, 3.700439718141092, 1.584962500721156, 2.0, 1.0, 3.169925001442312, 4.807354922057604, 5.727920454563199, 5.285402218862249, 5.044394119358453, 5.20945336562895, 5.584962500721156, 5.285402218862249, 5.554588851677638, 5.614709844115208, 5.523561956057013, 5.672425341971495, 5.044394119358453, 5.285402218862249, 3.4594316186372973, 5.426264754702098, 5.044394119358453, 4.643856189774724], [3.321928094887362, 4.087462841250339, 2.807354922057604, 1.584962500721156, 2.321928094887362, 1.0, 3.807354922057604, 5.129283016944966, 5.554588851677638, 5.614709844115208, 5.0, 4.087462841250339, 4.392317422778761, 4.906890595608519, 5.392317422778761, 5.672425341971495, 5.727920454563199, 5.426264754702098, 5.554588851677638, 5.044394119358453, 5.426264754702098, 5.554588851677638, 5.584962500721156, 4.807354922057604], [3.9068905956085187, 3.9068905956085187, 2.584962500721156, 2.807354922057604, 1.584962500721156, 2.0, 4.0, 5.459431618637297, 6.169925001442312, 6.247927513443585, 5.285402218862249, 5.754887502163468, 4.857980995127572, 5.357552004618084, 5.20945336562895, 5.357552004618084, 5.954196310386875, 5.78135971352466, 5.554588851677638, 5.78135971352466, 5.321928094887363, 5.727920454563199, 5.491853096329675, 5.169925001442312], [4.754887502163468, 4.523561956057013, 3.4594316186372973, 2.807354922057604, 2.321928094887362, 1.584962500721156, 2.807354922057604, 4.700439718141093, 5.754887502163468, 5.727920454563199, 5.643856189774724, 5.321928094887363, 5.169925001442312, 5.700439718141093, 5.882643049361842, 5.044394119358453, 5.459431618637297, 6.0, 5.754887502163468, 5.554588851677638, 5.426264754702098, 5.321928094887363, 5.285402218862249, 4.754887502163468], [4.169925001442312, 3.584962500721156, 3.4594316186372973, 3.584962500721156, 2.321928094887362, 0.0, 3.807354922057604, 4.459431618637297, 5.247927513443585, 5.285402218862249, 5.523561956057013, 5.285402218862249, 4.754887502163468, 5.554588851677638, 5.491853096329675, 5.727920454563199, 5.672425341971495, 5.247927513443585, 5.321928094887363, 5.392317422778761, 5.754887502163468, 5.247927513443585, 5.044394119358453, 4.857980995127572]]}