{"min": 0, "max": 11.000704269011246, "pieData": [[6.303780748177103, 6.247927513443585, 5.426264754702098, 5.20945336562895, 4.321928094887363, 5.392317422778761, 6.523561956057013, 7.918863237274595, 8.134426320220927, 8.144658242831882, 8.08214904135387, 7.700439718141093, 7.820178962415188, 7.467605550082998, 8.285402218862249, 8.243173983472952, 7.977279923499917, 7.839203788096944, 7.7073591320808825, 6.044394119358453, 6.321928094887363, 7.7414669864011465, 7.523561956057013, 7.05528243550119], [6.539158811108031, 6.339850002884624, 6.149747119504682, 5.727920454563199, 5.491853096329675, 4.906890595608519, 6.539158811108031, 7.6865005271832185, 7.882643049361842, 7.965784284662087, 7.839203788096944, 7.693486957499325, 7.383704292474052, 7.651051691178928, 7.92481250360578, 7.857980995127572, 8.038918989292302, 7.562242424221073, 7.467605550082998, 7.754887502163468, 7.546894459887636, 7.149747119504682, 7.2384047393250786, 7.05528243550119], [6.321928094887363, 6.066089190457772, 5.392317422778761, 5.247927513443585, 4.523561956057013, 4.954196310386875, 5.78135971352466, 7.400879436282184, 7.6293566200796095, 7.60733031374961, 7.754887502163468, 7.6653359171851765, 7.257387842692652, 7.383704292474052, 7.857980995127572, 7.7481928495894605, 7.894817763307944, 7.714245517666122, 7.483815777264256, 7.247927513443585, 5.044394119358453, 7.554588851677638, 7.2384047393250786, 7.129283016944966], [6.6293566200796095, 5.857980995127572, 5.672425341971495, 5.20945336562895, 4.807354922057604, 4.857980995127572, 5.977279923499917, 7.312882955284356, 7.700439718141093, 7.577428828035749, 7.044394119358453, 6.930737337562887, 6.94251450533924, 6.700439718141093, 7.451211111832329, 7.727920454563199, 7.734709620225838, 7.483815777264256, 7.451211111832329, 7.426264754702098, 7.539158811108031, 7.7073591320808825, 7.539158811108031, 7.199672344836364], [6.807354922057604, 5.930737337562887, 5.523561956057013, 5.392317422778761, 4.523561956057013, 4.807354922057604, 5.930737337562887, 7.483815777264256, 7.936637939002571, 7.918863237274595, 7.800899899920305, 7.714245517666122, 7.348728154231077, 7.754887502163468, 7.930737337562887, 8.0, 7.794415866350106, 7.592457037268081, 6.918863237274595, 7.409390936137702, 7.636624620543649, 7.592457037268081, 7.383704292474052, 7.219168520462161], [6.918863237274595, 6.554588851677638, 6.044394119358453, 5.977279923499917, 4.807354922057604, 5.169925001442312, 6.3750394313469245, 7.076815597050831, 7.2761244052742375, 7.826548487290915, 7.592457037268081, 7.7481928495894605, 7.643856189774724, 7.727920454563199, 7.491853096329675, 7.366322214245816, 7.700439718141093, 7.700439718141093, 7.554588851677638, 7.622051819456376, 7.651051691178928, 7.3750394313469245, 7.3750394313469245, 7.3750394313469245], [6.832890014164741, 6.700439718141093, 6.149747119504682, 5.78135971352466, 5.169925001442312, 4.807354922057604, 5.832890014164741, 6.523561956057013, 7.199672344836364, 7.577428828035749, 7.754887502163468, 7.499845887083206, 7.622051819456376, 7.614709844115208, 7.554588851677638, 7.569855608330948, 7.6653359171851765, 7.658211482751795, 7.451211111832329, 7.554588851677638, 7.426264754702098, 7.383704292474052, 7.2384047393250786, 6.977279923499917]]}