{"min": 0, "max": 11.000704269011246, "pieData": [[5.882643049361842, 4.954196310386875, 4.857980995127572, 4.087462841250339, 4.169925001442312, 3.807354922057604, 5.392317422778761, 6.906890595608519, 5.882643049361842, 6.339850002884624, 6.0, 6.392317422778761, 6.599912842187128, 6.700439718141093, 6.9886846867721655, 6.6865005271832185, 6.894817763307944, 6.6293566200796095, 6.491853096329675, 5.554588851677638, 6.285402218862249, 6.857980995127572, 6.700439718141093, 6.459431618637297], [5.727920454563199, 5.727920454563199, 5.247927513443585, 4.906890595608519, 3.4594316186372973, 4.087462841250339, 5.78135971352466, 7.05528243550119, 6.0, 6.0, 6.392317422778761, 6.569855608330948, 5.906890595608519, 6.714245517666122, 6.894817763307944, 7.03342300153745, 6.845490050944376, 6.94251450533924, 6.906890595608519, 7.011227255423254, 6.754887502163468, 6.643856189774724, 6.7414669864011465, 6.459431618637297], [5.700439718141093, 4.700439718141093, 5.169925001442312, 2.807354922057604, 3.807354922057604, 3.700439718141092, 5.285402218862249, 6.614709844115208, 5.857980995127572, 6.700439718141093, 6.475733430966398, 6.614709844115208, 6.321928094887363, 6.554588851677638, 6.78135971352466, 6.523561956057013, 6.727920454563199, 6.599912842187128, 6.569855608330948, 6.357552004618084, 3.4594316186372973, 6.768184324776926, 6.442943495848728, 6.129283016944966], [6.20945336562895, 5.20945336562895, 5.0, 4.954196310386875, 4.0, 3.9068905956085187, 5.700439718141093, 6.894817763307944, 6.20945336562895, 6.022367813028454, 6.20945336562895, 6.599912842187128, 6.475733430966398, 6.672425341971495, 6.857980995127572, 6.794415866350106, 6.768184324776926, 6.614709844115208, 6.491853096329675, 6.857980995127572, 6.554588851677638, 6.507794640198696, 6.754887502163468, 6.569855608330948], [6.285402218862249, 5.247927513443585, 5.129283016944966, 4.169925001442312, 3.807354922057604, 3.169925001442312, 5.584962500721156, 6.754887502163468, 6.20945336562895, 6.409390936137702, 6.149747119504682, 6.426264754702098, 6.189824558880018, 6.807354922057604, 6.727920454563199, 6.599912842187128, 6.754887502163468, 6.6865005271832185, 6.475733430966398, 6.6293566200796095, 6.672425341971495, 6.9886846867721655, 6.714245517666122, 6.475733430966398], [5.906890595608519, 5.954196310386875, 5.523561956057013, 4.807354922057604, 3.807354922057604, 4.321928094887363, 4.807354922057604, 5.882643049361842, 6.569855608330948, 6.507794640198696, 6.285402218862249, 6.149747119504682, 6.491853096329675, 6.6293566200796095, 6.727920454563199, 6.087462841250339, 6.584962500721156, 6.442943495848728, 6.442943495848728, 6.658211482751795, 6.321928094887363, 6.108524456778169, 6.303780748177103, 6.303780748177103], [6.108524456778169, 5.459431618637297, 5.643856189774724, 4.906890595608519, 4.169925001442312, 3.700439718141092, 4.321928094887363, 5.807354922057604, 6.459431618637297, 6.554588851677638, 6.266786540694901, 6.357552004618084, 6.584962500721156, 6.459431618637297, 6.78135971352466, 6.870364719583405, 6.459431618637297, 6.339850002884624, 6.426264754702098, 6.954196310386875, 6.894817763307944, 6.475733430966398, 6.882643049361842, 6.357552004618084]]}