{"min": 0, "max": 11.000704269011246, "pieData": [[4.857980995127572, 3.807354922057604, 3.584962500721156, 2.584962500721156, 2.0, 3.4594316186372973, 5.0, 6.247927513443585, 6.022367813028454, 5.930737337562887, 4.754887502163468, 5.247927513443585, 4.754887502163468, 5.247927513443585, 5.459431618637297, 5.044394119358453, 5.169925001442312, 5.357552004618084, 5.754887502163468, 4.523561956057013, 4.392317422778761, 5.614709844115208, 5.614709844115208, 5.044394119358453], [4.954196310386875, 4.584962500721156, 4.0, 3.584962500721156, 3.169925001442312, 3.321928094887362, 4.700439718141093, 6.321928094887363, 6.149747119504682, 5.807354922057604, 5.087462841250339, 4.807354922057604, 4.700439718141093, 4.857980995127572, 5.0, 4.087462841250339, 5.554588851677638, 5.129283016944966, 6.0, 6.087462841250339, 5.20945336562895, 5.754887502163468, 5.459431618637297, 5.044394119358453], [4.392317422778761, 3.584962500721156, 3.700439718141092, 3.169925001442312, 3.169925001442312, 3.0, 4.807354922057604, 5.832890014164741, 5.832890014164741, 5.285402218862249, 4.754887502163468, 4.857980995127572, 5.044394119358453, 5.044394119358453, 5.087462841250339, 5.044394119358453, 5.426264754702098, 5.285402218862249, 5.392317422778761, 5.523561956057013, 2.807354922057604, 5.832890014164741, 5.321928094887363, 5.491853096329675], [5.044394119358453, 4.0, 4.0, 3.584962500721156, 2.584962500721156, 3.0, 4.906890595608519, 5.882643049361842, 6.475733430966398, 5.700439718141093, 5.392317422778761, 5.285402218862249, 4.954196310386875, 5.129283016944966, 5.247927513443585, 5.247927513443585, 5.169925001442312, 5.491853096329675, 5.554588851677638, 6.189824558880018, 5.426264754702098, 5.459431618637297, 5.357552004618084, 5.392317422778761], [5.044394119358453, 4.321928094887363, 4.169925001442312, 3.9068905956085187, 2.807354922057604, 3.169925001442312, 3.9068905956085187, 6.303780748177103, 6.339850002884624, 5.285402218862249, 5.129283016944966, 5.20945336562895, 5.087462841250339, 5.392317422778761, 5.20945336562895, 5.392317422778761, 5.285402218862249, 5.20945336562895, 6.129283016944966, 6.022367813028454, 5.78135971352466, 5.754887502163468, 5.727920454563199, 5.554588851677638], [4.584962500721156, 5.044394119358453, 4.087462841250339, 2.807354922057604, 3.169925001442312, 3.0, 4.392317422778761, 5.129283016944966, 5.727920454563199, 5.129283016944966, 5.129283016944966, 4.954196310386875, 5.321928094887363, 5.321928094887363, 5.20945336562895, 4.700439718141093, 4.700439718141093, 4.754887502163468, 5.614709844115208, 5.584962500721156, 5.169925001442312, 5.285402218862249, 5.357552004618084, 5.0], [4.087462841250339, 4.459431618637297, 4.321928094887363, 3.169925001442312, 2.321928094887362, 3.321928094887362, 4.321928094887363, 4.169925001442312, 4.906890595608519, 4.754887502163468, 4.459431618637297, 4.700439718141093, 4.700439718141093, 4.954196310386875, 5.087462841250339, 5.087462841250339, 5.321928094887363, 4.700439718141093, 5.554588851677638, 5.954196310386875, 5.321928094887363, 5.700439718141093, 5.392317422778761, 5.129283016944966]]}