{"min": 0, "max": 11.000704269011246, "pieData": [[7.539158811108031, 6.9886846867721655, 6.409390936137702, 6.442943495848728, 5.857980995127572, 5.700439718141093, 6.321928094887363, 7.459431618637297, 7.971543553950772, 8.011227255423254, 7.918863237274595, 8.321928094887362, 8.276124405274238, 8.247927513443585, 8.46352437327118, 8.573647187493322, 8.066089190457772, 8.124121311829187, 8.262094845370179, 7.022367813028454, 8.144658242831882, 8.930737337562887, 8.45532722030456, 8.383704292474052], [7.794415866350106, 7.330916878114617, 6.820178962415188, 6.285402218862249, 5.321928094887363, 5.614709844115208, 6.321928094887363, 7.826548487290915, 8.022367813028454, 8.271463027904375, 8.422064766172813, 8.228818690495881, 8.174925682500678, 8.348728154231077, 8.643856189774725, 8.546894459887637, 8.434628227636725, 8.405141463136344, 8.184875342908283, 8.285402218862249, 8.546894459887637, 8.546894459887637, 8.603626344986193, 8.383704292474052], [7.882643049361842, 7.169925001442312, 6.643856189774724, 6.3750394313469245, 5.700439718141093, 5.426264754702098, 6.426264754702098, 7.467605550082998, 8.159871336778389, 8.247927513443585, 8.238404739325079, 8.312882955284355, 8.149747119504681, 8.243173983472952, 8.396604781181859, 8.39231742277876, 8.280770770130603, 7.876516946564999, 8.243173983472952, 7.977279923499917, 5.807354922057604, 8.45532722030456, 8.321928094887362, 8.098032082960527], [7.832890014164741, 7.3750394313469245, 6.930737337562887, 6.0, 5.643856189774724, 5.169925001442312, 6.475733430966398, 7.622051819456376, 8.243173983472952, 8.308339030139408, 8.426264754702098, 8.361943773735241, 8.266786540694902, 8.344295907915816, 8.447083226209653, 8.430452551665532, 8.366322214245816, 8.199672344836364, 8.038918989292302, 8.442943495848729, 8.566054038171092, 8.507794640198696, 8.668884984266247, 8.0], [7.774787059601174, 7.139551352398794, 6.7414669864011465, 5.977279923499917, 4.954196310386875, 5.459431618637297, 5.954196310386875, 7.651051691178928, 8.238404739325079, 8.20945336562895, 8.204571144249204, 8.219168520462162, 8.076815597050832, 8.31741261376487, 8.519636252843213, 8.76487159073609, 8.022367813028454, 8.103287808412022, 7.546894459887636, 8.134426320220927, 8.39231742277876, 8.689997971419446, 8.76487159073609, 8.388017285345136], [7.9600019320680815, 7.658211482751795, 7.442943495848728, 6.882643049361842, 5.857980995127572, 5.247927513443585, 6.189824558880018, 7.189824558880018, 8.164906926675688, 7.912889336229962, 7.98299357469431, 8.118941072723507, 8.139551352398794, 8.055282435501189, 8.312882955284355, 8.076815597050832, 7.813781191217037, 8.179909090014934, 8.03342300153745, 8.396604781181859, 8.247927513443585, 8.451211111832329, 8.396604781181859, 8.164906926675688], [7.813781191217037, 7.592457037268081, 7.312882955284356, 6.727920454563199, 5.857980995127572, 5.954196310386875, 5.930737337562887, 6.523561956057013, 7.467605550082998, 7.483815777264256, 7.845490050944376, 8.098032082960527, 8.219168520462162, 8.022367813028454, 7.930737337562887, 8.076815597050832, 7.912889336229962, 8.144658242831882, 8.071462362556623, 8.204571144249204, 8.51175265376738, 8.643856189774725, 8.379378367071261, 8.044394119358454]]}