{"min": 0, "max": 11.000704269011246, "pieData": [[5.930737337562887, 4.857980995127572, 5.321928094887363, 3.9068905956085187, 3.321928094887362, 3.700439718141092, 5.044394119358453, 7.05528243550119, 7.159871336778389, 7.2384047393250786, 7.247927513443585, 7.139551352398794, 6.832890014164741, 6.832890014164741, 7.459431618637297, 7.417852514885898, 7.330916878114617, 6.857980995127572, 5.392317422778761, 4.807354922057604, 5.906890595608519, 6.918863237274595, 6.820178962415188, 6.768184324776926], [6.22881869049588, 5.832890014164741, 5.392317422778761, 4.392317422778761, 3.807354922057604, 3.807354922057604, 5.392317422778761, 6.94251450533924, 7.459431618637297, 7.679480099505446, 7.60733031374961, 7.434628227636725, 6.754887502163468, 7.098032082960526, 7.60733031374961, 7.60733031374961, 7.2761244052742375, 7.076815597050831, 6.149747119504682, 6.554588851677638, 6.569855608330948, 6.9886846867721655, 7.189824558880018, 6.768184324776926], [6.20945336562895, 5.672425341971495, 5.392317422778761, 3.169925001442312, 4.169925001442312, 3.321928094887362, 5.169925001442312, 7.044394119358453, 7.417852514885898, 7.392317422778761, 7.3750394313469245, 7.426264754702098, 6.569855608330948, 6.754887502163468, 7.392317422778761, 7.554588851677638, 6.977279923499917, 6.672425341971495, 6.22881869049588, 6.129283016944966, 3.807354922057604, 6.768184324776926, 6.6293566200796095, 6.554588851677638], [6.20945336562895, 5.700439718141093, 5.044394119358453, 4.169925001442312, 2.807354922057604, 3.584962500721156, 4.754887502163468, 6.807354922057604, 7.2761244052742375, 7.599912842187128, 7.60733031374961, 7.366322214245816, 6.820178962415188, 6.820178962415188, 7.409390936137702, 7.483815777264256, 7.266786540694901, 6.392317422778761, 5.906890595608519, 6.507794640198696, 6.426264754702098, 6.554588851677638, 6.965784284662087, 6.658211482751795], [5.807354922057604, 5.584962500721156, 5.129283016944966, 3.807354922057604, 3.0, 3.584962500721156, 5.247927513443585, 6.94251450533924, 7.554588851677638, 7.78135971352466, 7.870364719583405, 7.451211111832329, 6.6293566200796095, 6.832890014164741, 7.348728154231077, 7.651051691178928, 6.794415866350106, 6.6293566200796095, 5.554588851677638, 5.930737337562887, 6.569855608330948, 6.7414669864011465, 6.94251450533924, 6.714245517666122], [6.409390936137702, 5.954196310386875, 5.906890595608519, 4.584962500721156, 4.087462841250339, 3.9068905956085187, 4.087462841250339, 6.392317422778761, 7.066089190457772, 7.339850002884624, 7.339850002884624, 6.965784284662087, 6.78135971352466, 6.554588851677638, 6.727920454563199, 6.442943495848728, 6.189824558880018, 6.247927513443585, 5.672425341971495, 5.78135971352466, 5.754887502163468, 6.392317422778761, 6.820178962415188, 6.303780748177103], [6.303780748177103, 5.643856189774724, 5.857980995127572, 4.392317422778761, 3.700439718141092, 3.584962500721156, 3.807354922057604, 6.022367813028454, 6.882643049361842, 7.159871336778389, 6.727920454563199, 6.768184324776926, 6.475733430966398, 6.658211482751795, 6.392317422778761, 6.870364719583405, 6.321928094887363, 6.169925001442312, 5.977279923499917, 5.727920454563199, 6.523561956057013, 6.754887502163468, 6.832890014164741, 6.303780748177103]]}