{"min": 0, "max": 11.000704269011246, "pieData": [[6.820178962415188, 6.22881869049588, 5.727920454563199, 4.954196310386875, 4.321928094887363, 4.700439718141093, 6.584962500721156, 7.2761244052742375, 6.442943495848728, 6.94251450533924, 6.965784284662087, 6.857980995127572, 7.011227255423254, 7.087462841250339, 7.383704292474052, 7.149747119504682, 7.1799090900149345, 7.2384047393250786, 7.409390936137702, 6.129283016944966, 6.9886846867721655, 7.523561956057013, 7.467605550082998, 7.554588851677638], [7.20945336562895, 6.6293566200796095, 6.285402218862249, 5.554588851677638, 4.392317422778761, 4.321928094887363, 5.727920454563199, 7.169925001442312, 7.442943495848728, 7.303780748177103, 7.03342300153745, 7.285402218862249, 6.930737337562887, 7.554588851677638, 7.434628227636725, 7.434628227636725, 7.531381460516312, 7.348728154231077, 7.531381460516312, 7.417852514885898, 7.734709620225838, 7.714245517666122, 7.622051819456376, 7.417852514885898], [6.977279923499917, 6.247927513443585, 5.727920454563199, 4.584962500721156, 4.584962500721156, 4.807354922057604, 6.129283016944966, 7.139551352398794, 7.199672344836364, 7.285402218862249, 7.098032082960526, 7.257387842692652, 7.199672344836364, 7.20945336562895, 6.94251450533924, 6.977279923499917, 7.189824558880018, 7.257387842692652, 6.954196310386875, 7.199672344836364, 4.754887502163468, 7.539158811108031, 7.159871336778389, 7.087462841250339], [6.768184324776926, 6.426264754702098, 5.78135971352466, 5.087462841250339, 4.247927513443585, 3.9068905956085187, 5.700439718141093, 7.294620748891627, 7.129283016944966, 7.20945336562895, 6.9886846867721655, 6.918863237274595, 7.0, 6.6865005271832185, 7.159871336778389, 7.22881869049588, 7.159871336778389, 7.312882955284356, 6.807354922057604, 7.139551352398794, 7.357552004618084, 7.459431618637297, 7.459431618637297, 7.2384047393250786], [6.820178962415188, 6.392317422778761, 6.022367813028454, 5.169925001442312, 5.044394119358453, 4.392317422778761, 5.321928094887363, 7.139551352398794, 6.643856189774724, 7.266786540694901, 6.807354922057604, 6.870364719583405, 6.754887502163468, 7.098032082960526, 7.139551352398794, 7.169925001442312, 7.266786540694901, 7.312882955284356, 7.159871336778389, 7.357552004618084, 7.658211482751795, 7.6293566200796095, 7.727920454563199, 7.515699838284043], [7.219168520462161, 6.857980995127572, 6.584962500721156, 5.491853096329675, 5.044394119358453, 4.807354922057604, 5.321928094887363, 6.727920454563199, 7.066089190457772, 6.754887502163468, 7.098032082960526, 7.03342300153745, 7.1799090900149345, 7.219168520462161, 7.0, 7.149747119504682, 7.066089190457772, 7.118941072723508, 7.294620748891627, 7.076815597050831, 7.011227255423254, 7.066089190457772, 7.139551352398794, 7.149747119504682], [6.930737337562887, 6.507794640198696, 6.189824558880018, 5.357552004618084, 4.169925001442312, 4.247927513443585, 5.247927513443585, 5.754887502163468, 6.507794640198696, 6.285402218862249, 6.523561956057013, 6.614709844115208, 7.066089190457772, 6.918863237274595, 6.78135971352466, 7.098032082960526, 7.189824558880018, 7.03342300153745, 7.199672344836364, 7.118941072723508, 7.294620748891627, 7.330916878114617, 7.426264754702098, 7.03342300153745]]}