{"min": 0, "max": 11.000704269011246, "pieData": [[7.6865005271832185, 7.011227255423254, 6.523561956057013, 6.357552004618084, 5.0, 5.129283016944966, 6.189824558880018, 7.643856189774724, 8.228818690495881, 8.479780264029099, 8.055282435501189, 8.03342300153745, 7.888743248898259, 7.900866807980749, 8.0, 7.78135971352466, 7.832890014164741, 7.787902559391432, 7.845490050944376, 6.643856189774724, 7.20945336562895, 8.118941072723507, 8.276124405274238, 8.194756854422248], [7.7615512324444795, 7.108524456778169, 6.714245517666122, 6.129283016944966, 5.426264754702098, 5.554588851677638, 6.392317422778761, 7.577428828035749, 8.451211111832329, 8.290018846932618, 8.103287808412022, 8.076815597050832, 7.977279923499917, 8.08214904135387, 8.092757140919852, 8.238404739325079, 8.087462841250339, 7.876516946564999, 7.584962500721156, 7.918863237274595, 8.098032082960527, 8.113742166049189, 8.233619676759702, 8.20945336562895], [7.734709620225838, 7.357552004618084, 6.599912842187128, 6.0, 5.321928094887363, 5.169925001442312, 6.247927513443585, 7.491853096329675, 8.257387842692651, 8.066089190457772, 7.826548487290915, 7.839203788096944, 7.794415866350106, 7.888743248898259, 8.179909090014934, 7.994353436858858, 7.7414669864011465, 7.651051691178928, 7.442943495848728, 7.734709620225838, 5.523561956057013, 8.103287808412022, 8.011227255423254, 7.9600019320680815], [7.851749041416058, 7.108524456778169, 6.807354922057604, 6.149747119504682, 5.459431618637297, 4.954196310386875, 6.285402218862249, 7.330916878114617, 8.46352437327118, 8.459431618637296, 8.011227255423254, 8.124121311829187, 7.679480099505446, 7.930737337562887, 8.108524456778168, 8.076815597050832, 7.569855608330948, 7.6865005271832185, 7.679480099505446, 8.038918989292302, 8.189824558880018, 7.9600019320680815, 7.813781191217037, 7.971543553950772], [7.539158811108031, 7.199672344836364, 6.409390936137702, 6.066089190457772, 5.357552004618084, 5.523561956057013, 6.022367813028454, 7.451211111832329, 8.29920801838728, 8.280770770130603, 8.189824558880018, 7.86418614465428, 7.94251450533924, 7.948367231584678, 7.845490050944376, 7.98299357469431, 7.679480099505446, 7.7073591320808825, 7.672425341971495, 7.906890595608519, 7.857980995127572, 8.005624549193879, 8.330916878114618, 8.252665432450248], [7.774787059601174, 7.499845887083206, 7.247927513443585, 6.714245517666122, 6.321928094887363, 5.426264754702098, 6.3750394313469245, 6.832890014164741, 7.515699838284043, 7.6865005271832185, 7.774787059601174, 7.768184324776926, 7.643856189774724, 7.7414669864011465, 7.721099188707186, 7.813781191217037, 7.554588851677638, 7.768184324776926, 7.6293566200796095, 7.507794640198696, 7.78135971352466, 7.845490050944376, 7.800899899920305, 7.918863237274595], [7.800899899920305, 7.515699838284043, 6.918863237274595, 6.614709844115208, 5.832890014164741, 5.700439718141093, 5.857980995127572, 6.426264754702098, 7.584962500721156, 7.149747119504682, 7.546894459887636, 7.569855608330948, 7.599912842187128, 7.700439718141093, 7.499845887083206, 7.499845887083206, 7.22881869049588, 7.507794640198696, 7.467605550082998, 7.918863237274595, 7.98299357469431, 8.271463027904375, 8.20945336562895, 8.139551352398794]]}