{"min": 0, "max": 11.000704269011246, "pieData": [[5.882643049361842, 5.044394119358453, 4.087462841250339, 3.321928094887362, 3.169925001442312, 4.087462841250339, 5.20945336562895, 6.9886846867721655, 7.6653359171851765, 7.592457037268081, 6.977279923499917, 6.845490050944376, 6.78135971352466, 6.906890595608519, 7.05528243550119, 6.882643049361842, 7.022367813028454, 7.451211111832329, 7.383704292474052, 6.426264754702098, 7.011227255423254, 7.658211482751795, 7.409390936137702, 6.906890595608519], [6.321928094887363, 5.426264754702098, 4.754887502163468, 3.169925001442312, 2.0, 3.4594316186372973, 4.954196310386875, 6.599912842187128, 7.888743248898259, 7.6653359171851765, 7.266786540694901, 7.400879436282184, 7.108524456778169, 7.011227255423254, 7.169925001442312, 7.339850002884624, 7.2761244052742375, 7.459431618637297, 7.467605550082998, 7.569855608330948, 7.700439718141093, 7.7481928495894605, 7.321928094887363, 6.569855608330948], [6.022367813028454, 4.643856189774724, 4.247927513443585, 3.700439718141092, 3.169925001442312, 3.321928094887362, 4.392317422778761, 6.539158811108031, 7.651051691178928, 7.554588851677638, 7.20945336562895, 7.312882955284356, 6.857980995127572, 7.05528243550119, 7.076815597050831, 7.0, 7.2761244052742375, 7.108524456778169, 7.169925001442312, 7.2761244052742375, 4.857980995127572, 7.348728154231077, 7.285402218862249, 6.6865005271832185], [6.022367813028454, 5.643856189774724, 4.754887502163468, 4.169925001442312, 3.4594316186372973, 3.700439718141092, 4.807354922057604, 6.78135971352466, 7.930737337562887, 7.636624620543649, 7.294620748891627, 7.257387842692652, 7.087462841250339, 7.076815597050831, 7.22881869049588, 7.330916878114617, 7.417852514885898, 7.409390936137702, 7.348728154231077, 7.839203788096944, 7.523561956057013, 7.569855608330948, 7.247927513443585, 6.807354922057604], [6.044394119358453, 5.129283016944966, 4.807354922057604, 4.392317422778761, 3.0, 3.584962500721156, 4.700439718141093, 6.906890595608519, 7.936637939002571, 7.6653359171851765, 7.189824558880018, 6.870364719583405, 7.1799090900149345, 7.219168520462161, 7.1799090900149345, 7.285402218862249, 6.965784284662087, 6.94251450533924, 7.139551352398794, 7.592457037268081, 7.3750394313469245, 7.383704292474052, 7.569855608330948, 7.03342300153745], [6.0, 5.672425341971495, 5.247927513443585, 4.321928094887363, 4.247927513443585, 3.9068905956085187, 4.954196310386875, 6.22881869049588, 6.794415866350106, 6.754887502163468, 6.523561956057013, 6.832890014164741, 7.139551352398794, 7.0, 6.870364719583405, 6.507794640198696, 6.491853096329675, 6.857980995127572, 7.434628227636725, 7.139551352398794, 6.9886846867721655, 7.011227255423254, 7.247927513443585, 6.754887502163468], [6.066089190457772, 5.754887502163468, 4.954196310386875, 4.459431618637297, 3.807354922057604, 3.9068905956085187, 4.247927513443585, 5.357552004618084, 6.303780748177103, 6.3750394313469245, 6.426264754702098, 6.78135971352466, 6.599912842187128, 6.754887502163468, 6.714245517666122, 6.599912842187128, 6.930737337562887, 7.076815597050831, 7.434628227636725, 7.366322214245816, 7.499845887083206, 7.475733430966398, 7.247927513443585, 6.614709844115208]]}