{"min": 0, "max": 11.000704269011246, "pieData": [[6.409390936137702, 5.672425341971495, 4.754887502163468, 4.087462841250339, 3.584962500721156, 4.169925001442312, 5.129283016944966, 6.820178962415188, 8.714245517666123, 8.832890014164741, 8.426264754702098, 8.49585502688717, 8.417852514885897, 8.535275376620802, 8.717676423066397, 8.357552004618084, 8.169925001442312, 7.86418614465428, 7.614709844115208, 6.820178962415188, 7.643856189774724, 8.353146825498083, 8.108524456778168, 7.312882955284356], [6.523561956057013, 5.643856189774724, 5.247927513443585, 4.247927513443585, 3.584962500721156, 3.700439718141092, 4.906890595608519, 6.7414669864011465, 8.751544059089099, 9.095397022792557, 8.721099188707186, 8.900866807980748, 8.679480099505446, 8.63662462054365, 8.581200581924957, 8.710806433699352, 8.409390936137703, 8.396604781181859, 8.098032082960527, 8.266786540694902, 8.066089190457772, 8.071462362556623, 8.164906926675688, 7.546894459887636], [6.321928094887363, 5.882643049361842, 4.754887502163468, 3.807354922057604, 3.169925001442312, 2.321928094887362, 4.321928094887363, 6.754887502163468, 8.74819284958946, 8.810571634741146, 8.599912842187127, 8.543031820255237, 8.118941072723507, 8.539158811108031, 8.72451385311995, 8.64745842645492, 8.519636252843213, 8.290018846932618, 8.044394119358454, 8.0, 5.20945336562895, 7.832890014164741, 7.6653359171851765, 7.434628227636725], [6.357552004618084, 5.754887502163468, 5.247927513443585, 3.4594316186372973, 3.321928094887362, 2.807354922057604, 4.700439718141093, 6.6293566200796095, 8.7714894695006, 9.0, 8.682994583681683, 8.611024797307353, 8.344295907915816, 8.643856189774725, 8.758223214726724, 8.668884984266247, 8.447083226209653, 8.252665432450248, 8.011227255423254, 8.451211111832329, 8.266786540694902, 7.948367231584678, 7.800899899920305, 7.651051691178928], [6.20945336562895, 5.672425341971495, 5.247927513443585, 4.906890595608519, 4.754887502163468, 3.807354922057604, 4.643856189774724, 6.442943495848728, 8.820178962415188, 9.108524456778168, 8.731319031025064, 8.67595703294175, 8.330916878114618, 8.62935662007961, 8.661778097771988, 8.451211111832329, 7.98299357469431, 7.826548487290915, 7.3750394313469245, 7.94251450533924, 8.29920801838728, 7.523561956057013, 7.918863237274595, 7.6653359171851765], [6.6293566200796095, 5.700439718141093, 4.857980995127572, 4.321928094887363, 4.247927513443585, 3.4594316186372973, 4.392317422778761, 5.832890014164741, 7.05528243550119, 7.442943495848728, 7.599912842187128, 7.912889336229962, 7.554588851677638, 7.523561956057013, 7.584962500721156, 7.727920454563199, 7.6293566200796095, 7.734709620225838, 7.7481928495894605, 7.658211482751795, 7.584962500721156, 7.531381460516312, 7.409390936137702, 6.832890014164741], [6.022367813028454, 5.247927513443585, 4.700439718141093, 3.9068905956085187, 3.4594316186372973, 3.4594316186372973, 3.700439718141092, 4.247927513443585, 6.285402218862249, 6.918863237274595, 7.0, 7.285402218862249, 7.523561956057013, 7.651051691178928, 7.643856189774724, 7.577428828035749, 7.199672344836364, 7.515699838284043, 7.876516946564999, 7.285402218862249, 7.900866807980749, 7.888743248898259, 7.60733031374961, 7.022367813028454]]}