{"min": 0, "max": 11.000704269011246, "pieData": [[8.219168520462162, 7.7414669864011465, 7.339850002884624, 6.794415866350106, 6.189824558880018, 5.882643049361842, 7.118941072723508, 8.189824558880018, 8.531381460516313, 8.499845887083206, 8.383704292474052, 8.661778097771988, 8.434628227636725, 8.562242424221072, 8.734709620225837, 8.832890014164741, 8.49585502688717, 8.204571144249204, 8.108524456778168, 7.149747119504682, 8.375039431346925, 8.997179480937621, 8.900866807980748, 8.761551232444479], [8.434628227636725, 7.94251450533924, 7.643856189774724, 6.930737337562887, 6.569855608330948, 6.409390936137702, 7.257387842692652, 7.839203788096944, 8.768184324776927, 8.459431618637296, 8.45532722030456, 8.912889336229961, 8.566054038171092, 8.539158811108031, 8.829722735086058, 8.700439718141093, 8.290018846932618, 8.280770770130603, 8.144658242831882, 8.515699838284043, 8.832890014164741, 8.918863237274595, 8.820178962415188, 8.734709620225837], [8.339850002884624, 7.800899899920305, 7.592457037268081, 7.20945336562895, 6.044394119358453, 5.700439718141093, 6.599912842187128, 7.794415866350106, 8.63662462054365, 8.409390936137703, 8.383704292474052, 8.543031820255237, 8.164906926675688, 8.335390354693924, 8.558420713268664, 8.73809225962049, 8.348728154231077, 8.312882955284355, 8.339850002884624, 8.396604781181859, 6.247927513443585, 8.665335917185176, 8.672425341971495, 8.703903573444663], [8.388017285345136, 7.948367231584678, 7.800899899920305, 7.20945336562895, 6.149747119504682, 6.108524456778169, 6.906890595608519, 8.08214904135387, 8.658211482751796, 8.665335917185176, 8.554588851677638, 8.543031820255237, 8.361943773735241, 8.479780264029099, 8.791162888555018, 8.876516946565, 8.39231742277876, 8.31741261376487, 8.262094845370179, 8.422064766172813, 8.703903573444663, 8.894817763307943, 8.994353436858859, 8.774787059601174], [8.447083226209653, 8.228818690495881, 7.807354922057604, 7.139551352398794, 6.584962500721156, 6.108524456778169, 6.965784284662087, 7.900866807980749, 8.72451385311995, 8.625708843064466, 8.710806433699352, 8.611024797307353, 8.491853096329674, 8.46352437327118, 8.67595703294175, 8.523561956057012, 8.303780748177102, 7.876516946564999, 7.900866807980749, 8.038918989292302, 8.994353436858859, 9.113742166049189, 9.079484783826816, 8.689997971419446], [8.483815777264256, 8.312882955284355, 8.0, 7.614709844115208, 6.768184324776926, 6.672425341971495, 7.22881869049588, 7.672425341971495, 7.800899899920305, 8.149747119504681, 8.022367813028454, 8.326429487122303, 8.027905996569885, 8.271463027904375, 8.262094845370179, 8.257387842692651, 8.08214904135387, 8.076815597050832, 8.252665432450248, 8.08214904135387, 8.57742882803575, 8.721099188707186, 8.614709844115207, 8.689997971419446], [8.400879436282183, 8.321928094887362, 7.845490050944376, 7.6293566200796095, 6.700439718141093, 6.044394119358453, 6.794415866350106, 7.0, 7.523561956057013, 7.679480099505446, 7.832890014164741, 8.055282435501189, 8.262094845370179, 8.353146825498083, 8.308339030139408, 8.43879185257826, 8.149747119504681, 8.087462841250339, 8.252665432450248, 8.550746785383243, 8.74819284958946, 8.89178370321831, 8.857980995127573, 8.59245703726808]]}