{"min": 0, "max": 11.000704269011246, "pieData": [[4.087462841250339, 3.807354922057604, 3.321928094887362, 2.807354922057604, 2.807354922057604, 2.584962500721156, 3.0, 3.0, 3.807354922057604, 4.087462841250339, 4.247927513443585, 3.807354922057604, 4.247927513443585, 4.392317422778761, 4.643856189774724, 4.459431618637297, 4.247927513443585, 4.0, 4.392317422778761, 2.584962500721156, 4.392317422778761, 4.523561956057013, 4.087462841250339, 3.9068905956085187], [4.087462841250339, 3.807354922057604, 3.584962500721156, 2.807354922057604, 2.807354922057604, 2.807354922057604, 3.807354922057604, 3.584962500721156, 4.459431618637297, 4.169925001442312, 3.700439718141092, 3.584962500721156, 3.807354922057604, 4.087462841250339, 4.169925001442312, 4.523561956057013, 3.807354922057604, 4.643856189774724, 3.700439718141092, 4.523561956057013, 4.0, 4.459431618637297, 3.584962500721156, 3.807354922057604], [3.9068905956085187, 2.807354922057604, 3.0, 3.321928094887362, 2.807354922057604, 2.584962500721156, 3.9068905956085187, 3.700439718141092, 4.392317422778761, 3.700439718141092, 4.0, 3.9068905956085187, 3.9068905956085187, 4.169925001442312, 3.700439718141092, 4.392317422778761, 4.087462841250339, 3.9068905956085187, 4.754887502163468, 4.0, 0.0, 4.0, 3.700439718141092, 3.700439718141092], [3.700439718141092, 3.9068905956085187, 3.0, 2.807354922057604, 1.584962500721156, 2.321928094887362, 2.584962500721156, 4.169925001442312, 4.169925001442312, 3.584962500721156, 3.807354922057604, 4.392317422778761, 4.169925001442312, 4.247927513443585, 3.584962500721156, 4.700439718141093, 4.584962500721156, 3.584962500721156, 3.9068905956085187, 4.247927513443585, 4.087462841250339, 3.700439718141092, 4.087462841250339, 3.169925001442312], [3.700439718141092, 4.087462841250339, 3.321928094887362, 2.0, 2.807354922057604, 2.321928094887362, 3.584962500721156, 3.169925001442312, 4.523561956057013, 3.700439718141092, 3.321928094887362, 4.169925001442312, 3.700439718141092, 4.169925001442312, 4.0, 4.247927513443585, 4.392317422778761, 4.321928094887363, 4.807354922057604, 4.321928094887363, 3.321928094887362, 3.4594316186372973, 3.321928094887362, 4.392317422778761], [4.169925001442312, 3.584962500721156, 4.087462841250339, 3.584962500721156, 3.4594316186372973, 2.321928094887362, 3.0, 3.700439718141092, 5.285402218862249, 3.321928094887362, 3.9068905956085187, 3.9068905956085187, 3.9068905956085187, 3.584962500721156, 3.321928094887362, 4.087462841250339, 4.247927513443585, 4.0, 3.9068905956085187, 4.0, 3.584962500721156, 3.700439718141092, 3.584962500721156, 2.807354922057604], [3.169925001442312, 3.9068905956085187, 2.321928094887362, 3.584962500721156, 1.584962500721156, 2.0, 3.0, 3.321928094887362, 3.807354922057604, 3.4594316186372973, 2.584962500721156, 4.700439718141093, 4.169925001442312, 3.807354922057604, 4.523561956057013, 4.392317422778761, 4.0, 4.0, 4.392317422778761, 5.044394119358453, 4.247927513443585, 4.247927513443585, 4.459431618637297, 4.169925001442312]]}