{"min": 0, "max": 11.000704269011246, "pieData": [[5.614709844115208, 5.426264754702098, 4.643856189774724, 3.584962500721156, 2.321928094887362, 4.087462841250339, 5.754887502163468, 6.539158811108031, 6.426264754702098, 7.098032082960526, 7.108524456778169, 6.906890595608519, 6.78135971352466, 6.918863237274595, 6.820178962415188, 7.475733430966398, 7.139551352398794, 7.189824558880018, 6.569855608330948, 4.754887502163468, 6.0, 7.05528243550119, 6.491853096329675, 6.303780748177103], [5.977279923499917, 5.554588851677638, 5.523561956057013, 4.523561956057013, 3.169925001442312, 4.643856189774724, 5.459431618637297, 6.918863237274595, 6.599912842187128, 7.330916878114617, 7.22881869049588, 7.0, 6.918863237274595, 6.807354922057604, 6.918863237274595, 7.303780748177103, 7.044394119358453, 6.94251450533924, 6.700439718141093, 6.285402218862249, 6.554588851677638, 6.491853096329675, 6.882643049361842, 6.357552004618084], [6.266786540694901, 5.523561956057013, 5.247927513443585, 3.807354922057604, 3.807354922057604, 4.643856189774724, 5.614709844115208, 6.643856189774724, 7.0, 7.20945336562895, 6.794415866350106, 6.857980995127572, 6.857980995127572, 6.339850002884624, 6.584962500721156, 7.011227255423254, 6.6293566200796095, 6.569855608330948, 6.149747119504682, 5.247927513443585, 4.087462841250339, 6.357552004618084, 5.882643049361842, 6.3750394313469245], [6.022367813028454, 5.754887502163468, 5.129283016944966, 3.807354922057604, 3.169925001442312, 3.584962500721156, 5.832890014164741, 6.426264754702098, 6.845490050944376, 7.139551352398794, 6.930737337562887, 6.392317422778761, 6.569855608330948, 6.700439718141093, 6.599912842187128, 6.584962500721156, 7.294620748891627, 6.870364719583405, 6.6293566200796095, 6.169925001442312, 6.554588851677638, 6.754887502163468, 6.78135971352466, 6.285402218862249], [5.832890014164741, 5.426264754702098, 5.285402218862249, 4.169925001442312, 2.807354922057604, 4.087462841250339, 5.832890014164741, 6.794415866350106, 6.459431618637297, 7.2384047393250786, 7.087462841250339, 6.357552004618084, 6.882643049361842, 7.1799090900149345, 6.459431618637297, 7.20945336562895, 7.066089190457772, 6.954196310386875, 6.672425341971495, 6.266786540694901, 6.794415866350106, 6.554588851677638, 6.714245517666122, 6.285402218862249], [5.882643049361842, 5.977279923499917, 5.614709844115208, 5.087462841250339, 4.087462841250339, 3.807354922057604, 5.882643049361842, 6.870364719583405, 7.257387842692652, 6.832890014164741, 7.169925001442312, 7.129283016944966, 7.257387842692652, 6.894817763307944, 6.539158811108031, 6.965784284662087, 6.700439718141093, 6.189824558880018, 6.507794640198696, 5.832890014164741, 6.426264754702098, 6.247927513443585, 6.357552004618084, 6.169925001442312], [6.0, 5.247927513443585, 5.614709844115208, 4.807354922057604, 3.169925001442312, 3.700439718141092, 4.954196310386875, 6.303780748177103, 6.857980995127572, 6.906890595608519, 6.794415866350106, 6.78135971352466, 7.129283016944966, 6.9886846867721655, 6.832890014164741, 7.0, 6.977279923499917, 6.700439718141093, 6.672425341971495, 5.832890014164741, 6.303780748177103, 6.392317422778761, 6.189824558880018, 6.108524456778169]]}