{"min": 0, "max": 11.000704269011246, "pieData": [[5.087462841250339, 4.321928094887363, 4.247927513443585, 3.0, 1.0, 2.584962500721156, 4.247927513443585, 5.906890595608519, 5.857980995127572, 6.129283016944966, 5.857980995127572, 5.20945336562895, 5.832890014164741, 6.022367813028454, 5.857980995127572, 5.857980995127572, 5.954196310386875, 6.0, 5.882643049361842, 4.584962500721156, 5.491853096329675, 6.94251450533924, 6.149747119504682, 6.149747119504682], [5.554588851677638, 4.754887502163468, 4.247927513443585, 3.4594316186372973, 2.0, 3.0, 4.321928094887363, 5.584962500721156, 6.339850002884624, 6.339850002884624, 5.857980995127572, 5.832890014164741, 5.643856189774724, 5.832890014164741, 6.044394119358453, 5.882643049361842, 5.727920454563199, 6.189824558880018, 6.066089190457772, 6.266786540694901, 6.392317422778761, 6.569855608330948, 6.321928094887363, 5.285402218862249], [5.247927513443585, 4.643856189774724, 4.0, 3.0, 2.584962500721156, 2.584962500721156, 3.584962500721156, 5.20945336562895, 6.066089190457772, 6.044394119358453, 5.392317422778761, 5.882643049361842, 5.392317422778761, 5.882643049361842, 6.087462841250339, 5.954196310386875, 5.523561956057013, 5.977279923499917, 5.554588851677638, 5.700439718141093, 3.4594316186372973, 6.523561956057013, 6.392317422778761, 5.554588851677638], [5.523561956057013, 4.087462841250339, 4.169925001442312, 3.807354922057604, 3.584962500721156, 1.584962500721156, 4.459431618637297, 5.832890014164741, 6.339850002884624, 6.584962500721156, 6.129283016944966, 5.700439718141093, 5.491853096329675, 5.754887502163468, 5.459431618637297, 5.807354922057604, 5.321928094887363, 5.807354922057604, 6.066089190457772, 6.044394119358453, 6.189824558880018, 6.20945336562895, 6.149747119504682, 6.022367813028454], [5.584962500721156, 5.129283016944966, 3.700439718141092, 3.321928094887362, 3.4594316186372973, 3.0, 4.0, 5.977279923499917, 6.22881869049588, 6.357552004618084, 5.754887502163468, 6.087462841250339, 5.643856189774724, 6.285402218862249, 6.108524456778169, 5.643856189774724, 6.392317422778761, 6.266786540694901, 6.022367813028454, 5.700439718141093, 6.129283016944966, 6.643856189774724, 6.599912842187128, 5.807354922057604], [5.807354922057604, 5.044394119358453, 4.807354922057604, 4.0, 3.700439718141092, 3.0, 4.0, 4.807354922057604, 5.882643049361842, 5.807354922057604, 6.459431618637297, 5.857980995127572, 5.906890595608519, 5.129283016944966, 5.882643049361842, 5.392317422778761, 6.129283016944966, 5.882643049361842, 5.727920454563199, 5.977279923499917, 5.554588851677638, 6.066089190457772, 5.700439718141093, 5.426264754702098], [5.321928094887363, 4.523561956057013, 4.459431618637297, 3.4594316186372973, 2.807354922057604, 3.0, 3.700439718141092, 5.392317422778761, 5.672425341971495, 5.523561956057013, 5.554588851677638, 5.0, 5.754887502163468, 5.584962500721156, 5.672425341971495, 5.832890014164741, 5.832890014164741, 5.700439718141093, 6.0, 5.426264754702098, 6.066089190457772, 6.189824558880018, 5.930737337562887, 5.523561956057013]]}