{"min": 0, "max": 11.000704269011246, "pieData": [[7.0, 6.22881869049588, 5.954196310386875, 5.321928094887363, 4.247927513443585, 5.169925001442312, 6.044394119358453, 7.584962500721156, 8.189824558880018, 8.467605550082997, 7.954196310386875, 7.599912842187128, 7.693486957499325, 8.055282435501189, 7.721099188707186, 8.055282435501189, 7.876516946564999, 7.794415866350106, 7.6865005271832185, 6.643856189774724, 7.2384047393250786, 7.94251450533924, 7.832890014164741, 7.577428828035749], [7.087462841250339, 6.7414669864011465, 6.0, 5.584962500721156, 5.247927513443585, 4.954196310386875, 6.044394119358453, 7.727920454563199, 8.515699838284043, 8.483815777264256, 7.977279923499917, 7.813781191217037, 7.6653359171851765, 7.714245517666122, 8.005624549193879, 7.954196310386875, 7.768184324776926, 7.900866807980749, 7.679480099505446, 7.977279923499917, 7.930737337562887, 7.839203788096944, 8.005624549193879, 7.392317422778761], [7.139551352398794, 6.392317422778761, 5.807354922057604, 5.285402218862249, 5.20945336562895, 4.523561956057013, 5.857980995127572, 7.483815777264256, 8.124121311829187, 8.184875342908283, 7.78135971352466, 7.800899899920305, 7.400879436282184, 7.3750394313469245, 7.813781191217037, 7.92481250360578, 7.888743248898259, 7.491853096329675, 7.475733430966398, 7.584962500721156, 5.044394119358453, 7.894817763307944, 7.727920454563199, 7.294620748891627], [7.129283016944966, 6.442943495848728, 6.426264754702098, 5.491853096329675, 4.954196310386875, 4.523561956057013, 5.727920454563199, 7.400879436282184, 8.366322214245816, 8.487840033823051, 8.016808287686555, 7.467605550082998, 7.475733430966398, 7.6653359171851765, 7.918863237274595, 7.930737337562887, 7.658211482751795, 7.734709620225838, 7.768184324776926, 7.774787059601174, 7.734709620225838, 7.971543553950772, 7.9886846867721655, 7.672425341971495], [7.118941072723508, 6.820178962415188, 6.392317422778761, 5.523561956057013, 4.857980995127572, 4.584962500721156, 5.832890014164741, 7.721099188707186, 8.383704292474052, 8.224001674198105, 8.005624549193879, 7.820178962415188, 7.330916878114617, 7.622051819456376, 7.918863237274595, 7.86418614465428, 7.636624620543649, 7.6653359171851765, 7.339850002884624, 8.03342300153745, 7.851749041416058, 7.882643049361842, 8.129283016944967, 7.734709620225838], [7.139551352398794, 7.044394119358453, 6.930737337562887, 6.321928094887363, 5.643856189774724, 5.426264754702098, 6.22881869049588, 7.20945336562895, 7.491853096329675, 7.515699838284043, 7.614709844115208, 7.169925001442312, 7.417852514885898, 7.348728154231077, 7.076815597050831, 7.044394119358453, 7.139551352398794, 7.285402218862249, 7.499845887083206, 7.139551352398794, 7.584962500721156, 7.577428828035749, 7.554588851677638, 7.499845887083206], [7.392317422778761, 7.044394119358453, 6.700439718141093, 5.727920454563199, 5.426264754702098, 5.044394119358453, 5.672425341971495, 5.882643049361842, 7.330916878114617, 7.22881869049588, 7.108524456778169, 7.098032082960526, 7.321928094887363, 7.339850002884624, 7.257387842692652, 6.894817763307944, 7.312882955284356, 7.199672344836364, 7.247927513443585, 7.832890014164741, 7.813781191217037, 7.774787059601174, 7.700439718141093, 7.330916878114617]]}