{"min": 0, "max": 11.000704269011246, "pieData": [[4.754887502163468, 4.392317422778761, 3.807354922057604, 3.169925001442312, 2.584962500721156, 2.0, 4.754887502163468, 5.285402218862249, 6.614709844115208, 6.523561956057013, 6.20945336562895, 6.20945336562895, 5.930737337562887, 5.906890595608519, 6.044394119358453, 6.321928094887363, 6.044394119358453, 6.285402218862249, 6.22881869049588, 4.807354922057604, 5.321928094887363, 6.129283016944966, 6.022367813028454, 5.882643049361842], [5.357552004618084, 4.857980995127572, 4.087462841250339, 3.4594316186372973, 2.0, 2.321928094887362, 3.584962500721156, 5.643856189774724, 6.672425341971495, 6.044394119358453, 6.6293566200796095, 5.882643049361842, 5.700439718141093, 6.129283016944966, 6.108524456778169, 6.266786540694901, 5.906890595608519, 5.977279923499917, 6.321928094887363, 6.129283016944966, 5.807354922057604, 6.22881869049588, 6.392317422778761, 5.754887502163468], [5.247927513443585, 4.321928094887363, 4.392317422778761, 2.321928094887362, 2.321928094887362, 2.0, 3.584962500721156, 5.20945336562895, 6.539158811108031, 6.087462841250339, 5.977279923499917, 5.977279923499917, 5.459431618637297, 5.426264754702098, 5.857980995127572, 6.022367813028454, 5.832890014164741, 6.022367813028454, 6.129283016944966, 5.754887502163468, 2.584962500721156, 5.977279923499917, 5.930737337562887, 5.321928094887363], [5.247927513443585, 3.700439718141092, 4.087462841250339, 3.807354922057604, 1.584962500721156, 3.0, 4.321928094887363, 5.554588851677638, 6.523561956057013, 6.392317422778761, 5.832890014164741, 5.727920454563199, 5.491853096329675, 5.807354922057604, 5.977279923499917, 5.78135971352466, 6.108524456778169, 6.22881869049588, 6.266786540694901, 6.087462841250339, 6.066089190457772, 5.882643049361842, 5.643856189774724, 5.906890595608519], [5.643856189774724, 4.247927513443585, 3.9068905956085187, 2.584962500721156, 2.584962500721156, 2.807354922057604, 3.9068905956085187, 5.20945336562895, 6.321928094887363, 6.169925001442312, 6.108524456778169, 5.954196310386875, 5.727920454563199, 5.977279923499917, 5.882643049361842, 5.832890014164741, 5.643856189774724, 5.906890595608519, 6.189824558880018, 5.672425341971495, 5.392317422778761, 6.321928094887363, 5.321928094887363, 5.321928094887363], [5.087462841250339, 4.807354922057604, 4.087462841250339, 3.4594316186372973, 2.807354922057604, 2.584962500721156, 3.4594316186372973, 5.285402218862249, 5.672425341971495, 6.108524456778169, 6.044394119358453, 6.022367813028454, 5.643856189774724, 5.554588851677638, 5.672425341971495, 5.643856189774724, 5.906890595608519, 5.954196310386875, 6.066089190457772, 5.643856189774724, 5.584962500721156, 5.392317422778761, 5.930737337562887, 5.523561956057013], [5.0, 5.0, 4.247927513443585, 2.807354922057604, 2.0, 1.584962500721156, 3.321928094887362, 4.700439718141093, 5.285402218862249, 5.459431618637297, 5.754887502163468, 6.108524456778169, 5.523561956057013, 5.491853096329675, 5.832890014164741, 5.614709844115208, 5.459431618637297, 5.392317422778761, 5.906890595608519, 4.906890595608519, 5.754887502163468, 5.857980995127572, 5.672425341971495, 4.954196310386875]]}