{"min": 0, "max": 11.000704269011246, "pieData": [[6.977279923499917, 6.129283016944966, 5.169925001442312, 4.857980995127572, 4.459431618637297, 5.044394119358453, 6.442943495848728, 8.08214904135387, 9.403012023574997, 9.90839262077375, 9.475733430966399, 9.31741261376487, 9.417852514885897, 9.355351096424812, 8.968666793195208, 8.686500527183219, 8.370687406807217, 8.204571144249204, 8.344295907915816, 7.636624620543649, 7.86418614465428, 8.599912842187127, 8.57742882803575, 8.124121311829187], [6.918863237274595, 6.672425341971495, 6.169925001442312, 6.247927513443585, 6.807354922057604, 6.954196310386875, 7.1799090900149345, 7.948367231584678, 9.469641817239516, 9.560332834212442, 9.030667136246942, 9.164906926675688, 8.994353436858859, 8.971543553950772, 8.271463027904375, 8.224001674198105, 8.154818109052105, 8.071462362556623, 8.348728154231077, 8.64745842645492, 8.330916878114618, 8.554588851677638, 8.280770770130603, 7.679480099505446], [7.05528243550119, 6.643856189774724, 5.832890014164741, 5.491853096329675, 5.285402218862249, 5.129283016944966, 6.491853096329675, 7.60733031374961, 8.707359132080883, 8.266786540694902, 7.768184324776926, 7.930737337562887, 7.918863237274595, 8.0, 8.159871336778389, 8.103287808412022, 7.845490050944376, 7.936637939002571, 8.285402218862249, 8.219168520462162, 5.554588851677638, 8.308339030139408, 8.184875342908283, 7.523561956057013], [7.199672344836364, 6.768184324776926, 6.169925001442312, 5.491853096329675, 5.0, 4.807354922057604, 6.392317422778761, 7.672425341971495, 8.682994583681683, 8.361943773735241, 8.139551352398794, 8.103287808412022, 7.857980995127572, 8.174925682500678, 8.066089190457772, 8.159871336778389, 8.022367813028454, 8.076815597050832, 8.375039431346925, 8.535275376620802, 8.60733031374961, 8.339850002884624, 8.426264754702098, 7.92481250360578], [7.400879436282184, 6.78135971352466, 6.129283016944966, 5.700439718141093, 4.954196310386875, 5.247927513443585, 6.507794640198696, 7.622051819456376, 8.73809225962049, 8.214319120800766, 7.900866807980749, 8.118941072723507, 8.071462362556623, 8.011227255423254, 8.194756854422248, 8.113742166049189, 8.060695931687555, 8.011227255423254, 8.199672344836364, 8.665335917185176, 8.483815777264256, 8.257387842692651, 8.321928094887362, 7.813781191217037], [7.569855608330948, 6.965784284662087, 6.870364719583405, 6.108524456778169, 5.523561956057013, 5.044394119358453, 5.906890595608519, 6.857980995127572, 7.994353436858858, 8.174925682500678, 8.076815597050832, 8.271463027904375, 8.124121311829187, 8.383704292474052, 8.335390354693924, 8.144658242831882, 8.396604781181859, 8.39231742277876, 8.118941072723507, 8.214319120800766, 8.169925001442312, 8.479780264029099, 8.228818690495881, 7.6865005271832185], [7.546894459887636, 7.066089190457772, 6.539158811108031, 5.906890595608519, 5.614709844115208, 5.044394119358453, 5.954196310386875, 7.0, 8.800899899920305, 8.7714894695006, 8.531381460516313, 8.487840033823051, 8.845490050944376, 8.73809225962049, 8.64745842645492, 8.523561956057012, 8.103287808412022, 8.409390936137703, 8.044394119358454, 8.330916878114618, 8.409390936137703, 8.447083226209653, 8.379378367071261, 7.584962500721156]]}