{"min": 0, "max": 11.000704269011246, "pieData": [[7.754887502163468, 6.672425341971495, 5.807354922057604, 5.459431618637297, 7.199672344836364, 7.832890014164741, 10.067434360756522, 10.377210530388552, 10.125413470483315, 10.01262453886506, 10.067434360756522, 10.240791332161956, 10.256208688527387, 10.260919533662905, 10.276124405274238, 10.157346935362844, 10.03342300153745, 9.89026427702111, 9.095397022792557, 8.214319120800766, 9.537218400538595, 10.14210705730255, 9.935165049603695, 9.900866807980748], [7.60733031374961, 6.965784284662087, 6.169925001442312, 5.357552004618084, 6.285402218862249, 7.965784284662087, 9.753216749178955, 10.060695931687555, 10.080817527608327, 10.103287808412022, 10.043027283594547, 10.166163082646113, 10.280770770130603, 10.304921669581672, 10.266786540694902, 10.265615046484458, 10.094077685671905, 10.036173612553485, 9.451211111832329, 9.734709620225837, 10.205793249397157, 10.051208940914766, 9.876516946565, 9.83605035505807], [7.491853096329675, 6.614709844115208, 6.169925001442312, 5.614709844115208, 6.3750394313469245, 7.118941072723508, 9.377210530388552, 9.92184093707449, 9.977279923499916, 10.037546953962178, 9.972979786066292, 10.117643101389092, 9.971543553950772, 10.053925881531105, 10.052568050804153, 10.108524456778168, 9.954196310386875, 9.938109326219239, 9.184875342908283, 9.159871336778389, 7.357552004618084, 9.79603960882977, 9.573647187493322, 9.702172685365548], [7.78135971352466, 6.845490050944376, 6.087462841250339, 5.426264754702098, 6.643856189774724, 7.400879436282184, 9.552669097514272, 9.923327485419192, 9.96434086779242, 10.094077685671905, 10.052568050804153, 10.087462841250339, 10.12023787734196, 10.249113452713729, 10.091435386323607, 10.156083076288681, 9.92481250360578, 10.066089190457772, 9.515699838284043, 9.932214751968385, 10.238404739325079, 10.043027283594547, 9.831307243802051, 10.049848549450562], [7.774787059601174, 6.807354922057604, 6.108524456778169, 5.523561956057013, 6.409390936137702, 7.321928094887363, 9.4655664048094, 9.874981347653774, 9.665335917185176, 9.792790294301064, 10.091435386323607, 10.179909090014934, 10.072802534544207, 10.278449458220482, 10.121533517340032, 10.023754353299417, 9.945443836377912, 9.703903573444663, 9.011227255423254, 9.447083226209653, 10.161131882984307, 10.101975670949232, 9.957102041562287, 9.839203788096944], [7.882643049361842, 6.3750394313469245, 6.459431618637297, 5.357552004618084, 6.614709844115208, 7.475733430966398, 9.236014191900084, 9.581200581924957, 9.874981347653774, 10.01262453886506, 10.080817527608327, 10.020979938904212, 9.759888183221834, 9.952741247186488, 10.005624549193879, 10.066089190457772, 9.786269627648466, 9.799281621521923, 9.467605550082997, 9.682994583681683, 9.932214751968385, 9.850186837645774, 9.640244936222345, 9.80896417491926], [7.6653359171851765, 6.554588851677638, 6.022367813028454, 5.554588851677638, 6.714245517666122, 7.2384047393250786, 8.965784284662087, 9.167418145831737, 9.487840033823051, 9.691743519171276, 9.86418614465428, 9.831307243802051, 9.876516946565, 10.030667136246942, 9.99859042974533, 10.06339508128851, 9.839203788096944, 9.906890595608518, 9.729620743553038, 9.954196310386875, 10.448116305409464, 10.34318571544788, 10.208234358339789, 10.250298417906333]]}