{"min": 0, "max": 11.000704269011246, "pieData": [[8.67595703294175, 8.539158811108031, 8.087462841250339, 7.6865005271832185, 7.108524456778169, 7.321928094887363, 7.643856189774724, 8.696967526234287, 8.651051691178928, 8.665335917185176, 8.543031820255237, 8.400879436282183, 8.700439718141093, 8.761551232444479, 8.535275376620802, 8.383704292474052, 8.668884984266247, 8.573647187493322, 8.744833837499545, 7.930737337562887, 8.569855608330947, 9.447083226209653, 9.4241662888181, 9.312882955284355], [9.00842862207058, 8.7714894695006, 8.422064766172813, 8.0, 7.417852514885898, 7.159871336778389, 7.658211482751795, 8.618385502258606, 8.848622940429339, 8.651051691178928, 8.523561956057012, 8.569855608330947, 8.640244936222345, 8.693486957499324, 8.539158811108031, 8.658211482751796, 8.643856189774725, 8.679480099505446, 8.800899899920305, 9.44086916761087, 9.12670447284319, 9.383704292474052, 9.366322214245816, 9.25502856981873], [8.92184093707449, 8.861086905995395, 8.353146825498083, 7.700439718141093, 7.118941072723508, 6.965784284662087, 7.658211482751795, 8.499845887083206, 8.467605550082997, 8.39231742277876, 8.238404739325079, 8.45532722030456, 8.751544059089099, 8.49585502688717, 8.700439718141093, 8.744833837499545, 8.535275376620802, 8.64745842645492, 8.810571634741146, 9.113742166049189, 6.426264754702098, 9.060695931687555, 9.068778277985412, 9.162391328756906], [9.002815015607053, 8.717676423066397, 8.584962500721156, 8.060695931687555, 7.339850002884624, 6.832890014164741, 7.658211482751795, 8.539158811108031, 8.714245517666123, 8.731319031025064, 8.339850002884624, 8.459431618637296, 8.519636252843213, 8.62935662007961, 8.707359132080883, 8.60733031374961, 8.535275376620802, 8.599912842187127, 8.948367231584678, 9.259743263690781, 9.287712379549449, 9.4241662888181, 9.31741261376487, 9.449148645375436], [9.187352073200497, 9.121533517340032, 8.89178370321831, 8.413627929024173, 7.754887502163468, 7.303780748177103, 7.539158811108031, 8.422064766172813, 8.658211482751796, 7.900866807980749, 7.965784284662087, 8.527477006060396, 8.665335917185176, 8.784634845557521, 8.622051819456376, 8.658211482751796, 8.344295907915816, 8.483815777264256, 8.88264304936184, 9.493855449240822, 9.41574176829009, 9.35974956032233, 9.342074667999139, 9.379378367071261], [9.169925001442312, 8.977279923499916, 8.768184324776927, 8.519636252843213, 7.971543553950772, 7.531381460516312, 7.366322214245816, 7.994353436858858, 8.174925682500678, 8.280770770130603, 8.39231742277876, 8.405141463136344, 8.417852514885897, 8.661778097771988, 8.543031820255237, 8.618385502258606, 8.622051819456376, 8.661778097771988, 8.912889336229961, 9.087462841250339, 9.03342300153745, 9.121533517340032, 9.264442600226602, 9.25502856981873], [8.842350343413807, 8.804131021183318, 8.900866807980748, 8.326429487122303, 7.794415866350106, 7.426264754702098, 7.1799090900149345, 7.383704292474052, 7.930737337562887, 7.971543553950772, 8.252665432450248, 8.558420713268664, 8.640244936222345, 8.787902559391432, 8.804131021183318, 8.791162888555018, 8.569855608330947, 8.707359132080883, 8.876516946565, 9.342074667999139, 9.477758266443889, 9.517669388133811, 9.505811553919594, 9.398743691938193]]}