{"min": 0, "max": 11.000704269011246, "pieData": [[6.169925001442312, 5.78135971352466, 5.129283016944966, 4.392317422778761, 4.247927513443585, 4.0, 5.129283016944966, 5.0, 5.129283016944966, 5.247927513443585, 5.906890595608519, 5.584962500721156, 6.044394119358453, 5.857980995127572, 6.022367813028454, 6.129283016944966, 6.0, 6.247927513443585, 6.022367813028454, 4.954196310386875, 6.108524456778169, 6.882643049361842, 6.6865005271832185, 6.614709844115208], [5.930737337562887, 5.614709844115208, 5.20945336562895, 4.643856189774724, 4.169925001442312, 3.9068905956085187, 5.169925001442312, 5.0, 4.584962500721156, 5.459431618637297, 5.832890014164741, 6.169925001442312, 5.754887502163468, 5.930737337562887, 6.087462841250339, 5.614709844115208, 6.0, 6.189824558880018, 6.442943495848728, 6.149747119504682, 6.569855608330948, 6.475733430966398, 6.78135971352466, 6.339850002884624], [5.977279923499917, 5.930737337562887, 5.0, 4.087462841250339, 3.807354922057604, 3.9068905956085187, 4.954196310386875, 5.321928094887363, 4.754887502163468, 5.614709844115208, 5.523561956057013, 6.129283016944966, 5.727920454563199, 6.0, 5.700439718141093, 5.807354922057604, 5.78135971352466, 5.614709844115208, 5.247927513443585, 6.044394119358453, 3.9068905956085187, 6.700439718141093, 6.357552004618084, 6.108524456778169], [6.247927513443585, 5.700439718141093, 5.459431618637297, 5.087462841250339, 4.0, 3.584962500721156, 5.169925001442312, 5.0, 4.954196310386875, 5.807354922057604, 5.614709844115208, 5.321928094887363, 5.584962500721156, 5.491853096329675, 5.459431618637297, 5.285402218862249, 6.044394119358453, 6.303780748177103, 5.954196310386875, 6.22881869049588, 6.22881869049588, 6.78135971352466, 6.459431618637297, 6.285402218862249], [5.906890595608519, 5.523561956057013, 4.954196310386875, 5.044394119358453, 3.584962500721156, 4.087462841250339, 5.044394119358453, 5.643856189774724, 5.044394119358453, 5.614709844115208, 5.700439718141093, 5.977279923499917, 5.643856189774724, 5.930737337562887, 5.882643049361842, 5.754887502163468, 6.108524456778169, 6.108524456778169, 6.044394119358453, 6.392317422778761, 6.426264754702098, 6.554588851677638, 6.554588851677638, 6.392317422778761], [6.066089190457772, 5.643856189774724, 5.554588851677638, 5.357552004618084, 5.0, 4.169925001442312, 4.807354922057604, 5.554588851677638, 5.857980995127572, 5.857980995127572, 6.20945336562895, 6.022367813028454, 6.426264754702098, 5.930737337562887, 6.0, 5.672425341971495, 5.977279923499917, 5.285402218862249, 5.491853096329675, 5.78135971352466, 6.392317422778761, 5.930737337562887, 6.129283016944966, 5.954196310386875], [6.149747119504682, 5.554588851677638, 5.554588851677638, 5.044394119358453, 4.169925001442312, 3.807354922057604, 4.459431618637297, 4.954196310386875, 5.426264754702098, 6.044394119358453, 5.523561956057013, 5.672425341971495, 6.266786540694901, 5.882643049361842, 5.857980995127572, 6.169925001442312, 6.189824558880018, 6.0, 6.129283016944966, 5.857980995127572, 6.266786540694901, 6.266786540694901, 6.614709844115208, 5.554588851677638]]}