{"min": 0, "max": 11.000704269011246, "pieData": [[4.0, 4.523561956057013, 2.321928094887362, 3.0, 3.321928094887362, 2.807354922057604, 3.9068905956085187, 5.087462841250339, 4.087462841250339, 4.807354922057604, 4.807354922057604, 4.807354922057604, 4.584962500721156, 5.044394119358453, 5.087462841250339, 5.044394119358453, 4.700439718141093, 4.906890595608519, 5.554588851677638, 4.643856189774724, 5.169925001442312, 5.882643049361842, 5.321928094887363, 5.169925001442312], [4.087462841250339, 3.807354922057604, 3.0, 3.0, 2.807354922057604, 3.169925001442312, 3.700439718141092, 4.459431618637297, 3.4594316186372973, 4.754887502163468, 4.643856189774724, 4.392317422778761, 4.954196310386875, 5.0, 4.700439718141093, 4.954196310386875, 4.857980995127572, 5.0, 5.20945336562895, 5.930737337562887, 5.523561956057013, 5.857980995127572, 5.426264754702098, 4.906890595608519], [4.392317422778761, 3.9068905956085187, 2.321928094887362, 2.807354922057604, 2.584962500721156, 1.584962500721156, 4.087462841250339, 3.700439718141092, 4.754887502163468, 4.584962500721156, 4.247927513443585, 4.459431618637297, 5.0, 4.857980995127572, 5.247927513443585, 4.584962500721156, 5.20945336562895, 5.426264754702098, 5.832890014164741, 5.554588851677638, 2.321928094887362, 5.459431618637297, 5.426264754702098, 4.754887502163468], [4.321928094887363, 4.0, 2.321928094887362, 2.321928094887362, 3.321928094887362, 2.0, 3.700439718141092, 4.700439718141093, 4.807354922057604, 4.906890595608519, 4.392317422778761, 4.700439718141093, 4.643856189774724, 4.643856189774724, 4.954196310386875, 4.700439718141093, 4.523561956057013, 5.285402218862249, 5.247927513443585, 5.977279923499917, 5.78135971352466, 5.491853096329675, 5.426264754702098, 4.700439718141093], [4.906890595608519, 4.169925001442312, 3.584962500721156, 3.700439718141092, 2.807354922057604, 1.584962500721156, 3.584962500721156, 5.129283016944966, 4.584962500721156, 4.643856189774724, 4.643856189774724, 4.247927513443585, 4.584962500721156, 4.700439718141093, 5.087462841250339, 4.459431618637297, 4.584962500721156, 5.459431618637297, 6.0, 6.066089190457772, 5.392317422778761, 5.78135971352466, 5.832890014164741, 5.169925001442312], [4.392317422778761, 4.459431618637297, 3.4594316186372973, 4.169925001442312, 3.321928094887362, 3.169925001442312, 3.169925001442312, 4.321928094887363, 4.392317422778761, 4.247927513443585, 4.523561956057013, 4.523561956057013, 4.906890595608519, 5.426264754702098, 4.754887502163468, 5.044394119358453, 4.857980995127572, 5.584962500721156, 5.491853096329675, 5.727920454563199, 5.954196310386875, 5.672425341971495, 5.357552004618084, 5.392317422778761], [5.0, 4.700439718141093, 4.087462841250339, 3.584962500721156, 2.584962500721156, 2.807354922057604, 3.321928094887362, 3.584962500721156, 4.247927513443585, 5.044394119358453, 4.906890595608519, 5.044394119358453, 5.129283016944966, 5.169925001442312, 5.044394119358453, 5.285402218862249, 5.044394119358453, 5.357552004618084, 5.426264754702098, 5.672425341971495, 5.882643049361842, 5.426264754702098, 5.523561956057013, 4.643856189774724]]}