{"min": 0, "max": 11.000704269011246, "pieData": [[4.954196310386875, 3.584962500721156, 3.9068905956085187, 1.0, 2.0, 1.584962500721156, 3.584962500721156, 5.321928094887363, 3.321928094887362, 4.754887502163468, 4.906890595608519, 4.523561956057013, 4.754887502163468, 5.129283016944966, 5.129283016944966, 5.554588851677638, 5.044394119358453, 5.584962500721156, 4.754887502163468, 4.700439718141093, 5.169925001442312, 6.20945336562895, 5.754887502163468, 5.357552004618084], [4.523561956057013, 3.807354922057604, 3.584962500721156, 2.584962500721156, 1.0, 2.0, 3.807354922057604, 5.087462841250339, 3.807354922057604, 4.857980995127572, 4.807354922057604, 5.044394119358453, 4.643856189774724, 4.321928094887363, 5.044394119358453, 5.426264754702098, 5.087462841250339, 5.087462841250339, 5.169925001442312, 5.882643049361842, 5.857980995127572, 5.977279923499917, 6.169925001442312, 5.523561956057013], [4.523561956057013, 4.807354922057604, 3.321928094887362, 2.584962500721156, 1.584962500721156, 2.0, 4.169925001442312, 5.044394119358453, 4.754887502163468, 4.906890595608519, 5.169925001442312, 4.643856189774724, 5.285402218862249, 5.0, 4.754887502163468, 5.321928094887363, 4.584962500721156, 4.459431618637297, 4.459431618637297, 4.906890595608519, 3.169925001442312, 6.20945336562895, 5.78135971352466, 5.247927513443585], [5.0, 3.700439718141092, 3.0, 2.807354922057604, 1.584962500721156, 1.584962500721156, 3.321928094887362, 4.643856189774724, 4.321928094887363, 4.392317422778761, 5.285402218862249, 4.857980995127572, 4.857980995127572, 4.392317422778761, 5.169925001442312, 5.0, 4.321928094887363, 5.20945336562895, 4.807354922057604, 5.554588851677638, 5.584962500721156, 5.882643049361842, 5.727920454563199, 5.357552004618084], [4.643856189774724, 4.459431618637297, 4.087462841250339, 2.584962500721156, 3.0, 2.584962500721156, 3.4594316186372973, 5.129283016944966, 5.0, 4.392317422778761, 4.754887502163468, 4.523561956057013, 4.906890595608519, 5.169925001442312, 5.459431618637297, 5.426264754702098, 5.459431618637297, 5.643856189774724, 5.321928094887363, 5.0, 5.727920454563199, 6.108524456778169, 5.832890014164741, 5.672425341971495], [5.044394119358453, 4.754887502163468, 3.9068905956085187, 3.169925001442312, 3.169925001442312, 2.807354922057604, 3.807354922057604, 4.857980995127572, 5.321928094887363, 5.044394119358453, 5.0, 5.459431618637297, 5.357552004618084, 5.614709844115208, 5.392317422778761, 5.044394119358453, 5.643856189774724, 5.285402218862249, 5.672425341971495, 5.285402218862249, 5.523561956057013, 5.643856189774724, 5.554588851677638, 5.321928094887363], [4.523561956057013, 4.807354922057604, 4.169925001442312, 2.807354922057604, 2.807354922057604, 2.321928094887362, 3.321928094887362, 4.169925001442312, 4.857980995127572, 4.584962500721156, 4.954196310386875, 4.643856189774724, 5.044394119358453, 5.426264754702098, 4.754887502163468, 5.321928094887363, 4.954196310386875, 5.643856189774724, 5.426264754702098, 5.727920454563199, 6.169925001442312, 5.906890595608519, 5.700439718141093, 4.700439718141093]]}