{"min": 0, "max": 11.000704269011246, "pieData": [[5.832890014164741, 5.169925001442312, 4.700439718141093, 3.0, 3.0, 4.0, 4.954196310386875, 5.643856189774724, 6.3750394313469245, 6.599912842187128, 6.066089190457772, 6.149747119504682, 6.149747119504682, 6.108524456778169, 6.321928094887363, 6.584962500721156, 6.409390936137702, 6.20945336562895, 5.643856189774724, 4.857980995127572, 6.339850002884624, 6.954196310386875, 6.7414669864011465, 6.357552004618084], [5.954196310386875, 5.044394119358453, 5.247927513443585, 4.754887502163468, 3.169925001442312, 3.321928094887362, 4.0, 5.727920454563199, 6.3750394313469245, 6.426264754702098, 6.087462841250339, 6.044394119358453, 5.247927513443585, 5.882643049361842, 6.857980995127572, 6.672425341971495, 6.754887502163468, 6.459431618637297, 5.727920454563199, 6.189824558880018, 6.6865005271832185, 6.672425341971495, 6.6293566200796095, 6.3750394313469245], [5.954196310386875, 5.426264754702098, 4.643856189774724, 3.9068905956085187, 2.807354922057604, 3.700439718141092, 3.807354922057604, 5.285402218862249, 6.392317422778761, 6.727920454563199, 6.409390936137702, 6.129283016944966, 6.0, 6.129283016944966, 6.087462841250339, 6.087462841250339, 5.930737337562887, 5.754887502163468, 5.906890595608519, 5.426264754702098, 3.0, 6.475733430966398, 6.7414669864011465, 5.832890014164741], [6.189824558880018, 5.614709844115208, 4.392317422778761, 3.9068905956085187, 3.700439718141092, 3.0, 3.807354922057604, 6.087462841250339, 6.303780748177103, 6.442943495848728, 6.129283016944966, 6.149747119504682, 5.643856189774724, 5.643856189774724, 6.066089190457772, 6.247927513443585, 6.426264754702098, 6.108524456778169, 5.727920454563199, 6.169925001442312, 6.459431618637297, 6.614709844115208, 6.266786540694901, 6.087462841250339], [6.189824558880018, 5.357552004618084, 4.857980995127572, 3.807354922057604, 2.584962500721156, 3.0, 4.643856189774724, 5.930737337562887, 6.22881869049588, 6.409390936137702, 6.066089190457772, 5.754887502163468, 5.700439718141093, 6.149747119504682, 6.523561956057013, 6.285402218862249, 6.357552004618084, 6.6293566200796095, 5.392317422778761, 6.087462841250339, 6.3750394313469245, 6.6293566200796095, 6.7414669864011465, 6.409390936137702], [6.442943495848728, 5.906890595608519, 5.727920454563199, 4.857980995127572, 3.700439718141092, 4.169925001442312, 4.700439718141093, 5.491853096329675, 5.906890595608519, 6.247927513443585, 5.459431618637297, 5.882643049361842, 5.584962500721156, 6.0, 5.672425341971495, 5.357552004618084, 5.459431618637297, 5.523561956057013, 5.459431618637297, 5.491853096329675, 6.149747119504682, 5.954196310386875, 6.087462841250339, 6.189824558880018], [5.643856189774724, 5.554588851677638, 5.169925001442312, 3.9068905956085187, 3.584962500721156, 3.584962500721156, 4.0, 5.0, 5.129283016944966, 5.554588851677638, 5.584962500721156, 5.426264754702098, 5.426264754702098, 5.523561956057013, 5.554588851677638, 5.727920454563199, 5.459431618637297, 5.584962500721156, 5.554588851677638, 5.614709844115208, 6.087462841250339, 6.266786540694901, 6.247927513443585, 5.807354922057604]]}