{"min": 0, "max": 11.000704269011246, "pieData": [[5.700439718141093, 5.491853096329675, 5.321928094887363, 4.807354922057604, 3.4594316186372973, 3.9068905956085187, 4.807354922057604, 5.727920454563199, 5.247927513443585, 6.169925001442312, 5.807354922057604, 5.285402218862249, 5.930737337562887, 5.754887502163468, 6.266786540694901, 6.266786540694901, 5.672425341971495, 5.930737337562887, 5.523561956057013, 4.754887502163468, 6.0, 6.599912842187128, 6.768184324776926, 6.658211482751795], [5.727920454563199, 5.807354922057604, 5.0, 5.20945336562895, 4.643856189774724, 4.584962500721156, 4.807354922057604, 5.392317422778761, 5.426264754702098, 5.491853096329675, 5.169925001442312, 6.022367813028454, 5.977279923499917, 5.523561956057013, 6.357552004618084, 6.614709844115208, 5.954196310386875, 6.149747119504682, 6.20945336562895, 6.087462841250339, 6.727920454563199, 6.523561956057013, 6.409390936137702, 6.554588851677638], [5.614709844115208, 5.584962500721156, 5.129283016944966, 4.754887502163468, 3.321928094887362, 3.584962500721156, 4.954196310386875, 5.614709844115208, 5.357552004618084, 5.807354922057604, 5.857980995127572, 5.554588851677638, 5.857980995127572, 5.672425341971495, 6.129283016944966, 5.832890014164741, 5.614709844115208, 5.672425341971495, 5.977279923499917, 5.614709844115208, 3.700439718141092, 6.044394119358453, 6.339850002884624, 6.066089190457772], [6.087462841250339, 6.189824558880018, 5.426264754702098, 4.754887502163468, 4.247927513443585, 3.584962500721156, 4.0, 5.700439718141093, 5.727920454563199, 6.0, 5.754887502163468, 5.357552004618084, 5.554588851677638, 5.129283016944966, 5.930737337562887, 5.614709844115208, 6.129283016944966, 5.643856189774724, 5.977279923499917, 5.832890014164741, 6.614709844115208, 6.426264754702098, 6.539158811108031, 6.044394119358453], [6.044394119358453, 5.977279923499917, 5.357552004618084, 4.857980995127572, 4.169925001442312, 3.700439718141092, 4.169925001442312, 5.285402218862249, 5.672425341971495, 5.754887502163468, 5.129283016944966, 5.20945336562895, 5.285402218862249, 5.727920454563199, 6.169925001442312, 5.857980995127572, 6.409390936137702, 6.149747119504682, 5.426264754702098, 5.044394119358453, 6.303780748177103, 6.459431618637297, 6.108524456778169, 6.189824558880018], [5.754887502163468, 5.906890595608519, 5.906890595608519, 5.357552004618084, 5.0, 3.9068905956085187, 4.523561956057013, 5.0, 5.554588851677638, 5.087462841250339, 5.554588851677638, 5.459431618637297, 5.20945336562895, 6.066089190457772, 6.247927513443585, 5.643856189774724, 5.643856189774724, 5.930737337562887, 6.22881869049588, 5.832890014164741, 6.339850002884624, 5.78135971352466, 5.169925001442312, 5.832890014164741], [5.906890595608519, 5.700439718141093, 5.0, 4.906890595608519, 4.459431618637297, 3.4594316186372973, 4.247927513443585, 4.584962500721156, 4.954196310386875, 5.584962500721156, 5.129283016944966, 5.357552004618084, 5.643856189774724, 5.807354922057604, 5.044394119358453, 6.022367813028454, 5.857980995127572, 6.0, 5.700439718141093, 5.614709844115208, 6.189824558880018, 6.539158811108031, 6.303780748177103, 5.754887502163468]]}