{"min": 0, "max": 11.000704269011246, "pieData": [[3.584962500721156, 2.321928094887362, 3.321928094887362, 2.321928094887362, 1.584962500721156, 3.169925001442312, 4.0, 6.169925001442312, 5.700439718141093, 6.303780748177103, 6.285402218862249, 6.169925001442312, 5.930737337562887, 5.930737337562887, 6.189824558880018, 6.129283016944966, 6.22881869049588, 6.409390936137702, 5.459431618637297, 4.459431618637297, 5.584962500721156, 5.954196310386875, 5.20945336562895, 4.321928094887363], [3.321928094887362, 2.321928094887362, 2.584962500721156, 2.321928094887362, 2.321928094887362, 3.4594316186372973, 4.643856189774724, 5.906890595608519, 5.977279923499917, 6.643856189774724, 6.149747119504682, 6.832890014164741, 6.357552004618084, 6.20945336562895, 6.6865005271832185, 6.491853096329675, 6.303780748177103, 6.149747119504682, 6.066089190457772, 5.906890595608519, 6.0, 5.523561956057013, 5.169925001442312, 4.392317422778761], [3.807354922057604, 3.169925001442312, 3.169925001442312, 1.0, 1.0, 1.584962500721156, 4.584962500721156, 5.459431618637297, 5.832890014164741, 6.266786540694901, 6.266786540694901, 6.339850002884624, 5.584962500721156, 5.906890595608519, 5.930737337562887, 5.554588851677638, 6.22881869049588, 5.672425341971495, 5.459431618637297, 5.392317422778761, 3.584962500721156, 5.392317422778761, 3.700439718141092, 2.584962500721156], [3.169925001442312, 2.807354922057604, 2.584962500721156, 2.321928094887362, 1.0, 1.0, 3.9068905956085187, 5.321928094887363, 5.491853096329675, 6.392317422778761, 5.832890014164741, 6.022367813028454, 5.643856189774724, 5.700439718141093, 5.882643049361842, 6.0, 6.149747119504682, 5.832890014164741, 5.977279923499917, 6.066089190457772, 5.523561956057013, 5.459431618637297, 4.247927513443585, 4.0], [3.807354922057604, 2.584962500721156, 2.584962500721156, 2.321928094887362, 0.0, 1.584962500721156, 4.0, 4.523561956057013, 4.754887502163468, 5.882643049361842, 5.807354922057604, 6.129283016944966, 5.672425341971495, 6.169925001442312, 6.614709844115208, 5.754887502163468, 6.066089190457772, 5.78135971352466, 5.247927513443585, 5.0, 5.78135971352466, 5.584962500721156, 4.087462841250339, 2.807354922057604], [4.169925001442312, 2.807354922057604, 1.0, 2.321928094887362, 1.584962500721156, 0.0, 3.584962500721156, 5.584962500721156, 5.129283016944966, 5.930737337562887, 5.754887502163468, 6.0, 5.832890014164741, 5.832890014164741, 5.78135971352466, 5.554588851677638, 5.643856189774724, 5.857980995127572, 5.392317422778761, 5.584962500721156, 5.20945336562895, 4.906890595608519, 4.954196310386875, 4.0], [2.0, 3.321928094887362, 2.321928094887362, 2.0, 1.584962500721156, 1.0, 3.0, 4.392317422778761, 4.700439718141093, 5.20945336562895, 5.129283016944966, 5.672425341971495, 5.0, 5.672425341971495, 5.584962500721156, 5.459431618637297, 5.807354922057604, 6.189824558880018, 5.491853096329675, 5.857980995127572, 5.491853096329675, 5.247927513443585, 5.857980995127572, 3.584962500721156]]}