{"min": 0, "max": 11.000704269011246, "pieData": [[6.149747119504682, 5.523561956057013, 5.0, 4.087462841250339, 3.700439718141092, 3.0, 4.906890595608519, 5.0, 5.285402218862249, 6.266786540694901, 6.066089190457772, 5.169925001442312, 5.727920454563199, 5.247927513443585, 6.0, 5.807354922057604, 5.169925001442312, 5.754887502163468, 5.700439718141093, 4.807354922057604, 5.643856189774724, 6.044394119358453, 6.247927513443585, 6.0], [5.977279923499917, 5.700439718141093, 5.491853096329675, 4.643856189774724, 4.087462841250339, 3.0, 3.700439718141092, 5.0, 5.727920454563199, 5.426264754702098, 5.614709844115208, 5.672425341971495, 5.554588851677638, 5.20945336562895, 5.357552004618084, 5.285402218862249, 5.643856189774724, 5.491853096329675, 5.807354922057604, 5.523561956057013, 5.882643049361842, 6.507794640198696, 6.442943495848728, 6.149747119504682], [5.426264754702098, 5.754887502163468, 5.285402218862249, 4.584962500721156, 3.4594316186372973, 3.807354922057604, 3.0, 4.754887502163468, 5.459431618637297, 5.087462841250339, 5.20945336562895, 4.857980995127572, 4.700439718141093, 5.857980995127572, 5.285402218862249, 5.643856189774724, 5.459431618637297, 5.321928094887363, 5.954196310386875, 5.426264754702098, 2.807354922057604, 6.22881869049588, 6.491853096329675, 5.807354922057604], [5.807354922057604, 6.20945336562895, 5.643856189774724, 4.643856189774724, 3.700439718141092, 4.459431618637297, 3.584962500721156, 4.954196310386875, 5.392317422778761, 4.954196310386875, 5.044394119358453, 4.807354922057604, 5.087462841250339, 5.584962500721156, 5.426264754702098, 5.754887502163468, 5.459431618637297, 5.357552004618084, 5.285402218862249, 5.672425341971495, 6.022367813028454, 6.189824558880018, 6.321928094887363, 6.189824558880018], [5.807354922057604, 5.459431618637297, 6.044394119358453, 4.857980995127572, 3.169925001442312, 2.584962500721156, 3.700439718141092, 4.392317422778761, 5.321928094887363, 5.700439718141093, 5.321928094887363, 4.807354922057604, 5.087462841250339, 4.954196310386875, 5.491853096329675, 5.672425341971495, 5.643856189774724, 5.459431618637297, 5.523561956057013, 6.044394119358453, 6.475733430966398, 6.392317422778761, 6.339850002884624, 6.22881869049588], [6.108524456778169, 6.303780748177103, 6.0, 4.700439718141093, 4.247927513443585, 3.169925001442312, 4.0, 4.392317422778761, 5.643856189774724, 5.426264754702098, 5.087462841250339, 5.044394119358453, 4.906890595608519, 6.022367813028454, 5.882643049361842, 5.285402218862249, 5.285402218862249, 5.832890014164741, 5.672425341971495, 5.807354922057604, 6.409390936137702, 6.129283016944966, 6.442943495848728, 6.285402218862249], [6.321928094887363, 5.954196310386875, 5.554588851677638, 5.459431618637297, 3.700439718141092, 3.807354922057604, 4.087462841250339, 4.754887502163468, 5.044394119358453, 5.523561956057013, 5.857980995127572, 5.0, 5.357552004618084, 4.954196310386875, 6.169925001442312, 5.672425341971495, 5.459431618637297, 5.285402218862249, 5.857980995127572, 5.857980995127572, 5.954196310386875, 6.108524456778169, 6.022367813028454, 6.129283016944966]]}