{"min": 0, "max": 11.000704269011246, "pieData": [[3.807354922057604, 4.087462841250339, 3.0, 2.0, 3.169925001442312, 1.584962500721156, 3.700439718141092, 4.0, 3.321928094887362, 4.954196310386875, 3.9068905956085187, 3.9068905956085187, 4.643856189774724, 4.584962500721156, 4.857980995127572, 4.857980995127572, 4.857980995127572, 4.247927513443585, 4.906890595608519, 2.807354922057604, 3.4594316186372973, 4.523561956057013, 3.807354922057604, 3.807354922057604], [3.807354922057604, 3.807354922057604, 3.700439718141092, 3.0, 2.807354922057604, 1.0, 3.584962500721156, 4.0, 4.584962500721156, 3.807354922057604, 4.459431618637297, 3.807354922057604, 4.459431618637297, 4.700439718141093, 4.643856189774724, 4.807354922057604, 4.523561956057013, 5.087462841250339, 5.169925001442312, 4.169925001442312, 4.459431618637297, 4.906890595608519, 3.9068905956085187, 4.0], [4.169925001442312, 3.0, 3.4594316186372973, 3.0, 1.0, 2.807354922057604, 2.321928094887362, 3.4594316186372973, 4.584962500721156, 4.169925001442312, 3.807354922057604, 3.700439718141092, 3.807354922057604, 4.169925001442312, 4.087462841250339, 4.321928094887363, 4.700439718141093, 4.906890595608519, 4.754887502163468, 4.392317422778761, 0.0, 4.0, 3.584962500721156, 4.247927513443585], [4.169925001442312, 3.584962500721156, 3.321928094887362, 2.584962500721156, 2.321928094887362, 1.584962500721156, 3.700439718141092, 3.321928094887362, 4.087462841250339, 3.9068905956085187, 4.459431618637297, 4.247927513443585, 4.247927513443585, 4.247927513443585, 4.643856189774724, 5.0, 4.584962500721156, 4.321928094887363, 4.584962500721156, 4.584962500721156, 3.9068905956085187, 4.247927513443585, 3.807354922057604, 3.807354922057604], [4.0, 3.4594316186372973, 2.584962500721156, 3.321928094887362, 2.0, 2.321928094887362, 3.321928094887362, 3.807354922057604, 4.0, 4.954196310386875, 4.807354922057604, 4.321928094887363, 3.700439718141092, 4.321928094887363, 5.285402218862249, 4.754887502163468, 4.700439718141093, 5.044394119358453, 4.0, 4.807354922057604, 4.087462841250339, 3.9068905956085187, 3.700439718141092, 4.087462841250339], [3.584962500721156, 3.584962500721156, 3.321928094887362, 2.807354922057604, 1.0, 2.0, 2.321928094887362, 3.4594316186372973, 3.9068905956085187, 4.169925001442312, 4.700439718141093, 4.584962500721156, 4.807354922057604, 4.247927513443585, 4.169925001442312, 4.169925001442312, 4.321928094887363, 4.807354922057604, 4.700439718141093, 4.459431618637297, 4.321928094887363, 4.0, 4.169925001442312, 3.9068905956085187], [4.0, 3.4594316186372973, 3.807354922057604, 3.169925001442312, 2.0, 2.584962500721156, 2.584962500721156, 3.169925001442312, 3.9068905956085187, 3.584962500721156, 5.20945336562895, 4.584962500721156, 4.321928094887363, 4.247927513443585, 4.954196310386875, 4.754887502163468, 4.857980995127572, 5.044394119358453, 3.9068905956085187, 4.087462841250339, 4.169925001442312, 4.169925001442312, 3.9068905956085187, 3.700439718141092]]}