{"min": 0, "max": 11.000704269011246, "pieData": [[4.392317422778761, 3.169925001442312, 3.169925001442312, 1.584962500721156, 0.0, 1.584962500721156, 4.392317422778761, 5.78135971352466, 6.700439718141093, 6.409390936137702, 6.066089190457772, 5.857980995127572, 5.672425341971495, 6.303780748177103, 6.247927513443585, 6.392317422778761, 5.491853096329675, 5.78135971352466, 6.022367813028454, 5.0, 5.523561956057013, 5.906890595608519, 5.285402218862249, 4.857980995127572], [4.321928094887363, 3.0, 2.584962500721156, 2.321928094887362, 1.0, 2.0, 3.700439718141092, 5.357552004618084, 6.189824558880018, 6.22881869049588, 6.491853096329675, 5.727920454563199, 5.459431618637297, 5.954196310386875, 6.442943495848728, 5.977279923499917, 5.614709844115208, 5.807354922057604, 5.906890595608519, 6.129283016944966, 6.044394119358453, 5.977279923499917, 5.20945336562895, 5.20945336562895], [3.584962500721156, 3.0, 2.807354922057604, 2.584962500721156, 2.807354922057604, 2.807354922057604, 3.807354922057604, 5.044394119358453, 6.266786540694901, 5.700439718141093, 6.20945336562895, 5.247927513443585, 5.169925001442312, 5.700439718141093, 6.0, 6.357552004618084, 5.491853096329675, 5.672425341971495, 6.087462841250339, 5.754887502163468, 2.807354922057604, 5.954196310386875, 5.357552004618084, 4.321928094887363], [3.584962500721156, 2.807354922057604, 2.584962500721156, 1.0, 2.0, 2.584962500721156, 3.4594316186372973, 5.247927513443585, 6.20945336562895, 6.0, 6.044394119358453, 5.857980995127572, 5.491853096329675, 5.882643049361842, 6.044394119358453, 5.882643049361842, 5.807354922057604, 5.672425341971495, 5.930737337562887, 6.22881869049588, 6.20945336562895, 5.643856189774724, 5.643856189774724, 5.392317422778761], [4.087462841250339, 3.4594316186372973, 3.0, 2.584962500721156, 1.584962500721156, 1.584962500721156, 3.321928094887362, 5.614709844115208, 6.20945336562895, 6.044394119358453, 6.409390936137702, 5.954196310386875, 5.78135971352466, 5.857980995127572, 6.169925001442312, 5.857980995127572, 5.977279923499917, 6.507794640198696, 6.658211482751795, 6.614709844115208, 6.189824558880018, 6.022367813028454, 5.754887502163468, 4.584962500721156], [4.459431618637297, 4.321928094887363, 3.584962500721156, 2.807354922057604, 1.0, 1.0, 3.169925001442312, 4.807354922057604, 5.614709844115208, 6.129283016944966, 6.066089190457772, 5.754887502163468, 5.169925001442312, 6.189824558880018, 6.044394119358453, 5.643856189774724, 6.044394119358453, 6.0, 6.507794640198696, 6.0, 6.0, 5.491853096329675, 5.857980995127572, 5.169925001442312], [4.700439718141093, 3.4594316186372973, 3.584962500721156, 2.584962500721156, 2.0, 1.0, 2.584962500721156, 4.392317422778761, 5.247927513443585, 6.022367813028454, 6.129283016944966, 5.491853096329675, 6.129283016944966, 5.357552004618084, 6.321928094887363, 6.303780748177103, 6.149747119504682, 5.906890595608519, 6.129283016944966, 5.882643049361842, 5.727920454563199, 5.977279923499917, 5.357552004618084, 4.392317422778761]]}