{"min": 0, "max": 11.000704269011246, "pieData": [[4.523561956057013, 3.9068905956085187, 4.247927513443585, 3.4594316186372973, 2.584962500721156, 3.584962500721156, 4.247927513443585, 5.087462841250339, 4.954196310386875, 5.977279923499917, 5.754887502163468, 5.614709844115208, 5.247927513443585, 4.954196310386875, 5.584962500721156, 4.857980995127572, 5.459431618637297, 5.584962500721156, 5.247927513443585, 3.700439718141092, 4.321928094887363, 5.247927513443585, 4.954196310386875, 4.857980995127572], [4.643856189774724, 4.169925001442312, 4.0, 3.807354922057604, 3.584962500721156, 2.584962500721156, 3.169925001442312, 5.087462841250339, 5.087462841250339, 5.321928094887363, 5.459431618637297, 4.700439718141093, 4.906890595608519, 4.857980995127572, 5.614709844115208, 5.321928094887363, 5.357552004618084, 5.247927513443585, 4.754887502163468, 5.357552004618084, 5.584962500721156, 5.285402218862249, 4.857980995127572, 4.584962500721156], [5.129283016944966, 4.392317422778761, 3.169925001442312, 2.807354922057604, 2.321928094887362, 3.0, 3.9068905956085187, 3.700439718141092, 5.087462841250339, 5.321928094887363, 5.169925001442312, 5.491853096329675, 4.392317422778761, 4.643856189774724, 5.672425341971495, 5.087462841250339, 5.392317422778761, 5.169925001442312, 5.169925001442312, 4.523561956057013, 3.321928094887362, 5.20945336562895, 5.20945336562895, 4.807354922057604], [5.20945336562895, 4.087462841250339, 4.321928094887363, 4.321928094887363, 3.0, 3.807354922057604, 3.807354922057604, 4.857980995127572, 4.906890595608519, 4.906890595608519, 4.807354922057604, 5.459431618637297, 4.857980995127572, 4.857980995127572, 5.169925001442312, 4.700439718141093, 5.129283016944966, 5.087462841250339, 5.129283016944966, 5.169925001442312, 4.954196310386875, 5.129283016944966, 5.044394119358453, 4.754887502163468], [5.0, 4.169925001442312, 3.700439718141092, 3.700439718141092, 3.9068905956085187, 3.321928094887362, 4.321928094887363, 5.087462841250339, 5.554588851677638, 5.285402218862249, 5.523561956057013, 5.357552004618084, 4.459431618637297, 5.129283016944966, 5.044394119358453, 5.392317422778761, 5.554588851677638, 5.491853096329675, 5.643856189774724, 5.357552004618084, 5.672425341971495, 5.643856189774724, 5.357552004618084, 5.614709844115208], [4.807354922057604, 4.523561956057013, 4.321928094887363, 3.584962500721156, 3.4594316186372973, 2.584962500721156, 3.807354922057604, 4.392317422778761, 4.459431618637297, 4.643856189774724, 4.754887502163468, 5.392317422778761, 5.169925001442312, 4.857980995127572, 5.129283016944966, 4.807354922057604, 4.954196310386875, 5.321928094887363, 5.357552004618084, 5.321928094887363, 4.584962500721156, 5.20945336562895, 5.426264754702098, 5.285402218862249], [4.807354922057604, 5.087462841250339, 4.459431618637297, 2.584962500721156, 2.321928094887362, 3.169925001442312, 4.0, 4.247927513443585, 4.321928094887363, 5.044394119358453, 5.357552004618084, 4.700439718141093, 5.087462841250339, 4.169925001442312, 4.906890595608519, 5.247927513443585, 5.614709844115208, 5.169925001442312, 5.087462841250339, 5.169925001442312, 5.321928094887363, 4.169925001442312, 5.129283016944966, 4.906890595608519]]}