{"min": 0, "max": 9.977279923499916, "pieData": [[2.0, 1.0, 1.0, 0.0, 0.0, 0.0, 2.0, 1.0, 0.0, 1.584962500721156, 1.0, 1.584962500721156, 1.584962500721156, 1.0, 1.584962500721156, 2.0, 1.0, 1.0, 1.584962500721156, 0.0, 1.0, 0.0, 2.0, 1.584962500721156], [2.0, 1.0, 1.0, 1.0, 0.0, 0.0, 0.0, 0.0, 0.0, 1.0, 0.0, 0.0, 1.0, 2.0, 1.584962500721156, 2.0, 1.584962500721156, 0.0, 1.0, 0.0, 0.0, 1.584962500721156, 1.0, 1.584962500721156], [2.0, 0.0, 0.0, 1.0, 0.0, 0.0, 0.0, 1.0, 1.0, 1.0, 1.0, 1.0, 1.0, 0.0, 1.0, 1.584962500721156, 1.584962500721156, 1.0, 0.0, 0.0, 0.0, 2.0, 2.584962500721156, 3.0], [3.4594316186372973, 2.321928094887362, 1.0, 1.0, 0.0, 0.0, 0.0, 0.0, 0.0, 1.0, 1.584962500721156, 1.0, 0.0, 1.0, 1.0, 2.321928094887362, 0.0, 1.584962500721156, 1.0, 1.0, 1.584962500721156, 0.0, 2.321928094887362, 1.584962500721156], [1.0, 1.0, 0.0, 0.0, 0.0, 0.0, 1.584962500721156, 0.0, 1.0, 1.0, 2.321928094887362, 1.584962500721156, 1.584962500721156, 0.0, 1.0, 1.584962500721156, 1.584962500721156, 1.0, 1.0, 1.0, 1.584962500721156, 0.0, 2.0, 2.0], [0.0, 1.584962500721156, 1.584962500721156, 1.0, 0.0, 0.0, 0.0, 1.584962500721156, 0.0, 1.584962500721156, 1.584962500721156, 2.321928094887362, 0.0, 1.584962500721156, 1.584962500721156, 0.0, 0.0, 1.584962500721156, 1.584962500721156, 1.0, 1.0, 1.584962500721156, 1.0, 1.0], [2.0, 1.584962500721156, 1.0, 1.0, 0.0, 0.0, 0.0, 0.0, 1.0, 1.0, 1.0, 2.0, 0.0, 0.0, 2.584962500721156, 1.584962500721156, 2.321928094887362, 0.0, 0.0, 1.0, 1.0, 1.584962500721156, 2.0, 1.0]]}