{"min": 0, "max": 9.977279923499916, "pieData": [[0.0, 0.0, 1.0, 0.0, 0.0, 1.584962500721156, 2.0, 1.584962500721156, 1.584962500721156, 1.584962500721156, 2.0, 1.0, 2.321928094887362, 2.321928094887362, 1.0, 1.0, 2.0, 1.0, 2.0, 0.0, 0.0, 0.0, 1.584962500721156, 1.0], [0.0, 1.0, 0.0, 0.0, 1.584962500721156, 0.0, 4.247927513443585, 4.584962500721156, 4.247927513443585, 1.584962500721156, 1.0, 1.0, 1.0, 3.0, 0.0, 1.0, 0.0, 2.0, 0.0, 1.0, 1.0, 0.0, 1.0, 0.0], [0.0, 0.0, 1.0, 1.0, 1.584962500721156, 3.169925001442312, 4.700439718141093, 2.321928094887362, 0.0, 2.0, 0.0, 1.584962500721156, 2.321928094887362, 3.4594316186372973, 1.584962500721156, 1.0, 1.0, 2.321928094887362, 1.584962500721156, 0.0, 0.0, 0.0, 0.0, 2.0], [0.0, 0.0, 0.0, 0.0, 3.4594316186372973, 4.643856189774724, 4.857980995127572, 2.584962500721156, 0.0, 0.0, 1.0, 1.584962500721156, 1.584962500721156, 1.584962500721156, 1.0, 1.584962500721156, 1.0, 1.584962500721156, 1.0, 0.0, 1.584962500721156, 2.0, 0.0, 0.0], [1.0, 0.0, 0.0, 0.0, 1.0, 1.0, 2.0, 1.584962500721156, 3.0, 2.321928094887362, 1.584962500721156, 2.584962500721156, 0.0, 1.584962500721156, 1.584962500721156, 0.0, 1.0, 1.0, 1.584962500721156, 1.0, 1.584962500721156, 1.0, 0.0, 1.584962500721156], [0.0, 0.0, 0.0, 0.0, 0.0, 1.0, 2.0, 1.0, 0.0, 1.0, 1.584962500721156, 2.0, 2.0, 0.0, 1.0, 1.584962500721156, 1.584962500721156, 1.0, 1.584962500721156, 0.0, 1.584962500721156, 1.0, 0.0, 1.584962500721156], [1.0, 1.0, 0.0, 1.0, 1.0, 1.0, 1.584962500721156, 1.0, 0.0, 0.0, 2.0, 1.0, 0.0, 1.0, 0.0, 0.0, 0.0, 1.0, 1.584962500721156, 0.0, 0.0, 1.584962500721156, 0.0, 0.0]]}