{"min": 0, "max": 9.977279923499916, "pieData": [[4.392317422778761, 4.392317422778761, 3.9068905956085187, 2.321928094887362, 3.700439718141092, 3.584962500721156, 4.0, 5.087462841250339, 5.614709844115208, 5.584962500721156, 6.0, 5.426264754702098, 5.392317422778761, 5.491853096329675, 5.584962500721156, 5.491853096329675, 5.087462841250339, 4.954196310386875, 5.459431618637297, 3.807354922057604, 4.807354922057604, 4.954196310386875, 4.584962500721156, 4.459431618637297], [4.321928094887363, 4.087462841250339, 3.700439718141092, 3.807354922057604, 3.321928094887362, 3.4594316186372973, 4.321928094887363, 4.584962500721156, 4.857980995127572, 5.523561956057013, 5.807354922057604, 5.584962500721156, 5.614709844115208, 5.392317422778761, 5.20945336562895, 5.20945336562895, 4.906890595608519, 4.954196310386875, 5.491853096329675, 5.0, 4.321928094887363, 4.247927513443585, 4.321928094887363, 4.247927513443585], [3.700439718141092, 3.584962500721156, 2.807354922057604, 2.321928094887362, 1.584962500721156, 2.807354922057604, 3.584962500721156, 3.9068905956085187, 4.643856189774724, 5.129283016944966, 5.321928094887363, 5.392317422778761, 4.754887502163468, 5.20945336562895, 5.321928094887363, 5.285402218862249, 5.087462841250339, 5.169925001442312, 4.643856189774724, 4.807354922057604, 2.584962500721156, 4.459431618637297, 4.087462841250339, 4.321928094887363], [4.321928094887363, 3.584962500721156, 4.0, 4.906890595608519, 4.954196310386875, 5.087462841250339, 3.700439718141092, 4.807354922057604, 5.392317422778761, 5.087462841250339, 5.0, 5.087462841250339, 4.754887502163468, 4.807354922057604, 5.20945336562895, 5.247927513443585, 5.169925001442312, 4.906890595608519, 4.857980995127572, 5.044394119358453, 4.643856189774724, 4.392317422778761, 3.4594316186372973, 4.0], [4.087462841250339, 3.4594316186372973, 2.321928094887362, 3.700439718141092, 3.584962500721156, 2.0, 2.807354922057604, 4.857980995127572, 4.700439718141093, 4.906890595608519, 5.0, 5.087462841250339, 5.0, 4.906890595608519, 4.807354922057604, 4.700439718141093, 5.0, 4.754887502163468, 4.754887502163468, 4.954196310386875, 4.584962500721156, 4.087462841250339, 4.584962500721156, 4.392317422778761], [4.247927513443585, 4.0, 4.247927513443585, 2.584962500721156, 3.4594316186372973, 3.321928094887362, 3.9068905956085187, 4.954196310386875, 5.087462841250339, 5.044394119358453, 5.523561956057013, 5.459431618637297, 5.247927513443585, 5.247927513443585, 5.672425341971495, 5.392317422778761, 5.857980995127572, 5.169925001442312, 5.426264754702098, 5.129283016944966, 4.392317422778761, 4.523561956057013, 5.0, 4.392317422778761], [4.459431618637297, 4.643856189774724, 4.0, 3.321928094887362, 3.700439718141092, 2.584962500721156, 3.807354922057604, 4.0, 5.087462841250339, 5.523561956057013, 5.882643049361842, 4.584962500721156, 4.459431618637297, 5.087462841250339, 5.20945336562895, 4.807354922057604, 5.0, 4.700439718141093, 5.087462841250339, 5.129283016944966, 5.044394119358453, 4.584962500721156, 4.321928094887363, 4.584962500721156]]}