{"min": 0, "max": 9.977279923499916, "pieData": [[5.321928094887363, 5.044394119358453, 3.700439718141092, 4.247927513443585, 1.584962500721156, 3.0, 5.20945336562895, 5.857980995127572, 5.554588851677638, 6.044394119358453, 6.044394119358453, 5.857980995127572, 6.066089190457772, 6.044394119358453, 6.022367813028454, 5.857980995127572, 5.459431618637297, 5.584962500721156, 5.807354922057604, 4.700439718141093, 4.857980995127572, 5.554588851677638, 5.584962500721156, 5.523561956057013], [4.807354922057604, 5.087462841250339, 4.700439718141093, 4.247927513443585, 2.584962500721156, 4.459431618637297, 4.584962500721156, 5.044394119358453, 5.614709844115208, 5.672425341971495, 5.672425341971495, 5.20945336562895, 5.857980995127572, 5.491853096329675, 5.426264754702098, 5.129283016944966, 4.523561956057013, 5.491853096329675, 5.643856189774724, 4.906890595608519, 5.643856189774724, 5.392317422778761, 5.977279923499917, 5.357552004618084], [5.614709844115208, 4.700439718141093, 4.523561956057013, 4.0, 3.0, 4.321928094887363, 3.4594316186372973, 5.129283016944966, 5.129283016944966, 5.459431618637297, 5.523561956057013, 5.672425341971495, 5.392317422778761, 5.285402218862249, 5.321928094887363, 5.129283016944966, 5.129283016944966, 5.0, 5.247927513443585, 4.857980995127572, 1.584962500721156, 5.491853096329675, 5.20945336562895, 5.357552004618084], [4.807354922057604, 5.129283016944966, 3.700439718141092, 4.392317422778761, 3.807354922057604, 3.321928094887362, 4.459431618637297, 5.129283016944966, 4.807354922057604, 5.643856189774724, 5.285402218862249, 5.392317422778761, 4.857980995127572, 5.129283016944966, 5.459431618637297, 5.459431618637297, 5.0, 4.954196310386875, 5.20945336562895, 5.614709844115208, 5.392317422778761, 5.554588851677638, 5.832890014164741, 5.491853096329675], [5.426264754702098, 5.087462841250339, 4.754887502163468, 3.700439718141092, 4.0, 3.4594316186372973, 4.584962500721156, 5.554588851677638, 5.392317422778761, 5.087462841250339, 5.807354922057604, 5.554588851677638, 5.247927513443585, 5.20945336562895, 5.20945336562895, 5.169925001442312, 4.954196310386875, 5.044394119358453, 5.129283016944966, 5.20945336562895, 5.169925001442312, 5.554588851677638, 5.727920454563199, 5.169925001442312], [5.247927513443585, 4.807354922057604, 4.643856189774724, 4.459431618637297, 3.584962500721156, 3.321928094887362, 4.857980995127572, 4.906890595608519, 5.357552004618084, 5.643856189774724, 5.643856189774724, 5.247927513443585, 5.426264754702098, 5.459431618637297, 5.285402218862249, 5.584962500721156, 4.857980995127572, 5.643856189774724, 5.0, 5.247927513443585, 5.285402218862249, 5.954196310386875, 5.357552004618084, 5.614709844115208], [5.392317422778761, 4.954196310386875, 5.087462841250339, 4.459431618637297, 4.087462841250339, 3.700439718141092, 5.0, 5.044394119358453, 5.20945336562895, 5.954196310386875, 5.321928094887363, 5.357552004618084, 5.20945336562895, 5.426264754702098, 5.554588851677638, 5.087462841250339, 5.087462841250339, 5.044394119358453, 5.321928094887363, 5.321928094887363, 5.459431618637297, 5.491853096329675, 5.584962500721156, 5.727920454563199]]}