{"min": 0, "max": 9.977279923499916, "pieData": [[5.392317422778761, 4.643856189774724, 5.129283016944966, 4.087462841250339, 3.807354922057604, 3.584962500721156, 5.129283016944966, 6.022367813028454, 5.857980995127572, 5.523561956057013, 6.169925001442312, 5.357552004618084, 4.954196310386875, 5.169925001442312, 5.700439718141093, 5.392317422778761, 5.087462841250339, 5.169925001442312, 5.285402218862249, 4.087462841250339, 5.0, 5.614709844115208, 5.129283016944966, 5.129283016944966], [5.129283016944966, 4.643856189774724, 4.643856189774724, 4.643856189774724, 3.9068905956085187, 4.0, 3.807354922057604, 6.285402218862249, 5.554588851677638, 5.426264754702098, 5.554588851677638, 5.426264754702098, 5.087462841250339, 4.954196310386875, 5.392317422778761, 5.357552004618084, 5.044394119358453, 4.906890595608519, 5.554588851677638, 5.727920454563199, 5.584962500721156, 5.78135971352466, 5.614709844115208, 5.087462841250339], [5.247927513443585, 4.321928094887363, 5.0, 4.392317422778761, 3.169925001442312, 3.4594316186372973, 3.9068905956085187, 5.754887502163468, 5.614709844115208, 5.700439718141093, 5.321928094887363, 4.954196310386875, 4.857980995127572, 5.0, 5.491853096329675, 5.321928094887363, 4.954196310386875, 4.954196310386875, 5.129283016944966, 5.20945336562895, 2.807354922057604, 5.672425341971495, 5.20945336562895, 5.129283016944966], [4.906890595608519, 4.954196310386875, 5.0, 4.321928094887363, 3.584962500721156, 3.169925001442312, 4.169925001442312, 5.78135971352466, 5.807354922057604, 5.0, 5.20945336562895, 4.954196310386875, 4.807354922057604, 5.0, 5.044394119358453, 5.491853096329675, 4.754887502163468, 5.247927513443585, 5.614709844115208, 5.426264754702098, 5.882643049361842, 5.491853096329675, 5.491853096329675, 5.169925001442312], [4.954196310386875, 5.285402218862249, 5.129283016944966, 5.247927513443585, 3.169925001442312, 3.0, 3.9068905956085187, 6.189824558880018, 5.727920454563199, 5.491853096329675, 5.426264754702098, 5.247927513443585, 5.169925001442312, 5.700439718141093, 5.20945336562895, 5.523561956057013, 5.285402218862249, 5.087462841250339, 5.129283016944966, 6.149747119504682, 5.491853096329675, 5.20945336562895, 5.285402218862249, 5.357552004618084], [5.357552004618084, 5.459431618637297, 4.906890595608519, 4.643856189774724, 4.392317422778761, 3.4594316186372973, 4.247927513443585, 5.672425341971495, 5.906890595608519, 6.022367813028454, 5.807354922057604, 5.614709844115208, 5.357552004618084, 5.700439718141093, 5.700439718141093, 5.357552004618084, 5.523561956057013, 5.672425341971495, 5.727920454563199, 5.129283016944966, 5.643856189774724, 5.727920454563199, 5.614709844115208, 5.614709844115208], [5.321928094887363, 5.20945336562895, 5.247927513443585, 5.0, 4.169925001442312, 4.169925001442312, 3.807354922057604, 4.857980995127572, 5.392317422778761, 5.285402218862249, 5.247927513443585, 5.087462841250339, 5.554588851677638, 5.044394119358453, 5.584962500721156, 5.491853096329675, 4.906890595608519, 5.392317422778761, 5.700439718141093, 5.247927513443585, 5.672425341971495, 5.392317422778761, 5.285402218862249, 5.700439718141093]]}