{"min": 0, "max": 9.977279923499916, "pieData": [[6.0, 5.491853096329675, 4.584962500721156, 4.247927513443585, 3.584962500721156, 3.169925001442312, 4.954196310386875, 5.643856189774724, 5.584962500721156, 5.727920454563199, 6.087462841250339, 5.584962500721156, 5.392317422778761, 6.303780748177103, 5.754887502163468, 5.727920454563199, 5.357552004618084, 5.491853096329675, 5.357552004618084, 4.857980995127572, 5.672425341971495, 6.491853096329675, 6.807354922057604, 6.087462841250339], [5.643856189774724, 5.392317422778761, 4.523561956057013, 4.321928094887363, 4.0, 3.321928094887362, 5.129283016944966, 6.0, 5.930737337562887, 6.0, 5.754887502163468, 5.285402218862249, 5.906890595608519, 6.0, 5.523561956057013, 5.129283016944966, 5.459431618637297, 5.169925001442312, 5.584962500721156, 6.108524456778169, 6.022367813028454, 6.392317422778761, 6.303780748177103, 6.108524456778169], [5.491853096329675, 5.044394119358453, 4.459431618637297, 4.584962500721156, 3.169925001442312, 3.4594316186372973, 4.169925001442312, 6.022367813028454, 5.554588851677638, 5.727920454563199, 5.321928094887363, 5.491853096329675, 5.321928094887363, 5.554588851677638, 5.614709844115208, 5.78135971352466, 5.285402218862249, 5.169925001442312, 5.426264754702098, 5.129283016944966, 3.4594316186372973, 6.266786540694901, 6.266786540694901, 6.108524456778169], [6.022367813028454, 5.247927513443585, 4.857980995127572, 3.9068905956085187, 4.906890595608519, 5.169925001442312, 4.392317422778761, 5.857980995127572, 6.409390936137702, 5.614709844115208, 5.491853096329675, 5.426264754702098, 5.0, 5.129283016944966, 5.285402218862249, 5.357552004618084, 5.643856189774724, 5.614709844115208, 5.247927513443585, 6.22881869049588, 6.0, 6.459431618637297, 6.169925001442312, 6.087462841250339], [5.584962500721156, 5.357552004618084, 4.857980995127572, 4.459431618637297, 3.9068905956085187, 4.087462841250339, 4.523561956057013, 5.614709844115208, 5.584962500721156, 5.78135971352466, 5.614709844115208, 5.523561956057013, 5.459431618637297, 5.882643049361842, 5.832890014164741, 5.247927513443585, 5.20945336562895, 4.906890595608519, 5.247927513443585, 5.459431618637297, 6.169925001442312, 6.339850002884624, 6.247927513443585, 6.022367813028454], [6.0, 5.491853096329675, 5.044394119358453, 5.087462841250339, 4.0, 3.584962500721156, 4.954196310386875, 5.0, 5.643856189774724, 5.882643049361842, 5.857980995127572, 5.392317422778761, 5.523561956057013, 5.491853096329675, 5.392317422778761, 5.357552004618084, 5.169925001442312, 5.584962500721156, 5.882643049361842, 5.930737337562887, 6.129283016944966, 5.882643049361842, 5.954196310386875, 6.189824558880018], [6.066089190457772, 5.857980995127572, 5.700439718141093, 5.087462841250339, 3.9068905956085187, 4.169925001442312, 4.523561956057013, 4.954196310386875, 5.78135971352466, 5.392317422778761, 5.321928094887363, 5.357552004618084, 5.554588851677638, 5.584962500721156, 5.930737337562887, 5.426264754702098, 5.247927513443585, 4.857980995127572, 5.554588851677638, 5.614709844115208, 5.807354922057604, 6.022367813028454, 6.507794640198696, 6.285402218862249]]}