{"min": 0, "max": 9.977279923499916, "pieData": [[3.807354922057604, 3.584962500721156, 2.0, 1.584962500721156, 3.0, 1.584962500721156, 1.0, 3.700439718141092, 3.700439718141092, 4.459431618637297, 4.169925001442312, 4.459431618637297, 4.169925001442312, 4.321928094887363, 4.523561956057013, 3.700439718141092, 4.247927513443585, 4.169925001442312, 4.754887502163468, 3.4594316186372973, 4.321928094887363, 4.169925001442312, 3.807354922057604, 3.807354922057604], [2.584962500721156, 2.0, 2.584962500721156, 1.0, 2.0, 2.0, 2.807354922057604, 4.169925001442312, 3.807354922057604, 4.0, 3.584962500721156, 3.4594316186372973, 4.584962500721156, 3.9068905956085187, 4.392317422778761, 3.4594316186372973, 3.4594316186372973, 4.247927513443585, 4.954196310386875, 4.169925001442312, 4.459431618637297, 4.906890595608519, 3.9068905956085187, 3.4594316186372973], [3.0, 2.807354922057604, 1.584962500721156, 0.0, 2.0, 0.0, 3.169925001442312, 3.584962500721156, 3.700439718141092, 3.4594316186372973, 4.584962500721156, 3.9068905956085187, 4.523561956057013, 3.700439718141092, 4.087462841250339, 4.169925001442312, 3.807354922057604, 3.700439718141092, 4.169925001442312, 4.584962500721156, 1.584962500721156, 4.087462841250339, 4.087462841250339, 4.087462841250339], [3.169925001442312, 2.0, 2.321928094887362, 2.321928094887362, 0.0, 2.321928094887362, 2.321928094887362, 3.807354922057604, 4.0, 4.643856189774724, 3.0, 3.700439718141092, 3.700439718141092, 3.807354922057604, 3.321928094887362, 3.807354922057604, 4.247927513443585, 4.169925001442312, 4.643856189774724, 4.459431618637297, 4.807354922057604, 3.807354922057604, 4.0, 4.169925001442312], [3.4594316186372973, 2.807354922057604, 2.584962500721156, 0.0, 1.0, 2.807354922057604, 0.0, 3.807354922057604, 3.9068905956085187, 4.754887502163468, 4.0, 4.807354922057604, 3.584962500721156, 3.584962500721156, 3.700439718141092, 4.169925001442312, 4.321928094887363, 3.807354922057604, 4.169925001442312, 4.392317422778761, 4.754887502163468, 4.392317422778761, 2.807354922057604, 3.321928094887362], [3.321928094887362, 2.0, 2.0, 2.807354922057604, 0.0, 2.321928094887362, 2.584962500721156, 4.321928094887363, 4.523561956057013, 4.459431618637297, 3.807354922057604, 4.807354922057604, 4.523561956057013, 3.700439718141092, 4.169925001442312, 4.459431618637297, 4.169925001442312, 5.285402218862249, 4.247927513443585, 4.459431618637297, 3.584962500721156, 4.087462841250339, 3.9068905956085187, 3.807354922057604], [3.4594316186372973, 3.321928094887362, 3.321928094887362, 2.0, 1.584962500721156, 1.0, 3.0, 3.169925001442312, 4.459431618637297, 4.700439718141093, 4.321928094887363, 4.321928094887363, 4.087462841250339, 3.169925001442312, 4.0, 4.169925001442312, 4.459431618637297, 4.321928094887363, 4.247927513443585, 4.321928094887363, 4.0, 4.087462841250339, 4.0, 4.087462841250339]]}