{"min": 0, "max": 9.977279923499916, "pieData": [[4.584962500721156, 3.700439718141092, 3.584962500721156, 3.0, 2.0, 2.584962500721156, 2.807354922057604, 4.247927513443585, 3.584962500721156, 4.700439718141093, 4.087462841250339, 4.0, 3.700439718141092, 4.087462841250339, 4.700439718141093, 4.087462841250339, 4.087462841250339, 4.523561956057013, 4.321928094887363, 2.584962500721156, 3.807354922057604, 4.523561956057013, 3.9068905956085187, 3.700439718141092], [3.807354922057604, 4.523561956057013, 3.4594316186372973, 3.0, 2.807354922057604, 2.807354922057604, 2.584962500721156, 4.247927513443585, 4.523561956057013, 4.169925001442312, 3.9068905956085187, 3.4594316186372973, 4.169925001442312, 4.321928094887363, 4.169925001442312, 3.807354922057604, 3.4594316186372973, 4.954196310386875, 4.584962500721156, 4.392317422778761, 4.392317422778761, 4.247927513443585, 4.087462841250339, 4.700439718141093], [4.321928094887363, 3.700439718141092, 3.9068905956085187, 3.169925001442312, 2.321928094887362, 1.0, 3.0, 3.807354922057604, 3.700439718141092, 4.0, 3.700439718141092, 2.807354922057604, 4.169925001442312, 3.9068905956085187, 3.700439718141092, 4.0, 3.807354922057604, 4.247927513443585, 4.0, 3.807354922057604, 1.0, 4.392317422778761, 4.584962500721156, 3.700439718141092], [4.169925001442312, 4.0, 3.0, 3.0, 2.807354922057604, 2.0, 3.4594316186372973, 4.459431618637297, 3.9068905956085187, 4.0, 3.9068905956085187, 3.169925001442312, 4.169925001442312, 5.20945336562895, 4.700439718141093, 3.700439718141092, 4.459431618637297, 4.087462841250339, 4.0, 4.643856189774724, 4.321928094887363, 4.247927513443585, 3.584962500721156, 4.392317422778761], [4.392317422778761, 4.321928094887363, 2.321928094887362, 2.0, 2.321928094887362, 2.321928094887362, 3.0, 4.807354922057604, 4.392317422778761, 4.0, 4.584962500721156, 4.087462841250339, 3.9068905956085187, 4.169925001442312, 4.321928094887363, 4.0, 4.0, 4.754887502163468, 4.700439718141093, 4.169925001442312, 4.247927513443585, 4.459431618637297, 5.044394119358453, 4.247927513443585], [4.584962500721156, 4.700439718141093, 3.9068905956085187, 3.4594316186372973, 3.4594316186372973, 2.584962500721156, 3.169925001442312, 3.9068905956085187, 4.087462841250339, 3.9068905956085187, 3.700439718141092, 4.459431618637297, 3.807354922057604, 4.247927513443585, 4.169925001442312, 3.321928094887362, 4.321928094887363, 4.523561956057013, 3.807354922057604, 3.700439718141092, 4.523561956057013, 4.169925001442312, 4.0, 4.169925001442312], [4.643856189774724, 4.247927513443585, 4.087462841250339, 3.321928094887362, 2.807354922057604, 2.321928094887362, 3.169925001442312, 3.4594316186372973, 4.169925001442312, 4.321928094887363, 4.169925001442312, 3.9068905956085187, 3.9068905956085187, 4.0, 4.087462841250339, 3.807354922057604, 3.169925001442312, 4.247927513443585, 2.584962500721156, 3.807354922057604, 4.0, 4.523561956057013, 3.9068905956085187, 4.169925001442312]]}