{"min": 0, "max": 9.977279923499916, "pieData": [[4.857980995127572, 4.087462841250339, 3.584962500721156, 4.169925001442312, 2.807354922057604, 3.169925001442312, 3.584962500721156, 4.857980995127572, 4.954196310386875, 5.78135971352466, 5.459431618637297, 5.392317422778761, 5.426264754702098, 5.169925001442312, 5.426264754702098, 5.087462841250339, 5.20945336562895, 4.954196310386875, 5.321928094887363, 3.700439718141092, 4.584962500721156, 5.727920454563199, 5.247927513443585, 5.247927513443585], [4.584962500721156, 4.247927513443585, 3.807354922057604, 2.807354922057604, 3.0, 3.0, 4.0, 5.129283016944966, 5.321928094887363, 4.643856189774724, 5.247927513443585, 5.247927513443585, 4.807354922057604, 5.129283016944966, 5.169925001442312, 4.247927513443585, 4.700439718141093, 4.807354922057604, 5.044394119358453, 5.523561956057013, 5.20945336562895, 5.523561956057013, 4.807354922057604, 4.807354922057604], [4.584962500721156, 4.321928094887363, 3.4594316186372973, 3.169925001442312, 2.807354922057604, 2.321928094887362, 3.321928094887362, 4.807354922057604, 4.700439718141093, 4.754887502163468, 4.523561956057013, 4.700439718141093, 4.754887502163468, 4.857980995127572, 4.954196310386875, 5.554588851677638, 5.0, 4.643856189774724, 5.129283016944966, 4.754887502163468, 2.0, 5.459431618637297, 4.584962500721156, 4.392317422778761], [4.392317422778761, 3.169925001442312, 3.4594316186372973, 3.584962500721156, 2.321928094887362, 2.807354922057604, 4.247927513443585, 5.044394119358453, 5.087462841250339, 5.129283016944966, 4.700439718141093, 4.754887502163468, 4.857980995127572, 4.807354922057604, 5.285402218862249, 4.700439718141093, 5.087462841250339, 5.20945336562895, 5.129283016944966, 5.392317422778761, 5.321928094887363, 4.906890595608519, 4.954196310386875, 4.857980995127572], [3.807354922057604, 4.087462841250339, 3.4594316186372973, 3.0, 2.584962500721156, 1.584962500721156, 3.584962500721156, 4.754887502163468, 5.129283016944966, 5.169925001442312, 4.247927513443585, 4.754887502163468, 4.523561956057013, 5.0, 5.169925001442312, 5.087462841250339, 4.857980995127572, 4.643856189774724, 5.0, 5.247927513443585, 5.285402218862249, 5.129283016944966, 5.087462841250339, 5.087462841250339], [4.857980995127572, 3.700439718141092, 4.169925001442312, 3.0, 3.321928094887362, 2.584962500721156, 4.087462841250339, 5.129283016944966, 5.459431618637297, 5.247927513443585, 5.614709844115208, 5.247927513443585, 4.857980995127572, 5.169925001442312, 5.426264754702098, 5.392317422778761, 4.906890595608519, 5.672425341971495, 5.129283016944966, 5.584962500721156, 5.426264754702098, 4.857980995127572, 5.044394119358453, 4.906890595608519], [4.459431618637297, 4.700439718141093, 4.392317422778761, 3.169925001442312, 3.169925001442312, 3.0, 3.807354922057604, 3.807354922057604, 5.169925001442312, 5.321928094887363, 4.700439718141093, 5.129283016944966, 4.954196310386875, 4.643856189774724, 4.700439718141093, 4.906890595608519, 5.044394119358453, 4.754887502163468, 5.0, 5.129283016944966, 5.643856189774724, 5.20945336562895, 4.754887502163468, 5.169925001442312]]}