{"min": 0, "max": 9.977279923499916, "pieData": [[8.375039431346925, 7.426264754702098, 7.044394119358453, 6.954196310386875, 5.906890595608519, 4.643856189774724, 5.357552004618084, 5.285402218862249, 5.78135971352466, 6.022367813028454, 7.285402218862249, 7.2761244052742375, 7.820178962415188, 7.169925001442312, 7.554588851677638, 7.491853096329675, 7.86418614465428, 7.330916878114617, 7.6865005271832185, 6.087462841250339, 7.339850002884624, 8.139551352398794, 8.066089190457772, 8.321928094887362], [7.94251450533924, 6.794415866350106, 3.807354922057604, 2.0, 2.0, 1.584962500721156, 4.087462841250339, 5.0, 5.0, 5.954196310386875, 7.139551352398794, 7.523561956057013, 7.03342300153745, 7.693486957499325, 7.451211111832329, 7.7414669864011465, 7.622051819456376, 7.857980995127572, 7.643856189774724, 8.087462841250339, 7.531381460516312, 8.169925001442312, 7.622051819456376, 8.044394119358454], [8.055282435501189, 6.3750394313469245, 4.954196310386875, 3.0, 1.584962500721156, 3.4594316186372973, 4.087462841250339, 3.9068905956085187, 4.954196310386875, 5.930737337562887, 7.108524456778169, 7.22881869049588, 7.392317422778761, 7.523561956057013, 7.434628227636725, 7.330916878114617, 7.7073591320808825, 7.426264754702098, 7.451211111832329, 7.294620748891627, 4.754887502163468, 7.94251450533924, 7.754887502163468, 8.055282435501189], [7.9886846867721655, 7.475733430966398, 5.727920454563199, 1.0, 0.0, 3.321928094887362, 4.0, 3.4594316186372973, 4.523561956057013, 5.700439718141093, 7.199672344836364, 7.20945336562895, 7.366322214245816, 7.076815597050831, 7.531381460516312, 7.622051819456376, 7.451211111832329, 7.6865005271832185, 7.774787059601174, 7.679480099505446, 7.546894459887636, 7.774787059601174, 7.888743248898259, 8.134426320220927], [8.149747119504681, 6.6865005271832185, 5.426264754702098, 2.321928094887362, 1.584962500721156, 3.321928094887362, 3.807354922057604, 3.9068905956085187, 4.643856189774724, 6.189824558880018, 6.794415866350106, 7.189824558880018, 7.22881869049588, 7.426264754702098, 7.658211482751795, 7.584962500721156, 7.651051691178928, 7.475733430966398, 7.700439718141093, 7.562242424221073, 8.027905996569885, 7.86418614465428, 7.679480099505446, 8.005624549193879], [7.807354922057604, 7.918863237274595, 5.906890595608519, 5.700439718141093, 3.807354922057604, 2.0, 4.247927513443585, 3.9068905956085187, 5.169925001442312, 5.954196310386875, 6.672425341971495, 7.022367813028454, 7.129283016944966, 6.409390936137702, 7.011227255423254, 6.768184324776926, 7.507794640198696, 6.6293566200796095, 7.303780748177103, 7.257387842692652, 7.366322214245816, 7.330916878114617, 7.118941072723508, 7.383704292474052], [7.366322214245816, 6.94251450533924, 4.700439718141093, 2.0, 1.0, 2.807354922057604, 3.807354922057604, 4.169925001442312, 4.807354922057604, 5.857980995127572, 6.7414669864011465, 6.845490050944376, 7.285402218862249, 7.044394119358453, 7.577428828035749, 7.366322214245816, 7.584962500721156, 6.894817763307944, 7.483815777264256, 7.876516946564999, 7.894817763307944, 7.592457037268081, 7.562242424221073, 8.139551352398794]]}