{"min": 0, "max": 9.977279923499916, "pieData": [[4.643856189774724, 4.0, 3.584962500721156, 3.0, 2.584962500721156, 1.584962500721156, 3.700439718141092, 4.321928094887363, 4.247927513443585, 4.700439718141093, 4.906890595608519, 4.584962500721156, 4.857980995127572, 5.285402218862249, 5.247927513443585, 4.321928094887363, 4.700439718141093, 4.392317422778761, 4.954196310386875, 4.247927513443585, 4.523561956057013, 5.357552004618084, 5.087462841250339, 4.857980995127572], [4.247927513443585, 4.392317422778761, 4.169925001442312, 2.584962500721156, 2.584962500721156, 2.321928094887362, 4.169925001442312, 4.807354922057604, 5.129283016944966, 4.807354922057604, 4.954196310386875, 4.523561956057013, 4.700439718141093, 3.9068905956085187, 4.584962500721156, 5.169925001442312, 4.857980995127572, 4.754887502163468, 4.392317422778761, 4.584962500721156, 5.247927513443585, 4.857980995127572, 4.807354922057604, 5.087462841250339], [4.459431618637297, 4.087462841250339, 3.700439718141092, 3.321928094887362, 1.584962500721156, 2.0, 3.321928094887362, 4.247927513443585, 4.523561956057013, 4.643856189774724, 4.643856189774724, 4.169925001442312, 4.459431618637297, 4.321928094887363, 4.700439718141093, 5.0, 5.0, 4.906890595608519, 4.584962500721156, 4.523561956057013, 1.584962500721156, 5.169925001442312, 4.584962500721156, 5.087462841250339], [4.321928094887363, 4.0, 3.700439718141092, 3.0, 2.584962500721156, 2.321928094887362, 3.700439718141092, 4.459431618637297, 5.0, 4.584962500721156, 4.087462841250339, 4.169925001442312, 4.087462841250339, 4.087462841250339, 4.906890595608519, 5.247927513443585, 5.044394119358453, 4.754887502163468, 4.754887502163468, 5.357552004618084, 5.285402218862249, 4.906890595608519, 4.700439718141093, 5.285402218862249], [4.392317422778761, 4.169925001442312, 4.087462841250339, 2.807354922057604, 2.0, 2.321928094887362, 3.4594316186372973, 4.643856189774724, 4.700439718141093, 4.754887502163468, 4.523561956057013, 5.087462841250339, 4.523561956057013, 4.906890595608519, 5.169925001442312, 4.906890595608519, 4.700439718141093, 4.0, 5.087462841250339, 4.807354922057604, 5.087462841250339, 4.954196310386875, 4.392317422778761, 5.321928094887363], [5.0, 4.392317422778761, 3.321928094887362, 2.807354922057604, 2.0, 3.0, 3.4594316186372973, 4.0, 4.321928094887363, 4.700439718141093, 4.954196310386875, 4.754887502163468, 4.321928094887363, 4.857980995127572, 4.857980995127572, 4.0, 4.087462841250339, 5.285402218862249, 5.0, 5.20945336562895, 4.807354922057604, 4.643856189774724, 4.754887502163468, 4.857980995127572], [4.643856189774724, 4.0, 4.247927513443585, 3.700439718141092, 2.321928094887362, 3.0, 3.0, 3.9068905956085187, 4.169925001442312, 4.321928094887363, 4.700439718141093, 4.700439718141093, 4.807354922057604, 4.247927513443585, 4.700439718141093, 4.700439718141093, 4.700439718141093, 4.700439718141093, 5.044394119358453, 5.129283016944966, 4.906890595608519, 4.459431618637297, 4.643856189774724, 4.857980995127572]]}