{"min": 0, "max": 9.977279923499916, "pieData": [[5.321928094887363, 4.169925001442312, 3.9068905956085187, 3.584962500721156, 3.9068905956085187, 2.321928094887362, 5.169925001442312, 6.129283016944966, 5.78135971352466, 5.392317422778761, 5.643856189774724, 5.357552004618084, 5.700439718141093, 5.930737337562887, 5.321928094887363, 5.321928094887363, 5.727920454563199, 5.584962500721156, 5.832890014164741, 4.954196310386875, 5.285402218862249, 5.954196310386875, 5.727920454563199, 5.523561956057013], [5.78135971352466, 5.321928094887363, 4.807354922057604, 5.0, 3.9068905956085187, 3.0, 4.523561956057013, 5.857980995127572, 6.247927513443585, 6.022367813028454, 6.044394119358453, 5.20945336562895, 5.426264754702098, 5.857980995127572, 6.0, 5.857980995127572, 5.584962500721156, 6.044394119358453, 5.977279923499917, 6.066089190457772, 5.672425341971495, 5.672425341971495, 5.584962500721156, 4.906890595608519], [5.20945336562895, 4.807354922057604, 4.392317422778761, 4.0, 3.0, 2.321928094887362, 4.087462841250339, 5.727920454563199, 5.672425341971495, 5.523561956057013, 5.754887502163468, 5.321928094887363, 4.954196310386875, 5.392317422778761, 5.754887502163468, 5.700439718141093, 5.554588851677638, 5.491853096329675, 5.727920454563199, 5.614709844115208, 3.4594316186372973, 5.700439718141093, 5.357552004618084, 4.857980995127572], [5.321928094887363, 5.20945336562895, 4.807354922057604, 3.9068905956085187, 4.0, 3.321928094887362, 5.392317422778761, 5.882643049361842, 5.832890014164741, 5.906890595608519, 5.754887502163468, 5.285402218862249, 5.129283016944966, 5.584962500721156, 5.614709844115208, 5.554588851677638, 5.357552004618084, 5.459431618637297, 6.129283016944966, 5.954196310386875, 5.954196310386875, 5.491853096329675, 5.754887502163468, 5.20945336562895], [5.087462841250339, 4.807354922057604, 3.9068905956085187, 3.4594316186372973, 1.584962500721156, 2.321928094887362, 4.643856189774724, 5.977279923499917, 6.0, 5.906890595608519, 5.754887502163468, 5.700439718141093, 5.614709844115208, 6.0, 5.523561956057013, 5.614709844115208, 5.20945336562895, 5.491853096329675, 5.832890014164741, 5.643856189774724, 5.754887502163468, 5.906890595608519, 6.0, 5.554588851677638], [5.247927513443585, 4.807354922057604, 4.0, 3.9068905956085187, 3.584962500721156, 4.087462841250339, 4.523561956057013, 5.357552004618084, 6.087462841250339, 5.700439718141093, 5.700439718141093, 5.584962500721156, 5.392317422778761, 5.614709844115208, 4.954196310386875, 5.643856189774724, 5.321928094887363, 5.807354922057604, 5.906890595608519, 5.832890014164741, 5.882643049361842, 6.0, 5.357552004618084, 4.954196310386875], [4.857980995127572, 4.807354922057604, 4.643856189774724, 4.0, 3.169925001442312, 3.584962500721156, 4.523561956057013, 5.285402218862249, 5.523561956057013, 5.285402218862249, 5.044394119358453, 5.321928094887363, 5.614709844115208, 5.727920454563199, 5.523561956057013, 5.554588851677638, 5.554588851677638, 5.906890595608519, 6.087462841250339, 5.357552004618084, 5.754887502163468, 5.584962500721156, 5.357552004618084, 5.832890014164741]]}