{"min": 0, "max": 9.977279923499916, "pieData": [[4.906890595608519, 3.807354922057604, 4.247927513443585, 2.807354922057604, 2.807354922057604, 2.807354922057604, 3.4594316186372973, 4.523561956057013, 4.584962500721156, 4.321928094887363, 4.857980995127572, 3.700439718141092, 3.9068905956085187, 4.169925001442312, 4.321928094887363, 4.247927513443585, 4.643856189774724, 4.392317422778761, 5.0, 3.321928094887362, 4.459431618637297, 4.807354922057604, 4.754887502163468, 4.906890595608519], [4.169925001442312, 3.584962500721156, 4.392317422778761, 3.807354922057604, 3.584962500721156, 1.584962500721156, 3.584962500721156, 4.459431618637297, 4.807354922057604, 4.459431618637297, 3.4594316186372973, 4.247927513443585, 3.584962500721156, 4.0, 4.247927513443585, 4.087462841250339, 4.247927513443585, 4.0, 4.247927513443585, 4.169925001442312, 4.584962500721156, 4.584962500721156, 4.643856189774724, 4.857980995127572], [4.0, 4.0, 4.169925001442312, 3.9068905956085187, 3.321928094887362, 2.0, 3.4594316186372973, 4.321928094887363, 4.392317422778761, 4.459431618637297, 3.9068905956085187, 4.321928094887363, 4.0, 4.643856189774724, 3.9068905956085187, 4.459431618637297, 4.392317422778761, 4.321928094887363, 4.087462841250339, 4.321928094887363, 2.807354922057604, 4.321928094887363, 4.321928094887363, 4.247927513443585], [4.392317422778761, 4.321928094887363, 3.700439718141092, 3.321928094887362, 2.0, 2.584962500721156, 2.321928094887362, 4.807354922057604, 3.9068905956085187, 4.247927513443585, 4.459431618637297, 3.4594316186372973, 3.9068905956085187, 4.169925001442312, 4.392317422778761, 4.087462841250339, 4.392317422778761, 3.9068905956085187, 4.321928094887363, 5.087462841250339, 4.247927513443585, 4.392317422778761, 4.754887502163468, 5.087462841250339], [4.459431618637297, 4.857980995127572, 5.392317422778761, 2.807354922057604, 3.4594316186372973, 2.0, 3.700439718141092, 4.247927513443585, 4.906890595608519, 4.392317422778761, 4.459431618637297, 4.0, 3.807354922057604, 4.087462841250339, 4.392317422778761, 4.247927513443585, 3.9068905956085187, 3.700439718141092, 4.643856189774724, 4.0, 4.321928094887363, 4.169925001442312, 4.392317422778761, 5.044394119358453], [4.807354922057604, 4.523561956057013, 4.857980995127572, 4.321928094887363, 3.169925001442312, 3.0, 3.169925001442312, 3.9068905956085187, 4.754887502163468, 4.247927513443585, 4.247927513443585, 4.087462841250339, 4.0, 4.0, 4.169925001442312, 3.807354922057604, 4.321928094887363, 4.700439718141093, 4.523561956057013, 4.459431618637297, 4.754887502163468, 5.247927513443585, 4.523561956057013, 4.584962500721156], [5.321928094887363, 5.727920454563199, 4.857980995127572, 4.247927513443585, 3.321928094887362, 2.584962500721156, 3.0, 3.4594316186372973, 4.169925001442312, 4.247927513443585, 4.584962500721156, 4.392317422778761, 4.321928094887363, 4.523561956057013, 4.169925001442312, 4.321928094887363, 4.459431618637297, 3.9068905956085187, 4.087462841250339, 4.643856189774724, 4.807354922057604, 4.0, 4.0, 4.0]]}