{"min": 0, "max": 9.977279923499916, "pieData": [[4.857980995127572, 3.9068905956085187, 3.584962500721156, 3.4594316186372973, 2.584962500721156, 2.0, 4.087462841250339, 5.0, 4.906890595608519, 4.643856189774724, 4.643856189774724, 4.392317422778761, 4.169925001442312, 4.807354922057604, 4.754887502163468, 4.643856189774724, 4.754887502163468, 4.321928094887363, 4.857980995127572, 3.321928094887362, 4.523561956057013, 4.857980995127572, 5.087462841250339, 5.285402218862249], [4.087462841250339, 4.0, 3.4594316186372973, 3.4594316186372973, 2.0, 2.321928094887362, 3.4594316186372973, 5.0, 5.554588851677638, 5.087462841250339, 4.247927513443585, 4.906890595608519, 5.044394119358453, 4.754887502163468, 4.523561956057013, 4.584962500721156, 5.0, 4.392317422778761, 4.459431618637297, 4.392317422778761, 4.954196310386875, 4.906890595608519, 4.857980995127572, 4.247927513443585], [4.0, 3.169925001442312, 4.0, 2.807354922057604, 2.321928094887362, 2.584962500721156, 3.584962500721156, 5.044394119358453, 5.129283016944966, 5.129283016944966, 3.584962500721156, 4.584962500721156, 4.584962500721156, 4.906890595608519, 4.857980995127572, 4.523561956057013, 4.321928094887363, 4.087462841250339, 4.459431618637297, 4.906890595608519, 2.0, 4.700439718141093, 4.807354922057604, 4.321928094887363], [4.906890595608519, 3.700439718141092, 3.4594316186372973, 2.584962500721156, 3.584962500721156, 2.321928094887362, 3.321928094887362, 5.129283016944966, 5.459431618637297, 5.321928094887363, 4.459431618637297, 4.459431618637297, 4.247927513443585, 4.247927513443585, 4.584962500721156, 4.392317422778761, 3.9068905956085187, 4.954196310386875, 3.807354922057604, 4.643856189774724, 4.247927513443585, 4.247927513443585, 4.700439718141093, 4.700439718141093], [3.9068905956085187, 4.523561956057013, 4.087462841250339, 3.169925001442312, 1.584962500721156, 1.584962500721156, 3.321928094887362, 5.0, 5.247927513443585, 5.727920454563199, 4.321928094887363, 4.523561956057013, 4.700439718141093, 4.700439718141093, 4.754887502163468, 4.247927513443585, 4.754887502163468, 4.906890595608519, 4.247927513443585, 4.459431618637297, 4.169925001442312, 4.459431618637297, 3.9068905956085187, 4.906890595608519], [4.906890595608519, 4.247927513443585, 3.169925001442312, 3.169925001442312, 2.0, 3.321928094887362, 4.459431618637297, 4.954196310386875, 5.129283016944966, 5.129283016944966, 4.807354922057604, 4.247927513443585, 3.584962500721156, 3.584962500721156, 4.459431618637297, 4.247927513443585, 3.807354922057604, 3.584962500721156, 3.9068905956085187, 4.807354922057604, 4.643856189774724, 4.247927513443585, 4.321928094887363, 4.523561956057013], [4.247927513443585, 4.643856189774724, 3.700439718141092, 2.807354922057604, 2.584962500721156, 2.0, 3.584962500721156, 3.9068905956085187, 3.807354922057604, 4.643856189774724, 4.523561956057013, 4.321928094887363, 4.584962500721156, 4.523561956057013, 4.392317422778761, 4.321928094887363, 4.087462841250339, 4.169925001442312, 4.169925001442312, 4.0, 4.643856189774724, 4.643856189774724, 4.807354922057604, 4.459431618637297]]}