{"min": 0, "max": 9.977279923499916, "pieData": [[4.857980995127572, 3.807354922057604, 4.0, 3.807354922057604, 3.169925001442312, 3.169925001442312, 3.9068905956085187, 4.857980995127572, 4.321928094887363, 4.857980995127572, 4.584962500721156, 4.807354922057604, 4.392317422778761, 4.807354922057604, 5.087462841250339, 4.392317422778761, 4.857980995127572, 4.906890595608519, 4.700439718141093, 4.584962500721156, 4.459431618637297, 5.20945336562895, 5.285402218862249, 5.584962500721156], [4.857980995127572, 3.9068905956085187, 4.247927513443585, 3.9068905956085187, 3.0, 3.584962500721156, 4.459431618637297, 4.321928094887363, 4.247927513443585, 4.087462841250339, 4.906890595608519, 4.523561956057013, 4.459431618637297, 4.392317422778761, 4.459431618637297, 4.906890595608519, 4.459431618637297, 5.044394119358453, 5.044394119358453, 4.954196310386875, 4.857980995127572, 4.857980995127572, 4.459431618637297, 5.044394119358453], [4.700439718141093, 4.321928094887363, 4.169925001442312, 2.807354922057604, 3.321928094887362, 3.169925001442312, 3.4594316186372973, 4.087462841250339, 3.584962500721156, 4.584962500721156, 4.459431618637297, 4.392317422778761, 4.247927513443585, 4.523561956057013, 4.087462841250339, 4.247927513443585, 4.523561956057013, 4.459431618637297, 5.129283016944966, 4.754887502163468, 2.0, 4.807354922057604, 5.087462841250339, 4.523561956057013], [4.700439718141093, 4.0, 3.700439718141092, 3.807354922057604, 3.0, 2.0, 3.321928094887362, 4.523561956057013, 3.807354922057604, 4.857980995127572, 4.700439718141093, 4.169925001442312, 4.169925001442312, 4.584962500721156, 5.20945336562895, 4.643856189774724, 4.857980995127572, 4.169925001442312, 5.0, 4.523561956057013, 4.954196310386875, 4.700439718141093, 4.584962500721156, 5.129283016944966], [4.906890595608519, 4.754887502163468, 4.087462841250339, 3.807354922057604, 3.321928094887362, 1.584962500721156, 3.700439718141092, 4.754887502163468, 4.321928094887363, 5.0, 4.584962500721156, 3.807354922057604, 4.247927513443585, 4.392317422778761, 5.20945336562895, 3.700439718141092, 4.523561956057013, 4.906890595608519, 4.954196310386875, 4.643856189774724, 4.584962500721156, 4.700439718141093, 4.584962500721156, 4.754887502163468], [4.584962500721156, 4.392317422778761, 4.523561956057013, 3.169925001442312, 3.9068905956085187, 2.584962500721156, 3.4594316186372973, 4.321928094887363, 4.523561956057013, 4.523561956057013, 4.247927513443585, 4.754887502163468, 4.247927513443585, 4.169925001442312, 4.321928094887363, 4.459431618637297, 4.700439718141093, 4.321928094887363, 4.087462841250339, 4.247927513443585, 4.584962500721156, 4.700439718141093, 4.954196310386875, 5.20945336562895], [4.807354922057604, 4.857980995127572, 4.169925001442312, 4.523561956057013, 3.321928094887362, 2.321928094887362, 3.4594316186372973, 3.9068905956085187, 4.807354922057604, 4.857980995127572, 4.459431618637297, 5.087462841250339, 4.906890595608519, 4.392317422778761, 4.643856189774724, 4.459431618637297, 4.523561956057013, 4.754887502163468, 4.584962500721156, 4.906890595608519, 4.459431618637297, 5.044394119358453, 4.906890595608519, 5.321928094887363]]}