{"min": 0, "max": 9.977279923499916, "pieData": [[4.392317422778761, 4.0, 3.169925001442312, 2.584962500721156, 2.807354922057604, 2.584962500721156, 5.129283016944966, 4.906890595608519, 5.392317422778761, 5.285402218862249, 5.0, 4.807354922057604, 4.754887502163468, 4.459431618637297, 4.643856189774724, 4.857980995127572, 5.247927513443585, 4.321928094887363, 4.754887502163468, 3.9068905956085187, 4.807354922057604, 5.247927513443585, 5.426264754702098, 5.129283016944966], [4.643856189774724, 4.169925001442312, 4.087462841250339, 3.4594316186372973, 1.0, 3.321928094887362, 4.087462841250339, 5.321928094887363, 5.614709844115208, 5.392317422778761, 5.20945336562895, 4.754887502163468, 4.643856189774724, 5.044394119358453, 4.584962500721156, 4.584962500721156, 4.523561956057013, 4.523561956057013, 4.584962500721156, 4.807354922057604, 5.321928094887363, 5.523561956057013, 5.044394119358453, 5.523561956057013], [4.392317422778761, 4.087462841250339, 3.0, 3.169925001442312, 3.169925001442312, 3.169925001442312, 4.643856189774724, 5.614709844115208, 5.392317422778761, 5.459431618637297, 4.523561956057013, 4.857980995127572, 4.857980995127572, 4.392317422778761, 4.584962500721156, 4.643856189774724, 4.807354922057604, 4.754887502163468, 4.643856189774724, 4.523561956057013, 2.0, 5.20945336562895, 5.285402218862249, 3.700439718141092], [4.392317422778761, 3.4594316186372973, 3.4594316186372973, 2.0, 1.584962500721156, 2.0, 4.523561956057013, 5.523561956057013, 5.754887502163468, 4.857980995127572, 5.129283016944966, 4.643856189774724, 4.459431618637297, 4.459431618637297, 4.754887502163468, 4.857980995127572, 4.247927513443585, 3.807354922057604, 4.700439718141093, 5.044394119358453, 4.754887502163468, 5.044394119358453, 5.247927513443585, 4.906890595608519], [4.321928094887363, 4.169925001442312, 3.807354922057604, 2.807354922057604, 2.321928094887362, 3.0, 4.392317422778761, 5.247927513443585, 5.247927513443585, 5.321928094887363, 5.169925001442312, 4.584962500721156, 4.584962500721156, 4.700439718141093, 5.044394119358453, 4.906890595608519, 4.906890595608519, 5.087462841250339, 4.807354922057604, 4.954196310386875, 5.614709844115208, 5.129283016944966, 5.0, 4.807354922057604], [4.643856189774724, 4.169925001442312, 4.087462841250339, 3.169925001442312, 2.321928094887362, 3.321928094887362, 3.700439718141092, 5.459431618637297, 5.426264754702098, 5.044394119358453, 5.321928094887363, 5.20945336562895, 4.169925001442312, 5.20945336562895, 4.807354922057604, 4.321928094887363, 4.087462841250339, 5.20945336562895, 4.807354922057604, 4.857980995127572, 5.0, 5.727920454563199, 4.807354922057604, 5.129283016944966], [4.0, 4.247927513443585, 4.0, 3.0, 1.584962500721156, 2.807354922057604, 4.169925001442312, 4.700439718141093, 4.754887502163468, 4.584962500721156, 4.906890595608519, 4.643856189774724, 4.700439718141093, 5.321928094887363, 5.087462841250339, 5.321928094887363, 5.129283016944966, 4.700439718141093, 4.392317422778761, 5.129283016944966, 4.857980995127572, 5.523561956057013, 5.247927513443585, 5.169925001442312]]}