{"min": 0, "max": 9.977279923499916, "pieData": [[5.807354922057604, 5.0, 4.857980995127572, 4.0, 3.4594316186372973, 4.087462841250339, 5.426264754702098, 5.20945336562895, 4.459431618637297, 5.491853096329675, 5.459431618637297, 5.044394119358453, 5.285402218862249, 5.426264754702098, 5.426264754702098, 5.20945336562895, 5.392317422778761, 5.357552004618084, 5.392317422778761, 4.321928094887363, 5.247927513443585, 5.954196310386875, 5.977279923499917, 5.954196310386875], [5.20945336562895, 5.392317422778761, 5.20945336562895, 4.392317422778761, 2.584962500721156, 4.0, 5.321928094887363, 5.459431618637297, 4.523561956057013, 5.247927513443585, 5.087462841250339, 5.044394119358453, 5.129283016944966, 5.459431618637297, 5.614709844115208, 5.169925001442312, 5.247927513443585, 4.754887502163468, 5.247927513443585, 5.614709844115208, 5.727920454563199, 5.954196310386875, 6.149747119504682, 6.129283016944966], [5.643856189774724, 4.906890595608519, 4.392317422778761, 4.392317422778761, 2.584962500721156, 3.807354922057604, 4.807354922057604, 5.087462841250339, 4.857980995127572, 5.20945336562895, 5.044394119358453, 4.807354922057604, 4.857980995127572, 5.285402218862249, 5.285402218862249, 5.247927513443585, 4.700439718141093, 4.954196310386875, 5.044394119358453, 4.700439718141093, 1.584962500721156, 5.754887502163468, 6.022367813028454, 5.321928094887363], [5.672425341971495, 5.247927513443585, 4.807354922057604, 4.0, 4.0, 3.584962500721156, 4.857980995127572, 5.321928094887363, 5.0, 5.20945336562895, 5.129283016944966, 4.643856189774724, 5.554588851677638, 5.392317422778761, 5.700439718141093, 5.285402218862249, 5.087462841250339, 5.0, 5.129283016944966, 5.20945336562895, 5.977279923499917, 5.643856189774724, 5.930737337562887, 5.78135971352466], [5.584962500721156, 5.285402218862249, 4.643856189774724, 4.321928094887363, 4.169925001442312, 3.700439718141092, 4.754887502163468, 4.857980995127572, 4.754887502163468, 5.247927513443585, 5.614709844115208, 4.700439718141093, 5.321928094887363, 5.584962500721156, 5.247927513443585, 5.129283016944966, 5.129283016944966, 5.554588851677638, 5.20945336562895, 5.044394119358453, 5.321928094887363, 6.066089190457772, 5.857980995127572, 5.857980995127572], [5.643856189774724, 5.357552004618084, 5.700439718141093, 5.087462841250339, 3.9068905956085187, 3.321928094887362, 4.459431618637297, 5.491853096329675, 5.426264754702098, 5.087462841250339, 5.087462841250339, 5.643856189774724, 5.169925001442312, 5.392317422778761, 4.954196310386875, 5.247927513443585, 5.169925001442312, 5.426264754702098, 5.247927513443585, 5.554588851677638, 5.426264754702098, 5.78135971352466, 5.584962500721156, 5.857980995127572], [5.78135971352466, 5.584962500721156, 5.044394119358453, 5.087462841250339, 4.0, 4.0, 4.247927513443585, 5.044394119358453, 4.700439718141093, 5.0, 5.169925001442312, 5.554588851677638, 5.672425341971495, 5.523561956057013, 5.459431618637297, 5.643856189774724, 5.0, 4.807354922057604, 5.459431618637297, 5.247927513443585, 6.0, 5.392317422778761, 6.0, 5.727920454563199]]}