{"min": 0, "max": 9.977279923499916, "pieData": [[6.754887502163468, 6.321928094887363, 6.149747119504682, 5.523561956057013, 4.857980995127572, 4.523561956057013, 5.977279923499917, 6.475733430966398, 5.832890014164741, 6.066089190457772, 5.554588851677638, 5.554588851677638, 6.0, 5.954196310386875, 5.977279923499917, 5.426264754702098, 5.78135971352466, 5.754887502163468, 5.754887502163468, 4.807354922057604, 5.357552004618084, 6.20945336562895, 6.303780748177103, 6.754887502163468], [6.714245517666122, 6.768184324776926, 6.0, 5.672425341971495, 5.321928094887363, 4.857980995127572, 5.247927513443585, 6.189824558880018, 6.044394119358453, 5.20945336562895, 5.584962500721156, 5.459431618637297, 5.491853096329675, 5.857980995127572, 5.930737337562887, 5.392317422778761, 5.807354922057604, 5.643856189774724, 5.392317422778761, 5.643856189774724, 6.129283016944966, 6.044394119358453, 6.357552004618084, 6.658211482751795], [6.584962500721156, 6.459431618637297, 6.022367813028454, 5.584962500721156, 5.0, 4.754887502163468, 5.906890595608519, 5.754887502163468, 4.906890595608519, 5.392317422778761, 5.321928094887363, 5.459431618637297, 5.643856189774724, 5.930737337562887, 5.672425341971495, 5.392317422778761, 5.392317422778761, 5.044394119358453, 5.614709844115208, 5.247927513443585, 3.4594316186372973, 5.954196310386875, 6.22881869049588, 6.285402218862249], [6.832890014164741, 6.189824558880018, 6.0, 5.554588851677638, 4.321928094887363, 4.459431618637297, 5.614709844115208, 6.20945336562895, 5.643856189774724, 5.392317422778761, 5.491853096329675, 5.832890014164741, 5.392317422778761, 5.614709844115208, 5.78135971352466, 5.832890014164741, 5.807354922057604, 5.426264754702098, 5.754887502163468, 5.700439718141093, 6.189824558880018, 6.303780748177103, 6.459431618637297, 6.768184324776926], [6.614709844115208, 6.426264754702098, 6.285402218862249, 5.700439718141093, 5.087462841250339, 4.643856189774724, 5.426264754702098, 6.087462841250339, 5.832890014164741, 5.700439718141093, 5.426264754702098, 5.906890595608519, 5.906890595608519, 6.066089190457772, 5.832890014164741, 5.672425341971495, 5.78135971352466, 5.321928094887363, 5.459431618637297, 5.906890595608519, 5.930737337562887, 6.189824558880018, 6.339850002884624, 6.569855608330948], [6.906890595608519, 6.643856189774724, 6.303780748177103, 5.78135971352466, 5.20945336562895, 4.700439718141093, 5.321928094887363, 5.78135971352466, 5.906890595608519, 5.78135971352466, 5.285402218862249, 5.954196310386875, 5.321928094887363, 5.807354922057604, 5.491853096329675, 5.523561956057013, 5.044394119358453, 5.392317422778761, 5.129283016944966, 5.614709844115208, 5.584962500721156, 6.149747119504682, 6.459431618637297, 6.7414669864011465], [6.78135971352466, 6.426264754702098, 6.459431618637297, 5.614709844115208, 4.857980995127572, 4.857980995127572, 5.087462841250339, 5.584962500721156, 5.554588851677638, 5.614709844115208, 5.614709844115208, 5.643856189774724, 5.523561956057013, 5.807354922057604, 5.129283016944966, 5.491853096329675, 5.554588851677638, 5.321928094887363, 5.129283016944966, 5.523561956057013, 6.129283016944966, 6.189824558880018, 6.475733430966398, 6.643856189774724]]}