{"min": 0, "max": 9.977279923499916, "pieData": [[5.357552004618084, 4.700439718141093, 3.9068905956085187, 3.321928094887362, 3.0, 4.0, 5.0, 5.554588851677638, 5.20945336562895, 5.906890595608519, 5.643856189774724, 5.426264754702098, 5.426264754702098, 5.977279923499917, 5.727920454563199, 5.20945336562895, 5.78135971352466, 5.247927513443585, 5.491853096329675, 4.169925001442312, 5.0, 5.426264754702098, 5.357552004618084, 5.357552004618084], [4.906890595608519, 4.247927513443585, 4.087462841250339, 3.807354922057604, 3.321928094887362, 3.4594316186372973, 4.807354922057604, 5.087462841250339, 5.321928094887363, 5.426264754702098, 5.614709844115208, 4.754887502163468, 4.954196310386875, 5.754887502163468, 5.554588851677638, 5.614709844115208, 5.78135971352466, 5.857980995127572, 5.832890014164741, 5.321928094887363, 5.426264754702098, 5.930737337562887, 5.491853096329675, 5.491853096329675], [4.754887502163468, 3.9068905956085187, 4.321928094887363, 2.807354922057604, 2.321928094887362, 2.321928094887362, 4.392317422778761, 5.614709844115208, 5.523561956057013, 5.0, 5.285402218862249, 5.0, 5.087462841250339, 5.491853096329675, 5.044394119358453, 5.321928094887363, 5.491853096329675, 5.247927513443585, 5.169925001442312, 5.321928094887363, 2.321928094887362, 5.614709844115208, 5.357552004618084, 5.321928094887363], [4.954196310386875, 4.700439718141093, 4.459431618637297, 3.4594316186372973, 2.807354922057604, 3.4594316186372973, 4.321928094887363, 5.321928094887363, 5.584962500721156, 5.129283016944966, 5.554588851677638, 5.169925001442312, 5.247927513443585, 5.832890014164741, 5.169925001442312, 5.169925001442312, 5.426264754702098, 5.129283016944966, 5.321928094887363, 5.523561956057013, 5.554588851677638, 5.954196310386875, 5.832890014164741, 5.285402218862249], [5.0, 4.459431618637297, 4.247927513443585, 4.0, 3.321928094887362, 3.584962500721156, 3.9068905956085187, 5.643856189774724, 5.584962500721156, 5.392317422778761, 5.491853096329675, 5.491853096329675, 5.285402218862249, 5.129283016944966, 5.426264754702098, 5.857980995127572, 5.807354922057604, 5.523561956057013, 5.392317422778761, 5.672425341971495, 5.672425341971495, 5.426264754702098, 5.78135971352466, 5.523561956057013], [5.392317422778761, 4.807354922057604, 4.247927513443585, 4.0, 4.0, 3.169925001442312, 3.9068905956085187, 5.357552004618084, 5.285402218862249, 5.459431618637297, 5.087462841250339, 5.426264754702098, 5.129283016944966, 5.523561956057013, 5.614709844115208, 5.426264754702098, 5.643856189774724, 5.169925001442312, 5.169925001442312, 5.357552004618084, 5.392317422778761, 5.977279923499917, 5.643856189774724, 5.554588851677638], [5.643856189774724, 5.129283016944966, 4.954196310386875, 4.321928094887363, 3.807354922057604, 2.321928094887362, 3.4594316186372973, 4.459431618637297, 5.044394119358453, 5.087462841250339, 5.426264754702098, 5.169925001442312, 5.0, 5.044394119358453, 5.087462841250339, 5.459431618637297, 5.392317422778761, 5.491853096329675, 5.20945336562895, 5.459431618637297, 5.672425341971495, 5.78135971352466, 5.857980995127572, 5.700439718141093]]}