{"min": 0, "max": 9.977279923499916, "pieData": [[4.169925001442312, 4.321928094887363, 3.807354922057604, 3.0, 2.321928094887362, 3.321928094887362, 4.857980995127572, 4.807354922057604, 4.0, 4.087462841250339, 4.392317422778761, 4.169925001442312, 3.807354922057604, 4.807354922057604, 4.459431618637297, 4.392317422778761, 4.321928094887363, 4.247927513443585, 3.9068905956085187, 3.321928094887362, 4.087462841250339, 4.321928094887363, 4.807354922057604, 5.321928094887363], [4.584962500721156, 4.169925001442312, 4.169925001442312, 2.807354922057604, 2.584962500721156, 3.321928094887362, 4.459431618637297, 4.643856189774724, 4.247927513443585, 4.087462841250339, 3.700439718141092, 4.087462841250339, 4.169925001442312, 3.4594316186372973, 4.754887502163468, 4.459431618637297, 3.9068905956085187, 3.700439718141092, 4.584962500721156, 4.169925001442312, 4.392317422778761, 4.087462841250339, 4.754887502163468, 4.0], [4.392317422778761, 4.169925001442312, 3.807354922057604, 2.807354922057604, 2.807354922057604, 2.584962500721156, 4.169925001442312, 4.0, 3.807354922057604, 3.584962500721156, 3.807354922057604, 4.321928094887363, 3.584962500721156, 3.807354922057604, 4.169925001442312, 3.807354922057604, 4.523561956057013, 4.247927513443585, 4.0, 3.9068905956085187, 1.584962500721156, 4.247927513443585, 4.584962500721156, 3.9068905956085187], [4.643856189774724, 3.4594316186372973, 4.087462841250339, 3.807354922057604, 2.807354922057604, 2.584962500721156, 4.321928094887363, 4.392317422778761, 4.0, 3.700439718141092, 4.169925001442312, 4.169925001442312, 3.700439718141092, 4.459431618637297, 3.9068905956085187, 4.321928094887363, 4.169925001442312, 3.700439718141092, 3.4594316186372973, 4.0, 4.0, 4.584962500721156, 5.247927513443585, 4.247927513443585], [3.807354922057604, 3.700439718141092, 4.087462841250339, 3.584962500721156, 3.0, 2.584962500721156, 4.0, 4.169925001442312, 4.0, 4.523561956057013, 4.087462841250339, 4.247927513443585, 3.4594316186372973, 4.643856189774724, 4.392317422778761, 4.523561956057013, 3.807354922057604, 4.754887502163468, 4.523561956057013, 4.087462841250339, 4.523561956057013, 4.643856189774724, 4.754887502163468, 5.087462841250339], [4.584962500721156, 4.700439718141093, 4.392317422778761, 3.169925001442312, 1.584962500721156, 3.807354922057604, 4.321928094887363, 4.247927513443585, 3.807354922057604, 4.459431618637297, 4.247927513443585, 3.9068905956085187, 3.9068905956085187, 4.321928094887363, 3.9068905956085187, 4.523561956057013, 4.247927513443585, 3.9068905956085187, 4.523561956057013, 4.807354922057604, 4.807354922057604, 5.044394119358453, 4.754887502163468, 5.129283016944966], [4.392317422778761, 4.459431618637297, 3.807354922057604, 3.9068905956085187, 3.0, 3.0, 3.4594316186372973, 3.169925001442312, 4.321928094887363, 3.321928094887362, 3.807354922057604, 4.392317422778761, 3.807354922057604, 4.459431618637297, 4.0, 3.807354922057604, 4.392317422778761, 4.523561956057013, 3.321928094887362, 4.169925001442312, 4.954196310386875, 4.523561956057013, 4.754887502163468, 4.247927513443585]]}