{"min": 0, "max": 9.977279923499916, "pieData": [[5.20945336562895, 4.459431618637297, 4.169925001442312, 3.700439718141092, 3.4594316186372973, 3.4594316186372973, 5.357552004618084, 5.459431618637297, 5.285402218862249, 5.882643049361842, 5.78135971352466, 5.754887502163468, 5.285402218862249, 5.643856189774724, 5.78135971352466, 6.108524456778169, 5.700439718141093, 5.491853096329675, 5.643856189774724, 4.0, 4.954196310386875, 6.066089190457772, 5.954196310386875, 5.643856189774724], [5.247927513443585, 4.643856189774724, 4.169925001442312, 3.700439718141092, 3.700439718141092, 3.0, 5.129283016944966, 5.672425341971495, 5.491853096329675, 5.832890014164741, 5.584962500721156, 5.087462841250339, 5.554588851677638, 5.906890595608519, 5.977279923499917, 5.882643049361842, 5.954196310386875, 5.459431618637297, 5.491853096329675, 6.108524456778169, 5.906890595608519, 5.930737337562887, 5.614709844115208, 5.426264754702098], [5.087462841250339, 5.087462841250339, 4.247927513443585, 3.700439718141092, 4.247927513443585, 2.807354922057604, 4.857980995127572, 5.392317422778761, 5.247927513443585, 5.321928094887363, 5.700439718141093, 5.459431618637297, 5.285402218862249, 5.459431618637297, 5.643856189774724, 5.554588851677638, 5.727920454563199, 5.459431618637297, 5.459431618637297, 5.523561956057013, 3.169925001442312, 5.523561956057013, 5.727920454563199, 5.672425341971495], [5.087462841250339, 4.754887502163468, 4.169925001442312, 3.700439718141092, 3.169925001442312, 3.169925001442312, 4.321928094887363, 5.643856189774724, 5.426264754702098, 5.700439718141093, 5.754887502163468, 5.426264754702098, 5.321928094887363, 5.523561956057013, 5.754887502163468, 5.832890014164741, 5.426264754702098, 5.459431618637297, 5.672425341971495, 5.643856189774724, 5.882643049361842, 6.066089190457772, 5.954196310386875, 5.930737337562887], [5.392317422778761, 4.584962500721156, 3.807354922057604, 3.9068905956085187, 3.169925001442312, 4.169925001442312, 4.392317422778761, 5.247927513443585, 5.584962500721156, 5.832890014164741, 5.554588851677638, 5.78135971352466, 4.754887502163468, 6.022367813028454, 6.066089190457772, 5.882643049361842, 5.954196310386875, 5.459431618637297, 5.954196310386875, 5.554588851677638, 5.78135971352466, 5.954196310386875, 5.807354922057604, 5.584962500721156], [4.643856189774724, 4.857980995127572, 3.807354922057604, 3.9068905956085187, 2.321928094887362, 3.169925001442312, 4.321928094887363, 4.807354922057604, 5.169925001442312, 5.459431618637297, 5.727920454563199, 5.285402218862249, 5.672425341971495, 5.491853096329675, 5.672425341971495, 5.643856189774724, 5.857980995127572, 5.584962500721156, 5.930737337562887, 5.857980995127572, 5.643856189774724, 5.857980995127572, 5.459431618637297, 5.554588851677638], [5.247927513443585, 5.426264754702098, 4.321928094887363, 4.169925001442312, 3.807354922057604, 3.0, 4.247927513443585, 4.807354922057604, 5.321928094887363, 5.169925001442312, 5.700439718141093, 5.554588851677638, 5.584962500721156, 5.459431618637297, 5.426264754702098, 5.727920454563199, 5.459431618637297, 6.022367813028454, 5.700439718141093, 5.392317422778761, 5.857980995127572, 6.169925001442312, 5.857980995127572, 5.906890595608519]]}