{"min": 0, "max": 9.977279923499916, "pieData": [[4.169925001442312, 2.321928094887362, 1.584962500721156, 2.321928094887362, 2.584962500721156, 3.700439718141092, 4.087462841250339, 5.459431618637297, 5.087462841250339, 4.321928094887363, 4.247927513443585, 4.0, 3.807354922057604, 3.0, 4.321928094887363, 4.0, 3.9068905956085187, 3.4594316186372973, 4.087462841250339, 1.584962500721156, 3.0, 4.523561956057013, 4.247927513443585, 4.321928094887363], [3.321928094887362, 3.9068905956085187, 2.0, 1.0, 2.584962500721156, 3.0, 3.169925001442312, 5.491853096329675, 4.392317422778761, 4.523561956057013, 3.169925001442312, 3.4594316186372973, 3.9068905956085187, 4.584962500721156, 4.087462841250339, 3.169925001442312, 3.700439718141092, 4.169925001442312, 4.459431618637297, 3.4594316186372973, 4.0, 3.9068905956085187, 3.807354922057604, 4.321928094887363], [3.4594316186372973, 3.4594316186372973, 2.584962500721156, 0.0, 1.584962500721156, 3.0, 3.700439718141092, 5.357552004618084, 4.906890595608519, 2.0, 4.087462841250339, 4.087462841250339, 3.4594316186372973, 3.169925001442312, 3.0, 4.169925001442312, 4.0, 3.584962500721156, 4.087462841250339, 3.584962500721156, 1.0, 3.4594316186372973, 3.584962500721156, 4.392317422778761], [4.247927513443585, 2.807354922057604, 2.0, 3.0, 2.807354922057604, 2.321928094887362, 4.247927513443585, 5.129283016944966, 4.523561956057013, 4.247927513443585, 3.700439718141092, 3.700439718141092, 3.169925001442312, 3.169925001442312, 4.0, 3.4594316186372973, 3.807354922057604, 4.169925001442312, 3.807354922057604, 4.169925001442312, 3.807354922057604, 3.807354922057604, 4.247927513443585, 3.807354922057604], [3.9068905956085187, 3.0, 1.584962500721156, 2.0, 1.0, 2.321928094887362, 3.584962500721156, 5.0, 4.584962500721156, 4.247927513443585, 4.392317422778761, 3.807354922057604, 3.169925001442312, 4.247927513443585, 3.584962500721156, 3.807354922057604, 3.9068905956085187, 4.392317422778761, 4.321928094887363, 4.754887502163468, 3.807354922057604, 4.169925001442312, 4.169925001442312, 4.459431618637297], [3.700439718141092, 2.807354922057604, 3.807354922057604, 2.807354922057604, 2.321928094887362, 2.0, 3.4594316186372973, 4.169925001442312, 4.584962500721156, 4.459431618637297, 3.0, 3.700439718141092, 2.321928094887362, 3.4594316186372973, 3.4594316186372973, 2.584962500721156, 4.169925001442312, 2.807354922057604, 3.4594316186372973, 4.169925001442312, 3.4594316186372973, 3.321928094887362, 4.087462841250339, 4.247927513443585], [4.0, 3.4594316186372973, 2.321928094887362, 2.321928094887362, 1.584962500721156, 2.0, 2.807354922057604, 3.9068905956085187, 4.459431618637297, 3.9068905956085187, 3.321928094887362, 3.807354922057604, 3.807354922057604, 3.700439718141092, 4.247927513443585, 4.807354922057604, 3.807354922057604, 3.700439718141092, 4.087462841250339, 3.700439718141092, 3.9068905956085187, 4.0, 3.9068905956085187, 4.087462841250339]]}