{"min": 0, "max": 9.977279923499916, "pieData": [[5.614709844115208, 4.169925001442312, 3.9068905956085187, 3.0, 2.807354922057604, 4.321928094887363, 5.426264754702098, 6.169925001442312, 4.754887502163468, 5.044394119358453, 4.906890595608519, 5.20945336562895, 5.459431618637297, 5.459431618637297, 5.459431618637297, 5.523561956057013, 5.78135971352466, 5.247927513443585, 5.832890014164741, 4.459431618637297, 5.614709844115208, 5.357552004618084, 5.857980995127572, 4.906890595608519], [4.754887502163468, 4.584962500721156, 3.584962500721156, 3.700439718141092, 2.321928094887362, 3.584962500721156, 5.20945336562895, 5.807354922057604, 5.643856189774724, 4.857980995127572, 5.700439718141093, 5.357552004618084, 5.554588851677638, 5.426264754702098, 4.954196310386875, 5.930737337562887, 5.930737337562887, 5.727920454563199, 6.066089190457772, 5.832890014164741, 5.754887502163468, 5.754887502163468, 5.727920454563199, 5.754887502163468], [4.523561956057013, 4.392317422778761, 3.807354922057604, 4.087462841250339, 3.0, 3.4594316186372973, 4.584962500721156, 5.700439718141093, 4.906890595608519, 5.169925001442312, 5.357552004618084, 4.169925001442312, 5.20945336562895, 4.954196310386875, 4.954196310386875, 5.357552004618084, 5.78135971352466, 5.491853096329675, 5.700439718141093, 5.754887502163468, 2.584962500721156, 5.643856189774724, 5.643856189774724, 5.426264754702098], [4.954196310386875, 4.584962500721156, 4.321928094887363, 4.087462841250339, 3.321928094887362, 3.584962500721156, 4.584962500721156, 5.614709844115208, 5.754887502163468, 4.906890595608519, 5.491853096329675, 5.129283016944966, 5.285402218862249, 5.247927513443585, 5.426264754702098, 5.459431618637297, 5.954196310386875, 5.672425341971495, 5.882643049361842, 5.754887502163468, 5.727920454563199, 5.754887502163468, 5.857980995127572, 5.426264754702098], [5.044394119358453, 4.523561956057013, 4.247927513443585, 3.4594316186372973, 3.0, 4.087462841250339, 4.807354922057604, 5.20945336562895, 5.491853096329675, 5.20945336562895, 5.954196310386875, 5.044394119358453, 5.20945336562895, 5.523561956057013, 5.643856189774724, 5.78135971352466, 5.357552004618084, 6.0, 6.108524456778169, 5.727920454563199, 5.78135971352466, 5.523561956057013, 5.426264754702098, 6.0], [5.643856189774724, 4.584962500721156, 4.459431618637297, 4.247927513443585, 4.523561956057013, 4.954196310386875, 5.426264754702098, 5.247927513443585, 5.554588851677638, 5.357552004618084, 5.392317422778761, 5.357552004618084, 4.954196310386875, 5.285402218862249, 5.672425341971495, 5.169925001442312, 5.20945336562895, 5.392317422778761, 5.392317422778761, 5.882643049361842, 5.247927513443585, 5.754887502163468, 5.554588851677638, 5.754887502163468], [5.554588851677638, 4.459431618637297, 4.392317422778761, 4.247927513443585, 3.4594316186372973, 4.0, 4.700439718141093, 4.954196310386875, 5.459431618637297, 5.426264754702098, 4.954196310386875, 5.554588851677638, 5.044394119358453, 5.357552004618084, 5.643856189774724, 5.554588851677638, 5.357552004618084, 5.554588851677638, 5.554588851677638, 5.392317422778761, 5.727920454563199, 5.807354922057604, 5.882643049361842, 5.832890014164741]]}