{"min": 0, "max": 9.977279923499916, "pieData": [[7.303780748177103, 6.906890595608519, 6.442943495848728, 5.857980995127572, 5.426264754702098, 5.491853096329675, 6.643856189774724, 6.339850002884624, 5.754887502163468, 6.700439718141093, 6.700439718141093, 6.906890595608519, 6.539158811108031, 7.076815597050831, 7.05528243550119, 6.845490050944376, 6.507794640198696, 6.599912842187128, 6.584962500721156, 5.78135971352466, 6.643856189774724, 7.409390936137702, 7.348728154231077, 7.679480099505446], [7.392317422778761, 7.22881869049588, 6.672425341971495, 5.832890014164741, 5.554588851677638, 5.044394119358453, 6.247927513443585, 6.614709844115208, 6.266786540694901, 6.442943495848728, 6.426264754702098, 7.098032082960526, 6.6865005271832185, 7.044394119358453, 7.169925001442312, 6.754887502163468, 6.794415866350106, 6.584962500721156, 6.820178962415188, 6.658211482751795, 7.139551352398794, 7.108524456778169, 7.409390936137702, 7.467605550082998], [6.954196310386875, 6.977279923499917, 6.507794640198696, 6.22881869049588, 5.554588851677638, 5.357552004618084, 5.554588851677638, 6.247927513443585, 5.882643049361842, 6.614709844115208, 6.554588851677638, 6.599912842187128, 6.475733430966398, 6.727920454563199, 6.845490050944376, 6.807354922057604, 6.442943495848728, 6.426264754702098, 6.491853096329675, 6.189824558880018, 4.247927513443585, 6.9886846867721655, 7.247927513443585, 7.159871336778389], [7.285402218862249, 6.918863237274595, 6.6865005271832185, 6.087462841250339, 5.754887502163468, 4.643856189774724, 6.044394119358453, 6.599912842187128, 6.169925001442312, 6.507794640198696, 6.832890014164741, 6.658211482751795, 6.6293566200796095, 6.977279923499917, 6.820178962415188, 6.918863237274595, 6.78135971352466, 6.409390936137702, 6.768184324776926, 6.845490050944376, 7.076815597050831, 7.303780748177103, 7.409390936137702, 7.366322214245816], [7.383704292474052, 7.0, 6.700439718141093, 5.754887502163468, 5.554588851677638, 5.584962500721156, 6.392317422778761, 6.442943495848728, 6.339850002884624, 6.392317422778761, 6.9886846867721655, 7.066089190457772, 6.6865005271832185, 6.906890595608519, 6.78135971352466, 7.044394119358453, 6.700439718141093, 6.339850002884624, 6.357552004618084, 6.507794640198696, 7.076815597050831, 7.219168520462161, 7.515699838284043, 7.357552004618084], [7.357552004618084, 7.426264754702098, 6.954196310386875, 6.539158811108031, 5.643856189774724, 5.044394119358453, 5.754887502163468, 6.658211482751795, 6.870364719583405, 6.523561956057013, 6.832890014164741, 6.6865005271832185, 6.554588851677638, 6.832890014164741, 6.539158811108031, 6.392317422778761, 6.643856189774724, 6.339850002884624, 6.357552004618084, 6.643856189774724, 6.6865005271832185, 7.03342300153745, 7.3750394313469245, 7.366322214245816], [7.426264754702098, 7.348728154231077, 7.3750394313469245, 6.491853096329675, 5.700439718141093, 5.20945336562895, 5.727920454563199, 6.303780748177103, 6.459431618637297, 6.507794640198696, 6.643856189774724, 6.794415866350106, 6.882643049361842, 6.507794640198696, 6.266786540694901, 6.523561956057013, 6.569855608330948, 6.491853096329675, 6.3750394313469245, 6.727920454563199, 7.044394119358453, 7.129283016944966, 7.467605550082998, 7.475733430966398]]}