{"min": 0, "max": 9.977279923499916, "pieData": [[0.0, 1.584962500721156, 1.584962500721156, 0.0, 1.584962500721156, 1.0, 2.321928094887362, 2.807354922057604, 2.0, 1.0, 2.0, 0.0, 1.0, 0.0, 1.0, 2.321928094887362, 1.0, 1.584962500721156, 1.584962500721156, 1.584962500721156, 0.0, 2.321928094887362, 2.321928094887362, 1.584962500721156], [2.0, 1.0, 0.0, 1.584962500721156, 0.0, 0.0, 2.0, 2.0, 1.584962500721156, 1.0, 2.0, 1.0, 0.0, 1.584962500721156, 1.0, 0.0, 2.0, 1.0, 2.807354922057604, 1.584962500721156, 3.169925001442312, 2.0, 2.0, 2.584962500721156], [2.0, 1.0, 0.0, 1.0, 1.584962500721156, 1.0, 2.0, 1.0, 1.0, 0.0, 1.584962500721156, 1.0, 1.584962500721156, 2.0, 2.0, 1.584962500721156, 2.807354922057604, 1.0, 2.0, 1.584962500721156, 0.0, 2.0, 3.169925001442312, 2.321928094887362], [1.584962500721156, 1.584962500721156, 1.0, 0.0, 2.0, 0.0, 1.584962500721156, 2.807354922057604, 1.584962500721156, 0.0, 1.584962500721156, 1.584962500721156, 1.584962500721156, 1.584962500721156, 1.0, 1.0, 2.321928094887362, 1.0, 1.584962500721156, 2.0, 2.584962500721156, 1.0, 2.584962500721156, 2.321928094887362], [1.0, 2.321928094887362, 1.0, 1.0, 1.0, 0.0, 2.321928094887362, 2.321928094887362, 2.584962500721156, 2.0, 1.0, 2.0, 0.0, 1.584962500721156, 1.0, 2.321928094887362, 2.0, 0.0, 2.0, 2.584962500721156, 2.321928094887362, 2.584962500721156, 2.0, 2.321928094887362], [2.321928094887362, 1.584962500721156, 1.584962500721156, 1.584962500721156, 1.584962500721156, 0.0, 1.584962500721156, 0.0, 2.321928094887362, 2.0, 2.584962500721156, 1.584962500721156, 2.0, 1.0, 0.0, 1.0, 2.321928094887362, 1.584962500721156, 2.0, 2.0, 0.0, 2.321928094887362, 2.321928094887362, 2.584962500721156], [2.0, 1.584962500721156, 2.0, 1.0, 0.0, 2.0, 1.584962500721156, 0.0, 1.584962500721156, 1.0, 1.584962500721156, 1.584962500721156, 1.584962500721156, 1.0, 2.321928094887362, 2.321928094887362, 2.0, 1.584962500721156, 2.321928094887362, 1.0, 2.584962500721156, 2.0, 1.0, 2.807354922057604]]}