{"min": 0, "max": 9.977279923499916, "pieData": [[5.321928094887363, 4.954196310386875, 4.169925001442312, 3.0, 3.0, 3.700439718141092, 5.20945336562895, 5.044394119358453, 4.169925001442312, 4.523561956057013, 4.754887502163468, 4.954196310386875, 4.169925001442312, 4.643856189774724, 5.169925001442312, 4.459431618637297, 4.459431618637297, 4.459431618637297, 4.807354922057604, 3.321928094887362, 4.954196310386875, 5.321928094887363, 5.807354922057604, 5.523561956057013], [5.459431618637297, 3.807354922057604, 3.9068905956085187, 3.700439718141092, 3.169925001442312, 2.807354922057604, 5.044394119358453, 5.247927513443585, 4.584962500721156, 5.129283016944966, 4.392317422778761, 4.857980995127572, 4.169925001442312, 5.321928094887363, 4.523561956057013, 4.807354922057604, 4.459431618637297, 4.523561956057013, 4.169925001442312, 4.584962500721156, 5.0, 5.392317422778761, 5.643856189774724, 5.087462841250339], [4.584962500721156, 4.169925001442312, 4.392317422778761, 2.584962500721156, 3.169925001442312, 2.321928094887362, 4.857980995127572, 5.285402218862249, 4.087462841250339, 4.584962500721156, 4.321928094887363, 4.584962500721156, 4.857980995127572, 4.700439718141093, 4.247927513443585, 4.643856189774724, 4.321928094887363, 4.169925001442312, 4.700439718141093, 4.247927513443585, 2.0, 4.523561956057013, 5.643856189774724, 5.247927513443585], [4.754887502163468, 4.584962500721156, 3.807354922057604, 4.0, 2.807354922057604, 3.9068905956085187, 5.169925001442312, 5.357552004618084, 4.169925001442312, 5.0, 4.857980995127572, 4.954196310386875, 4.643856189774724, 5.392317422778761, 4.700439718141093, 4.584962500721156, 5.129283016944966, 4.523561956057013, 4.807354922057604, 4.459431618637297, 5.321928094887363, 5.169925001442312, 5.523561956057013, 5.357552004618084], [5.044394119358453, 4.700439718141093, 4.0, 3.169925001442312, 3.584962500721156, 3.169925001442312, 5.357552004618084, 5.129283016944966, 5.392317422778761, 5.087462841250339, 5.129283016944966, 5.0, 4.247927513443585, 4.584962500721156, 4.906890595608519, 4.906890595608519, 5.087462841250339, 4.906890595608519, 4.906890595608519, 4.700439718141093, 4.906890595608519, 5.247927513443585, 5.20945336562895, 5.392317422778761], [5.78135971352466, 4.754887502163468, 4.584962500721156, 4.321928094887363, 3.4594316186372973, 3.169925001442312, 4.643856189774724, 5.0, 5.357552004618084, 4.643856189774724, 5.044394119358453, 4.857980995127572, 4.523561956057013, 4.754887502163468, 4.584962500721156, 5.285402218862249, 4.321928094887363, 4.857980995127572, 4.807354922057604, 4.169925001442312, 5.0, 5.129283016944966, 5.614709844115208, 5.321928094887363], [5.321928094887363, 5.169925001442312, 5.169925001442312, 3.584962500721156, 4.0, 2.807354922057604, 4.0, 5.0, 4.643856189774724, 4.087462841250339, 5.0, 4.857980995127572, 4.954196310386875, 4.523561956057013, 4.459431618637297, 5.321928094887363, 4.523561956057013, 5.0, 4.906890595608519, 4.700439718141093, 5.20945336562895, 5.523561956057013, 5.459431618637297, 5.459431618637297]]}