{"min": 0, "max": 9.977279923499916, "pieData": [[6.321928094887363, 5.807354922057604, 5.672425341971495, 5.20945336562895, 4.247927513443585, 3.0, 5.087462841250339, 6.022367813028454, 6.108524456778169, 6.727920454563199, 6.6293566200796095, 6.339850002884624, 6.022367813028454, 6.087462841250339, 6.442943495848728, 6.285402218862249, 6.459431618637297, 6.539158811108031, 6.459431618637297, 5.20945336562895, 5.357552004618084, 6.807354922057604, 6.475733430966398, 6.339850002884624], [6.189824558880018, 5.954196310386875, 5.954196310386875, 5.357552004618084, 3.584962500721156, 3.4594316186372973, 4.321928094887363, 5.930737337562887, 6.357552004618084, 6.149747119504682, 6.189824558880018, 6.266786540694901, 6.087462841250339, 6.392317422778761, 6.247927513443585, 6.303780748177103, 6.523561956057013, 6.321928094887363, 6.266786540694901, 6.459431618637297, 6.599912842187128, 6.599912842187128, 6.6293566200796095, 5.906890595608519], [5.727920454563199, 6.022367813028454, 5.357552004618084, 5.169925001442312, 4.169925001442312, 3.4594316186372973, 4.807354922057604, 5.807354922057604, 6.108524456778169, 5.954196310386875, 5.832890014164741, 5.977279923499917, 5.754887502163468, 5.832890014164741, 6.087462841250339, 5.930737337562887, 5.614709844115208, 6.087462841250339, 6.303780748177103, 6.392317422778761, 3.584962500721156, 6.303780748177103, 6.321928094887363, 6.20945336562895], [5.930737337562887, 5.459431618637297, 5.930737337562887, 5.247927513443585, 3.807354922057604, 3.807354922057604, 4.906890595608519, 5.700439718141093, 5.954196310386875, 5.321928094887363, 5.247927513443585, 5.169925001442312, 5.426264754702098, 4.857980995127572, 6.129283016944966, 5.977279923499917, 6.392317422778761, 6.022367813028454, 6.507794640198696, 6.0, 6.442943495848728, 6.285402218862249, 6.584962500721156, 6.087462841250339], [6.129283016944966, 5.930737337562887, 6.066089190457772, 5.614709844115208, 4.584962500721156, 3.321928094887362, 4.247927513443585, 5.857980995127572, 5.977279923499917, 6.247927513443585, 5.882643049361842, 6.066089190457772, 5.643856189774724, 6.459431618637297, 6.20945336562895, 6.189824558880018, 6.426264754702098, 6.491853096329675, 6.539158811108031, 6.599912842187128, 6.491853096329675, 6.643856189774724, 6.491853096329675, 5.832890014164741], [6.22881869049588, 6.189824558880018, 6.149747119504682, 5.906890595608519, 4.459431618637297, 4.0, 4.954196310386875, 5.426264754702098, 5.857980995127572, 6.087462841250339, 5.906890595608519, 6.3750394313469245, 6.108524456778169, 6.442943495848728, 6.266786540694901, 6.643856189774724, 6.672425341971495, 6.321928094887363, 6.442943495848728, 6.357552004618084, 6.857980995127572, 6.894817763307944, 7.05528243550119, 6.409390936137702], [6.523561956057013, 6.392317422778761, 6.169925001442312, 5.727920454563199, 4.754887502163468, 3.700439718141092, 4.247927513443585, 5.129283016944966, 5.614709844115208, 6.087462841250339, 5.954196310386875, 6.339850002884624, 6.409390936137702, 6.339850002884624, 6.459431618637297, 6.727920454563199, 6.584962500721156, 6.882643049361842, 6.672425341971495, 6.727920454563199, 6.794415866350106, 6.714245517666122, 6.554588851677638, 6.066089190457772]]}