{"min": 0, "max": 9.977279923499916, "pieData": [[4.807354922057604, 4.0, 4.523561956057013, 3.700439718141092, 2.321928094887362, 3.0, 4.247927513443585, 5.459431618637297, 5.357552004618084, 5.285402218862249, 5.129283016944966, 4.584962500721156, 4.459431618637297, 4.584962500721156, 4.700439718141093, 4.247927513443585, 4.392317422778761, 4.087462841250339, 4.807354922057604, 3.169925001442312, 3.4594316186372973, 4.700439718141093, 4.459431618637297, 4.392317422778761], [4.459431618637297, 4.169925001442312, 4.0, 3.169925001442312, 2.0, 3.0, 3.321928094887362, 4.954196310386875, 5.321928094887363, 4.807354922057604, 4.459431618637297, 4.0, 4.0, 5.044394119358453, 4.754887502163468, 4.392317422778761, 4.247927513443585, 4.392317422778761, 4.754887502163468, 4.321928094887363, 4.247927513443585, 4.523561956057013, 4.459431618637297, 4.584962500721156], [3.807354922057604, 3.9068905956085187, 3.0, 3.807354922057604, 3.0, 2.321928094887362, 3.4594316186372973, 5.044394119358453, 4.954196310386875, 5.0, 4.0, 4.321928094887363, 4.459431618637297, 4.169925001442312, 4.643856189774724, 3.321928094887362, 4.247927513443585, 4.459431618637297, 5.247927513443585, 4.0, 1.0, 4.392317422778761, 4.392317422778761, 4.584962500721156], [4.392317422778761, 4.321928094887363, 3.9068905956085187, 3.700439718141092, 2.321928094887362, 3.321928094887362, 3.321928094887362, 4.321928094887363, 5.129283016944966, 5.0, 3.807354922057604, 3.807354922057604, 3.0, 3.700439718141092, 4.247927513443585, 4.0, 4.392317422778761, 4.087462841250339, 4.807354922057604, 4.643856189774724, 4.459431618637297, 4.643856189774724, 4.247927513443585, 4.321928094887363], [4.459431618637297, 4.392317422778761, 3.169925001442312, 3.807354922057604, 2.807354922057604, 0.0, 3.321928094887362, 4.754887502163468, 4.754887502163468, 4.857980995127572, 4.523561956057013, 4.169925001442312, 4.321928094887363, 4.754887502163468, 4.584962500721156, 4.087462841250339, 3.807354922057604, 4.906890595608519, 5.357552004618084, 5.20945336562895, 4.459431618637297, 4.523561956057013, 4.700439718141093, 4.087462841250339], [4.584962500721156, 4.321928094887363, 4.523561956057013, 4.087462841250339, 3.4594316186372973, 3.584962500721156, 3.4594316186372973, 5.247927513443585, 4.954196310386875, 4.523561956057013, 4.459431618637297, 4.807354922057604, 4.643856189774724, 4.643856189774724, 4.392317422778761, 4.247927513443585, 3.584962500721156, 4.247927513443585, 4.906890595608519, 4.857980995127572, 4.321928094887363, 4.584962500721156, 4.857980995127572, 4.754887502163468], [4.643856189774724, 4.584962500721156, 4.700439718141093, 4.087462841250339, 2.584962500721156, 2.321928094887362, 3.700439718141092, 4.459431618637297, 4.584962500721156, 5.087462841250339, 4.754887502163468, 5.044394119358453, 4.584962500721156, 4.321928094887363, 4.700439718141093, 4.643856189774724, 4.459431618637297, 4.643856189774724, 5.321928094887363, 4.643856189774724, 4.459431618637297, 4.643856189774724, 4.700439718141093, 4.087462841250339]]}