{"min": 0, "max": 9.977279923499916, "pieData": [[6.584962500721156, 5.247927513443585, 4.754887502163468, 4.459431618637297, 3.584962500721156, 4.169925001442312, 5.807354922057604, 6.285402218862249, 5.0, 6.22881869049588, 6.7414669864011465, 6.7414669864011465, 6.820178962415188, 6.7414669864011465, 7.0, 7.05528243550119, 7.285402218862249, 6.882643049361842, 6.523561956057013, 5.930737337562887, 6.20945336562895, 7.03342300153745, 7.098032082960526, 6.523561956057013], [5.930737337562887, 5.584962500721156, 5.672425341971495, 4.754887502163468, 4.169925001442312, 4.392317422778761, 6.087462841250339, 6.357552004618084, 5.491853096329675, 6.426264754702098, 6.554588851677638, 6.554588851677638, 6.918863237274595, 6.539158811108031, 6.906890595608519, 6.965784284662087, 7.011227255423254, 6.78135971352466, 6.321928094887363, 6.807354922057604, 6.672425341971495, 6.672425341971495, 6.820178962415188, 6.507794640198696], [5.754887502163468, 5.087462841250339, 5.044394119358453, 4.584962500721156, 4.0, 4.087462841250339, 5.643856189774724, 5.954196310386875, 5.247927513443585, 5.700439718141093, 6.285402218862249, 6.6293566200796095, 6.554588851677638, 6.442943495848728, 6.643856189774724, 6.894817763307944, 6.7414669864011465, 6.6293566200796095, 6.169925001442312, 6.339850002884624, 4.247927513443585, 6.930737337562887, 6.894817763307944, 6.409390936137702], [5.906890595608519, 5.285402218862249, 5.357552004618084, 5.044394119358453, 4.523561956057013, 4.321928094887363, 5.857980995127572, 6.149747119504682, 5.087462841250339, 5.930737337562887, 6.672425341971495, 6.6865005271832185, 6.6293566200796095, 6.643856189774724, 6.918863237274595, 6.807354922057604, 6.882643049361842, 6.7414669864011465, 6.754887502163468, 6.700439718141093, 6.700439718141093, 7.0, 7.087462841250339, 6.066089190457772], [6.108524456778169, 5.523561956057013, 5.20945336562895, 4.169925001442312, 3.9068905956085187, 4.523561956057013, 5.930737337562887, 5.977279923499917, 5.554588851677638, 5.584962500721156, 6.339850002884624, 6.965784284662087, 6.357552004618084, 6.78135971352466, 6.820178962415188, 6.870364719583405, 7.434628227636725, 6.906890595608519, 6.523561956057013, 6.977279923499917, 6.754887502163468, 6.94251450533924, 6.857980995127572, 6.569855608330948], [6.22881869049588, 5.78135971352466, 5.426264754702098, 4.807354922057604, 4.169925001442312, 4.700439718141093, 5.459431618637297, 6.20945336562895, 6.507794640198696, 6.3750394313469245, 6.727920454563199, 6.539158811108031, 6.491853096329675, 6.794415866350106, 6.539158811108031, 6.768184324776926, 6.599912842187128, 6.672425341971495, 6.303780748177103, 6.584962500721156, 6.894817763307944, 6.6865005271832185, 6.714245517666122, 6.3750394313469245], [6.339850002884624, 5.700439718141093, 5.044394119358453, 5.0, 4.523561956057013, 3.807354922057604, 5.247927513443585, 5.807354922057604, 6.189824558880018, 6.539158811108031, 6.523561956057013, 6.7414669864011465, 6.339850002884624, 6.321928094887363, 6.6865005271832185, 6.672425341971495, 7.076815597050831, 6.930737337562887, 6.658211482751795, 6.643856189774724, 7.076815597050831, 7.0, 6.832890014164741, 6.714245517666122]]}