{"min": 0, "max": 9.977279923499916, "pieData": [[6.129283016944966, 5.700439718141093, 5.044394119358453, 4.700439718141093, 4.700439718141093, 4.643856189774724, 5.169925001442312, 6.442943495848728, 6.554588851677638, 6.539158811108031, 6.189824558880018, 6.247927513443585, 5.857980995127572, 6.321928094887363, 6.266786540694901, 6.321928094887363, 6.189824558880018, 6.357552004618084, 6.22881869049588, 4.523561956057013, 5.20945336562895, 6.129283016944966, 6.108524456778169, 5.832890014164741], [5.426264754702098, 5.614709844115208, 5.321928094887363, 5.129283016944966, 4.459431618637297, 4.459431618637297, 4.321928094887363, 6.066089190457772, 6.20945336562895, 6.392317422778761, 6.321928094887363, 5.78135971352466, 5.554588851677638, 6.169925001442312, 6.491853096329675, 6.321928094887363, 6.475733430966398, 6.087462841250339, 5.78135971352466, 5.906890595608519, 6.189824558880018, 6.169925001442312, 5.930737337562887, 5.643856189774724], [5.727920454563199, 4.754887502163468, 4.857980995127572, 4.857980995127572, 4.169925001442312, 3.807354922057604, 4.700439718141093, 6.044394119358453, 5.78135971352466, 5.78135971352466, 6.149747119504682, 5.832890014164741, 6.149747119504682, 5.954196310386875, 5.832890014164741, 6.0, 6.0, 6.0, 6.22881869049588, 5.954196310386875, 3.321928094887362, 5.754887502163468, 5.882643049361842, 6.108524456778169], [5.554588851677638, 5.357552004618084, 5.087462841250339, 5.392317422778761, 4.523561956057013, 4.857980995127572, 4.392317422778761, 5.930737337562887, 5.832890014164741, 5.672425341971495, 5.285402218862249, 5.523561956057013, 5.044394119358453, 5.087462841250339, 6.044394119358453, 6.044394119358453, 6.22881869049588, 6.149747119504682, 5.930737337562887, 6.087462841250339, 5.832890014164741, 6.22881869049588, 5.727920454563199, 6.129283016944966], [6.108524456778169, 5.247927513443585, 5.20945336562895, 4.754887502163468, 4.754887502163468, 4.247927513443585, 4.523561956057013, 6.087462841250339, 5.930737337562887, 6.523561956057013, 6.044394119358453, 6.087462841250339, 5.321928094887363, 5.832890014164741, 5.954196310386875, 5.857980995127572, 6.149747119504682, 5.614709844115208, 5.491853096329675, 6.303780748177103, 6.22881869049588, 6.087462841250339, 6.22881869049588, 6.022367813028454], [6.066089190457772, 5.700439718141093, 5.78135971352466, 5.321928094887363, 4.857980995127572, 4.807354922057604, 4.954196310386875, 5.643856189774724, 5.906890595608519, 5.977279923499917, 5.754887502163468, 6.066089190457772, 5.954196310386875, 6.22881869049588, 6.285402218862249, 6.022367813028454, 6.20945336562895, 6.266786540694901, 6.303780748177103, 6.149747119504682, 6.169925001442312, 6.20945336562895, 6.339850002884624, 5.700439718141093], [6.044394119358453, 6.0, 5.954196310386875, 4.754887502163468, 4.754887502163468, 4.459431618637297, 4.584962500721156, 4.857980995127572, 5.906890595608519, 5.857980995127572, 6.169925001442312, 5.954196310386875, 6.189824558880018, 6.022367813028454, 6.357552004618084, 6.189824558880018, 6.339850002884624, 6.022367813028454, 6.066089190457772, 6.426264754702098, 6.149747119504682, 6.189824558880018, 6.022367813028454, 5.392317422778761]]}