{"min": 0, "max": 9.977279923499916, "pieData": [[5.20945336562895, 5.0, 4.247927513443585, 3.4594316186372973, 2.321928094887362, 3.584962500721156, 4.169925001442312, 5.20945336562895, 5.087462841250339, 5.247927513443585, 4.643856189774724, 4.906890595608519, 3.9068905956085187, 4.392317422778761, 5.169925001442312, 4.584962500721156, 5.20945336562895, 4.807354922057604, 5.20945336562895, 2.807354922057604, 3.700439718141092, 4.700439718141093, 4.754887502163468, 4.523561956057013], [4.754887502163468, 4.392317422778761, 4.087462841250339, 3.9068905956085187, 3.584962500721156, 2.584962500721156, 3.584962500721156, 4.247927513443585, 5.169925001442312, 4.906890595608519, 4.523561956057013, 3.584962500721156, 4.321928094887363, 4.754887502163468, 5.087462841250339, 4.700439718141093, 4.754887502163468, 4.857980995127572, 4.754887502163468, 3.807354922057604, 4.857980995127572, 4.247927513443585, 4.392317422778761, 4.643856189774724], [4.459431618637297, 4.321928094887363, 4.392317422778761, 2.584962500721156, 3.321928094887362, 2.584962500721156, 4.0, 4.459431618637297, 4.906890595608519, 4.087462841250339, 4.459431618637297, 4.321928094887363, 4.392317422778761, 3.807354922057604, 5.0, 4.247927513443585, 5.0, 4.754887502163468, 4.392317422778761, 4.523561956057013, 2.0, 4.321928094887363, 4.584962500721156, 4.584962500721156], [4.807354922057604, 4.857980995127572, 4.247927513443585, 3.321928094887362, 2.0, 3.169925001442312, 3.169925001442312, 4.169925001442312, 4.954196310386875, 4.392317422778761, 3.700439718141092, 3.9068905956085187, 3.700439718141092, 3.321928094887362, 4.906890595608519, 5.044394119358453, 4.700439718141093, 4.643856189774724, 4.643856189774724, 5.426264754702098, 4.392317422778761, 4.584962500721156, 4.459431618637297, 4.700439718141093], [5.044394119358453, 4.523561956057013, 4.169925001442312, 3.321928094887362, 2.321928094887362, 2.321928094887362, 3.584962500721156, 4.321928094887363, 4.807354922057604, 4.700439718141093, 4.584962500721156, 4.807354922057604, 4.087462841250339, 3.9068905956085187, 4.643856189774724, 5.169925001442312, 4.700439718141093, 4.754887502163468, 4.906890595608519, 4.523561956057013, 5.321928094887363, 4.700439718141093, 4.700439718141093, 4.643856189774724], [5.044394119358453, 5.0, 4.857980995127572, 4.0, 3.700439718141092, 3.321928094887362, 3.584962500721156, 4.169925001442312, 4.584962500721156, 4.954196310386875, 5.044394119358453, 4.954196310386875, 4.700439718141093, 4.700439718141093, 5.321928094887363, 4.643856189774724, 4.643856189774724, 4.754887502163468, 5.0, 5.087462841250339, 4.754887502163468, 4.906890595608519, 4.643856189774724, 4.584962500721156], [4.954196310386875, 4.523561956057013, 5.087462841250339, 3.807354922057604, 3.169925001442312, 3.9068905956085187, 3.700439718141092, 4.459431618637297, 4.857980995127572, 4.857980995127572, 4.807354922057604, 5.087462841250339, 5.0, 5.584962500721156, 5.554588851677638, 5.523561956057013, 5.426264754702098, 5.20945336562895, 5.129283016944966, 5.087462841250339, 5.169925001442312, 4.954196310386875, 5.321928094887363, 5.554588851677638]]}