{"min": 0, "max": 9.977279923499916, "pieData": [[6.129283016944966, 5.857980995127572, 5.392317422778761, 4.643856189774724, 4.087462841250339, 4.459431618637297, 5.754887502163468, 6.339850002884624, 6.727920454563199, 6.906890595608519, 6.9886846867721655, 6.643856189774724, 6.672425341971495, 6.491853096329675, 6.7414669864011465, 6.672425341971495, 6.727920454563199, 6.507794640198696, 6.491853096329675, 5.044394119358453, 4.954196310386875, 6.507794640198696, 6.392317422778761, 6.247927513443585], [6.129283016944966, 6.149747119504682, 5.614709844115208, 4.584962500721156, 4.643856189774724, 3.807354922057604, 4.700439718141093, 6.066089190457772, 6.672425341971495, 6.700439718141093, 6.523561956057013, 6.584962500721156, 6.357552004618084, 6.285402218862249, 6.539158811108031, 6.459431618637297, 6.7414669864011465, 6.357552004618084, 6.475733430966398, 6.129283016944966, 6.459431618637297, 6.22881869049588, 6.087462841250339, 5.643856189774724], [6.066089190457772, 5.426264754702098, 5.321928094887363, 5.087462841250339, 4.0, 3.321928094887362, 5.247927513443585, 5.954196310386875, 6.149747119504682, 6.459431618637297, 6.3750394313469245, 6.321928094887363, 6.087462841250339, 5.882643049361842, 6.285402218862249, 6.022367813028454, 6.491853096329675, 6.247927513443585, 6.087462841250339, 5.807354922057604, 2.807354922057604, 6.409390936137702, 6.0, 6.044394119358453], [6.303780748177103, 5.977279923499917, 5.78135971352466, 5.247927513443585, 4.087462841250339, 4.087462841250339, 5.0, 5.807354922057604, 6.426264754702098, 5.727920454563199, 5.754887502163468, 5.426264754702098, 4.807354922057604, 5.20945336562895, 6.189824558880018, 6.507794640198696, 6.7414669864011465, 6.392317422778761, 5.857980995127572, 6.149747119504682, 6.189824558880018, 6.303780748177103, 6.044394119358453, 6.022367813028454], [6.22881869049588, 6.022367813028454, 5.426264754702098, 4.459431618637297, 4.857980995127572, 3.9068905956085187, 5.392317422778761, 6.266786540694901, 6.643856189774724, 6.442943495848728, 6.658211482751795, 6.614709844115208, 5.672425341971495, 5.857980995127572, 6.539158811108031, 6.870364719583405, 6.459431618637297, 6.266786540694901, 5.954196310386875, 6.392317422778761, 6.507794640198696, 6.169925001442312, 6.266786540694901, 6.20945336562895], [6.169925001442312, 6.539158811108031, 5.700439718141093, 4.906890595608519, 4.0, 3.700439718141092, 4.906890595608519, 5.643856189774724, 6.285402218862249, 6.129283016944966, 6.459431618637297, 6.714245517666122, 6.285402218862249, 6.169925001442312, 6.491853096329675, 6.20945336562895, 6.539158811108031, 6.491853096329675, 6.507794640198696, 6.426264754702098, 6.442943495848728, 6.108524456778169, 6.339850002884624, 6.247927513443585], [5.754887502163468, 5.78135971352466, 5.977279923499917, 5.614709844115208, 4.857980995127572, 3.9068905956085187, 4.392317422778761, 5.392317422778761, 6.0, 6.339850002884624, 6.569855608330948, 6.321928094887363, 6.475733430966398, 6.442943495848728, 6.539158811108031, 6.658211482751795, 6.247927513443585, 6.339850002884624, 6.266786540694901, 6.247927513443585, 6.189824558880018, 6.169925001442312, 6.426264754702098, 5.807354922057604]]}