{"min": 0, "max": 9.977279923499916, "pieData": [[5.807354922057604, 5.0, 4.321928094887363, 3.4594316186372973, 3.321928094887362, 4.087462841250339, 5.672425341971495, 6.108524456778169, 5.614709844115208, 5.169925001442312, 6.022367813028454, 5.643856189774724, 5.727920454563199, 5.78135971352466, 6.22881869049588, 6.303780748177103, 6.22881869049588, 5.807354922057604, 5.727920454563199, 4.459431618637297, 5.672425341971495, 6.599912842187128, 6.303780748177103, 6.442943495848728], [6.339850002884624, 5.906890595608519, 5.614709844115208, 4.807354922057604, 3.700439718141092, 3.584962500721156, 5.614709844115208, 6.266786540694901, 5.906890595608519, 6.066089190457772, 6.022367813028454, 5.882643049361842, 5.832890014164741, 5.977279923499917, 6.149747119504682, 6.129283016944966, 6.3750394313469245, 6.3750394313469245, 5.930737337562887, 6.108524456778169, 6.339850002884624, 6.409390936137702, 6.475733430966398, 6.357552004618084], [5.832890014164741, 4.906890595608519, 4.459431618637297, 3.700439718141092, 3.9068905956085187, 3.9068905956085187, 4.807354922057604, 6.108524456778169, 5.727920454563199, 5.857980995127572, 6.022367813028454, 5.643856189774724, 5.491853096329675, 5.857980995127572, 6.285402218862249, 6.285402218862249, 5.78135971352466, 6.044394119358453, 5.491853096329675, 5.754887502163468, 3.321928094887362, 6.321928094887363, 6.149747119504682, 6.22881869049588], [6.339850002884624, 5.643856189774724, 5.392317422778761, 4.321928094887363, 3.807354922057604, 3.700439718141092, 5.614709844115208, 5.882643049361842, 5.78135971352466, 5.321928094887363, 6.022367813028454, 5.700439718141093, 5.882643049361842, 5.554588851677638, 5.930737337562887, 6.066089190457772, 6.189824558880018, 6.087462841250339, 5.977279923499917, 6.0, 6.169925001442312, 6.658211482751795, 6.339850002884624, 6.285402218862249], [6.108524456778169, 5.807354922057604, 5.247927513443585, 5.044394119358453, 4.459431618637297, 3.0, 5.554588851677638, 6.129283016944966, 5.491853096329675, 5.584962500721156, 6.491853096329675, 5.906890595608519, 5.700439718141093, 5.78135971352466, 6.3750394313469245, 6.539158811108031, 6.569855608330948, 5.930737337562887, 5.930737337562887, 6.149747119504682, 6.189824558880018, 6.357552004618084, 6.6293566200796095, 6.700439718141093], [6.409390936137702, 6.022367813028454, 5.614709844115208, 4.754887502163468, 4.0, 3.9068905956085187, 4.807354922057604, 5.554588851677638, 6.066089190457772, 5.727920454563199, 6.108524456778169, 5.882643049361842, 5.727920454563199, 5.754887502163468, 5.954196310386875, 5.78135971352466, 5.78135971352466, 6.0, 5.78135971352466, 5.857980995127572, 5.882643049361842, 6.247927513443585, 6.442943495848728, 6.129283016944966], [5.906890595608519, 5.906890595608519, 5.357552004618084, 5.044394119358453, 3.700439718141092, 3.807354922057604, 4.087462841250339, 4.857980995127572, 5.832890014164741, 6.169925001442312, 5.977279923499917, 5.554588851677638, 5.857980995127572, 5.672425341971495, 5.954196310386875, 6.108524456778169, 5.832890014164741, 5.906890595608519, 5.78135971352466, 5.807354922057604, 5.977279923499917, 6.614709844115208, 6.523561956057013, 5.954196310386875]]}