{"min": 0, "max": 9.977279923499916, "pieData": [[2.0, 1.584962500721156, 1.0, 0.0, 0.0, 2.321928094887362, 2.807354922057604, 2.0, 2.584962500721156, 3.321928094887362, 4.906890595608519, 5.129283016944966, 3.700439718141092, 2.807354922057604, 4.087462841250339, 4.169925001442312, 4.169925001442312, 4.584962500721156, 2.807354922057604, 2.0, 1.584962500721156, 2.321928094887362, 2.0, 1.0], [1.0, 0.0, 0.0, 0.0, 0.0, 1.584962500721156, 3.0, 2.807354922057604, 2.321928094887362, 4.857980995127572, 5.0, 5.087462841250339, 4.087462841250339, 3.321928094887362, 4.954196310386875, 5.392317422778761, 4.700439718141093, 4.247927513443585, 3.807354922057604, 2.807354922057604, 2.321928094887362, 1.584962500721156, 2.584962500721156, 1.584962500721156], [0.0, 1.0, 1.584962500721156, 0.0, 0.0, 1.0, 1.584962500721156, 1.584962500721156, 3.0, 3.807354922057604, 4.643856189774724, 4.954196310386875, 3.4594316186372973, 3.4594316186372973, 4.857980995127572, 5.0, 4.643856189774724, 3.807354922057604, 3.0, 1.0, 0.0, 3.4594316186372973, 3.0, 2.584962500721156], [2.321928094887362, 1.0, 0.0, 0.0, 1.0, 1.0, 2.321928094887362, 2.0, 3.700439718141092, 4.087462841250339, 4.857980995127572, 4.906890595608519, 3.807354922057604, 2.321928094887362, 4.754887502163468, 4.700439718141093, 5.087462841250339, 4.087462841250339, 3.169925001442312, 3.321928094887362, 3.4594316186372973, 1.584962500721156, 3.169925001442312, 2.0], [1.0, 0.0, 1.0, 0.0, 0.0, 0.0, 1.0, 3.0, 3.0, 4.523561956057013, 4.392317422778761, 5.0, 3.700439718141092, 3.0, 4.807354922057604, 5.169925001442312, 4.700439718141093, 4.0, 4.087462841250339, 2.0, 2.584962500721156, 2.807354922057604, 3.169925001442312, 2.321928094887362], [1.584962500721156, 0.0, 1.0, 0.0, 0.0, 0.0, 2.584962500721156, 1.584962500721156, 3.321928094887362, 3.584962500721156, 2.321928094887362, 2.807354922057604, 3.0, 2.584962500721156, 2.584962500721156, 2.584962500721156, 2.584962500721156, 2.0, 1.0, 3.169925001442312, 1.584962500721156, 3.169925001442312, 1.584962500721156, 2.0], [1.0, 1.0, 1.0, 1.584962500721156, 0.0, 1.0, 2.321928094887362, 2.321928094887362, 2.807354922057604, 3.169925001442312, 2.584962500721156, 2.584962500721156, 2.321928094887362, 3.0, 2.807354922057604, 3.0, 2.807354922057604, 3.321928094887362, 3.169925001442312, 2.321928094887362, 2.807354922057604, 2.0, 1.0, 2.321928094887362]]}