{"min": 0, "max": 9.977279923499916, "pieData": [[4.0, 2.321928094887362, 2.584962500721156, 1.584962500721156, 1.0, 3.321928094887362, 4.392317422778761, 4.643856189774724, 3.4594316186372973, 4.087462841250339, 4.169925001442312, 3.807354922057604, 4.392317422778761, 4.459431618637297, 4.169925001442312, 4.807354922057604, 4.807354922057604, 4.700439718141093, 3.584962500721156, 3.4594316186372973, 4.643856189774724, 4.459431618637297, 4.857980995127572, 3.700439718141092], [3.4594316186372973, 3.700439718141092, 3.0, 1.0, 2.321928094887362, 1.0, 2.807354922057604, 4.523561956057013, 3.9068905956085187, 3.700439718141092, 3.9068905956085187, 4.392317422778761, 3.9068905956085187, 4.321928094887363, 4.247927513443585, 4.807354922057604, 5.087462841250339, 4.523561956057013, 4.247927513443585, 3.584962500721156, 4.523561956057013, 4.523561956057013, 3.9068905956085187, 4.0], [2.807354922057604, 3.0, 2.0, 3.0, 1.0, 0.0, 2.584962500721156, 3.807354922057604, 4.087462841250339, 4.754887502163468, 3.0, 3.807354922057604, 4.0, 4.087462841250339, 4.169925001442312, 4.392317422778761, 4.087462841250339, 4.247927513443585, 3.4594316186372973, 4.459431618637297, 1.584962500721156, 4.169925001442312, 3.4594316186372973, 4.321928094887363], [3.807354922057604, 1.584962500721156, 2.584962500721156, 0.0, 1.584962500721156, 2.321928094887362, 3.169925001442312, 4.584962500721156, 4.247927513443585, 4.321928094887363, 3.807354922057604, 4.459431618637297, 4.169925001442312, 4.247927513443585, 4.169925001442312, 4.321928094887363, 4.584962500721156, 4.0, 3.584962500721156, 4.087462841250339, 3.584962500721156, 3.807354922057604, 4.169925001442312, 4.087462841250339], [3.0, 3.0, 1.584962500721156, 2.0, 2.321928094887362, 2.321928094887362, 3.169925001442312, 4.0, 4.169925001442312, 3.700439718141092, 4.643856189774724, 4.643856189774724, 4.459431618637297, 4.643856189774724, 3.700439718141092, 4.459431618637297, 4.700439718141093, 4.087462841250339, 2.807354922057604, 3.584962500721156, 4.087462841250339, 4.584962500721156, 4.643856189774724, 4.392317422778761], [3.807354922057604, 3.584962500721156, 3.0, 2.584962500721156, 1.584962500721156, 2.584962500721156, 2.807354922057604, 3.584962500721156, 4.754887502163468, 4.584962500721156, 4.459431618637297, 4.169925001442312, 3.169925001442312, 3.169925001442312, 4.321928094887363, 4.321928094887363, 3.807354922057604, 3.807354922057604, 3.700439718141092, 4.169925001442312, 3.807354922057604, 3.807354922057604, 4.087462841250339, 4.247927513443585], [3.584962500721156, 2.807354922057604, 3.584962500721156, 3.0, 2.321928094887362, 3.0, 2.807354922057604, 4.087462841250339, 4.643856189774724, 4.087462841250339, 3.807354922057604, 3.584962500721156, 3.584962500721156, 4.321928094887363, 4.459431618637297, 4.643856189774724, 3.700439718141092, 3.4594316186372973, 4.0, 4.392317422778761, 4.0, 4.459431618637297, 4.087462841250339, 4.0]]}