{"min": 0, "max": 9.977279923499916, "pieData": [[6.475733430966398, 5.169925001442312, 4.954196310386875, 4.584962500721156, 4.247927513443585, 4.321928094887363, 6.303780748177103, 5.832890014164741, 5.954196310386875, 6.108524456778169, 5.930737337562887, 6.303780748177103, 6.491853096329675, 6.409390936137702, 6.569855608330948, 6.700439718141093, 6.820178962415188, 6.7414669864011465, 6.129283016944966, 5.392317422778761, 6.266786540694901, 6.6865005271832185, 6.727920454563199, 6.266786540694901], [6.20945336562895, 5.584962500721156, 4.700439718141093, 4.857980995127572, 4.169925001442312, 4.700439718141093, 6.0, 6.339850002884624, 5.584962500721156, 6.087462841250339, 6.285402218862249, 6.426264754702098, 6.20945336562895, 6.475733430966398, 6.954196310386875, 6.7414669864011465, 6.714245517666122, 6.78135971352466, 6.539158811108031, 6.392317422778761, 6.507794640198696, 6.3750394313469245, 6.643856189774724, 6.3750394313469245], [5.554588851677638, 5.426264754702098, 4.392317422778761, 4.087462841250339, 3.0, 3.4594316186372973, 5.672425341971495, 6.108524456778169, 6.044394119358453, 5.857980995127572, 6.266786540694901, 6.321928094887363, 6.285402218862249, 6.108524456778169, 6.321928094887363, 6.754887502163468, 6.169925001442312, 6.285402218862249, 6.189824558880018, 6.022367813028454, 3.700439718141092, 6.285402218862249, 6.459431618637297, 6.266786540694901], [6.266786540694901, 5.78135971352466, 5.727920454563199, 4.247927513443585, 4.169925001442312, 3.584962500721156, 6.169925001442312, 6.357552004618084, 5.977279923499917, 6.066089190457772, 6.3750394313469245, 6.339850002884624, 5.882643049361842, 6.442943495848728, 6.599912842187128, 6.584962500721156, 6.554588851677638, 6.918863237274595, 6.6865005271832185, 6.491853096329675, 6.303780748177103, 6.569855608330948, 6.832890014164741, 6.426264754702098], [5.882643049361842, 5.285402218862249, 5.20945336562895, 4.459431618637297, 3.807354922057604, 4.321928094887363, 5.807354922057604, 6.507794640198696, 5.954196310386875, 6.066089190457772, 6.442943495848728, 6.614709844115208, 6.727920454563199, 6.768184324776926, 6.870364719583405, 6.459431618637297, 6.539158811108031, 6.523561956057013, 6.087462841250339, 6.3750394313469245, 6.459431618637297, 6.459431618637297, 6.807354922057604, 6.554588851677638], [6.321928094887363, 5.554588851677638, 5.285402218862249, 4.807354922057604, 3.807354922057604, 3.584962500721156, 5.357552004618084, 6.169925001442312, 6.357552004618084, 6.357552004618084, 6.285402218862249, 6.554588851677638, 6.22881869049588, 6.321928094887363, 6.409390936137702, 6.22881869049588, 6.523561956057013, 6.3750394313469245, 6.507794640198696, 6.569855608330948, 6.523561956057013, 6.475733430966398, 6.857980995127572, 6.303780748177103], [6.087462841250339, 5.523561956057013, 5.321928094887363, 4.643856189774724, 4.754887502163468, 4.523561956057013, 5.20945336562895, 5.523561956057013, 6.169925001442312, 6.409390936137702, 6.426264754702098, 6.339850002884624, 6.507794640198696, 6.426264754702098, 6.169925001442312, 6.426264754702098, 6.392317422778761, 6.339850002884624, 6.614709844115208, 6.22881869049588, 6.672425341971495, 6.584962500721156, 6.918863237274595, 5.832890014164741]]}