{"min": 0, "max": 9.977279923499916, "pieData": [[4.392317422778761, 3.321928094887362, 2.321928094887362, 1.584962500721156, 1.584962500721156, 3.169925001442312, 4.392317422778761, 4.643856189774724, 5.129283016944966, 4.754887502163468, 4.857980995127572, 5.044394119358453, 4.392317422778761, 4.584962500721156, 4.954196310386875, 4.857980995127572, 4.857980995127572, 4.459431618637297, 4.459431618637297, 4.087462841250339, 4.392317422778761, 4.523561956057013, 5.247927513443585, 4.954196310386875], [4.0, 3.4594316186372973, 3.0, 3.0, 3.0, 2.321928094887362, 3.700439718141092, 4.247927513443585, 4.700439718141093, 5.044394119358453, 5.20945336562895, 5.459431618637297, 4.459431618637297, 4.247927513443585, 4.700439718141093, 5.169925001442312, 5.087462841250339, 4.857980995127572, 4.087462841250339, 3.807354922057604, 4.700439718141093, 4.584962500721156, 5.169925001442312, 5.087462841250339], [2.321928094887362, 3.0, 2.584962500721156, 1.584962500721156, 1.584962500721156, 2.0, 3.321928094887362, 4.321928094887363, 4.700439718141093, 4.754887502163468, 5.044394119358453, 4.807354922057604, 4.087462841250339, 4.523561956057013, 4.392317422778761, 4.700439718141093, 4.954196310386875, 4.392317422778761, 3.700439718141092, 4.169925001442312, 2.807354922057604, 4.584962500721156, 4.954196310386875, 3.9068905956085187], [4.392317422778761, 4.247927513443585, 2.807354922057604, 3.321928094887362, 1.584962500721156, 2.0, 3.4594316186372973, 4.087462841250339, 4.584962500721156, 5.087462841250339, 4.643856189774724, 5.044394119358453, 4.459431618637297, 4.392317422778761, 4.754887502163468, 4.954196310386875, 4.459431618637297, 4.523561956057013, 4.392317422778761, 4.523561956057013, 4.321928094887363, 4.523561956057013, 5.169925001442312, 5.0], [4.0, 3.321928094887362, 1.0, 2.321928094887362, 1.0, 3.169925001442312, 4.0, 4.807354922057604, 5.247927513443585, 5.169925001442312, 5.426264754702098, 4.906890595608519, 4.523561956057013, 4.807354922057604, 4.321928094887363, 4.169925001442312, 5.357552004618084, 4.754887502163468, 4.643856189774724, 4.643856189774724, 4.247927513443585, 4.700439718141093, 4.754887502163468, 5.0], [4.584962500721156, 4.087462841250339, 3.0, 2.807354922057604, 2.807354922057604, 3.4594316186372973, 3.321928094887362, 4.523561956057013, 5.0, 4.754887502163468, 5.129283016944966, 4.857980995127572, 4.523561956057013, 4.169925001442312, 4.169925001442312, 4.247927513443585, 4.392317422778761, 3.9068905956085187, 4.523561956057013, 4.169925001442312, 4.700439718141093, 4.459431618637297, 4.321928094887363, 4.392317422778761], [4.321928094887363, 3.700439718141092, 3.0, 2.584962500721156, 2.0, 2.807354922057604, 3.0, 3.584962500721156, 4.857980995127572, 3.9068905956085187, 4.954196310386875, 4.754887502163468, 4.459431618637297, 4.247927513443585, 4.247927513443585, 4.523561956057013, 4.807354922057604, 4.584962500721156, 3.700439718141092, 5.0, 5.0, 4.523561956057013, 5.087462841250339, 3.9068905956085187]]}