{"min": 0, "max": 9.977279923499916, "pieData": [[4.807354922057604, 4.169925001442312, 4.523561956057013, 4.087462841250339, 3.807354922057604, 2.807354922057604, 5.087462841250339, 6.022367813028454, 6.066089190457772, 6.409390936137702, 6.285402218862249, 6.0, 5.727920454563199, 5.906890595608519, 6.129283016944966, 5.954196310386875, 6.357552004618084, 6.321928094887363, 5.554588851677638, 4.247927513443585, 4.807354922057604, 5.491853096329675, 4.807354922057604, 5.614709844115208], [5.247927513443585, 5.044394119358453, 4.857980995127572, 4.0, 3.0, 1.584962500721156, 4.954196310386875, 5.426264754702098, 5.672425341971495, 6.066089190457772, 6.149747119504682, 6.22881869049588, 5.727920454563199, 5.523561956057013, 5.754887502163468, 5.882643049361842, 6.108524456778169, 5.807354922057604, 5.491853096329675, 5.832890014164741, 5.426264754702098, 5.169925001442312, 5.285402218862249, 5.129283016944966], [4.906890595608519, 4.584962500721156, 4.392317422778761, 4.0, 3.169925001442312, 2.321928094887362, 4.247927513443585, 5.044394119358453, 5.426264754702098, 5.727920454563199, 5.426264754702098, 5.754887502163468, 5.554588851677638, 5.930737337562887, 5.954196310386875, 5.78135971352466, 5.930737337562887, 5.954196310386875, 5.169925001442312, 5.129283016944966, 2.807354922057604, 5.087462841250339, 4.087462841250339, 5.0], [4.807354922057604, 4.392317422778761, 4.643856189774724, 3.321928094887362, 2.321928094887362, 2.321928094887362, 4.169925001442312, 5.247927513443585, 5.523561956057013, 5.523561956057013, 5.044394119358453, 5.20945336562895, 4.523561956057013, 4.584962500721156, 5.247927513443585, 6.129283016944966, 6.129283016944966, 5.832890014164741, 5.491853096329675, 5.554588851677638, 5.321928094887363, 5.392317422778761, 5.129283016944966, 4.954196310386875], [4.906890595608519, 4.584962500721156, 4.906890595608519, 4.169925001442312, 3.321928094887362, 3.169925001442312, 4.321928094887363, 5.672425341971495, 5.78135971352466, 5.459431618637297, 5.977279923499917, 5.977279923499917, 5.643856189774724, 5.78135971352466, 6.022367813028454, 6.108524456778169, 6.066089190457772, 5.727920454563199, 4.643856189774724, 5.459431618637297, 5.727920454563199, 5.392317422778761, 4.700439718141093, 4.954196310386875], [5.285402218862249, 5.0, 4.643856189774724, 4.169925001442312, 2.807354922057604, 2.0, 3.584962500721156, 4.906890595608519, 5.321928094887363, 5.78135971352466, 6.129283016944966, 6.0, 5.807354922057604, 5.357552004618084, 5.700439718141093, 5.426264754702098, 5.832890014164741, 6.087462841250339, 5.0, 5.700439718141093, 5.285402218862249, 5.523561956057013, 4.643856189774724, 5.321928094887363], [4.459431618637297, 5.044394119358453, 5.087462841250339, 4.459431618637297, 3.584962500721156, 3.169925001442312, 2.584962500721156, 4.523561956057013, 5.321928094887363, 5.727920454563199, 5.700439718141093, 6.129283016944966, 5.491853096329675, 5.807354922057604, 6.044394119358453, 5.491853096329675, 5.754887502163468, 5.754887502163468, 5.392317422778761, 5.357552004618084, 4.807354922057604, 5.643856189774724, 5.426264754702098, 4.523561956057013]]}