{"min": 0, "max": 9.977279923499916, "pieData": [[5.906890595608519, 5.392317422778761, 5.247927513443585, 4.754887502163468, 3.4594316186372973, 3.0, 6.108524456778169, 6.882643049361842, 6.768184324776926, 6.442943495848728, 6.507794640198696, 5.977279923499917, 5.857980995127572, 6.357552004618084, 6.459431618637297, 6.339850002884624, 6.523561956057013, 5.906890595608519, 6.0, 5.169925001442312, 5.247927513443585, 6.266786540694901, 6.189824558880018, 5.700439718141093], [5.584962500721156, 5.321928094887363, 5.247927513443585, 5.169925001442312, 4.0, 3.4594316186372973, 5.169925001442312, 6.906890595608519, 6.554588851677638, 6.491853096329675, 6.108524456778169, 5.754887502163468, 6.129283016944966, 5.930737337562887, 6.357552004618084, 6.599912842187128, 5.807354922057604, 6.169925001442312, 6.129283016944966, 6.303780748177103, 6.409390936137702, 6.066089190457772, 5.643856189774724, 5.857980995127572], [5.20945336562895, 4.954196310386875, 4.857980995127572, 4.321928094887363, 3.807354922057604, 3.321928094887362, 4.906890595608519, 6.459431618637297, 6.20945336562895, 6.169925001442312, 5.523561956057013, 6.044394119358453, 5.554588851677638, 6.108524456778169, 5.832890014164741, 6.108524456778169, 5.857980995127572, 6.169925001442312, 5.857980995127572, 5.857980995127572, 3.700439718141092, 6.247927513443585, 6.0, 5.523561956057013], [5.614709844115208, 5.584962500721156, 4.954196310386875, 3.584962500721156, 2.807354922057604, 3.169925001442312, 5.169925001442312, 6.507794640198696, 6.321928094887363, 5.700439718141093, 5.392317422778761, 4.857980995127572, 5.044394119358453, 5.321928094887363, 5.643856189774724, 5.78135971352466, 6.149747119504682, 5.832890014164741, 6.108524456778169, 6.087462841250339, 5.906890595608519, 6.22881869049588, 6.321928094887363, 5.554588851677638], [5.727920454563199, 5.727920454563199, 5.044394119358453, 4.087462841250339, 4.0, 3.321928094887362, 4.643856189774724, 6.857980995127572, 6.507794640198696, 6.554588851677638, 6.129283016944966, 5.977279923499917, 5.672425341971495, 5.930737337562887, 6.169925001442312, 5.832890014164741, 5.807354922057604, 6.189824558880018, 6.554588851677638, 6.584962500721156, 6.426264754702098, 6.491853096329675, 6.087462841250339, 6.087462841250339], [5.700439718141093, 5.78135971352466, 5.321928094887363, 5.285402218862249, 3.584962500721156, 4.087462841250339, 4.857980995127572, 5.700439718141093, 6.266786540694901, 6.247927513443585, 6.189824558880018, 5.906890595608519, 5.954196310386875, 6.3750394313469245, 6.3750394313469245, 5.977279923499917, 6.303780748177103, 6.3750394313469245, 6.044394119358453, 6.266786540694901, 6.321928094887363, 6.169925001442312, 6.044394119358453, 6.0], [5.727920454563199, 5.906890595608519, 5.554588851677638, 5.357552004618084, 4.857980995127572, 3.807354922057604, 4.0, 5.321928094887363, 5.754887502163468, 5.857980995127572, 6.044394119358453, 6.087462841250339, 6.0, 6.066089190457772, 6.066089190457772, 6.321928094887363, 6.285402218862249, 5.930737337562887, 5.954196310386875, 6.087462841250339, 6.044394119358453, 6.169925001442312, 5.832890014164741, 5.643856189774724]]}