{"min": 0, "max": 9.977279923499916, "pieData": [[6.584962500721156, 6.129283016944966, 5.392317422778761, 5.087462841250339, 4.247927513443585, 5.129283016944966, 5.700439718141093, 7.247927513443585, 7.599912842187128, 7.417852514885898, 7.20945336562895, 6.930737337562887, 6.954196310386875, 7.312882955284356, 7.2384047393250786, 7.383704292474052, 7.339850002884624, 7.1799090900149345, 6.857980995127572, 6.22881869049588, 6.20945336562895, 7.066089190457772, 7.022367813028454, 6.442943495848728], [6.539158811108031, 6.409390936137702, 6.129283016944966, 5.285402218862249, 4.523561956057013, 5.0, 5.392317422778761, 7.139551352398794, 7.426264754702098, 7.108524456778169, 6.832890014164741, 7.011227255423254, 6.832890014164741, 7.011227255423254, 7.108524456778169, 7.257387842692652, 6.930737337562887, 7.330916878114617, 6.727920454563199, 7.22881869049588, 7.0, 7.219168520462161, 7.022367813028454, 6.643856189774724], [6.266786540694901, 6.169925001442312, 5.807354922057604, 4.857980995127572, 4.584962500721156, 4.523561956057013, 5.321928094887363, 6.794415866350106, 7.022367813028454, 6.820178962415188, 6.6865005271832185, 6.554588851677638, 6.882643049361842, 6.832890014164741, 7.011227255423254, 6.954196310386875, 6.930737337562887, 6.94251450533924, 6.807354922057604, 6.906890595608519, 4.321928094887363, 6.906890595608519, 6.754887502163468, 6.409390936137702], [6.459431618637297, 5.807354922057604, 5.614709844115208, 5.285402218862249, 4.459431618637297, 4.169925001442312, 5.459431618637297, 6.930737337562887, 7.066089190457772, 6.714245517666122, 6.339850002884624, 6.189824558880018, 5.832890014164741, 6.129283016944966, 6.965784284662087, 7.118941072723508, 6.882643049361842, 7.118941072723508, 7.011227255423254, 7.011227255423254, 7.0, 6.9886846867721655, 6.882643049361842, 6.569855608330948], [6.392317422778761, 6.303780748177103, 5.882643049361842, 4.807354922057604, 4.459431618637297, 4.584962500721156, 5.491853096329675, 6.6865005271832185, 7.022367813028454, 6.9886846867721655, 6.9886846867721655, 6.507794640198696, 6.714245517666122, 6.977279923499917, 7.22881869049588, 7.159871336778389, 7.044394119358453, 6.845490050944376, 6.807354922057604, 7.149747119504682, 7.330916878114617, 7.066089190457772, 7.149747119504682, 6.6865005271832185], [6.658211482751795, 6.3750394313469245, 6.321928094887363, 5.357552004618084, 5.044394119358453, 4.643856189774724, 5.357552004618084, 6.066089190457772, 6.714245517666122, 7.03342300153745, 6.954196310386875, 6.894817763307944, 6.918863237274595, 7.247927513443585, 6.965784284662087, 6.78135971352466, 6.906890595608519, 7.219168520462161, 6.894817763307944, 7.159871336778389, 7.2384047393250786, 7.149747119504682, 7.05528243550119, 6.6865005271832185], [6.906890595608519, 6.392317422778761, 6.3750394313469245, 5.672425341971495, 5.285402218862249, 4.906890595608519, 5.247927513443585, 6.108524456778169, 6.339850002884624, 6.754887502163468, 6.7414669864011465, 6.727920454563199, 7.139551352398794, 7.076815597050831, 7.199672344836364, 7.266786540694901, 7.149747119504682, 7.087462841250339, 6.965784284662087, 7.129283016944966, 6.768184324776926, 7.118941072723508, 6.9886846867721655, 6.794415866350106]]}