{"min": 0, "max": 9.977279923499916, "pieData": [[5.930737337562887, 5.491853096329675, 4.700439718141093, 4.0, 3.9068905956085187, 4.643856189774724, 5.807354922057604, 6.794415866350106, 5.857980995127572, 6.303780748177103, 6.266786540694901, 6.247927513443585, 6.022367813028454, 6.584962500721156, 6.832890014164741, 6.754887502163468, 6.409390936137702, 6.599912842187128, 6.426264754702098, 5.321928094887363, 6.087462841250339, 7.087462841250339, 6.768184324776926, 7.189824558880018], [6.475733430966398, 5.491853096329675, 5.285402218862249, 4.807354922057604, 4.392317422778761, 3.9068905956085187, 5.523561956057013, 7.076815597050831, 6.409390936137702, 6.426264754702098, 6.672425341971495, 6.727920454563199, 6.599912842187128, 6.894817763307944, 6.6865005271832185, 6.672425341971495, 6.643856189774724, 6.475733430966398, 6.459431618637297, 6.832890014164741, 6.918863237274595, 7.098032082960526, 6.870364719583405, 6.882643049361842], [5.857980995127572, 5.614709844115208, 5.087462841250339, 4.459431618637297, 4.087462841250339, 4.087462841250339, 5.169925001442312, 7.0, 6.247927513443585, 6.507794640198696, 6.7414669864011465, 6.491853096329675, 6.20945336562895, 6.409390936137702, 6.7414669864011465, 6.475733430966398, 6.409390936137702, 6.539158811108031, 6.392317422778761, 6.339850002884624, 3.321928094887362, 6.539158811108031, 6.754887502163468, 6.569855608330948], [6.459431618637297, 5.727920454563199, 5.285402218862249, 4.584962500721156, 4.087462841250339, 4.321928094887363, 5.554588851677638, 6.94251450533924, 6.044394119358453, 6.554588851677638, 6.6865005271832185, 6.643856189774724, 6.247927513443585, 6.459431618637297, 6.727920454563199, 6.539158811108031, 6.491853096329675, 6.266786540694901, 6.426264754702098, 6.882643049361842, 6.807354922057604, 6.894817763307944, 6.906890595608519, 6.599912842187128], [6.022367813028454, 5.977279923499917, 5.392317422778761, 5.321928094887363, 4.321928094887363, 4.807354922057604, 5.247927513443585, 7.022367813028454, 6.392317422778761, 6.6865005271832185, 6.894817763307944, 6.599912842187128, 6.321928094887363, 6.754887502163468, 6.78135971352466, 6.820178962415188, 6.6865005271832185, 6.700439718141093, 6.189824558880018, 6.475733430966398, 6.845490050944376, 6.7414669864011465, 7.087462841250339, 6.7414669864011465], [6.6865005271832185, 6.321928094887363, 5.832890014164741, 5.584962500721156, 4.906890595608519, 4.523561956057013, 5.643856189774724, 6.569855608330948, 7.076815597050831, 6.714245517666122, 6.459431618637297, 6.392317422778761, 5.977279923499917, 6.303780748177103, 6.266786540694901, 5.977279923499917, 6.22881869049588, 6.426264754702098, 6.3750394313469245, 6.087462841250339, 6.643856189774724, 6.7414669864011465, 6.832890014164741, 6.459431618637297], [6.392317422778761, 5.78135971352466, 5.78135971352466, 5.0, 4.392317422778761, 4.169925001442312, 4.807354922057604, 5.727920454563199, 6.599912842187128, 6.285402218862249, 6.20945336562895, 5.643856189774724, 6.321928094887363, 6.554588851677638, 6.3750394313469245, 6.20945336562895, 6.247927513443585, 6.189824558880018, 6.357552004618084, 6.22881869049588, 6.857980995127572, 6.930737337562887, 6.768184324776926, 6.475733430966398]]}