{"min": 0, "max": 9.977279923499916, "pieData": [[2.321928094887362, 0.0, 1.0, 0.0, 1.0, 1.584962500721156, 2.321928094887362, 1.584962500721156, 3.700439718141092, 4.857980995127572, 5.044394119358453, 4.857980995127572, 2.807354922057604, 4.321928094887363, 4.523561956057013, 4.459431618637297, 3.9068905956085187, 2.0, 1.584962500721156, 0.0, 1.584962500721156, 2.321928094887362, 2.321928094887362, 2.321928094887362], [2.584962500721156, 0.0, 0.0, 0.0, 1.584962500721156, 1.0, 2.321928094887362, 2.0, 3.4594316186372973, 5.129283016944966, 4.906890595608519, 4.523561956057013, 4.0, 4.169925001442312, 4.459431618637297, 5.169925001442312, 3.9068905956085187, 3.584962500721156, 2.807354922057604, 1.0, 2.807354922057604, 3.0, 1.0, 2.584962500721156], [1.0, 1.0, 1.584962500721156, 0.0, 0.0, 0.0, 1.0, 2.584962500721156, 4.169925001442312, 4.807354922057604, 5.20945336562895, 4.754887502163468, 2.321928094887362, 3.321928094887362, 3.700439718141092, 3.700439718141092, 3.4594316186372973, 3.0, 1.0, 3.700439718141092, 1.584962500721156, 3.169925001442312, 1.0, 3.169925001442312], [1.584962500721156, 1.584962500721156, 1.0, 1.0, 0.0, 0.0, 2.0, 3.321928094887362, 3.169925001442312, 3.321928094887362, 4.321928094887363, 3.169925001442312, 2.807354922057604, 4.321928094887363, 3.169925001442312, 3.9068905956085187, 3.584962500721156, 2.321928094887362, 2.584962500721156, 2.584962500721156, 2.321928094887362, 3.4594316186372973, 2.321928094887362, 1.0], [1.584962500721156, 1.584962500721156, 0.0, 0.0, 1.0, 0.0, 0.0, 2.321928094887362, 3.584962500721156, 3.321928094887362, 4.247927513443585, 3.4594316186372973, 4.169925001442312, 3.0, 3.4594316186372973, 3.9068905956085187, 3.321928094887362, 2.807354922057604, 3.4594316186372973, 1.584962500721156, 1.584962500721156, 2.807354922057604, 2.807354922057604, 1.584962500721156], [3.169925001442312, 1.0, 1.0, 1.0, 1.0, 0.0, 1.584962500721156, 2.0, 2.0, 2.807354922057604, 2.584962500721156, 1.0, 2.0, 2.807354922057604, 2.0, 1.584962500721156, 2.321928094887362, 2.807354922057604, 2.0, 2.0, 2.321928094887362, 2.0, 2.807354922057604, 2.584962500721156], [2.0, 1.0, 1.0, 0.0, 1.0, 1.0, 1.0, 1.0, 2.321928094887362, 1.0, 2.584962500721156, 2.584962500721156, 2.321928094887362, 2.584962500721156, 2.321928094887362, 2.0, 2.321928094887362, 1.0, 1.584962500721156, 2.321928094887362, 1.584962500721156, 2.584962500721156, 2.584962500721156, 2.807354922057604]]}