{"min": 0, "max": 9.977279923499916, "pieData": [[4.169925001442312, 2.584962500721156, 2.321928094887362, 1.584962500721156, 2.321928094887362, 3.0, 4.906890595608519, 4.321928094887363, 4.523561956057013, 4.392317422778761, 4.459431618637297, 4.906890595608519, 3.807354922057604, 4.392317422778761, 5.044394119358453, 4.954196310386875, 5.087462841250339, 4.954196310386875, 4.857980995127572, 2.807354922057604, 4.906890595608519, 5.169925001442312, 5.0, 4.643856189774724], [4.321928094887363, 2.321928094887362, 2.321928094887362, 2.321928094887362, 1.584962500721156, 3.169925001442312, 4.0, 5.169925001442312, 3.807354922057604, 4.584962500721156, 5.087462841250339, 4.906890595608519, 4.392317422778761, 4.807354922057604, 4.643856189774724, 5.087462841250339, 4.906890595608519, 4.523561956057013, 5.0, 4.643856189774724, 5.0, 5.285402218862249, 4.807354922057604, 4.459431618637297], [3.807354922057604, 3.4594316186372973, 2.584962500721156, 0.0, 1.584962500721156, 2.807354922057604, 3.807354922057604, 5.523561956057013, 4.087462841250339, 4.954196310386875, 4.906890595608519, 4.459431618637297, 4.392317422778761, 4.523561956057013, 4.906890595608519, 4.857980995127572, 3.4594316186372973, 5.129283016944966, 4.643856189774724, 4.169925001442312, 1.584962500721156, 5.321928094887363, 4.754887502163468, 4.584962500721156], [3.9068905956085187, 2.584962500721156, 2.0, 1.0, 1.0, 2.807354922057604, 4.087462841250339, 5.20945336562895, 4.700439718141093, 5.20945336562895, 4.754887502163468, 4.700439718141093, 4.0, 5.087462841250339, 5.129283016944966, 4.906890595608519, 5.247927513443585, 4.523561956057013, 4.700439718141093, 5.044394119358453, 4.954196310386875, 5.321928094887363, 5.044394119358453, 4.523561956057013], [3.321928094887362, 4.087462841250339, 2.0, 2.0, 1.0, 1.0, 3.0, 5.754887502163468, 4.0, 5.20945336562895, 5.129283016944966, 5.169925001442312, 4.807354922057604, 5.0, 5.426264754702098, 4.807354922057604, 4.954196310386875, 5.321928094887363, 5.20945336562895, 5.087462841250339, 5.20945336562895, 5.285402218862249, 4.906890595608519, 4.700439718141093], [3.807354922057604, 3.584962500721156, 2.321928094887362, 3.169925001442312, 1.584962500721156, 2.0, 3.9068905956085187, 5.20945336562895, 5.459431618637297, 5.459431618637297, 5.392317422778761, 5.321928094887363, 5.087462841250339, 4.906890595608519, 5.169925001442312, 4.754887502163468, 4.954196310386875, 5.0, 4.954196310386875, 4.523561956057013, 5.087462841250339, 5.0, 5.044394119358453, 3.807354922057604], [4.459431618637297, 3.169925001442312, 3.321928094887362, 2.321928094887362, 3.0, 2.0, 3.321928094887362, 5.044394119358453, 5.285402218862249, 5.357552004618084, 5.392317422778761, 4.700439718141093, 5.0, 5.392317422778761, 5.321928094887363, 5.426264754702098, 4.584962500721156, 5.169925001442312, 4.700439718141093, 5.169925001442312, 5.392317422778761, 5.20945336562895, 5.087462841250339, 4.392317422778761]]}