{"min": 0, "max": 9.977279923499916, "pieData": [[6.189824558880018, 5.321928094887363, 5.392317422778761, 4.954196310386875, 4.392317422778761, 4.584962500721156, 6.459431618637297, 6.977279923499917, 5.754887502163468, 5.357552004618084, 5.807354922057604, 6.392317422778761, 6.6293566200796095, 6.930737337562887, 6.94251450533924, 6.584962500721156, 6.954196310386875, 6.539158811108031, 6.768184324776926, 5.832890014164741, 6.78135971352466, 7.339850002884624, 7.294620748891627, 6.754887502163468], [6.22881869049588, 5.807354922057604, 5.78135971352466, 5.129283016944966, 4.643856189774724, 4.857980995127572, 6.339850002884624, 7.03342300153745, 6.357552004618084, 6.285402218862249, 6.189824558880018, 6.832890014164741, 6.882643049361842, 7.076815597050831, 7.087462841250339, 6.832890014164741, 7.149747119504682, 6.820178962415188, 7.011227255423254, 7.044394119358453, 7.159871336778389, 7.451211111832329, 7.312882955284356, 7.011227255423254], [6.22881869049588, 5.129283016944966, 5.78135971352466, 4.392317422778761, 4.459431618637297, 4.584962500721156, 6.459431618637297, 7.076815597050831, 6.189824558880018, 6.475733430966398, 6.321928094887363, 6.247927513443585, 6.78135971352466, 7.066089190457772, 6.918863237274595, 6.78135971352466, 6.906890595608519, 6.584962500721156, 6.569855608330948, 6.768184324776926, 4.169925001442312, 7.475733430966398, 7.03342300153745, 6.392317422778761], [6.539158811108031, 5.727920454563199, 5.614709844115208, 4.857980995127572, 4.954196310386875, 4.392317422778761, 6.266786540694901, 7.169925001442312, 5.977279923499917, 6.087462841250339, 6.6293566200796095, 6.794415866350106, 6.584962500721156, 7.066089190457772, 7.0, 6.832890014164741, 7.011227255423254, 6.6865005271832185, 6.794415866350106, 6.820178962415188, 7.022367813028454, 7.189824558880018, 7.312882955284356, 6.614709844115208], [6.20945336562895, 5.906890595608519, 5.643856189774724, 4.857980995127572, 4.523561956057013, 4.523561956057013, 6.108524456778169, 6.882643049361842, 6.426264754702098, 6.409390936137702, 6.426264754702098, 6.78135971352466, 6.768184324776926, 7.2384047393250786, 7.05528243550119, 6.954196310386875, 7.108524456778169, 7.044394119358453, 6.768184324776926, 7.044394119358453, 7.247927513443585, 7.20945336562895, 7.426264754702098, 6.857980995127572], [6.149747119504682, 6.149747119504682, 5.832890014164741, 5.044394119358453, 5.321928094887363, 4.584962500721156, 5.523561956057013, 6.357552004618084, 6.491853096329675, 6.672425341971495, 6.820178962415188, 6.918863237274595, 6.807354922057604, 7.011227255423254, 6.727920454563199, 6.614709844115208, 6.727920454563199, 6.870364719583405, 6.845490050944376, 6.794415866350106, 7.189824558880018, 7.3750394313469245, 7.022367813028454, 6.794415866350106], [6.247927513443585, 5.807354922057604, 5.491853096329675, 4.954196310386875, 4.584962500721156, 4.700439718141093, 5.321928094887363, 5.930737337562887, 6.584962500721156, 6.599912842187128, 6.6293566200796095, 6.954196310386875, 6.977279923499917, 7.247927513443585, 7.05528243550119, 7.066089190457772, 6.857980995127572, 7.149747119504682, 7.348728154231077, 7.076815597050831, 7.348728154231077, 7.7414669864011465, 7.266786540694901, 6.965784284662087]]}