{"min": 0, "max": 9.977279923499916, "pieData": [[6.523561956057013, 5.554588851677638, 5.426264754702098, 5.247927513443585, 4.0, 4.0, 5.700439718141093, 6.714245517666122, 6.339850002884624, 6.087462841250339, 6.672425341971495, 6.614709844115208, 6.832890014164741, 7.011227255423254, 6.857980995127572, 7.0, 6.894817763307944, 7.0, 6.491853096329675, 4.954196310386875, 6.78135971352466, 7.22881869049588, 6.965784284662087, 6.614709844115208], [6.392317422778761, 6.087462841250339, 5.643856189774724, 5.643856189774724, 4.584962500721156, 4.321928094887363, 5.614709844115208, 6.584962500721156, 6.392317422778761, 6.339850002884624, 6.643856189774724, 6.870364719583405, 6.906890595608519, 7.0, 7.076815597050831, 7.219168520462161, 6.807354922057604, 7.303780748177103, 6.94251450533924, 6.894817763307944, 7.159871336778389, 7.247927513443585, 6.977279923499917, 6.807354922057604], [6.189824558880018, 5.78135971352466, 5.554588851677638, 4.584962500721156, 4.321928094887363, 4.643856189774724, 5.087462841250339, 6.3750394313469245, 6.523561956057013, 6.247927513443585, 6.569855608330948, 6.569855608330948, 6.584962500721156, 6.672425341971495, 6.918863237274595, 7.0, 6.870364719583405, 6.894817763307944, 6.599912842187128, 6.3750394313469245, 3.700439718141092, 6.965784284662087, 6.820178962415188, 6.321928094887363], [6.442943495848728, 5.807354922057604, 5.78135971352466, 5.491853096329675, 4.906890595608519, 3.584962500721156, 5.584962500721156, 6.700439718141093, 6.584962500721156, 6.6865005271832185, 6.7414669864011465, 6.672425341971495, 6.523561956057013, 6.870364719583405, 7.159871336778389, 7.076815597050831, 6.870364719583405, 7.011227255423254, 6.7414669864011465, 6.643856189774724, 7.159871336778389, 6.906890595608519, 6.930737337562887, 6.614709844115208], [6.266786540694901, 6.285402218862249, 5.584962500721156, 5.20945336562895, 4.906890595608519, 4.087462841250339, 5.459431618637297, 6.672425341971495, 6.3750394313469245, 6.321928094887363, 6.700439718141093, 6.94251450533924, 6.539158811108031, 7.05528243550119, 7.066089190457772, 7.383704292474052, 7.03342300153745, 6.954196310386875, 6.459431618637297, 6.539158811108031, 7.383704292474052, 7.098032082960526, 7.149747119504682, 6.247927513443585], [6.3750394313469245, 5.857980995127572, 5.977279923499917, 5.247927513443585, 4.754887502163468, 3.9068905956085187, 5.129283016944966, 6.129283016944966, 6.507794640198696, 6.614709844115208, 6.882643049361842, 6.491853096329675, 6.658211482751795, 6.857980995127572, 6.807354922057604, 6.78135971352466, 6.727920454563199, 6.7414669864011465, 6.882643049361842, 6.9886846867721655, 7.20945336562895, 6.930737337562887, 6.714245517666122, 6.459431618637297], [6.3750394313469245, 6.044394119358453, 5.78135971352466, 5.614709844115208, 4.392317422778761, 4.392317422778761, 4.954196310386875, 5.392317422778761, 6.022367813028454, 6.266786540694901, 6.700439718141093, 6.554588851677638, 6.870364719583405, 6.9886846867721655, 6.832890014164741, 6.857980995127572, 6.794415866350106, 6.94251450533924, 7.0, 6.794415866350106, 7.366322214245816, 7.294620748891627, 7.011227255423254, 6.539158811108031]]}