{"min": 0, "max": 9.977279923499916, "pieData": [[4.700439718141093, 2.807354922057604, 3.321928094887362, 3.0, 4.087462841250339, 5.357552004618084, 5.129283016944966, 5.087462841250339, 5.672425341971495, 5.129283016944966, 4.643856189774724, 5.0, 4.700439718141093, 5.087462841250339, 5.672425341971495, 5.321928094887363, 5.643856189774724, 5.357552004618084, 4.906890595608519, 3.807354922057604, 4.523561956057013, 5.584962500721156, 5.426264754702098, 4.643856189774724], [3.807354922057604, 3.4594316186372973, 2.584962500721156, 2.807354922057604, 4.0, 5.426264754702098, 5.672425341971495, 5.727920454563199, 5.857980995127572, 5.584962500721156, 5.129283016944966, 5.087462841250339, 4.807354922057604, 5.321928094887363, 5.491853096329675, 5.584962500721156, 5.491853096329675, 5.672425341971495, 5.169925001442312, 5.392317422778761, 5.087462841250339, 5.20945336562895, 4.954196310386875, 4.247927513443585], [4.700439718141093, 3.4594316186372973, 3.321928094887362, 3.0, 2.807354922057604, 5.044394119358453, 4.906890595608519, 5.906890595608519, 5.0, 5.357552004618084, 5.20945336562895, 5.087462841250339, 5.044394119358453, 5.044394119358453, 5.643856189774724, 5.169925001442312, 5.491853096329675, 4.857980995127572, 5.0, 4.643856189774724, 2.321928094887362, 5.392317422778761, 5.044394119358453, 4.754887502163468], [4.087462841250339, 3.169925001442312, 4.0, 2.807354922057604, 4.459431618637297, 5.129283016944966, 4.807354922057604, 5.977279923499917, 5.807354922057604, 5.584962500721156, 5.392317422778761, 4.523561956057013, 4.906890595608519, 5.554588851677638, 5.523561956057013, 5.426264754702098, 5.044394119358453, 5.459431618637297, 5.087462841250339, 5.523561956057013, 5.0, 5.285402218862249, 5.357552004618084, 5.087462841250339], [4.754887502163468, 3.700439718141092, 3.169925001442312, 3.807354922057604, 3.9068905956085187, 4.807354922057604, 4.321928094887363, 5.882643049361842, 5.930737337562887, 5.906890595608519, 5.643856189774724, 5.20945336562895, 5.044394119358453, 5.247927513443585, 5.700439718141093, 5.78135971352466, 5.357552004618084, 5.169925001442312, 4.906890595608519, 4.954196310386875, 5.285402218862249, 5.491853096329675, 5.807354922057604, 4.857980995127572], [4.169925001442312, 3.169925001442312, 2.807354922057604, 4.169925001442312, 4.169925001442312, 4.700439718141093, 5.129283016944966, 5.554588851677638, 5.044394119358453, 5.78135971352466, 5.169925001442312, 5.321928094887363, 5.20945336562895, 5.129283016944966, 5.129283016944966, 5.20945336562895, 5.169925001442312, 4.700439718141093, 4.700439718141093, 4.807354922057604, 4.459431618637297, 4.754887502163468, 4.754887502163468, 4.523561956057013], [4.0, 3.584962500721156, 4.169925001442312, 2.321928094887362, 4.247927513443585, 4.247927513443585, 5.584962500721156, 5.523561956057013, 4.857980995127572, 5.044394119358453, 5.0, 4.459431618637297, 4.857980995127572, 5.523561956057013, 5.247927513443585, 5.285402218862249, 4.857980995127572, 5.20945336562895, 5.169925001442312, 5.554588851677638, 5.954196310386875, 5.700439718141093, 5.554588851677638, 5.169925001442312]]}