{"min": 0, "max": 9.977279923499916, "pieData": [[4.459431618637297, 4.087462841250339, 4.0, 3.169925001442312, 3.321928094887362, 3.700439718141092, 5.584962500721156, 6.459431618637297, 5.491853096329675, 5.614709844115208, 5.614709844115208, 5.727920454563199, 5.672425341971495, 5.807354922057604, 6.044394119358453, 5.672425341971495, 5.727920454563199, 5.392317422778761, 5.584962500721156, 4.321928094887363, 5.087462841250339, 5.807354922057604, 5.459431618637297, 4.954196310386875], [4.954196310386875, 4.247927513443585, 4.392317422778761, 3.321928094887362, 2.807354922057604, 3.169925001442312, 5.044394119358453, 6.409390936137702, 6.0, 5.584962500721156, 5.700439718141093, 5.523561956057013, 5.554588851677638, 6.0, 5.643856189774724, 5.882643049361842, 5.523561956057013, 5.700439718141093, 5.554588851677638, 5.459431618637297, 5.614709844115208, 5.832890014164741, 5.392317422778761, 5.129283016944966], [4.169925001442312, 4.087462841250339, 4.392317422778761, 3.584962500721156, 3.4594316186372973, 3.4594316186372973, 4.906890595608519, 6.20945336562895, 5.554588851677638, 5.700439718141093, 5.129283016944966, 5.643856189774724, 5.614709844115208, 5.584962500721156, 5.954196310386875, 5.614709844115208, 5.643856189774724, 5.857980995127572, 5.321928094887363, 5.357552004618084, 2.584962500721156, 5.426264754702098, 5.357552004618084, 5.044394119358453], [4.954196310386875, 4.169925001442312, 4.321928094887363, 4.247927513443585, 3.0, 3.700439718141092, 4.807354922057604, 6.3750394313469245, 5.78135971352466, 5.554588851677638, 5.357552004618084, 5.426264754702098, 5.832890014164741, 5.700439718141093, 6.0, 5.169925001442312, 5.614709844115208, 5.285402218862249, 5.672425341971495, 5.700439718141093, 5.392317422778761, 5.832890014164741, 5.977279923499917, 5.491853096329675], [5.321928094887363, 4.906890595608519, 4.321928094887363, 3.4594316186372973, 3.0, 3.321928094887362, 4.954196310386875, 6.339850002884624, 5.285402218862249, 5.247927513443585, 5.20945336562895, 5.614709844115208, 5.321928094887363, 6.0, 5.321928094887363, 6.066089190457772, 5.614709844115208, 6.044394119358453, 6.189824558880018, 6.022367813028454, 5.807354922057604, 5.584962500721156, 5.727920454563199, 5.129283016944966], [4.392317422778761, 5.0, 4.643856189774724, 4.169925001442312, 2.807354922057604, 4.321928094887363, 5.087462841250339, 5.614709844115208, 6.247927513443585, 5.672425341971495, 5.643856189774724, 5.584962500721156, 5.754887502163468, 6.169925001442312, 5.930737337562887, 5.321928094887363, 5.321928094887363, 5.491853096329675, 5.754887502163468, 5.554588851677638, 5.247927513443585, 5.459431618637297, 5.357552004618084, 4.954196310386875], [5.044394119358453, 4.954196310386875, 3.700439718141092, 3.584962500721156, 2.584962500721156, 3.321928094887362, 4.807354922057604, 5.129283016944966, 5.643856189774724, 5.584962500721156, 5.247927513443585, 5.906890595608519, 6.044394119358453, 6.129283016944966, 6.108524456778169, 5.554588851677638, 5.727920454563199, 5.857980995127572, 5.614709844115208, 5.357552004618084, 5.977279923499917, 6.022367813028454, 5.426264754702098, 4.954196310386875]]}