{"min": 0, "max": 9.977279923499916, "pieData": [[6.321928094887363, 4.857980995127572, 4.700439718141093, 4.700439718141093, 4.247927513443585, 4.169925001442312, 5.491853096329675, 6.066089190457772, 6.426264754702098, 6.643856189774724, 6.539158811108031, 6.339850002884624, 6.442943495848728, 6.6293566200796095, 6.658211482751795, 6.6865005271832185, 6.491853096329675, 6.554588851677638, 5.754887502163468, 4.700439718141093, 5.930737337562887, 7.066089190457772, 6.894817763307944, 6.459431618637297], [6.0, 5.321928094887363, 4.643856189774724, 4.0, 4.169925001442312, 3.807354922057604, 5.169925001442312, 6.087462841250339, 6.714245517666122, 6.491853096329675, 6.643856189774724, 6.714245517666122, 6.285402218862249, 6.807354922057604, 6.700439718141093, 6.754887502163468, 6.554588851677638, 6.554588851677638, 6.087462841250339, 6.491853096329675, 6.442943495848728, 7.0, 6.807354922057604, 6.523561956057013], [5.807354922057604, 5.426264754702098, 4.584962500721156, 4.392317422778761, 4.087462841250339, 3.9068905956085187, 4.754887502163468, 6.247927513443585, 6.459431618637297, 6.475733430966398, 6.442943495848728, 6.392317422778761, 6.3750394313469245, 6.599912842187128, 6.807354922057604, 6.475733430966398, 6.247927513443585, 6.149747119504682, 6.066089190457772, 6.066089190457772, 3.4594316186372973, 6.807354922057604, 6.321928094887363, 6.409390936137702], [5.954196310386875, 5.491853096329675, 4.643856189774724, 4.321928094887363, 4.247927513443585, 4.087462841250339, 4.643856189774724, 6.321928094887363, 6.643856189774724, 6.569855608330948, 6.459431618637297, 6.584962500721156, 6.266786540694901, 6.491853096329675, 6.794415866350106, 6.614709844115208, 6.569855608330948, 6.599912842187128, 6.044394119358453, 6.129283016944966, 6.523561956057013, 6.78135971352466, 6.78135971352466, 6.507794640198696], [6.129283016944966, 5.321928094887363, 5.169925001442312, 4.392317422778761, 3.4594316186372973, 3.4594316186372973, 5.169925001442312, 6.321928094887363, 6.78135971352466, 6.339850002884624, 6.599912842187128, 6.339850002884624, 6.523561956057013, 6.459431618637297, 6.714245517666122, 6.845490050944376, 6.507794640198696, 6.442943495848728, 6.044394119358453, 6.044394119358453, 6.539158811108031, 6.357552004618084, 6.700439718141093, 6.554588851677638], [6.022367813028454, 5.672425341971495, 4.857980995127572, 4.584962500721156, 4.247927513443585, 4.247927513443585, 4.906890595608519, 6.108524456778169, 6.768184324776926, 6.108524456778169, 6.129283016944966, 6.087462841250339, 6.392317422778761, 6.426264754702098, 6.539158811108031, 6.22881869049588, 5.78135971352466, 5.882643049361842, 6.266786540694901, 5.857980995127572, 6.066089190457772, 6.20945336562895, 6.066089190457772, 5.727920454563199], [5.832890014164741, 5.20945336562895, 5.129283016944966, 4.459431618637297, 3.4594316186372973, 3.4594316186372973, 4.459431618637297, 5.044394119358453, 6.0, 5.643856189774724, 5.954196310386875, 5.523561956057013, 6.087462841250339, 6.247927513443585, 6.20945336562895, 6.087462841250339, 6.321928094887363, 5.977279923499917, 5.672425341971495, 5.523561956057013, 6.392317422778761, 6.20945336562895, 6.539158811108031, 5.672425341971495]]}