{"min": 0, "max": 9.977279923499916, "pieData": [[6.044394119358453, 5.044394119358453, 4.459431618637297, 4.169925001442312, 3.807354922057604, 3.9068905956085187, 6.285402218862249, 6.584962500721156, 6.426264754702098, 6.149747119504682, 6.554588851677638, 7.05528243550119, 6.870364719583405, 7.22881869049588, 7.3750394313469245, 7.392317422778761, 7.199672344836364, 7.108524456778169, 6.658211482751795, 5.20945336562895, 6.339850002884624, 6.965784284662087, 7.118941072723508, 6.870364719583405], [6.409390936137702, 6.066089190457772, 5.426264754702098, 4.392317422778761, 3.584962500721156, 3.9068905956085187, 5.882643049361842, 6.94251450533924, 6.820178962415188, 6.523561956057013, 7.129283016944966, 7.159871336778389, 7.139551352398794, 7.05528243550119, 7.285402218862249, 7.285402218862249, 6.9886846867721655, 6.906890595608519, 6.6865005271832185, 6.954196310386875, 7.05528243550119, 7.076815597050831, 6.965784284662087, 6.459431618637297], [6.044394119358453, 5.20945336562895, 4.857980995127572, 4.321928094887363, 4.392317422778761, 4.392317422778761, 5.700439718141093, 6.6865005271832185, 6.9886846867721655, 7.066089190457772, 6.727920454563199, 7.118941072723508, 6.78135971352466, 6.918863237274595, 7.022367813028454, 7.2384047393250786, 7.087462841250339, 7.169925001442312, 6.584962500721156, 6.554588851677638, 4.087462841250339, 6.426264754702098, 6.807354922057604, 6.357552004618084], [6.108524456778169, 5.357552004618084, 5.643856189774724, 4.954196310386875, 3.4594316186372973, 4.392317422778761, 5.584962500721156, 6.965784284662087, 6.894817763307944, 6.768184324776926, 6.965784284662087, 6.807354922057604, 6.6293566200796095, 7.098032082960526, 7.2384047393250786, 7.199672344836364, 7.066089190457772, 6.9886846867721655, 6.409390936137702, 6.832890014164741, 6.9886846867721655, 6.78135971352466, 6.614709844115208, 6.820178962415188], [6.247927513443585, 5.129283016944966, 4.754887502163468, 4.459431618637297, 3.9068905956085187, 4.0, 5.584962500721156, 6.807354922057604, 6.754887502163468, 6.7414669864011465, 7.219168520462161, 6.965784284662087, 6.918863237274595, 7.011227255423254, 7.2384047393250786, 7.199672344836364, 6.906890595608519, 7.022367813028454, 6.20945336562895, 6.247927513443585, 6.94251450533924, 6.930737337562887, 6.459431618637297, 6.643856189774724], [6.285402218862249, 5.954196310386875, 5.426264754702098, 4.700439718141093, 4.169925001442312, 4.807354922057604, 5.392317422778761, 6.507794640198696, 6.857980995127572, 7.076815597050831, 6.930737337562887, 6.918863237274595, 6.906890595608519, 6.94251450533924, 7.011227255423254, 6.857980995127572, 6.882643049361842, 6.870364719583405, 6.614709844115208, 6.357552004618084, 6.459431618637297, 6.523561956057013, 6.78135971352466, 6.392317422778761], [5.977279923499917, 5.977279923499917, 5.247927513443585, 5.169925001442312, 4.087462841250339, 4.392317422778761, 5.247927513443585, 5.954196310386875, 6.754887502163468, 6.491853096329675, 6.714245517666122, 6.714245517666122, 6.930737337562887, 6.754887502163468, 7.0, 6.714245517666122, 6.672425341971495, 6.700439718141093, 6.539158811108031, 6.614709844115208, 6.857980995127572, 6.965784284662087, 6.882643049361842, 6.442943495848728]]}