{"min": 0, "max": 9.977279923499916, "pieData": [[3.4594316186372973, 1.584962500721156, 1.584962500721156, 1.0, 0.0, 1.0, 2.584962500721156, 3.321928094887362, 3.0, 3.9068905956085187, 3.584962500721156, 4.0, 3.9068905956085187, 3.9068905956085187, 4.523561956057013, 4.523561956057013, 4.754887502163468, 4.700439718141093, 4.169925001442312, 3.0, 4.584962500721156, 4.459431618637297, 3.807354922057604, 2.0], [1.584962500721156, 2.321928094887362, 1.584962500721156, 2.321928094887362, 0.0, 0.0, 1.584962500721156, 2.0, 2.584962500721156, 3.807354922057604, 3.700439718141092, 4.392317422778761, 3.9068905956085187, 4.459431618637297, 4.087462841250339, 4.857980995127572, 4.906890595608519, 4.754887502163468, 5.087462841250339, 4.459431618637297, 3.4594316186372973, 3.584962500721156, 3.584962500721156, 3.321928094887362], [1.584962500721156, 1.0, 2.321928094887362, 0.0, 0.0, 1.0, 1.584962500721156, 3.0, 3.0, 3.0, 3.584962500721156, 3.9068905956085187, 4.087462841250339, 4.459431618637297, 4.169925001442312, 4.584962500721156, 4.523561956057013, 5.044394119358453, 4.807354922057604, 4.523561956057013, 2.0, 4.459431618637297, 4.0, 2.0], [2.584962500721156, 1.584962500721156, 1.584962500721156, 0.0, 1.0, 1.0, 1.0, 2.321928094887362, 2.0, 3.584962500721156, 4.169925001442312, 3.584962500721156, 3.4594316186372973, 4.0, 4.523561956057013, 4.459431618637297, 4.807354922057604, 4.754887502163468, 4.954196310386875, 4.0, 4.321928094887363, 4.169925001442312, 3.0, 1.584962500721156], [2.321928094887362, 1.0, 1.584962500721156, 1.0, 2.0, 1.0, 2.0, 2.321928094887362, 3.700439718141092, 3.584962500721156, 4.0, 4.087462841250339, 4.392317422778761, 4.247927513443585, 4.523561956057013, 4.754887502163468, 4.523561956057013, 5.0, 4.807354922057604, 4.643856189774724, 4.087462841250339, 4.459431618637297, 4.0, 3.4594316186372973], [3.169925001442312, 2.0, 0.0, 1.0, 0.0, 1.0, 0.0, 3.4594316186372973, 3.169925001442312, 3.584962500721156, 3.584962500721156, 3.9068905956085187, 4.584962500721156, 4.321928094887363, 4.169925001442312, 4.906890595608519, 5.459431618637297, 5.087462841250339, 4.807354922057604, 4.807354922057604, 5.044394119358453, 4.700439718141093, 3.4594316186372973, 3.4594316186372973], [2.321928094887362, 2.0, 2.321928094887362, 1.0, 0.0, 0.0, 2.584962500721156, 1.584962500721156, 3.0, 3.169925001442312, 3.4594316186372973, 4.087462841250339, 5.0, 4.857980995127572, 5.0, 5.129283016944966, 4.906890595608519, 5.20945336562895, 5.285402218862249, 5.169925001442312, 4.643856189774724, 4.643856189774724, 4.523561956057013, 3.700439718141092]]}