{"min": 0, "max": 9.977279923499916, "pieData": [[5.169925001442312, 5.087462841250339, 4.459431618637297, 4.392317422778761, 3.4594316186372973, 4.169925001442312, 5.491853096329675, 7.03342300153745, 7.076815597050831, 7.118941072723508, 7.20945336562895, 6.930737337562887, 7.05528243550119, 6.643856189774724, 7.442943495848728, 7.294620748891627, 6.954196310386875, 6.965784284662087, 6.906890595608519, 5.087462841250339, 5.247927513443585, 6.894817763307944, 6.442943495848728, 6.044394119358453], [5.807354922057604, 5.247927513443585, 5.20945336562895, 4.700439718141093, 4.754887502163468, 4.169925001442312, 5.523561956057013, 6.857980995127572, 7.011227255423254, 7.044394119358453, 7.05528243550119, 6.7414669864011465, 6.491853096329675, 6.906890595608519, 7.076815597050831, 7.03342300153745, 7.257387842692652, 6.7414669864011465, 6.658211482751795, 6.954196310386875, 6.7414669864011465, 6.20945336562895, 6.20945336562895, 6.0], [5.169925001442312, 5.087462841250339, 4.584962500721156, 4.169925001442312, 3.807354922057604, 4.247927513443585, 4.807354922057604, 6.6865005271832185, 6.820178962415188, 6.754887502163468, 6.78135971352466, 6.857980995127572, 6.409390936137702, 6.554588851677638, 6.954196310386875, 6.832890014164741, 6.965784284662087, 6.930737337562887, 6.672425341971495, 6.321928094887363, 4.169925001442312, 6.6293566200796095, 6.303780748177103, 6.108524456778169], [5.643856189774724, 4.906890595608519, 4.807354922057604, 4.321928094887363, 3.807354922057604, 4.087462841250339, 5.0, 6.409390936137702, 6.882643049361842, 6.714245517666122, 6.285402218862249, 6.392317422778761, 6.285402218862249, 6.0, 6.491853096329675, 6.870364719583405, 6.820178962415188, 6.700439718141093, 6.754887502163468, 6.599912842187128, 6.6293566200796095, 6.78135971352466, 6.491853096329675, 5.954196310386875], [5.584962500721156, 4.807354922057604, 4.584962500721156, 4.321928094887363, 3.321928094887362, 3.807354922057604, 4.954196310386875, 6.569855608330948, 6.9886846867721655, 7.1799090900149345, 6.977279923499917, 6.894817763307944, 6.6293566200796095, 6.94251450533924, 7.066089190457772, 7.098032082960526, 6.930737337562887, 6.820178962415188, 6.0, 6.584962500721156, 6.965784284662087, 6.584962500721156, 6.672425341971495, 6.475733430966398], [5.78135971352466, 5.426264754702098, 4.906890595608519, 5.044394119358453, 3.584962500721156, 3.584962500721156, 5.20945336562895, 6.129283016944966, 6.392317422778761, 6.906890595608519, 6.6293566200796095, 6.977279923499917, 6.894817763307944, 6.965784284662087, 6.409390936137702, 6.3750394313469245, 6.807354922057604, 6.857980995127572, 6.857980995127572, 6.78135971352466, 6.78135971352466, 6.475733430966398, 6.357552004618084, 6.392317422778761], [5.832890014164741, 5.584962500721156, 5.169925001442312, 4.584962500721156, 3.584962500721156, 4.0, 4.906890595608519, 5.392317422778761, 6.475733430966398, 6.599912842187128, 7.011227255423254, 6.584962500721156, 6.714245517666122, 6.7414669864011465, 6.794415866350106, 6.614709844115208, 6.794415866350106, 6.857980995127572, 6.539158811108031, 6.7414669864011465, 6.459431618637297, 6.584962500721156, 6.247927513443585, 5.930737337562887]]}