{"min": 0, "max": 9.977279923499916, "pieData": [[4.523561956057013, 2.0, 2.807354922057604, 2.584962500721156, 2.321928094887362, 2.321928094887362, 3.700439718141092, 4.0, 5.672425341971495, 5.285402218862249, 4.857980995127572, 4.954196310386875, 5.554588851677638, 4.584962500721156, 6.0, 5.614709844115208, 5.044394119358453, 5.882643049361842, 5.700439718141093, 4.247927513443585, 4.700439718141093, 5.491853096329675, 6.169925001442312, 5.700439718141093], [4.700439718141093, 3.4594316186372973, 3.584962500721156, 2.321928094887362, 0.0, 2.0, 3.700439718141092, 4.087462841250339, 6.022367813028454, 5.523561956057013, 5.672425341971495, 5.554588851677638, 5.930737337562887, 5.754887502163468, 5.807354922057604, 5.643856189774724, 5.169925001442312, 6.087462841250339, 5.882643049361842, 5.807354922057604, 5.832890014164741, 5.857980995127572, 6.066089190457772, 5.459431618637297], [4.321928094887363, 3.321928094887362, 3.321928094887362, 2.584962500721156, 1.584962500721156, 1.0, 2.0, 4.643856189774724, 5.392317422778761, 5.459431618637297, 5.392317422778761, 5.614709844115208, 5.285402218862249, 5.392317422778761, 5.523561956057013, 5.584962500721156, 5.321928094887363, 5.700439718141093, 5.20945336562895, 5.087462841250339, 3.0, 5.700439718141093, 5.954196310386875, 5.20945336562895], [4.0, 2.321928094887362, 1.584962500721156, 1.0, 1.584962500721156, 1.584962500721156, 3.0, 4.392317422778761, 4.954196310386875, 5.357552004618084, 5.426264754702098, 5.321928094887363, 5.285402218862249, 5.247927513443585, 5.584962500721156, 5.832890014164741, 5.554588851677638, 5.672425341971495, 5.0, 5.357552004618084, 5.700439718141093, 5.672425341971495, 5.977279923499917, 5.700439718141093], [4.169925001442312, 3.0, 2.321928094887362, 1.0, 1.584962500721156, 2.0, 2.0, 4.321928094887363, 5.247927513443585, 4.643856189774724, 5.20945336562895, 5.459431618637297, 5.044394119358453, 5.20945336562895, 5.672425341971495, 5.554588851677638, 5.321928094887363, 5.169925001442312, 4.459431618637297, 5.459431618637297, 5.78135971352466, 5.321928094887363, 5.832890014164741, 5.357552004618084], [5.044394119358453, 4.807354922057604, 2.584962500721156, 2.807354922057604, 1.0, 1.0, 3.4594316186372973, 4.169925001442312, 4.807354922057604, 4.392317422778761, 4.700439718141093, 4.523561956057013, 4.754887502163468, 4.459431618637297, 4.392317422778761, 4.087462841250339, 3.700439718141092, 4.523561956057013, 4.700439718141093, 5.087462841250339, 3.700439718141092, 4.807354922057604, 5.357552004618084, 4.906890595608519], [3.807354922057604, 3.584962500721156, 2.807354922057604, 2.0, 1.0, 1.0, 2.807354922057604, 3.4594316186372973, 4.247927513443585, 4.459431618637297, 3.9068905956085187, 4.087462841250339, 4.321928094887363, 4.392317422778761, 3.9068905956085187, 3.9068905956085187, 3.169925001442312, 3.321928094887362, 4.584962500721156, 4.857980995127572, 4.643856189774724, 4.087462841250339, 4.954196310386875, 4.754887502163468]]}