{"min": 0, "max": 9.977279923499916, "pieData": [[2.0, 1.584962500721156, 1.584962500721156, 0.0, 1.0, 0.0, 4.0, 4.954196310386875, 5.285402218862249, 5.321928094887363, 4.584962500721156, 4.584962500721156, 4.087462841250339, 4.807354922057604, 4.392317422778761, 4.584962500721156, 4.321928094887363, 4.459431618637297, 4.247927513443585, 3.4594316186372973, 3.584962500721156, 4.087462841250339, 3.584962500721156, 2.584962500721156], [3.169925001442312, 2.0, 2.584962500721156, 2.321928094887362, 1.584962500721156, 1.0, 3.169925001442312, 4.807354922057604, 5.129283016944966, 4.523561956057013, 3.4594316186372973, 4.247927513443585, 4.0, 4.754887502163468, 4.087462841250339, 3.9068905956085187, 4.321928094887363, 4.169925001442312, 4.169925001442312, 3.700439718141092, 3.9068905956085187, 4.321928094887363, 3.807354922057604, 3.584962500721156], [2.321928094887362, 2.584962500721156, 1.584962500721156, 1.0, 0.0, 0.0, 2.807354922057604, 4.321928094887363, 4.807354922057604, 4.247927513443585, 3.9068905956085187, 4.087462841250339, 4.247927513443585, 4.643856189774724, 4.584962500721156, 4.321928094887363, 4.321928094887363, 4.087462841250339, 3.584962500721156, 3.584962500721156, 2.0, 3.807354922057604, 3.700439718141092, 3.169925001442312], [1.0, 2.584962500721156, 1.0, 0.0, 2.0, 0.0, 2.807354922057604, 4.584962500721156, 4.584962500721156, 4.700439718141093, 3.584962500721156, 2.584962500721156, 2.0, 3.4594316186372973, 4.754887502163468, 4.459431618637297, 4.0, 4.0, 4.459431618637297, 3.584962500721156, 3.9068905956085187, 4.247927513443585, 4.754887502163468, 2.807354922057604], [2.584962500721156, 1.584962500721156, 0.0, 1.584962500721156, 0.0, 1.0, 3.0, 4.754887502163468, 5.285402218862249, 5.087462841250339, 4.0, 4.392317422778761, 3.4594316186372973, 3.807354922057604, 3.584962500721156, 4.0, 4.807354922057604, 4.459431618637297, 4.321928094887363, 4.392317422778761, 3.4594316186372973, 4.523561956057013, 3.9068905956085187, 3.700439718141092], [3.169925001442312, 2.807354922057604, 1.0, 0.0, 1.0, 1.0, 2.807354922057604, 3.4594316186372973, 4.754887502163468, 4.392317422778761, 4.700439718141093, 4.087462841250339, 4.0, 4.584962500721156, 4.643856189774724, 3.584962500721156, 3.9068905956085187, 4.523561956057013, 4.392317422778761, 4.392317422778761, 3.584962500721156, 3.700439718141092, 4.087462841250339, 3.321928094887362], [2.321928094887362, 1.584962500721156, 1.0, 1.584962500721156, 1.0, 0.0, 3.169925001442312, 4.087462841250339, 4.459431618637297, 4.087462841250339, 4.392317422778761, 3.700439718141092, 3.4594316186372973, 4.321928094887363, 3.584962500721156, 4.584962500721156, 4.0, 4.0, 4.0, 4.247927513443585, 3.9068905956085187, 3.9068905956085187, 3.807354922057604, 3.169925001442312]]}