{"min": 0, "max": 9.977279923499916, "pieData": [[5.523561956057013, 5.087462841250339, 4.0, 3.4594316186372973, 3.4594316186372973, 3.584962500721156, 5.0, 6.539158811108031, 6.507794640198696, 6.129283016944966, 6.20945336562895, 5.321928094887363, 5.977279923499917, 6.066089190457772, 6.247927513443585, 5.977279923499917, 5.643856189774724, 6.087462841250339, 5.554588851677638, 4.643856189774724, 4.584962500721156, 6.022367813028454, 5.930737337562887, 5.285402218862249], [5.392317422778761, 4.857980995127572, 4.643856189774724, 3.807354922057604, 3.0, 3.4594316186372973, 5.0, 6.266786540694901, 6.247927513443585, 6.321928094887363, 5.882643049361842, 5.614709844115208, 5.857980995127572, 5.807354922057604, 5.832890014164741, 5.857980995127572, 5.459431618637297, 5.643856189774724, 5.584962500721156, 5.643856189774724, 5.321928094887363, 6.044394119358453, 5.807354922057604, 5.357552004618084], [5.523561956057013, 5.0, 3.4594316186372973, 3.807354922057604, 3.0, 1.584962500721156, 4.643856189774724, 6.066089190457772, 6.022367813028454, 6.0, 5.614709844115208, 5.087462841250339, 5.727920454563199, 5.426264754702098, 5.044394119358453, 5.321928094887363, 5.321928094887363, 5.523561956057013, 5.643856189774724, 5.614709844115208, 3.169925001442312, 5.857980995127572, 5.321928094887363, 5.392317422778761], [5.554588851677638, 4.523561956057013, 4.857980995127572, 3.700439718141092, 3.321928094887362, 2.807354922057604, 4.857980995127572, 6.321928094887363, 5.930737337562887, 5.459431618637297, 5.044394119358453, 4.754887502163468, 5.0, 4.700439718141093, 5.169925001442312, 5.78135971352466, 5.321928094887363, 5.584962500721156, 5.523561956057013, 5.727920454563199, 5.754887502163468, 5.977279923499917, 5.977279923499917, 5.247927513443585], [5.78135971352466, 5.285402218862249, 5.0, 3.9068905956085187, 3.584962500721156, 2.321928094887362, 4.857980995127572, 6.189824558880018, 6.442943495848728, 6.0, 5.754887502163468, 5.614709844115208, 5.584962500721156, 6.087462841250339, 6.22881869049588, 5.930737337562887, 5.523561956057013, 5.954196310386875, 5.643856189774724, 5.614709844115208, 5.906890595608519, 5.882643049361842, 5.491853096329675, 5.523561956057013], [5.20945336562895, 5.0, 4.754887502163468, 4.754887502163468, 3.169925001442312, 2.0, 4.0, 5.459431618637297, 6.022367813028454, 6.087462841250339, 5.584962500721156, 5.129283016944966, 5.643856189774724, 5.857980995127572, 5.584962500721156, 5.930737337562887, 6.129283016944966, 6.022367813028454, 5.954196310386875, 5.832890014164741, 5.857980995127572, 5.554588851677638, 5.672425341971495, 5.20945336562895], [5.977279923499917, 4.906890595608519, 4.523561956057013, 4.754887502163468, 4.392317422778761, 3.584962500721156, 4.392317422778761, 4.700439718141093, 5.643856189774724, 5.727920454563199, 5.882643049361842, 5.906890595608519, 5.491853096329675, 6.044394119358453, 6.0, 5.832890014164741, 5.906890595608519, 5.129283016944966, 5.554588851677638, 5.832890014164741, 5.977279923499917, 5.754887502163468, 5.584962500721156, 5.0]]}