{"min": 0, "max": 9.977279923499916, "pieData": [[4.754887502163468, 4.247927513443585, 3.9068905956085187, 3.321928094887362, 2.0, 3.584962500721156, 5.392317422778761, 6.807354922057604, 6.714245517666122, 6.965784284662087, 7.087462841250339, 6.906890595608519, 6.700439718141093, 6.266786540694901, 6.614709844115208, 6.794415866350106, 6.820178962415188, 6.754887502163468, 5.857980995127572, 5.392317422778761, 5.554588851677638, 6.339850002884624, 5.807354922057604, 5.643856189774724], [4.523561956057013, 5.087462841250339, 3.807354922057604, 3.700439718141092, 2.807354922057604, 3.4594316186372973, 5.0, 6.882643049361842, 6.977279923499917, 7.312882955284356, 7.076815597050831, 7.022367813028454, 6.614709844115208, 6.392317422778761, 6.78135971352466, 6.845490050944376, 6.78135971352466, 7.011227255423254, 6.129283016944966, 6.266786540694901, 6.392317422778761, 6.169925001442312, 6.442943495848728, 5.459431618637297], [5.044394119358453, 4.169925001442312, 3.9068905956085187, 2.584962500721156, 1.584962500721156, 4.247927513443585, 5.321928094887363, 6.768184324776926, 6.6865005271832185, 7.098032082960526, 6.7414669864011465, 7.022367813028454, 6.554588851677638, 6.169925001442312, 6.6293566200796095, 6.870364719583405, 6.643856189774724, 6.523561956057013, 5.857980995127572, 6.108524456778169, 3.4594316186372973, 6.507794640198696, 5.807354922057604, 5.614709844115208], [5.20945336562895, 4.523561956057013, 3.807354922057604, 3.9068905956085187, 1.0, 2.321928094887362, 4.584962500721156, 6.977279923499917, 6.832890014164741, 7.1799090900149345, 7.266786540694901, 7.199672344836364, 6.3750394313469245, 5.977279923499917, 6.6293566200796095, 6.727920454563199, 6.918863237274595, 6.3750394313469245, 6.022367813028454, 6.22881869049588, 6.442943495848728, 6.426264754702098, 6.247927513443585, 5.614709844115208], [4.954196310386875, 4.0, 3.584962500721156, 3.584962500721156, 2.584962500721156, 3.9068905956085187, 4.857980995127572, 6.768184324776926, 6.78135971352466, 7.011227255423254, 7.098032082960526, 6.94251450533924, 6.266786540694901, 6.129283016944966, 6.700439718141093, 6.832890014164741, 6.727920454563199, 6.357552004618084, 5.614709844115208, 6.129283016944966, 6.129283016944966, 6.321928094887363, 6.491853096329675, 6.044394119358453], [5.169925001442312, 4.584962500721156, 4.643856189774724, 3.0, 3.9068905956085187, 3.0, 4.459431618637297, 5.643856189774724, 6.820178962415188, 6.918863237274595, 6.554588851677638, 6.857980995127572, 6.247927513443585, 6.285402218862249, 6.599912842187128, 6.285402218862249, 6.169925001442312, 6.303780748177103, 6.066089190457772, 5.78135971352466, 5.807354922057604, 5.614709844115208, 5.857980995127572, 5.459431618637297], [5.392317422778761, 5.129283016944966, 3.9068905956085187, 3.584962500721156, 3.0, 3.4594316186372973, 4.0, 5.20945336562895, 6.339850002884624, 6.357552004618084, 6.832890014164741, 6.584962500721156, 6.409390936137702, 6.044394119358453, 6.7414669864011465, 6.523561956057013, 6.442943495848728, 6.539158811108031, 6.0, 5.930737337562887, 6.339850002884624, 6.129283016944966, 6.169925001442312, 5.426264754702098]]}