{"min": 0, "max": 9.977279923499916, "pieData": [[5.614709844115208, 4.321928094887363, 3.584962500721156, 3.4594316186372973, 3.0, 3.807354922057604, 5.584962500721156, 6.832890014164741, 5.643856189774724, 6.906890595608519, 6.539158811108031, 6.303780748177103, 6.321928094887363, 6.459431618637297, 6.614709844115208, 6.491853096329675, 6.22881869049588, 6.303780748177103, 6.409390936137702, 5.643856189774724, 6.108524456778169, 6.658211482751795, 6.321928094887363, 6.3750394313469245], [6.044394119358453, 5.20945336562895, 4.392317422778761, 3.321928094887362, 3.4594316186372973, 3.169925001442312, 5.169925001442312, 6.672425341971495, 6.426264754702098, 6.857980995127572, 6.78135971352466, 6.78135971352466, 5.78135971352466, 6.523561956057013, 6.507794640198696, 6.459431618637297, 5.930737337562887, 6.523561956057013, 6.392317422778761, 6.426264754702098, 6.714245517666122, 6.845490050944376, 6.108524456778169, 5.954196310386875], [5.523561956057013, 4.700439718141093, 3.0, 3.4594316186372973, 2.584962500721156, 4.0, 5.129283016944966, 6.832890014164741, 6.658211482751795, 7.118941072723508, 6.426264754702098, 6.285402218862249, 6.169925001442312, 6.285402218862249, 6.321928094887363, 6.149747119504682, 6.22881869049588, 6.087462841250339, 6.20945336562895, 5.78135971352466, 3.169925001442312, 6.392317422778761, 6.129283016944966, 5.906890595608519], [5.044394119358453, 4.247927513443585, 4.392317422778761, 4.0, 2.807354922057604, 3.321928094887362, 4.643856189774724, 7.066089190457772, 6.507794640198696, 6.906890595608519, 6.768184324776926, 6.321928094887363, 6.044394119358453, 6.409390936137702, 6.507794640198696, 6.339850002884624, 6.3750394313469245, 6.459431618637297, 6.20945336562895, 6.672425341971495, 6.539158811108031, 6.7414669864011465, 6.507794640198696, 5.754887502163468], [5.044394119358453, 4.807354922057604, 4.087462841250339, 4.392317422778761, 3.4594316186372973, 3.700439718141092, 4.954196310386875, 6.794415866350106, 6.820178962415188, 7.0, 6.714245517666122, 6.491853096329675, 6.022367813028454, 6.584962500721156, 6.643856189774724, 6.554588851677638, 6.459431618637297, 6.754887502163468, 6.108524456778169, 6.507794640198696, 6.266786540694901, 6.554588851677638, 6.857980995127572, 6.022367813028454], [5.285402218862249, 5.554588851677638, 5.087462841250339, 4.0, 4.087462841250339, 3.169925001442312, 4.954196310386875, 6.22881869049588, 6.894817763307944, 6.614709844115208, 6.357552004618084, 6.022367813028454, 6.6865005271832185, 6.169925001442312, 6.321928094887363, 6.507794640198696, 5.906890595608519, 6.247927513443585, 6.22881869049588, 5.857980995127572, 6.442943495848728, 6.266786540694901, 5.954196310386875, 5.614709844115208], [5.426264754702098, 5.20945336562895, 4.857980995127572, 3.169925001442312, 3.9068905956085187, 3.0, 4.321928094887363, 5.857980995127572, 6.149747119504682, 6.409390936137702, 6.087462841250339, 5.954196310386875, 6.169925001442312, 6.149747119504682, 6.22881869049588, 6.247927513443585, 6.149747119504682, 6.569855608330948, 6.459431618637297, 6.066089190457772, 6.426264754702098, 6.857980995127572, 6.266786540694901, 5.906890595608519]]}