{"min": 0, "max": 9.977279923499916, "pieData": [[4.169925001442312, 3.169925001442312, 3.321928094887362, 2.0, 2.0, 3.584962500721156, 4.584962500721156, 6.3750394313469245, 5.321928094887363, 5.78135971352466, 5.0, 5.129283016944966, 5.129283016944966, 5.044394119358453, 5.285402218862249, 5.169925001442312, 5.614709844115208, 5.643856189774724, 5.087462841250339, 4.0, 5.169925001442312, 5.78135971352466, 5.614709844115208, 4.906890595608519], [4.754887502163468, 4.459431618637297, 3.169925001442312, 2.0, 2.321928094887362, 3.0, 4.247927513443585, 5.832890014164741, 5.672425341971495, 5.954196310386875, 5.491853096329675, 5.247927513443585, 5.321928094887363, 5.087462841250339, 5.087462841250339, 5.247927513443585, 5.169925001442312, 5.523561956057013, 5.321928094887363, 5.491853096329675, 5.554588851677638, 5.321928094887363, 5.357552004618084, 4.584962500721156], [4.392317422778761, 4.087462841250339, 3.321928094887362, 1.0, 2.321928094887362, 2.321928094887362, 4.0, 5.954196310386875, 5.906890595608519, 5.554588851677638, 5.20945336562895, 5.459431618637297, 4.754887502163468, 4.523561956057013, 5.247927513443585, 5.169925001442312, 5.459431618637297, 5.523561956057013, 5.554588851677638, 5.20945336562895, 3.0, 5.247927513443585, 5.087462841250339, 4.857980995127572], [3.584962500721156, 3.584962500721156, 3.169925001442312, 1.584962500721156, 1.0, 1.584962500721156, 4.523561956057013, 5.727920454563199, 6.066089190457772, 5.882643049361842, 5.087462841250339, 4.857980995127572, 5.247927513443585, 5.044394119358453, 4.954196310386875, 5.321928094887363, 5.357552004618084, 5.930737337562887, 5.426264754702098, 5.357552004618084, 5.672425341971495, 5.169925001442312, 5.554588851677638, 4.807354922057604], [4.459431618637297, 4.0, 3.807354922057604, 2.807354922057604, 2.807354922057604, 2.584962500721156, 3.807354922057604, 5.882643049361842, 5.882643049361842, 5.672425341971495, 4.643856189774724, 5.0, 5.321928094887363, 5.247927513443585, 5.426264754702098, 5.129283016944966, 5.169925001442312, 5.672425341971495, 5.392317422778761, 5.247927513443585, 5.247927513443585, 5.523561956057013, 5.807354922057604, 4.321928094887363], [4.807354922057604, 4.643856189774724, 4.321928094887363, 3.584962500721156, 3.0, 2.807354922057604, 4.459431618637297, 5.321928094887363, 5.727920454563199, 5.700439718141093, 5.523561956057013, 5.129283016944966, 4.857980995127572, 4.954196310386875, 5.426264754702098, 5.643856189774724, 5.0, 4.857980995127572, 5.285402218862249, 5.554588851677638, 4.954196310386875, 4.807354922057604, 4.643856189774724, 4.0], [4.169925001442312, 3.4594316186372973, 3.700439718141092, 3.700439718141092, 2.321928094887362, 2.584962500721156, 4.0, 3.807354922057604, 5.044394119358453, 4.906890595608519, 5.247927513443585, 4.906890595608519, 4.906890595608519, 5.129283016944966, 4.906890595608519, 5.129283016944966, 4.857980995127572, 5.426264754702098, 5.321928094887363, 5.169925001442312, 5.426264754702098, 5.169925001442312, 5.087462841250339, 4.321928094887363]]}