{"min": 0, "max": 9.977279923499916, "pieData": [[4.321928094887363, 3.321928094887362, 2.0, 1.584962500721156, 1.584962500721156, 2.321928094887362, 3.321928094887362, 5.247927513443585, 4.807354922057604, 5.087462841250339, 4.754887502163468, 4.700439718141093, 4.459431618637297, 4.700439718141093, 4.700439718141093, 4.643856189774724, 4.954196310386875, 4.954196310386875, 4.754887502163468, 3.169925001442312, 4.247927513443585, 4.857980995127572, 4.954196310386875, 4.087462841250339], [4.0, 2.807354922057604, 2.807354922057604, 2.321928094887362, 2.321928094887362, 2.0, 3.169925001442312, 5.247927513443585, 5.20945336562895, 5.285402218862249, 4.807354922057604, 4.523561956057013, 4.807354922057604, 4.906890595608519, 4.459431618637297, 5.044394119358453, 5.321928094887363, 5.285402218862249, 4.247927513443585, 4.807354922057604, 4.700439718141093, 4.954196310386875, 5.044394119358453, 4.321928094887363], [4.169925001442312, 3.584962500721156, 2.0, 2.0, 2.584962500721156, 1.584962500721156, 2.807354922057604, 5.087462841250339, 5.392317422778761, 5.392317422778761, 4.584962500721156, 4.087462841250339, 4.392317422778761, 4.700439718141093, 4.954196310386875, 4.906890595608519, 4.247927513443585, 4.807354922057604, 4.700439718141093, 4.954196310386875, 3.321928094887362, 5.392317422778761, 4.584962500721156, 4.459431618637297], [4.754887502163468, 3.0, 2.321928094887362, 2.0, 1.0, 1.584962500721156, 3.169925001442312, 5.169925001442312, 5.392317422778761, 5.491853096329675, 4.643856189774724, 4.954196310386875, 3.807354922057604, 4.247927513443585, 4.321928094887363, 5.044394119358453, 4.459431618637297, 4.906890595608519, 4.247927513443585, 5.0, 5.044394119358453, 4.754887502163468, 5.247927513443585, 4.321928094887363], [4.247927513443585, 2.584962500721156, 0.0, 2.321928094887362, 0.0, 1.584962500721156, 2.807354922057604, 5.169925001442312, 5.523561956057013, 5.247927513443585, 4.857980995127572, 4.807354922057604, 4.700439718141093, 5.044394119358453, 5.129283016944966, 5.087462841250339, 4.807354922057604, 4.523561956057013, 4.087462841250339, 4.247927513443585, 4.754887502163468, 4.321928094887363, 4.459431618637297, 4.459431618637297], [3.700439718141092, 3.321928094887362, 3.169925001442312, 3.0, 2.584962500721156, 2.0, 3.807354922057604, 3.700439718141092, 4.459431618637297, 5.0, 5.285402218862249, 4.906890595608519, 3.9068905956085187, 4.584962500721156, 4.523561956057013, 5.0, 4.459431618637297, 4.954196310386875, 4.754887502163468, 4.392317422778761, 4.700439718141093, 4.459431618637297, 4.392317422778761, 4.584962500721156], [3.584962500721156, 2.807354922057604, 2.584962500721156, 3.0, 1.584962500721156, 2.584962500721156, 2.0, 4.321928094887363, 4.754887502163468, 4.954196310386875, 4.700439718141093, 4.700439718141093, 4.807354922057604, 4.584962500721156, 4.754887502163468, 4.584962500721156, 4.857980995127572, 5.0, 4.857980995127572, 4.392317422778761, 4.807354922057604, 4.0, 4.700439718141093, 4.643856189774724]]}