{"min": 0, "max": 9.977279923499916, "pieData": [[3.321928094887362, 2.321928094887362, 1.584962500721156, 2.0, 0.0, 2.0, 4.459431618637297, 5.754887502163468, 5.357552004618084, 5.321928094887363, 4.523561956057013, 4.0, 3.4594316186372973, 4.392317422778761, 4.0, 3.9068905956085187, 4.169925001442312, 4.087462841250339, 5.044394119358453, 2.584962500721156, 4.247927513443585, 4.754887502163468, 4.392317422778761, 3.0], [3.4594316186372973, 1.584962500721156, 2.321928094887362, 1.0, 0.0, 0.0, 3.584962500721156, 5.832890014164741, 5.321928094887363, 5.20945336562895, 4.321928094887363, 4.392317422778761, 4.523561956057013, 4.459431618637297, 4.247927513443585, 4.169925001442312, 4.321928094887363, 4.459431618637297, 4.247927513443585, 4.321928094887363, 4.321928094887363, 4.584962500721156, 4.087462841250339, 3.4594316186372973], [3.584962500721156, 3.169925001442312, 2.807354922057604, 1.0, 1.0, 1.0, 3.700439718141092, 5.20945336562895, 5.523561956057013, 5.044394119358453, 4.459431618637297, 4.321928094887363, 3.807354922057604, 3.700439718141092, 4.459431618637297, 4.087462841250339, 4.392317422778761, 4.247927513443585, 4.700439718141093, 4.0, 2.0, 4.087462841250339, 3.9068905956085187, 2.807354922057604], [3.321928094887362, 2.0, 1.584962500721156, 3.0, 1.0, 2.0, 3.9068905956085187, 5.614709844115208, 5.426264754702098, 4.754887502163468, 4.584962500721156, 4.700439718141093, 4.247927513443585, 4.643856189774724, 4.169925001442312, 4.459431618637297, 4.169925001442312, 3.9068905956085187, 4.754887502163468, 4.321928094887363, 4.807354922057604, 4.643856189774724, 4.807354922057604, 4.247927513443585], [3.9068905956085187, 3.321928094887362, 1.0, 1.0, 1.584962500721156, 2.807354922057604, 3.807354922057604, 5.459431618637297, 5.426264754702098, 5.426264754702098, 4.247927513443585, 4.087462841250339, 3.9068905956085187, 4.087462841250339, 4.700439718141093, 4.459431618637297, 4.247927513443585, 5.0, 4.857980995127572, 4.392317422778761, 4.584962500721156, 4.087462841250339, 4.700439718141093, 3.9068905956085187], [2.584962500721156, 3.4594316186372973, 2.321928094887362, 2.321928094887362, 1.584962500721156, 0.0, 2.807354922057604, 4.392317422778761, 5.169925001442312, 5.087462841250339, 5.087462841250339, 4.392317422778761, 4.0, 4.392317422778761, 5.087462841250339, 4.247927513443585, 4.392317422778761, 4.807354922057604, 4.0, 3.321928094887362, 4.169925001442312, 3.584962500721156, 3.807354922057604, 3.4594316186372973], [2.584962500721156, 2.321928094887362, 2.584962500721156, 2.321928094887362, 1.0, 1.584962500721156, 1.584962500721156, 2.807354922057604, 4.954196310386875, 4.321928094887363, 4.247927513443585, 4.392317422778761, 4.392317422778761, 4.087462841250339, 4.0, 4.087462841250339, 4.392317422778761, 4.584962500721156, 4.392317422778761, 3.700439718141092, 3.700439718141092, 4.247927513443585, 4.087462841250339, 3.9068905956085187]]}