{"min": 0, "max": 9.977279923499916, "pieData": [[4.754887502163468, 3.9068905956085187, 4.584962500721156, 2.807354922057604, 1.0, 2.0, 3.584962500721156, 5.491853096329675, 6.129283016944966, 6.169925001442312, 6.321928094887363, 6.569855608330948, 6.392317422778761, 5.727920454563199, 6.569855608330948, 6.523561956057013, 6.614709844115208, 6.20945336562895, 4.643856189774724, 4.0, 5.087462841250339, 5.857980995127572, 5.357552004618084, 5.727920454563199], [5.247927513443585, 5.169925001442312, 4.754887502163468, 3.4594316186372973, 2.584962500721156, 2.807354922057604, 4.392317422778761, 5.459431618637297, 6.247927513443585, 6.6865005271832185, 6.727920454563199, 6.794415866350106, 6.20945336562895, 5.954196310386875, 6.569855608330948, 6.6293566200796095, 6.459431618637297, 6.507794640198696, 5.357552004618084, 5.491853096329675, 5.392317422778761, 5.754887502163468, 6.108524456778169, 5.491853096329675], [5.129283016944966, 5.087462841250339, 4.459431618637297, 2.584962500721156, 3.0, 2.584962500721156, 3.700439718141092, 5.700439718141093, 6.303780748177103, 6.442943495848728, 6.475733430966398, 6.643856189774724, 5.906890595608519, 5.523561956057013, 6.129283016944966, 6.491853096329675, 6.20945336562895, 6.066089190457772, 5.044394119358453, 5.321928094887363, 2.807354922057604, 5.700439718141093, 5.459431618637297, 5.392317422778761], [4.954196310386875, 4.807354922057604, 4.459431618637297, 3.0, 1.584962500721156, 2.584962500721156, 3.700439718141092, 5.169925001442312, 6.108524456778169, 6.523561956057013, 6.832890014164741, 6.882643049361842, 6.247927513443585, 5.754887502163468, 6.321928094887363, 6.523561956057013, 6.491853096329675, 5.807354922057604, 5.044394119358453, 5.672425341971495, 5.584962500721156, 5.491853096329675, 5.754887502163468, 5.584962500721156], [4.857980995127572, 4.807354922057604, 4.321928094887363, 2.321928094887362, 3.0, 2.584962500721156, 4.087462841250339, 5.357552004618084, 6.475733430966398, 7.0, 7.066089190457772, 6.794415866350106, 6.0, 5.954196310386875, 6.22881869049588, 6.599912842187128, 5.906890595608519, 5.672425341971495, 4.459431618637297, 5.0, 5.392317422778761, 5.643856189774724, 5.727920454563199, 5.491853096329675], [5.087462841250339, 5.169925001442312, 5.285402218862249, 3.4594316186372973, 2.584962500721156, 1.584962500721156, 3.0, 4.0, 5.584962500721156, 6.442943495848728, 6.643856189774724, 6.3750394313469245, 6.129283016944966, 5.459431618637297, 5.523561956057013, 5.426264754702098, 5.392317422778761, 5.554588851677638, 4.754887502163468, 4.643856189774724, 4.584962500721156, 5.129283016944966, 5.614709844115208, 5.044394119358453], [5.426264754702098, 5.0, 5.247927513443585, 3.0, 2.0, 2.0, 3.321928094887362, 3.584962500721156, 5.554588851677638, 5.954196310386875, 5.857980995127572, 6.108524456778169, 5.906890595608519, 5.78135971352466, 5.426264754702098, 5.977279923499917, 5.426264754702098, 5.614709844115208, 5.044394119358453, 4.754887502163468, 5.584962500721156, 5.584962500721156, 5.832890014164741, 4.954196310386875]]}