{"min": 0, "max": 9.977279923499916, "pieData": [[6.491853096329675, 5.357552004618084, 5.321928094887363, 4.523561956057013, 4.169925001442312, 4.169925001442312, 6.129283016944966, 6.9886846867721655, 6.3750394313469245, 6.303780748177103, 6.409390936137702, 7.149747119504682, 7.108524456778169, 6.882643049361842, 6.882643049361842, 7.118941072723508, 7.139551352398794, 7.2384047393250786, 6.845490050944376, 5.643856189774724, 6.658211482751795, 7.515699838284043, 7.199672344836364, 6.930737337562887], [6.044394119358453, 5.754887502163468, 5.169925001442312, 5.643856189774724, 4.584962500721156, 4.0, 5.754887502163468, 7.108524456778169, 6.409390936137702, 6.554588851677638, 6.6865005271832185, 6.954196310386875, 7.219168520462161, 7.118941072723508, 7.044394119358453, 7.247927513443585, 7.507794640198696, 7.257387842692652, 6.9886846867721655, 7.087462841250339, 7.247927513443585, 7.257387842692652, 7.05528243550119, 6.539158811108031], [6.189824558880018, 5.392317422778761, 5.459431618637297, 4.754887502163468, 4.392317422778761, 4.087462841250339, 6.087462841250339, 6.94251450533924, 6.409390936137702, 6.392317422778761, 6.523561956057013, 7.03342300153745, 6.882643049361842, 6.94251450533924, 6.807354922057604, 6.906890595608519, 7.044394119358453, 6.643856189774724, 6.643856189774724, 6.285402218862249, 5.0, 6.930737337562887, 6.820178962415188, 6.714245517666122], [6.20945336562895, 5.700439718141093, 5.554588851677638, 4.906890595608519, 4.584962500721156, 4.247927513443585, 5.906890595608519, 7.044394119358453, 6.754887502163468, 6.672425341971495, 6.807354922057604, 6.882643049361842, 6.882643049361842, 6.700439718141093, 7.098032082960526, 6.906890595608519, 7.159871336778389, 7.139551352398794, 6.930737337562887, 6.894817763307944, 7.118941072723508, 7.159871336778389, 6.977279923499917, 6.3750394313469245], [6.321928094887363, 5.977279923499917, 5.584962500721156, 5.247927513443585, 4.169925001442312, 4.087462841250339, 5.643856189774724, 6.754887502163468, 6.794415866350106, 6.569855608330948, 6.491853096329675, 6.6865005271832185, 6.7414669864011465, 6.965784284662087, 6.643856189774724, 7.011227255423254, 7.2761244052742375, 6.882643049361842, 6.189824558880018, 6.954196310386875, 7.2384047393250786, 7.357552004618084, 7.098032082960526, 6.6865005271832185], [6.321928094887363, 5.832890014164741, 5.882643049361842, 5.247927513443585, 4.584962500721156, 4.087462841250339, 5.285402218862249, 5.882643049361842, 6.569855608330948, 6.569855608330948, 7.076815597050831, 6.894817763307944, 6.658211482751795, 6.523561956057013, 6.523561956057013, 6.807354922057604, 6.857980995127572, 6.523561956057013, 6.78135971352466, 6.857980995127572, 6.78135971352466, 6.977279923499917, 6.507794640198696, 6.475733430966398], [6.459431618637297, 5.930737337562887, 5.700439718141093, 6.044394119358453, 4.954196310386875, 4.321928094887363, 4.807354922057604, 5.78135971352466, 6.303780748177103, 6.523561956057013, 6.832890014164741, 7.076815597050831, 7.0, 6.918863237274595, 6.954196310386875, 6.754887502163468, 6.554588851677638, 6.754887502163468, 6.845490050944376, 6.672425341971495, 7.285402218862249, 7.417852514885898, 6.794415866350106, 6.643856189774724]]}