{"min": 0, "max": 9.977279923499916, "pieData": [[5.700439718141093, 5.169925001442312, 4.523561956057013, 4.0, 3.4594316186372973, 4.321928094887363, 5.357552004618084, 6.523561956057013, 6.066089190457772, 6.169925001442312, 6.357552004618084, 6.643856189774724, 6.6293566200796095, 6.9886846867721655, 6.965784284662087, 6.954196310386875, 6.727920454563199, 6.977279923499917, 6.523561956057013, 4.906890595608519, 5.977279923499917, 6.491853096329675, 6.169925001442312, 6.189824558880018], [5.807354922057604, 5.643856189774724, 4.906890595608519, 4.857980995127572, 4.321928094887363, 3.584962500721156, 5.247927513443585, 6.303780748177103, 6.523561956057013, 6.321928094887363, 6.599912842187128, 6.918863237274595, 6.714245517666122, 6.894817763307944, 7.022367813028454, 7.169925001442312, 6.700439718141093, 6.906890595608519, 6.700439718141093, 6.22881869049588, 6.3750394313469245, 6.3750394313469245, 6.584962500721156, 5.954196310386875], [5.392317422778761, 5.672425341971495, 4.754887502163468, 4.169925001442312, 3.4594316186372973, 3.584962500721156, 4.643856189774724, 5.727920454563199, 6.339850002884624, 6.442943495848728, 6.643856189774724, 6.754887502163468, 6.321928094887363, 6.820178962415188, 6.768184324776926, 6.882643049361842, 6.658211482751795, 6.303780748177103, 6.22881869049588, 5.807354922057604, 4.169925001442312, 6.459431618637297, 6.3750394313469245, 6.066089190457772], [5.754887502163468, 5.426264754702098, 4.584962500721156, 3.9068905956085187, 3.584962500721156, 3.700439718141092, 5.321928094887363, 6.303780748177103, 6.754887502163468, 6.321928094887363, 6.9886846867721655, 6.285402218862249, 6.569855608330948, 6.6293566200796095, 6.845490050944376, 7.330916878114617, 6.918863237274595, 6.442943495848728, 6.266786540694901, 6.442943495848728, 6.357552004618084, 6.0, 6.3750394313469245, 5.554588851677638], [5.857980995127572, 5.20945336562895, 4.857980995127572, 4.247927513443585, 4.087462841250339, 3.169925001442312, 4.954196310386875, 5.882643049361842, 6.523561956057013, 6.442943495848728, 6.554588851677638, 6.714245517666122, 6.20945336562895, 6.794415866350106, 7.087462841250339, 7.03342300153745, 6.820178962415188, 6.266786540694901, 6.149747119504682, 5.807354922057604, 6.357552004618084, 6.523561956057013, 6.523561956057013, 6.247927513443585], [5.930737337562887, 5.247927513443585, 5.285402218862249, 4.700439718141093, 4.392317422778761, 4.0, 5.20945336562895, 5.247927513443585, 6.022367813028454, 6.3750394313469245, 6.3750394313469245, 6.285402218862249, 6.523561956057013, 5.906890595608519, 6.768184324776926, 6.507794640198696, 6.459431618637297, 6.357552004618084, 6.643856189774724, 6.321928094887363, 6.392317422778761, 6.108524456778169, 6.409390936137702, 6.149747119504682], [5.857980995127572, 5.523561956057013, 5.044394119358453, 4.247927513443585, 3.9068905956085187, 4.0, 3.9068905956085187, 4.906890595608519, 5.523561956057013, 5.754887502163468, 6.087462841250339, 6.491853096329675, 6.507794640198696, 6.475733430966398, 6.20945336562895, 6.700439718141093, 6.409390936137702, 6.78135971352466, 6.108524456778169, 6.247927513443585, 6.507794640198696, 6.442943495848728, 6.321928094887363, 5.614709844115208]]}