{"min": 0, "max": 9.977279923499916, "pieData": [[6.727920454563199, 6.523561956057013, 6.066089190457772, 5.614709844115208, 4.523561956057013, 4.392317422778761, 6.285402218862249, 7.451211111832329, 6.78135971352466, 6.807354922057604, 6.906890595608519, 7.2761244052742375, 7.20945336562895, 7.330916878114617, 7.491853096329675, 7.554588851677638, 7.451211111832329, 7.087462841250339, 6.754887502163468, 5.906890595608519, 6.569855608330948, 7.499845887083206, 7.129283016944966, 6.977279923499917], [6.906890595608519, 6.614709844115208, 6.189824558880018, 5.554588851677638, 4.643856189774724, 4.459431618637297, 6.149747119504682, 7.3750394313469245, 7.22881869049588, 6.832890014164741, 6.977279923499917, 7.1799090900149345, 7.285402218862249, 7.087462841250339, 7.366322214245816, 7.546894459887636, 7.285402218862249, 7.400879436282184, 6.727920454563199, 6.727920454563199, 7.044394119358453, 7.3750394313469245, 7.0, 6.857980995127572], [6.584962500721156, 6.507794640198696, 6.321928094887363, 5.491853096329675, 4.169925001442312, 4.321928094887363, 5.78135971352466, 7.189824558880018, 7.011227255423254, 7.098032082960526, 7.169925001442312, 7.294620748891627, 7.108524456778169, 7.108524456778169, 7.139551352398794, 7.569855608330948, 7.3750394313469245, 7.098032082960526, 6.599912842187128, 6.584962500721156, 4.807354922057604, 7.022367813028454, 7.219168520462161, 6.714245517666122], [6.870364719583405, 6.614709844115208, 6.442943495848728, 5.087462841250339, 4.392317422778761, 4.523561956057013, 6.149747119504682, 7.169925001442312, 7.357552004618084, 7.022367813028454, 7.417852514885898, 7.2384047393250786, 7.312882955284356, 7.22881869049588, 7.294620748891627, 7.400879436282184, 7.400879436282184, 7.1799090900149345, 6.857980995127572, 6.6293566200796095, 7.118941072723508, 6.954196310386875, 6.870364719583405, 7.087462841250339], [6.78135971352466, 6.754887502163468, 6.409390936137702, 5.727920454563199, 4.584962500721156, 4.459431618637297, 6.108524456778169, 7.1799090900149345, 7.118941072723508, 6.78135971352466, 7.312882955284356, 7.05528243550119, 7.1799090900149345, 7.087462841250339, 7.392317422778761, 7.2761244052742375, 7.22881869049588, 6.954196310386875, 6.149747119504682, 6.149747119504682, 7.03342300153745, 7.149747119504682, 7.294620748891627, 6.894817763307944], [7.139551352398794, 7.022367813028454, 6.832890014164741, 5.727920454563199, 5.044394119358453, 4.523561956057013, 5.357552004618084, 6.614709844115208, 7.011227255423254, 6.930737337562887, 7.400879436282184, 7.159871336778389, 7.118941072723508, 7.189824558880018, 6.894817763307944, 7.022367813028454, 6.882643049361842, 6.930737337562887, 6.965784284662087, 6.845490050944376, 6.672425341971495, 6.794415866350106, 6.754887502163468, 6.714245517666122], [6.918863237274595, 6.727920454563199, 6.523561956057013, 5.906890595608519, 4.754887502163468, 4.087462841250339, 4.954196310386875, 6.357552004618084, 6.754887502163468, 6.794415866350106, 7.05528243550119, 6.906890595608519, 7.330916878114617, 6.930737337562887, 6.832890014164741, 6.845490050944376, 6.78135971352466, 7.108524456778169, 6.845490050944376, 6.727920454563199, 7.011227255423254, 7.118941072723508, 6.6293566200796095, 6.882643049361842]]}