{"min": 0, "max": 9.977279923499916, "pieData": [[5.977279923499917, 6.149747119504682, 6.129283016944966, 4.392317422778761, 3.0, 3.321928094887362, 4.459431618637297, 6.475733430966398, 6.599912842187128, 6.426264754702098, 6.247927513443585, 6.321928094887363, 6.169925001442312, 6.087462841250339, 6.643856189774724, 6.285402218862249, 6.357552004618084, 6.507794640198696, 5.727920454563199, 4.807354922057604, 5.832890014164741, 6.569855608330948, 6.6865005271832185, 6.442943495848728], [6.321928094887363, 6.392317422778761, 6.554588851677638, 5.087462841250339, 2.584962500721156, 2.807354922057604, 4.087462841250339, 6.022367813028454, 6.845490050944376, 6.78135971352466, 6.554588851677638, 6.442943495848728, 6.129283016944966, 6.303780748177103, 6.442943495848728, 6.491853096329675, 6.266786540694901, 6.599912842187128, 5.906890595608519, 6.266786540694901, 6.459431618637297, 6.523561956057013, 6.614709844115208, 6.409390936137702], [6.066089190457772, 5.977279923499917, 5.954196310386875, 4.807354922057604, 2.321928094887362, 2.584962500721156, 3.807354922057604, 6.303780748177103, 6.977279923499917, 6.768184324776926, 6.22881869049588, 6.442943495848728, 6.022367813028454, 6.169925001442312, 6.247927513443585, 6.614709844115208, 6.022367813028454, 6.022367813028454, 6.044394119358453, 5.807354922057604, 3.169925001442312, 6.491853096329675, 6.6293566200796095, 6.22881869049588], [5.832890014164741, 6.066089190457772, 6.066089190457772, 3.4594316186372973, 2.321928094887362, 3.169925001442312, 4.087462841250339, 6.129283016944966, 6.882643049361842, 6.954196310386875, 6.409390936137702, 6.149747119504682, 5.906890595608519, 6.149747119504682, 6.658211482751795, 6.599912842187128, 6.303780748177103, 6.491853096329675, 6.22881869049588, 6.321928094887363, 6.409390936137702, 6.599912842187128, 6.614709844115208, 6.475733430966398], [6.149747119504682, 6.507794640198696, 6.0, 4.169925001442312, 2.321928094887362, 2.584962500721156, 3.807354922057604, 6.409390936137702, 6.906890595608519, 6.820178962415188, 6.658211482751795, 6.491853096329675, 6.044394119358453, 6.392317422778761, 6.569855608330948, 6.599912842187128, 6.3750394313469245, 5.977279923499917, 5.614709844115208, 6.303780748177103, 6.357552004618084, 6.554588851677638, 6.754887502163468, 6.906890595608519], [6.475733430966398, 6.870364719583405, 6.954196310386875, 6.129283016944966, 3.321928094887362, 3.0, 3.807354922057604, 5.643856189774724, 6.285402218862249, 6.409390936137702, 6.409390936137702, 6.392317422778761, 6.6293566200796095, 6.3750394313469245, 6.554588851677638, 6.266786540694901, 6.189824558880018, 6.189824558880018, 5.977279923499917, 6.321928094887363, 6.022367813028454, 6.149747119504682, 6.22881869049588, 5.930737337562887], [6.491853096329675, 6.768184324776926, 6.754887502163468, 5.807354922057604, 2.321928094887362, 1.0, 3.700439718141092, 5.169925001442312, 6.022367813028454, 6.0, 6.022367813028454, 6.247927513443585, 6.507794640198696, 6.727920454563199, 5.954196310386875, 6.285402218862249, 5.727920454563199, 6.22881869049588, 6.108524456778169, 5.954196310386875, 6.569855608330948, 6.507794640198696, 6.672425341971495, 6.392317422778761]]}