{"min": 0, "max": 9.977279923499916, "pieData": [[6.700439718141093, 5.857980995127572, 5.554588851677638, 5.554588851677638, 4.700439718141093, 4.857980995127572, 5.523561956057013, 6.870364719583405, 7.011227255423254, 6.9886846867721655, 7.0, 7.400879436282184, 7.303780748177103, 7.417852514885898, 7.531381460516312, 7.554588851677638, 7.0, 7.159871336778389, 7.169925001442312, 6.022367813028454, 7.266786540694901, 8.134426320220927, 7.507794640198696, 7.483815777264256], [6.832890014164741, 6.3750394313469245, 5.727920454563199, 5.491853096329675, 4.523561956057013, 4.584962500721156, 5.392317422778761, 7.139551352398794, 7.066089190457772, 7.339850002884624, 7.417852514885898, 7.321928094887363, 7.22881869049588, 7.409390936137702, 7.721099188707186, 7.60733031374961, 7.409390936137702, 7.348728154231077, 7.022367813028454, 7.1799090900149345, 7.7073591320808825, 7.6865005271832185, 7.651051691178928, 7.507794640198696], [6.965784284662087, 6.266786540694901, 5.78135971352466, 5.426264754702098, 4.700439718141093, 4.392317422778761, 5.700439718141093, 6.794415866350106, 7.294620748891627, 7.2761244052742375, 7.219168520462161, 7.247927513443585, 7.076815597050831, 7.357552004618084, 7.442943495848728, 7.321928094887363, 7.2384047393250786, 6.906890595608519, 7.087462841250339, 6.894817763307944, 4.857980995127572, 7.569855608330948, 7.383704292474052, 7.1799090900149345], [6.820178962415188, 6.409390936137702, 5.906890595608519, 4.754887502163468, 4.523561956057013, 4.0, 5.807354922057604, 7.108524456778169, 7.339850002884624, 7.339850002884624, 7.294620748891627, 7.321928094887363, 7.266786540694901, 7.442943495848728, 7.426264754702098, 7.321928094887363, 7.357552004618084, 7.22881869049588, 7.05528243550119, 7.330916878114617, 7.7073591320808825, 7.651051691178928, 7.768184324776926, 6.918863237274595], [6.794415866350106, 6.066089190457772, 5.954196310386875, 4.807354922057604, 3.807354922057604, 3.807354922057604, 5.426264754702098, 7.139551352398794, 7.330916878114617, 7.330916878114617, 7.266786540694901, 7.05528243550119, 6.882643049361842, 7.348728154231077, 7.592457037268081, 7.768184324776926, 7.139551352398794, 7.2384047393250786, 6.475733430966398, 7.044394119358453, 7.491853096329675, 7.894817763307944, 7.918863237274595, 7.515699838284043], [7.189824558880018, 6.569855608330948, 6.727920454563199, 5.727920454563199, 4.857980995127572, 4.247927513443585, 5.321928094887363, 6.475733430966398, 7.247927513443585, 7.066089190457772, 7.098032082960526, 7.098032082960526, 7.05528243550119, 7.20945336562895, 7.321928094887363, 7.20945336562895, 6.954196310386875, 7.199672344836364, 6.857980995127572, 7.247927513443585, 7.339850002884624, 7.614709844115208, 7.491853096329675, 6.9886846867721655], [7.011227255423254, 6.78135971352466, 6.475733430966398, 5.614709844115208, 5.247927513443585, 4.754887502163468, 5.087462841250339, 5.643856189774724, 6.507794640198696, 6.6293566200796095, 7.044394119358453, 7.05528243550119, 7.087462841250339, 7.011227255423254, 6.965784284662087, 7.066089190457772, 6.965784284662087, 7.169925001442312, 6.857980995127572, 7.312882955284356, 7.643856189774724, 7.754887502163468, 7.247927513443585, 6.965784284662087]]}