{"min": 0, "max": 9.977279923499916, "pieData": [[2.584962500721156, 2.584962500721156, 1.584962500721156, 1.584962500721156, 1.0, 3.169925001442312, 4.754887502163468, 6.0, 5.754887502163468, 5.357552004618084, 4.321928094887363, 4.523561956057013, 4.087462841250339, 4.169925001442312, 4.643856189774724, 4.392317422778761, 4.169925001442312, 4.584962500721156, 4.906890595608519, 3.321928094887362, 3.321928094887362, 4.0, 4.087462841250339, 3.9068905956085187], [3.584962500721156, 2.584962500721156, 2.321928094887362, 2.321928094887362, 2.0, 2.584962500721156, 4.459431618637297, 6.066089190457772, 5.954196310386875, 5.392317422778761, 4.459431618637297, 4.247927513443585, 4.321928094887363, 4.169925001442312, 4.169925001442312, 3.4594316186372973, 4.584962500721156, 4.523561956057013, 5.087462841250339, 4.754887502163468, 4.169925001442312, 4.321928094887363, 4.0, 3.807354922057604], [2.807354922057604, 2.0, 2.807354922057604, 2.0, 1.584962500721156, 2.0, 4.643856189774724, 5.491853096329675, 5.643856189774724, 4.754887502163468, 4.169925001442312, 4.321928094887363, 4.523561956057013, 4.459431618637297, 4.321928094887363, 4.321928094887363, 4.523561956057013, 4.087462841250339, 4.643856189774724, 4.643856189774724, 2.0, 4.321928094887363, 3.584962500721156, 3.700439718141092], [3.4594316186372973, 2.321928094887362, 3.169925001442312, 2.321928094887362, 1.584962500721156, 2.584962500721156, 4.643856189774724, 5.523561956057013, 6.189824558880018, 5.169925001442312, 4.700439718141093, 4.584962500721156, 4.321928094887363, 4.523561956057013, 4.584962500721156, 4.643856189774724, 4.459431618637297, 4.700439718141093, 4.857980995127572, 4.954196310386875, 4.087462841250339, 3.807354922057604, 4.169925001442312, 4.247927513443585], [4.087462841250339, 2.807354922057604, 2.321928094887362, 1.584962500721156, 1.584962500721156, 2.807354922057604, 3.700439718141092, 5.857980995127572, 6.129283016944966, 4.754887502163468, 4.643856189774724, 4.700439718141093, 4.392317422778761, 4.584962500721156, 4.392317422778761, 4.321928094887363, 4.584962500721156, 4.459431618637297, 5.357552004618084, 4.700439718141093, 4.643856189774724, 4.392317422778761, 4.321928094887363, 4.0], [3.169925001442312, 3.4594316186372973, 2.321928094887362, 1.0, 2.321928094887362, 1.584962500721156, 3.9068905956085187, 4.643856189774724, 5.426264754702098, 4.584962500721156, 4.643856189774724, 4.523561956057013, 4.857980995127572, 4.392317422778761, 4.247927513443585, 4.087462841250339, 4.0, 3.9068905956085187, 4.857980995127572, 4.643856189774724, 4.087462841250339, 4.321928094887363, 3.9068905956085187, 2.807354922057604], [2.807354922057604, 3.169925001442312, 3.0, 1.584962500721156, 1.584962500721156, 2.0, 3.807354922057604, 3.584962500721156, 4.459431618637297, 4.247927513443585, 4.0, 4.169925001442312, 4.0, 4.392317422778761, 4.459431618637297, 4.392317422778761, 4.459431618637297, 3.807354922057604, 4.700439718141093, 4.954196310386875, 4.523561956057013, 4.754887502163468, 4.321928094887363, 3.700439718141092]]}