{"min": 0, "max": 9.977279923499916, "pieData": [[3.584962500721156, 3.0, 1.0, 2.321928094887362, 1.584962500721156, 2.0, 4.087462841250339, 4.754887502163468, 3.807354922057604, 3.807354922057604, 3.9068905956085187, 3.807354922057604, 4.087462841250339, 4.392317422778761, 4.392317422778761, 4.247927513443585, 4.321928094887363, 4.169925001442312, 4.954196310386875, 3.321928094887362, 3.9068905956085187, 4.087462841250339, 4.584962500721156, 4.087462841250339], [2.807354922057604, 3.4594316186372973, 2.0, 3.0, 1.0, 2.321928094887362, 3.169925001442312, 4.247927513443585, 3.807354922057604, 3.584962500721156, 3.0, 3.700439718141092, 4.321928094887363, 4.169925001442312, 4.700439718141093, 4.087462841250339, 4.392317422778761, 4.807354922057604, 5.0, 4.807354922057604, 4.700439718141093, 4.459431618637297, 4.247927513443585, 4.169925001442312], [3.321928094887362, 2.321928094887362, 2.321928094887362, 2.321928094887362, 2.0, 1.0, 3.4594316186372973, 4.584962500721156, 3.584962500721156, 3.700439718141092, 3.0, 4.169925001442312, 3.0, 3.9068905956085187, 3.807354922057604, 4.169925001442312, 4.247927513443585, 4.321928094887363, 4.906890595608519, 4.392317422778761, 0.0, 4.087462841250339, 4.169925001442312, 3.169925001442312], [3.584962500721156, 3.0, 1.0, 1.584962500721156, 2.0, 2.0, 3.4594316186372973, 4.321928094887363, 4.321928094887363, 3.0, 3.700439718141092, 4.321928094887363, 4.584962500721156, 3.700439718141092, 3.807354922057604, 4.247927513443585, 4.169925001442312, 3.9068905956085187, 4.643856189774724, 4.954196310386875, 3.4594316186372973, 4.321928094887363, 4.459431618637297, 4.247927513443585], [3.0, 2.321928094887362, 2.321928094887362, 2.321928094887362, 0.0, 2.584962500721156, 3.807354922057604, 4.459431618637297, 3.700439718141092, 3.700439718141092, 3.584962500721156, 3.700439718141092, 4.392317422778761, 4.0, 4.321928094887363, 4.087462841250339, 4.247927513443585, 3.700439718141092, 4.321928094887363, 4.906890595608519, 4.169925001442312, 4.392317422778761, 4.807354922057604, 3.0], [3.321928094887362, 3.169925001442312, 1.584962500721156, 1.0, 2.321928094887362, 0.0, 3.321928094887362, 3.321928094887362, 4.321928094887363, 4.169925001442312, 4.247927513443585, 4.247927513443585, 4.584962500721156, 4.321928094887363, 4.321928094887363, 3.584962500721156, 4.247927513443585, 4.459431618637297, 4.247927513443585, 4.523561956057013, 4.0, 4.247927513443585, 3.321928094887362, 3.700439718141092], [3.700439718141092, 2.321928094887362, 2.0, 1.584962500721156, 1.0, 1.0, 3.0, 3.169925001442312, 4.247927513443585, 3.584962500721156, 4.247927513443585, 4.584962500721156, 4.321928094887363, 3.700439718141092, 4.584962500721156, 4.247927513443585, 4.0, 4.523561956057013, 4.459431618637297, 4.857980995127572, 4.906890595608519, 3.700439718141092, 4.584962500721156, 3.4594316186372973]]}