{"min": 0, "max": 9.977279923499916, "pieData": [[3.321928094887362, 2.321928094887362, 1.0, 1.584962500721156, 1.0, 2.0, 4.087462841250339, 4.700439718141093, 4.523561956057013, 4.954196310386875, 4.523561956057013, 3.321928094887362, 4.857980995127572, 4.169925001442312, 4.807354922057604, 4.754887502163468, 4.643856189774724, 4.247927513443585, 3.807354922057604, 3.169925001442312, 4.247927513443585, 4.700439718141093, 3.700439718141092, 4.169925001442312], [3.700439718141092, 4.087462841250339, 2.807354922057604, 2.0, 0.0, 2.0, 2.807354922057604, 4.523561956057013, 5.20945336562895, 5.357552004618084, 4.523561956057013, 5.087462841250339, 3.807354922057604, 4.392317422778761, 4.754887502163468, 4.321928094887363, 4.523561956057013, 4.643856189774724, 4.169925001442312, 4.857980995127572, 4.700439718141093, 4.754887502163468, 3.807354922057604, 3.700439718141092], [2.584962500721156, 2.321928094887362, 2.321928094887362, 1.0, 0.0, 2.0, 2.807354922057604, 4.087462841250339, 4.584962500721156, 4.954196310386875, 4.321928094887363, 4.169925001442312, 4.087462841250339, 3.9068905956085187, 3.807354922057604, 3.807354922057604, 5.169925001442312, 4.754887502163468, 3.584962500721156, 3.0, 1.584962500721156, 4.700439718141093, 4.584962500721156, 4.321928094887363], [3.321928094887362, 3.321928094887362, 2.807354922057604, 1.584962500721156, 0.0, 2.807354922057604, 3.4594316186372973, 4.392317422778761, 5.087462841250339, 4.584962500721156, 4.700439718141093, 4.169925001442312, 4.321928094887363, 4.584962500721156, 4.584962500721156, 3.0, 3.584962500721156, 4.087462841250339, 4.523561956057013, 4.807354922057604, 4.392317422778761, 4.807354922057604, 4.459431618637297, 3.4594316186372973], [2.807354922057604, 2.807354922057604, 2.0, 0.0, 2.0, 2.0, 3.169925001442312, 3.9068905956085187, 4.954196310386875, 5.392317422778761, 4.169925001442312, 3.807354922057604, 4.392317422778761, 4.087462841250339, 4.087462841250339, 4.247927513443585, 4.584962500721156, 4.392317422778761, 4.169925001442312, 4.169925001442312, 4.321928094887363, 4.584962500721156, 4.087462841250339, 3.9068905956085187], [3.584962500721156, 3.9068905956085187, 3.584962500721156, 2.807354922057604, 1.584962500721156, 2.321928094887362, 2.584962500721156, 4.169925001442312, 4.700439718141093, 4.0, 4.0, 3.807354922057604, 4.643856189774724, 4.169925001442312, 3.807354922057604, 4.169925001442312, 4.169925001442312, 4.643856189774724, 3.584962500721156, 4.087462841250339, 4.0, 4.087462841250339, 4.247927513443585, 4.700439718141093], [3.584962500721156, 3.321928094887362, 2.321928094887362, 1.0, 1.584962500721156, 3.0, 2.584962500721156, 3.700439718141092, 3.9068905956085187, 3.584962500721156, 4.087462841250339, 4.584962500721156, 4.807354922057604, 4.321928094887363, 4.754887502163468, 3.321928094887362, 4.247927513443585, 4.857980995127572, 4.169925001442312, 4.643856189774724, 3.807354922057604, 4.584962500721156, 3.9068905956085187, 3.584962500721156]]}