{"min": 0, "max": 9.977279923499916, "pieData": [[2.807354922057604, 2.807354922057604, 1.584962500721156, 2.321928094887362, 2.0, 2.807354922057604, 4.169925001442312, 6.149747119504682, 6.475733430966398, 6.714245517666122, 5.807354922057604, 5.0, 5.426264754702098, 5.700439718141093, 5.857980995127572, 6.247927513443585, 6.066089190457772, 5.321928094887363, 5.614709844115208, 4.321928094887363, 5.392317422778761, 5.523561956057013, 6.0, 4.643856189774724], [3.4594316186372973, 3.4594316186372973, 2.0, 1.584962500721156, 1.584962500721156, 3.4594316186372973, 4.169925001442312, 5.491853096329675, 6.554588851677638, 6.584962500721156, 6.129283016944966, 5.906890595608519, 5.321928094887363, 5.832890014164741, 5.78135971352466, 6.087462841250339, 6.22881869049588, 5.906890595608519, 5.754887502163468, 5.727920454563199, 5.643856189774724, 5.426264754702098, 5.78135971352466, 4.247927513443585], [2.807354922057604, 2.807354922057604, 2.584962500721156, 1.0, 1.584962500721156, 1.584962500721156, 4.321928094887363, 5.857980995127572, 6.285402218862249, 6.285402218862249, 5.807354922057604, 5.643856189774724, 5.129283016944966, 5.614709844115208, 5.977279923499917, 6.247927513443585, 5.491853096329675, 5.832890014164741, 5.554588851677638, 5.247927513443585, 3.4594316186372973, 5.392317422778761, 5.614709844115208, 5.129283016944966], [4.392317422778761, 3.169925001442312, 2.0, 2.584962500721156, 1.584962500721156, 2.0, 4.0, 5.727920454563199, 6.599912842187128, 6.357552004618084, 5.727920454563199, 5.554588851677638, 5.554588851677638, 5.584962500721156, 5.614709844115208, 5.882643049361842, 6.066089190457772, 5.727920454563199, 5.491853096329675, 5.357552004618084, 5.20945336562895, 5.129283016944966, 5.807354922057604, 4.459431618637297], [4.754887502163468, 3.169925001442312, 1.584962500721156, 2.584962500721156, 1.584962500721156, 3.0, 4.247927513443585, 5.614709844115208, 6.569855608330948, 6.169925001442312, 5.727920454563199, 5.392317422778761, 5.459431618637297, 5.459431618637297, 5.643856189774724, 5.930737337562887, 5.954196310386875, 5.672425341971495, 4.643856189774724, 4.807354922057604, 5.426264754702098, 5.426264754702098, 5.20945336562895, 4.807354922057604], [4.700439718141093, 3.700439718141092, 3.4594316186372973, 3.0, 2.0, 3.0, 4.169925001442312, 5.357552004618084, 5.906890595608519, 5.754887502163468, 5.044394119358453, 5.357552004618084, 5.523561956057013, 5.0, 5.247927513443585, 5.129283016944966, 4.857980995127572, 5.285402218862249, 4.392317422778761, 4.807354922057604, 4.754887502163468, 4.584962500721156, 5.044394119358453, 4.459431618637297], [4.087462841250339, 3.584962500721156, 2.807354922057604, 3.0, 2.807354922057604, 1.0, 3.700439718141092, 4.906890595608519, 4.954196310386875, 4.754887502163468, 4.857980995127572, 4.700439718141093, 4.700439718141093, 5.129283016944966, 5.087462841250339, 5.247927513443585, 5.044394119358453, 4.643856189774724, 4.906890595608519, 4.954196310386875, 5.087462841250339, 4.906890595608519, 4.523561956057013, 4.0]]}