{"min": 0, "max": 9.977279923499916, "pieData": [[5.523561956057013, 3.700439718141092, 3.4594316186372973, 3.321928094887362, 2.584962500721156, 2.321928094887362, 4.643856189774724, 6.714245517666122, 7.348728154231077, 7.118941072723508, 6.807354922057604, 6.700439718141093, 6.3750394313469245, 6.754887502163468, 6.6293566200796095, 6.491853096329675, 6.392317422778761, 5.977279923499917, 6.022367813028454, 4.321928094887363, 5.554588851677638, 6.569855608330948, 6.442943495848728, 5.977279923499917], [5.491853096329675, 4.643856189774724, 3.584962500721156, 2.584962500721156, 3.169925001442312, 2.807354922057604, 5.044394119358453, 6.584962500721156, 7.592457037268081, 7.312882955284356, 6.9886846867721655, 6.507794640198696, 6.614709844115208, 6.768184324776926, 7.066089190457772, 6.569855608330948, 6.3750394313469245, 6.6865005271832185, 6.108524456778169, 6.321928094887363, 6.442943495848728, 6.321928094887363, 6.409390936137702, 5.977279923499917], [5.285402218862249, 4.321928094887363, 3.700439718141092, 2.807354922057604, 2.321928094887362, 2.321928094887362, 4.169925001442312, 6.599912842187128, 7.483815777264256, 6.965784284662087, 6.539158811108031, 6.599912842187128, 6.409390936137702, 6.442943495848728, 6.794415866350106, 6.882643049361842, 6.523561956057013, 6.0, 5.672425341971495, 5.930737337562887, 3.584962500721156, 6.3750394313469245, 5.930737337562887, 5.906890595608519], [5.087462841250339, 4.523561956057013, 3.700439718141092, 3.321928094887362, 3.0, 2.584962500721156, 4.643856189774724, 6.882643049361842, 7.577428828035749, 7.022367813028454, 6.794415866350106, 6.727920454563199, 6.266786540694901, 6.754887502163468, 6.930737337562887, 6.6865005271832185, 6.3750394313469245, 6.614709844115208, 6.022367813028454, 6.6865005271832185, 6.442943495848728, 6.266786540694901, 6.266786540694901, 6.087462841250339], [5.129283016944966, 4.169925001442312, 4.0, 3.700439718141092, 2.321928094887362, 2.807354922057604, 4.906890595608519, 6.658211482751795, 7.409390936137702, 7.199672344836364, 6.700439718141093, 6.584962500721156, 6.584962500721156, 6.643856189774724, 6.754887502163468, 6.614709844115208, 5.954196310386875, 6.426264754702098, 5.754887502163468, 5.882643049361842, 6.554588851677638, 6.247927513443585, 6.459431618637297, 6.169925001442312], [5.700439718141093, 5.20945336562895, 4.584962500721156, 3.169925001442312, 3.807354922057604, 2.584962500721156, 4.169925001442312, 5.491853096329675, 6.507794640198696, 6.409390936137702, 6.475733430966398, 6.285402218862249, 6.475733430966398, 6.247927513443585, 6.169925001442312, 6.321928094887363, 6.044394119358453, 6.459431618637297, 6.20945336562895, 5.832890014164741, 6.285402218862249, 6.247927513443585, 6.108524456778169, 5.832890014164741], [4.700439718141093, 4.700439718141093, 4.087462841250339, 2.0, 2.584962500721156, 2.584962500721156, 3.4594316186372973, 4.523561956057013, 6.475733430966398, 6.189824558880018, 6.149747119504682, 6.20945336562895, 6.339850002884624, 6.426264754702098, 5.700439718141093, 6.339850002884624, 5.930737337562887, 5.977279923499917, 6.044394119358453, 6.129283016944966, 6.569855608330948, 6.303780748177103, 5.754887502163468, 5.554588851677638]]}