{"min": 0, "max": 9.977279923499916, "pieData": [[3.584962500721156, 2.0, 1.0, 2.584962500721156, 1.0, 1.584962500721156, 4.169925001442312, 5.930737337562887, 6.303780748177103, 5.727920454563199, 5.882643049361842, 6.087462841250339, 5.78135971352466, 5.584962500721156, 5.614709844115208, 6.189824558880018, 6.108524456778169, 6.20945336562895, 5.832890014164741, 4.0, 4.754887502163468, 5.882643049361842, 5.614709844115208, 4.321928094887363], [3.700439718141092, 3.0, 2.584962500721156, 2.0, 1.584962500721156, 1.584962500721156, 3.700439718141092, 5.700439718141093, 6.339850002884624, 6.129283016944966, 6.087462841250339, 6.189824558880018, 5.857980995127572, 6.169925001442312, 6.20945336562895, 6.285402218862249, 6.044394119358453, 5.857980995127572, 6.149747119504682, 5.832890014164741, 5.882643049361842, 5.882643049361842, 5.643856189774724, 4.584962500721156], [3.584962500721156, 3.807354922057604, 1.584962500721156, 2.0, 1.584962500721156, 2.0, 4.087462841250339, 5.672425341971495, 5.977279923499917, 5.832890014164741, 6.044394119358453, 6.169925001442312, 5.357552004618084, 5.754887502163468, 5.426264754702098, 5.807354922057604, 6.066089190457772, 6.0, 4.954196310386875, 5.672425341971495, 3.321928094887362, 5.906890595608519, 5.392317422778761, 4.807354922057604], [3.4594316186372973, 2.584962500721156, 1.584962500721156, 2.0, 2.321928094887362, 3.169925001442312, 4.0, 5.906890595608519, 6.303780748177103, 6.22881869049588, 5.672425341971495, 5.906890595608519, 5.491853096329675, 5.754887502163468, 6.066089190457772, 5.700439718141093, 5.807354922057604, 6.357552004618084, 6.149747119504682, 5.584962500721156, 5.857980995127572, 5.554588851677638, 5.554588851677638, 4.459431618637297], [4.643856189774724, 3.169925001442312, 2.584962500721156, 0.0, 1.584962500721156, 2.0, 3.807354922057604, 5.78135971352466, 6.459431618637297, 5.954196310386875, 5.0, 5.882643049361842, 5.882643049361842, 5.954196310386875, 5.727920454563199, 6.169925001442312, 5.832890014164741, 6.169925001442312, 5.491853096329675, 5.807354922057604, 5.906890595608519, 5.727920454563199, 5.807354922057604, 4.807354922057604], [4.584962500721156, 2.807354922057604, 2.807354922057604, 2.0, 1.0, 2.0, 3.0, 5.20945336562895, 5.906890595608519, 5.614709844115208, 5.700439718141093, 6.087462841250339, 5.672425341971495, 5.392317422778761, 5.643856189774724, 5.857980995127572, 5.523561956057013, 5.754887502163468, 5.930737337562887, 5.392317422778761, 5.807354922057604, 5.426264754702098, 5.554588851677638, 4.0], [3.700439718141092, 2.584962500721156, 2.807354922057604, 1.0, 2.0, 2.0, 3.0, 4.321928094887363, 4.392317422778761, 4.954196310386875, 5.930737337562887, 5.977279923499917, 5.672425341971495, 5.643856189774724, 6.087462841250339, 5.977279923499917, 5.426264754702098, 5.882643049361842, 6.066089190457772, 5.523561956057013, 5.78135971352466, 5.727920454563199, 5.459431618637297, 4.392317422778761]]}