{"min": 0, "max": 9.977279923499916, "pieData": [[4.584962500721156, 3.4594316186372973, 3.584962500721156, 2.807354922057604, 2.584962500721156, 2.807354922057604, 3.0, 5.554588851677638, 6.303780748177103, 6.22881869049588, 6.714245517666122, 6.554588851677638, 6.539158811108031, 6.392317422778761, 6.409390936137702, 6.569855608330948, 6.6865005271832185, 6.475733430966398, 5.554588851677638, 4.459431618637297, 5.977279923499917, 6.475733430966398, 6.614709844115208, 5.426264754702098], [4.392317422778761, 3.9068905956085187, 3.584962500721156, 2.807354922057604, 2.321928094887362, 2.584962500721156, 3.0, 5.523561956057013, 6.409390936137702, 6.6293566200796095, 6.727920454563199, 6.965784284662087, 6.7414669864011465, 6.614709844115208, 6.6293566200796095, 6.727920454563199, 6.459431618637297, 6.614709844115208, 5.930737337562887, 6.539158811108031, 6.906890595608519, 6.672425341971495, 6.491853096329675, 5.426264754702098], [4.584962500721156, 3.584962500721156, 2.584962500721156, 2.584962500721156, 2.321928094887362, 2.321928094887362, 4.169925001442312, 5.459431618637297, 5.857980995127572, 6.426264754702098, 6.599912842187128, 6.906890595608519, 6.357552004618084, 6.475733430966398, 6.569855608330948, 6.554588851677638, 6.247927513443585, 6.584962500721156, 5.78135971352466, 6.189824558880018, 3.0, 6.339850002884624, 6.044394119358453, 5.321928094887363], [4.754887502163468, 4.087462841250339, 3.321928094887362, 2.0, 1.584962500721156, 1.0, 3.169925001442312, 5.700439718141093, 6.357552004618084, 6.523561956057013, 6.857980995127572, 6.714245517666122, 6.3750394313469245, 6.392317422778761, 6.523561956057013, 6.794415866350106, 6.599912842187128, 6.658211482751795, 5.882643049361842, 6.727920454563199, 6.807354922057604, 6.727920454563199, 6.108524456778169, 5.491853096329675], [4.247927513443585, 3.700439718141092, 3.584962500721156, 3.584962500721156, 2.807354922057604, 2.584962500721156, 3.9068905956085187, 5.554588851677638, 6.266786540694901, 6.459431618637297, 6.658211482751795, 6.832890014164741, 6.768184324776926, 6.672425341971495, 6.768184324776926, 6.857980995127572, 6.392317422778761, 6.442943495848728, 5.426264754702098, 6.392317422778761, 6.658211482751795, 6.442943495848728, 6.658211482751795, 5.247927513443585], [4.643856189774724, 3.807354922057604, 3.4594316186372973, 3.700439718141092, 3.0, 2.321928094887362, 3.584962500721156, 4.584962500721156, 5.247927513443585, 5.906890595608519, 6.247927513443585, 6.94251450533924, 6.392317422778761, 6.339850002884624, 6.882643049361842, 6.426264754702098, 6.614709844115208, 6.930737337562887, 6.409390936137702, 6.22881869049588, 6.0, 6.303780748177103, 6.614709844115208, 5.459431618637297], [4.247927513443585, 3.4594316186372973, 3.321928094887362, 2.0, 1.0, 2.584962500721156, 2.807354922057604, 3.700439718141092, 5.044394119358453, 5.954196310386875, 6.266786540694901, 6.6865005271832185, 6.845490050944376, 6.727920454563199, 6.339850002884624, 6.599912842187128, 6.7414669864011465, 6.78135971352466, 6.409390936137702, 6.0, 6.149747119504682, 6.339850002884624, 6.0, 4.321928094887363]]}