{"min": 0, "max": 9.977279923499916, "pieData": [[5.459431618637297, 4.321928094887363, 4.459431618637297, 2.807354922057604, 3.700439718141092, 2.584962500721156, 5.044394119358453, 6.954196310386875, 7.392317422778761, 7.614709844115208, 6.930737337562887, 6.870364719583405, 6.714245517666122, 7.011227255423254, 7.087462841250339, 6.9886846867721655, 6.930737337562887, 6.727920454563199, 6.523561956057013, 5.169925001442312, 6.066089190457772, 7.257387842692652, 7.22881869049588, 6.475733430966398], [5.643856189774724, 4.523561956057013, 3.807354922057604, 3.4594316186372973, 2.584962500721156, 3.4594316186372973, 4.857980995127572, 7.0, 7.515699838284043, 7.459431618637297, 7.066089190457772, 6.845490050944376, 6.569855608330948, 6.906890595608519, 6.6865005271832185, 7.076815597050831, 6.930737337562887, 6.906890595608519, 6.768184324776926, 6.918863237274595, 6.820178962415188, 6.714245517666122, 6.857980995127572, 6.044394119358453], [5.523561956057013, 4.857980995127572, 4.523561956057013, 3.584962500721156, 3.0, 4.0, 4.754887502163468, 6.569855608330948, 7.636624620543649, 7.400879436282184, 7.139551352398794, 6.882643049361842, 6.614709844115208, 6.78135971352466, 6.906890595608519, 6.918863237274595, 6.78135971352466, 6.768184324776926, 6.584962500721156, 6.266786540694901, 4.459431618637297, 6.906890595608519, 6.303780748177103, 5.672425341971495], [5.906890595608519, 4.523561956057013, 4.087462841250339, 3.807354922057604, 3.4594316186372973, 4.584962500721156, 5.044394119358453, 7.03342300153745, 7.876516946564999, 7.357552004618084, 7.066089190457772, 6.918863237274595, 6.442943495848728, 6.930737337562887, 7.0, 6.954196310386875, 6.599912842187128, 6.870364719583405, 6.507794640198696, 6.507794640198696, 6.954196310386875, 6.7414669864011465, 6.491853096329675, 6.129283016944966], [5.584962500721156, 4.906890595608519, 3.807354922057604, 4.0, 3.321928094887362, 3.169925001442312, 4.754887502163468, 6.918863237274595, 7.6653359171851765, 7.569855608330948, 7.076815597050831, 6.882643049361842, 6.22881869049588, 6.714245517666122, 7.22881869049588, 6.507794640198696, 6.599912842187128, 6.599912842187128, 6.044394119358453, 6.7414669864011465, 6.714245517666122, 6.614709844115208, 6.7414669864011465, 6.475733430966398], [6.066089190457772, 5.321928094887363, 4.584962500721156, 4.392317422778761, 3.4594316186372973, 3.584962500721156, 4.754887502163468, 5.614709844115208, 6.882643049361842, 6.714245517666122, 6.700439718141093, 6.918863237274595, 6.754887502163468, 6.357552004618084, 6.426264754702098, 6.285402218862249, 6.149747119504682, 6.6293566200796095, 6.584962500721156, 6.409390936137702, 6.409390936137702, 6.554588851677638, 6.523561956057013, 6.0], [5.392317422778761, 4.584962500721156, 5.0, 4.0, 3.321928094887362, 3.321928094887362, 4.523561956057013, 5.044394119358453, 6.426264754702098, 6.087462841250339, 6.599912842187128, 6.672425341971495, 6.523561956057013, 6.754887502163468, 6.754887502163468, 6.539158811108031, 6.409390936137702, 6.700439718141093, 6.727920454563199, 6.357552004618084, 6.491853096329675, 6.6865005271832185, 6.189824558880018, 5.906890595608519]]}