{"min": 0, "max": 9.977279923499916, "pieData": [[3.807354922057604, 2.807354922057604, 2.321928094887362, 1.584962500721156, 0.0, 2.321928094887362, 4.087462841250339, 4.906890595608519, 5.700439718141093, 5.754887502163468, 5.0, 4.906890595608519, 5.169925001442312, 4.754887502163468, 4.700439718141093, 5.129283016944966, 5.491853096329675, 5.044394119358453, 5.087462841250339, 4.247927513443585, 4.857980995127572, 5.554588851677638, 5.169925001442312, 4.700439718141093], [3.700439718141092, 3.4594316186372973, 2.0, 1.584962500721156, 2.0, 2.0, 3.4594316186372973, 5.459431618637297, 6.066089190457772, 5.491853096329675, 5.169925001442312, 5.554588851677638, 4.807354922057604, 5.357552004618084, 5.392317422778761, 5.129283016944966, 5.129283016944966, 4.954196310386875, 5.20945336562895, 5.321928094887363, 5.169925001442312, 5.754887502163468, 5.392317422778761, 4.584962500721156], [3.700439718141092, 3.4594316186372973, 1.584962500721156, 1.584962500721156, 1.0, 1.584962500721156, 3.0, 5.321928094887363, 5.882643049361842, 5.584962500721156, 5.044394119358453, 4.700439718141093, 4.700439718141093, 5.247927513443585, 5.285402218862249, 5.285402218862249, 5.247927513443585, 4.584962500721156, 5.247927513443585, 5.0, 2.0, 5.614709844115208, 5.321928094887363, 5.169925001442312], [4.087462841250339, 3.321928094887362, 1.0, 2.321928094887362, 1.0, 2.0, 2.584962500721156, 5.087462841250339, 5.977279923499917, 5.700439718141093, 5.392317422778761, 5.087462841250339, 4.169925001442312, 4.906890595608519, 5.285402218862249, 4.754887502163468, 5.044394119358453, 5.247927513443585, 4.857980995127572, 5.459431618637297, 5.044394119358453, 5.321928094887363, 5.392317422778761, 4.087462841250339], [3.807354922057604, 3.807354922057604, 3.0, 2.0, 2.0, 1.0, 3.169925001442312, 5.247927513443585, 6.087462841250339, 4.700439718141093, 5.285402218862249, 4.906890595608519, 4.643856189774724, 4.169925001442312, 5.357552004618084, 5.357552004618084, 4.954196310386875, 4.906890595608519, 5.169925001442312, 5.285402218862249, 5.0, 5.672425341971495, 5.554588851677638, 4.807354922057604], [4.169925001442312, 3.584962500721156, 3.321928094887362, 2.321928094887362, 2.584962500721156, 1.584962500721156, 2.584962500721156, 4.459431618637297, 5.0, 4.807354922057604, 5.087462841250339, 5.087462841250339, 5.0, 4.523561956057013, 5.0, 4.807354922057604, 4.584962500721156, 5.129283016944966, 5.357552004618084, 5.044394119358453, 4.754887502163468, 5.700439718141093, 5.0, 4.954196310386875], [4.392317422778761, 3.4594316186372973, 3.4594316186372973, 1.584962500721156, 3.0, 2.0, 3.321928094887362, 3.700439718141092, 4.459431618637297, 4.169925001442312, 4.906890595608519, 5.247927513443585, 4.643856189774724, 4.954196310386875, 4.807354922057604, 4.584962500721156, 4.643856189774724, 5.0, 5.129283016944966, 5.20945336562895, 5.169925001442312, 5.614709844115208, 5.754887502163468, 4.754887502163468]]}