{"min": 0, "max": 9.977279923499916, "pieData": [[7.60733031374961, 7.118941072723508, 6.820178962415188, 6.20945336562895, 5.807354922057604, 5.700439718141093, 6.94251450533924, 7.971543553950772, 8.103287808412022, 7.672425341971495, 7.643856189774724, 8.044394119358454, 7.930737337562887, 8.199672344836364, 8.049848549450562, 8.087462841250339, 7.643856189774724, 7.599912842187128, 7.7615512324444795, 6.475733430966398, 7.554588851677638, 8.588714635582264, 8.430452551665532, 8.20945336562895], [7.78135971352466, 7.475733430966398, 7.139551352398794, 6.727920454563199, 6.149747119504682, 5.672425341971495, 6.727920454563199, 8.0, 8.422064766172813, 7.845490050944376, 7.954196310386875, 8.071462362556623, 7.971543553950772, 8.214319120800766, 8.184875342908283, 8.159871336778389, 7.768184324776926, 7.826548487290915, 7.906890595608519, 7.900866807980749, 8.326429487122303, 8.51175265376738, 8.519636252843213, 8.303780748177102], [7.614709844115208, 7.3750394313469245, 7.348728154231077, 6.409390936137702, 5.807354922057604, 5.906890595608519, 6.459431618637297, 7.693486957499325, 8.400879436282183, 8.011227255423254, 7.870364719583405, 7.826548487290915, 7.832890014164741, 7.994353436858858, 8.087462841250339, 8.005624549193879, 7.672425341971495, 7.900866807980749, 7.577428828035749, 7.643856189774724, 5.392317422778761, 8.149747119504681, 8.027905996569885, 7.734709620225838], [7.643856189774724, 7.159871336778389, 6.918863237274595, 6.426264754702098, 6.169925001442312, 5.672425341971495, 6.475733430966398, 7.870364719583405, 8.535275376620802, 8.092757140919852, 7.92481250360578, 8.027905996569885, 7.754887502163468, 8.087462841250339, 8.169925001442312, 8.087462841250339, 7.7414669864011465, 7.851749041416058, 7.7414669864011465, 7.807354922057604, 8.271463027904375, 8.442943495848729, 8.479780264029099, 8.179909090014934], [7.7073591320808825, 7.554588851677638, 7.118941072723508, 6.554588851677638, 6.0, 5.614709844115208, 6.357552004618084, 7.714245517666122, 8.353146825498083, 8.164906926675688, 7.994353436858858, 7.954196310386875, 7.636624620543649, 8.092757140919852, 8.087462841250339, 7.900866807980749, 7.285402218862249, 7.330916878114617, 7.022367813028454, 7.2761244052742375, 8.124121311829187, 8.614709844115207, 8.67595703294175, 8.417852514885897], [7.807354922057604, 7.930737337562887, 7.554588851677638, 7.011227255423254, 6.087462841250339, 5.614709844115208, 6.459431618637297, 7.1799090900149345, 7.651051691178928, 7.894817763307944, 7.9600019320680815, 7.900866807980749, 7.900866807980749, 8.016808287686555, 8.08214904135387, 8.044394119358454, 7.554588851677638, 7.643856189774724, 7.693486957499325, 7.721099188707186, 7.900866807980749, 8.238404739325079, 8.262094845370179, 7.774787059601174], [7.7615512324444795, 7.491853096329675, 7.2384047393250786, 6.977279923499917, 6.409390936137702, 5.614709844115208, 6.066089190457772, 6.820178962415188, 7.592457037268081, 7.546894459887636, 7.531381460516312, 7.787902559391432, 7.888743248898259, 8.011227255423254, 7.651051691178928, 7.948367231584678, 7.483815777264256, 7.6293566200796095, 7.774787059601174, 7.622051819456376, 8.344295907915816, 8.276124405274238, 8.405141463136344, 8.118941072723507]]}