{"min": 0, "max": 9.977279923499916, "pieData": [[6.0, 5.247927513443585, 4.392317422778761, 3.584962500721156, 3.321928094887362, 3.4594316186372973, 4.584962500721156, 6.044394119358453, 6.285402218862249, 6.614709844115208, 6.339850002884624, 6.20945336562895, 6.169925001442312, 6.339850002884624, 6.22881869049588, 6.266786540694901, 6.022367813028454, 5.700439718141093, 5.672425341971495, 4.954196310386875, 5.78135971352466, 6.491853096329675, 6.599912842187128, 6.321928094887363], [5.857980995127572, 5.459431618637297, 4.643856189774724, 4.392317422778761, 3.169925001442312, 2.807354922057604, 4.459431618637297, 5.754887502163468, 6.569855608330948, 6.321928094887363, 6.129283016944966, 6.3750394313469245, 6.189824558880018, 6.149747119504682, 6.266786540694901, 6.087462841250339, 6.044394119358453, 5.882643049361842, 5.357552004618084, 6.087462841250339, 6.475733430966398, 6.554588851677638, 6.658211482751795, 6.066089190457772], [5.807354922057604, 4.807354922057604, 4.754887502163468, 4.0, 3.169925001442312, 2.807354922057604, 3.807354922057604, 5.247927513443585, 6.108524456778169, 6.459431618637297, 6.108524456778169, 5.882643049361842, 5.977279923499917, 5.832890014164741, 6.409390936137702, 6.044394119358453, 5.832890014164741, 5.523561956057013, 5.321928094887363, 5.727920454563199, 2.584962500721156, 6.392317422778761, 6.266786540694901, 6.459431618637297], [6.022367813028454, 5.857980995127572, 5.0, 3.9068905956085187, 3.169925001442312, 3.0, 4.247927513443585, 5.672425341971495, 6.169925001442312, 6.426264754702098, 6.066089190457772, 5.643856189774724, 6.129283016944966, 5.672425341971495, 6.392317422778761, 5.906890595608519, 6.066089190457772, 5.78135971352466, 5.807354922057604, 5.857980995127572, 6.066089190457772, 6.357552004618084, 6.303780748177103, 6.189824558880018], [5.832890014164741, 5.459431618637297, 4.0, 4.0, 2.321928094887362, 3.321928094887362, 4.459431618637297, 5.906890595608519, 6.321928094887363, 6.409390936137702, 6.189824558880018, 6.022367813028454, 6.087462841250339, 6.129283016944966, 6.087462841250339, 6.108524456778169, 5.78135971352466, 5.459431618637297, 4.087462841250339, 5.285402218862249, 6.087462841250339, 6.507794640198696, 6.643856189774724, 6.3750394313469245], [5.930737337562887, 5.78135971352466, 5.044394119358453, 3.9068905956085187, 3.0, 3.321928094887362, 4.169925001442312, 5.247927513443585, 5.832890014164741, 5.930737337562887, 5.954196310386875, 5.78135971352466, 6.0, 6.129283016944966, 6.189824558880018, 5.954196310386875, 5.832890014164741, 6.108524456778169, 5.643856189774724, 5.906890595608519, 5.807354922057604, 6.149747119504682, 6.22881869049588, 6.189824558880018], [5.857980995127572, 5.247927513443585, 4.807354922057604, 4.321928094887363, 2.321928094887362, 3.584962500721156, 4.087462841250339, 4.754887502163468, 6.022367813028454, 5.643856189774724, 5.700439718141093, 5.523561956057013, 6.0, 6.108524456778169, 5.754887502163468, 5.857980995127572, 5.584962500721156, 5.906890595608519, 5.700439718141093, 6.149747119504682, 6.442943495848728, 6.392317422778761, 6.303780748177103, 6.044394119358453]]}