{"min": 0, "max": 9.977279923499916, "pieData": [[7.321928094887363, 6.554588851677638, 6.475733430966398, 6.20945336562895, 5.392317422778761, 6.129283016944966, 7.1799090900149345, 7.936637939002571, 7.199672344836364, 6.339850002884624, 6.569855608330948, 7.076815597050831, 7.149747119504682, 7.499845887083206, 7.721099188707186, 7.554588851677638, 7.219168520462161, 7.066089190457772, 6.9886846867721655, 6.189824558880018, 6.918863237274595, 7.839203788096944, 7.774787059601174, 7.409390936137702], [6.9886846867721655, 7.129283016944966, 6.807354922057604, 6.169925001442312, 5.930737337562887, 5.727920454563199, 6.894817763307944, 7.636624620543649, 7.066089190457772, 6.409390936137702, 6.599912842187128, 7.400879436282184, 7.348728154231077, 7.734709620225838, 7.832890014164741, 7.672425341971495, 7.491853096329675, 7.467605550082998, 7.523561956057013, 7.614709844115208, 7.794415866350106, 7.643856189774724, 7.636624620543649, 7.507794640198696], [7.076815597050831, 6.870364719583405, 6.321928094887363, 6.247927513443585, 5.857980995127572, 5.20945336562895, 6.727920454563199, 7.499845887083206, 7.467605550082998, 7.129283016944966, 6.807354922057604, 7.149747119504682, 7.139551352398794, 7.467605550082998, 7.507794640198696, 7.409390936137702, 7.266786540694901, 7.507794640198696, 7.1799090900149345, 7.1799090900149345, 5.0, 7.643856189774724, 7.321928094887363, 7.426264754702098], [7.1799090900149345, 7.149747119504682, 6.442943495848728, 6.169925001442312, 5.78135971352466, 5.554588851677638, 6.584962500721156, 7.546894459887636, 7.569855608330948, 6.857980995127572, 7.129283016944966, 7.303780748177103, 7.2384047393250786, 7.467605550082998, 7.417852514885898, 7.507794640198696, 7.546894459887636, 7.366322214245816, 7.2384047393250786, 7.6293566200796095, 7.499845887083206, 7.515699838284043, 7.539158811108031, 7.312882955284356], [7.22881869049588, 6.807354922057604, 6.426264754702098, 6.303780748177103, 6.087462841250339, 5.954196310386875, 6.614709844115208, 7.467605550082998, 7.2761244052742375, 6.266786540694901, 6.475733430966398, 7.475733430966398, 7.20945336562895, 7.6293566200796095, 7.2761244052742375, 7.366322214245816, 7.266786540694901, 7.087462841250339, 6.700439718141093, 7.554588851677638, 7.754887502163468, 7.78135971352466, 7.807354922057604, 7.577428828035749], [7.20945336562895, 7.03342300153745, 6.870364719583405, 6.442943495848728, 6.108524456778169, 5.643856189774724, 6.442943495848728, 6.658211482751795, 7.312882955284356, 7.149747119504682, 7.2384047393250786, 7.219168520462161, 7.098032082960526, 7.417852514885898, 7.2384047393250786, 7.2761244052742375, 7.129283016944966, 7.285402218862249, 7.05528243550119, 7.321928094887363, 7.357552004618084, 7.417852514885898, 7.098032082960526, 7.247927513443585], [6.977279923499917, 6.94251450533924, 6.768184324776926, 6.409390936137702, 6.108524456778169, 5.807354922057604, 6.20945336562895, 6.459431618637297, 7.0, 6.954196310386875, 6.977279923499917, 6.906890595608519, 7.22881869049588, 7.383704292474052, 7.483815777264256, 7.426264754702098, 7.467605550082998, 7.05528243550119, 7.442943495848728, 7.599912842187128, 7.658211482751795, 7.794415866350106, 7.539158811108031, 7.118941072723508]]}