{"min": 0, "max": 9.977279923499916, "pieData": [[6.022367813028454, 4.954196310386875, 4.247927513443585, 4.247927513443585, 4.0, 3.584962500721156, 5.285402218862249, 6.20945336562895, 6.870364719583405, 6.977279923499917, 7.129283016944966, 7.098032082960526, 6.857980995127572, 6.554588851677638, 7.108524456778169, 7.139551352398794, 6.523561956057013, 6.3750394313469245, 6.247927513443585, 4.954196310386875, 6.022367813028454, 6.845490050944376, 6.7414669864011465, 6.3750394313469245], [5.977279923499917, 5.857980995127572, 4.954196310386875, 4.321928094887363, 3.807354922057604, 3.584962500721156, 4.906890595608519, 6.584962500721156, 7.076815597050831, 7.22881869049588, 7.392317422778761, 7.257387842692652, 6.832890014164741, 6.857980995127572, 7.066089190457772, 6.9886846867721655, 6.339850002884624, 6.491853096329675, 6.129283016944966, 6.087462841250339, 6.965784284662087, 6.727920454563199, 6.554588851677638, 6.247927513443585], [5.977279923499917, 5.129283016944966, 4.459431618637297, 4.087462841250339, 3.700439718141092, 3.169925001442312, 4.247927513443585, 6.066089190457772, 6.768184324776926, 6.807354922057604, 6.906890595608519, 7.098032082960526, 6.768184324776926, 6.491853096329675, 6.9886846867721655, 6.894817763307944, 6.672425341971495, 6.129283016944966, 6.189824558880018, 5.882643049361842, 3.9068905956085187, 6.754887502163468, 6.3750394313469245, 6.285402218862249], [6.0, 5.247927513443585, 4.700439718141093, 4.584962500721156, 4.169925001442312, 3.4594316186372973, 4.754887502163468, 5.954196310386875, 6.9886846867721655, 7.149747119504682, 7.149747119504682, 7.219168520462161, 6.894817763307944, 6.658211482751795, 6.965784284662087, 6.523561956057013, 6.523561956057013, 6.409390936137702, 6.149747119504682, 6.321928094887363, 6.6865005271832185, 6.475733430966398, 6.554588851677638, 6.426264754702098], [5.977279923499917, 5.044394119358453, 4.754887502163468, 4.807354922057604, 2.807354922057604, 4.0, 4.247927513443585, 6.321928094887363, 7.022367813028454, 7.0, 7.011227255423254, 7.139551352398794, 6.658211482751795, 6.339850002884624, 6.857980995127572, 6.965784284662087, 6.066089190457772, 6.189824558880018, 5.643856189774724, 5.977279923499917, 6.426264754702098, 6.768184324776926, 6.918863237274595, 6.523561956057013], [6.108524456778169, 5.727920454563199, 5.087462841250339, 4.321928094887363, 4.0, 3.0, 4.643856189774724, 5.247927513443585, 6.475733430966398, 6.523561956057013, 6.539158811108031, 6.857980995127572, 6.426264754702098, 6.129283016944966, 6.426264754702098, 6.169925001442312, 6.0, 6.3750394313469245, 5.977279923499917, 5.954196310386875, 6.475733430966398, 6.3750394313469245, 6.189824558880018, 6.044394119358453], [6.0, 5.523561956057013, 5.321928094887363, 4.523561956057013, 3.169925001442312, 4.0, 3.321928094887362, 5.0, 6.149747119504682, 6.539158811108031, 6.303780748177103, 6.266786540694901, 6.357552004618084, 6.357552004618084, 6.303780748177103, 6.149747119504682, 5.754887502163468, 6.066089190457772, 5.882643049361842, 5.882643049361842, 6.3750394313469245, 6.339850002884624, 6.303780748177103, 6.426264754702098]]}