{"min": 0, "max": 9.977279923499916, "pieData": [[7.700439718141093, 7.087462841250339, 6.954196310386875, 6.169925001442312, 5.554588851677638, 4.857980995127572, 5.459431618637297, 6.727920454563199, 7.442943495848728, 7.491853096329675, 7.7615512324444795, 7.900866807980749, 7.714245517666122, 8.055282435501189, 8.164906926675688, 7.954196310386875, 7.475733430966398, 7.3750394313469245, 6.700439718141093, 5.832890014164741, 8.243173983472952, 8.761551232444479, 8.867278739709661, 8.348728154231077], [8.285402218862249, 7.6653359171851765, 7.294620748891627, 6.409390936137702, 5.169925001442312, 5.044394119358453, 5.727920454563199, 6.768184324776926, 7.459431618637297, 7.60733031374961, 7.820178962415188, 8.03342300153745, 8.060695931687555, 8.294620748891628, 8.262094845370179, 8.144658242831882, 7.888743248898259, 7.700439718141093, 7.169925001442312, 7.930737337562887, 8.515699838284043, 8.672425341971495, 8.845490050944376, 8.31741261376487], [8.124121311829187, 7.714245517666122, 7.294620748891627, 6.247927513443585, 5.491853096329675, 4.754887502163468, 5.523561956057013, 6.22881869049588, 7.348728154231077, 7.266786540694901, 7.577428828035749, 7.693486957499325, 7.714245517666122, 8.066089190457772, 8.243173983472952, 8.049848549450562, 7.714245517666122, 7.475733430966398, 6.94251450533924, 7.392317422778761, 5.727920454563199, 8.330916878114618, 8.550746785383243, 8.29920801838728], [8.174925682500678, 7.876516946564999, 7.409390936137702, 6.426264754702098, 5.392317422778761, 4.643856189774724, 5.285402218862249, 6.507794640198696, 7.247927513443585, 7.539158811108031, 7.643856189774724, 7.700439718141093, 7.7481928495894605, 8.194756854422248, 8.144658242831882, 8.124121311829187, 7.845490050944376, 7.546894459887636, 7.20945336562895, 7.900866807980749, 8.546894459887637, 8.49585502688717, 8.710806433699352, 8.276124405274238], [7.894817763307944, 7.562242424221073, 7.044394119358453, 6.392317422778761, 4.906890595608519, 4.643856189774724, 4.906890595608519, 6.6293566200796095, 7.2761244052742375, 7.330916878114617, 7.768184324776926, 7.977279923499917, 7.636624620543649, 8.066089190457772, 8.144658242831882, 8.108524456778168, 7.499845887083206, 7.118941072723508, 6.044394119358453, 7.044394119358453, 7.954196310386875, 8.357552004618084, 8.703903573444663, 8.672425341971495], [8.252665432450248, 7.994353436858858, 7.599912842187128, 6.554588851677638, 5.930737337562887, 5.321928094887363, 5.285402218862249, 5.857980995127572, 6.569855608330948, 6.918863237274595, 7.159871336778389, 7.672425341971495, 7.774787059601174, 7.700439718141093, 7.636624620543649, 7.643856189774724, 7.303780748177103, 7.658211482751795, 7.22881869049588, 7.754887502163468, 8.422064766172813, 8.276124405274238, 8.527477006060396, 8.417852514885897], [8.005624549193879, 7.693486957499325, 7.257387842692652, 6.658211482751795, 5.614709844115208, 5.392317422778761, 5.285402218862249, 5.857980995127572, 6.643856189774724, 6.658211482751795, 6.768184324776926, 7.22881869049588, 7.679480099505446, 7.826548487290915, 7.977279923499917, 7.994353436858858, 7.6293566200796095, 7.651051691178928, 7.592457037268081, 7.7414669864011465, 8.588714635582264, 8.79766152585376, 8.622051819456376, 8.20945336562895]]}