{"min": 0, "max": 9.977279923499916, "pieData": [[7.971543553950772, 7.312882955284356, 7.022367813028454, 6.442943495848728, 5.882643049361842, 6.066089190457772, 6.539158811108031, 7.531381460516312, 7.2761244052742375, 7.139551352398794, 7.554588851677638, 8.022367813028454, 8.507794640198696, 8.707359132080883, 8.72451385311995, 8.651051691178928, 8.62935662007961, 8.700439718141093, 8.144658242831882, 6.714245517666122, 8.64745842645492, 9.467605550082997, 9.611024797307353, 8.794415866350105], [8.144658242831882, 7.383704292474052, 7.459431618637297, 6.977279923499917, 6.066089190457772, 5.857980995127572, 6.658211482751795, 7.303780748177103, 7.483815777264256, 7.577428828035749, 7.6293566200796095, 8.08214904135387, 8.459431618637296, 8.76487159073609, 8.689997971419446, 8.64745842645492, 8.707359132080883, 8.88264304936184, 8.326429487122303, 8.618385502258606, 9.204571144249204, 9.30149619498255, 9.366322214245816, 8.754887502163468], [8.038918989292302, 7.507794640198696, 7.20945336562895, 6.066089190457772, 5.727920454563199, 5.459431618637297, 6.3750394313469245, 7.149747119504682, 7.451211111832329, 7.339850002884624, 7.727920454563199, 8.092757140919852, 8.247927513443585, 8.72451385311995, 8.475733430966399, 8.614709844115207, 8.651051691178928, 8.727920454563199, 8.144658242831882, 8.247927513443585, 6.392317422778761, 9.169925001442312, 9.159871336778389, 8.810571634741146], [8.0, 7.523561956057013, 7.451211111832329, 6.357552004618084, 5.584962500721156, 6.0, 6.491853096329675, 7.076815597050831, 7.321928094887363, 7.546894459887636, 7.92481250360578, 8.066089190457772, 8.31741261376487, 8.60733031374961, 8.434628227636725, 8.651051691178928, 8.60733031374961, 8.870364719583405, 8.280770770130603, 8.7714894695006, 9.167418145831737, 9.310612781659529, 9.226412192788786, 8.915879378835774], [8.294620748891628, 7.693486957499325, 7.011227255423254, 6.894817763307944, 6.087462841250339, 5.491853096329675, 6.523561956057013, 6.94251450533924, 7.442943495848728, 7.357552004618084, 7.86418614465428, 8.290018846932618, 8.409390936137703, 8.778077129535358, 8.558420713268664, 8.459431618637296, 8.383704292474052, 8.252665432450248, 7.0, 7.459431618637297, 8.939579214314692, 9.250298417906333, 9.266786540694902, 9.08214904135387], [8.280770770130603, 7.900866807980749, 7.721099188707186, 7.546894459887636, 6.643856189774724, 6.087462841250339, 6.129283016944966, 6.442943495848728, 7.392317422778761, 7.22881869049588, 7.754887502163468, 8.113742166049189, 8.113742166049189, 8.335390354693924, 8.50382573799575, 8.721099188707186, 8.64745842645492, 8.72451385311995, 8.50382573799575, 8.696967526234287, 9.08214904135387, 9.057991722759176, 9.214319120800766, 8.945443836377912], [8.294620748891628, 8.038918989292302, 7.845490050944376, 7.366322214245816, 6.614709844115208, 5.977279923499917, 6.108524456778169, 6.426264754702098, 7.022367813028454, 7.257387842692652, 7.622051819456376, 7.727920454563199, 8.247927513443585, 8.467605550082997, 8.661778097771988, 8.64745842645492, 8.45532722030456, 8.707359132080883, 8.566054038171092, 8.622051819456376, 9.207014320177532, 9.159871336778389, 9.328674927327947, 9.049848549450562]]}