{"min": 0, "max": 9.977279923499916, "pieData": [[8.434628227636725, 7.857980995127572, 7.643856189774724, 7.20945336562895, 6.94251450533924, 6.266786540694901, 7.523561956057013, 8.124121311829187, 7.321928094887363, 7.129283016944966, 7.409390936137702, 7.94251450533924, 8.174925682500678, 8.326429487122303, 8.43879185257826, 8.483815777264256, 8.169925001442312, 8.087462841250339, 8.087462841250339, 6.965784284662087, 8.199672344836364, 9.098032082960527, 8.906890595608518, 8.658211482751796], [8.434628227636725, 8.353146825498083, 8.108524456778168, 7.426264754702098, 7.149747119504682, 6.727920454563199, 7.434628227636725, 8.049848549450562, 7.672425341971495, 7.149747119504682, 7.7073591320808825, 8.038918989292302, 8.184875342908283, 8.370687406807217, 8.417852514885897, 8.43879185257826, 8.29920801838728, 8.339850002884624, 8.164906926675688, 8.447083226209653, 8.813781191217037, 8.900866807980748, 8.820178962415188, 8.632995197142957], [8.20945336562895, 8.055282435501189, 7.554588851677638, 7.321928094887363, 6.820178962415188, 6.357552004618084, 7.022367813028454, 7.876516946564999, 7.7414669864011465, 7.658211482751795, 7.813781191217037, 8.076815597050832, 7.930737337562887, 8.247927513443585, 8.257387842692651, 8.149747119504681, 8.103287808412022, 8.055282435501189, 7.94251450533924, 7.813781191217037, 5.727920454563199, 8.820178962415188, 8.417852514885897, 8.451211111832329], [8.308339030139408, 8.08214904135387, 7.92481250360578, 7.257387842692652, 7.159871336778389, 6.930737337562887, 7.294620748891627, 8.03342300153745, 8.055282435501189, 7.672425341971495, 7.936637939002571, 7.994353436858858, 8.071462362556623, 8.005624549193879, 8.339850002884624, 8.290018846932618, 8.169925001442312, 8.164906926675688, 8.011227255423254, 8.396604781181859, 8.700439718141093, 8.668884984266247, 8.807354922057604, 8.625708843064466], [8.330916878114618, 8.049848549450562, 7.826548487290915, 7.507794640198696, 7.330916878114617, 6.491853096329675, 7.129283016944966, 7.888743248898259, 7.651051691178928, 7.451211111832329, 7.426264754702098, 7.936637939002571, 8.027905996569885, 8.219168520462162, 8.262094845370179, 8.243173983472952, 8.049848549450562, 7.876516946564999, 7.294620748891627, 8.076815597050832, 8.64745842645492, 8.909893083770042, 8.92481250360578, 8.807354922057604], [8.434628227636725, 8.471675214392045, 8.312882955284355, 7.918863237274595, 7.475733430966398, 7.044394119358453, 7.139551352398794, 7.599912842187128, 7.86418614465428, 7.882643049361842, 8.247927513443585, 7.92481250360578, 7.900866807980749, 8.055282435501189, 8.055282435501189, 7.92481250360578, 7.693486957499325, 7.98299357469431, 7.936637939002571, 8.294620748891628, 8.727920454563199, 8.59245703726808, 8.741466986401146, 8.491853096329674], [8.566054038171092, 8.129283016944967, 7.9600019320680815, 7.800899899920305, 7.467605550082998, 6.599912842187128, 7.0, 6.965784284662087, 7.417852514885898, 7.693486957499325, 7.813781191217037, 7.800899899920305, 7.78135971352466, 7.994353436858858, 7.9600019320680815, 8.066089190457772, 7.774787059601174, 7.918863237274595, 8.0, 8.499845887083206, 8.888743248898258, 8.915879378835774, 8.794415866350105, 8.744833837499545]]}