{"min": 0, "max": 9.977279923499916, "pieData": [[3.321928094887362, 3.169925001442312, 2.584962500721156, 2.0, 1.0, 2.0, 2.807354922057604, 3.807354922057604, 5.459431618637297, 5.584962500721156, 5.754887502163468, 5.906890595608519, 6.066089190457772, 6.22881869049588, 6.303780748177103, 6.507794640198696, 6.108524456778169, 6.087462841250339, 6.044394119358453, 3.9068905956085187, 5.727920454563199, 6.554588851677638, 6.807354922057604, 5.554588851677638], [4.754887502163468, 3.9068905956085187, 3.0, 1.584962500721156, 1.584962500721156, 1.0, 3.0, 3.584962500721156, 5.169925001442312, 6.357552004618084, 6.108524456778169, 6.129283016944966, 6.066089190457772, 6.087462841250339, 6.442943495848728, 6.20945336562895, 6.303780748177103, 6.426264754702098, 6.149747119504682, 5.643856189774724, 6.339850002884624, 6.599912842187128, 6.491853096329675, 6.0], [3.807354922057604, 3.4594316186372973, 1.584962500721156, 1.584962500721156, 0.0, 1.584962500721156, 1.584962500721156, 4.523561956057013, 4.584962500721156, 6.044394119358453, 5.857980995127572, 6.066089190457772, 5.672425341971495, 6.044394119358453, 6.066089190457772, 6.22881869049588, 6.20945336562895, 6.066089190457772, 5.357552004618084, 5.614709844115208, 3.584962500721156, 6.285402218862249, 6.339850002884624, 5.584962500721156], [4.643856189774724, 3.584962500721156, 2.584962500721156, 0.0, 0.0, 0.0, 2.0, 2.584962500721156, 5.285402218862249, 5.807354922057604, 6.20945336562895, 6.339850002884624, 6.108524456778169, 6.189824558880018, 6.22881869049588, 6.539158811108031, 5.906890595608519, 6.266786540694901, 6.169925001442312, 5.906890595608519, 5.807354922057604, 6.539158811108031, 6.303780748177103, 5.754887502163468], [4.321928094887363, 3.169925001442312, 3.0, 2.0, 0.0, 1.0, 2.0, 4.0, 5.0, 6.066089190457772, 5.807354922057604, 6.149747119504682, 6.303780748177103, 6.087462841250339, 6.321928094887363, 6.321928094887363, 6.149747119504682, 5.672425341971495, 4.954196310386875, 5.087462841250339, 5.392317422778761, 6.0, 5.78135971352466, 5.426264754702098], [3.9068905956085187, 2.584962500721156, 0.0, 1.0, 1.584962500721156, 1.0, 3.169925001442312, 3.169925001442312, 4.392317422778761, 4.857980995127572, 4.754887502163468, 5.357552004618084, 5.357552004618084, 5.0, 4.392317422778761, 4.754887502163468, 5.247927513443585, 5.321928094887363, 4.754887502163468, 5.044394119358453, 5.044394119358453, 4.700439718141093, 5.0, 4.459431618637297], [3.169925001442312, 2.321928094887362, 2.584962500721156, 2.584962500721156, 2.321928094887362, 2.0, 2.584962500721156, 3.321928094887362, 4.321928094887363, 3.700439718141092, 3.9068905956085187, 4.857980995127572, 4.523561956057013, 3.4594316186372973, 4.700439718141093, 4.700439718141093, 4.392317422778761, 4.754887502163468, 4.584962500721156, 4.700439718141093, 4.392317422778761, 4.643856189774724, 5.169925001442312, 4.459431618637297]]}