{"min": 0, "max": 9.977279923499916, "pieData": [[5.906890595608519, 5.129283016944966, 4.700439718141093, 4.0, 3.4594316186372973, 4.0, 6.108524456778169, 6.554588851677638, 5.321928094887363, 6.189824558880018, 6.22881869049588, 5.977279923499917, 6.108524456778169, 6.339850002884624, 6.442943495848728, 6.247927513443585, 6.087462841250339, 6.189824558880018, 6.507794640198696, 5.169925001442312, 5.807354922057604, 6.303780748177103, 6.129283016944966, 6.044394119358453], [6.266786540694901, 5.357552004618084, 5.20945336562895, 4.584962500721156, 3.321928094887362, 3.169925001442312, 5.392317422778761, 6.6865005271832185, 6.507794640198696, 6.426264754702098, 6.392317422778761, 6.392317422778761, 6.0, 6.672425341971495, 6.539158811108031, 6.6293566200796095, 6.554588851677638, 6.321928094887363, 6.584962500721156, 6.189824558880018, 6.614709844115208, 6.6865005271832185, 6.339850002884624, 6.189824558880018], [5.672425341971495, 5.0, 5.044394119358453, 3.4594316186372973, 3.4594316186372973, 3.9068905956085187, 5.754887502163468, 6.614709844115208, 6.303780748177103, 6.6293566200796095, 6.475733430966398, 6.523561956057013, 5.906890595608519, 6.507794640198696, 6.066089190457772, 6.066089190457772, 6.129283016944966, 6.321928094887363, 6.087462841250339, 6.129283016944966, 3.700439718141092, 6.357552004618084, 5.977279923499917, 5.930737337562887], [5.700439718141093, 5.129283016944966, 4.807354922057604, 3.807354922057604, 3.321928094887362, 2.807354922057604, 5.357552004618084, 6.643856189774724, 6.022367813028454, 6.459431618637297, 6.3750394313469245, 5.906890595608519, 5.672425341971495, 6.066089190457772, 6.189824558880018, 6.108524456778169, 6.247927513443585, 6.409390936137702, 5.754887502163468, 6.044394119358453, 6.285402218862249, 6.392317422778761, 6.392317422778761, 6.087462841250339], [5.523561956057013, 5.357552004618084, 4.807354922057604, 4.169925001442312, 4.087462841250339, 4.0, 5.0, 6.339850002884624, 5.357552004618084, 6.714245517666122, 6.022367813028454, 5.832890014164741, 5.882643049361842, 6.392317422778761, 6.285402218862249, 6.303780748177103, 6.285402218862249, 6.392317422778761, 6.247927513443585, 6.409390936137702, 6.584962500721156, 6.357552004618084, 6.491853096329675, 6.321928094887363], [6.022367813028454, 5.754887502163468, 5.285402218862249, 4.459431618637297, 4.087462841250339, 4.169925001442312, 4.643856189774724, 6.087462841250339, 6.614709844115208, 6.087462841250339, 6.321928094887363, 6.189824558880018, 6.266786540694901, 6.3750394313469245, 6.129283016944966, 6.169925001442312, 6.321928094887363, 6.149747119504682, 6.303780748177103, 6.108524456778169, 6.169925001442312, 6.044394119358453, 6.149747119504682, 5.977279923499917], [5.727920454563199, 5.285402218862249, 5.169925001442312, 4.392317422778761, 2.807354922057604, 3.4594316186372973, 4.857980995127572, 5.285402218862249, 6.022367813028454, 5.523561956057013, 5.78135971352466, 5.78135971352466, 6.22881869049588, 6.189824558880018, 5.857980995127572, 6.149747119504682, 6.303780748177103, 5.906890595608519, 6.087462841250339, 6.189824558880018, 6.392317422778761, 6.285402218862249, 6.392317422778761, 5.857980995127572]]}