{"min": 0, "max": 9.977279923499916, "pieData": [[4.584962500721156, 3.0, 2.0, 2.0, 1.0, 1.584962500721156, 4.392317422778761, 5.357552004618084, 6.7414669864011465, 7.03342300153745, 6.643856189774724, 6.870364719583405, 6.918863237274595, 7.108524456778169, 7.2384047393250786, 7.475733430966398, 6.977279923499917, 7.491853096329675, 6.94251450533924, 5.459431618637297, 6.459431618637297, 7.312882955284356, 7.066089190457772, 6.768184324776926], [4.954196310386875, 4.087462841250339, 2.0, 2.321928094887362, 2.0, 2.807354922057604, 3.321928094887362, 5.087462841250339, 6.845490050944376, 7.257387842692652, 7.189824558880018, 7.129283016944966, 7.0, 7.159871336778389, 7.592457037268081, 7.531381460516312, 7.285402218862249, 7.451211111832329, 6.714245517666122, 6.894817763307944, 7.569855608330948, 6.918863237274595, 6.754887502163468, 6.475733430966398], [4.906890595608519, 4.321928094887363, 3.4594316186372973, 2.0, 2.807354922057604, 1.584962500721156, 2.584962500721156, 4.807354922057604, 6.475733430966398, 6.918863237274595, 7.087462841250339, 6.78135971352466, 6.977279923499917, 6.820178962415188, 7.2384047393250786, 7.118941072723508, 7.139551352398794, 7.087462841250339, 6.22881869049588, 5.857980995127572, 4.906890595608519, 7.149747119504682, 6.768184324776926, 6.189824558880018], [4.754887502163468, 4.0, 3.169925001442312, 1.584962500721156, 1.584962500721156, 2.0, 3.700439718141092, 5.392317422778761, 6.554588851677638, 6.906890595608519, 6.845490050944376, 6.918863237274595, 6.857980995127572, 7.199672344836364, 7.339850002884624, 7.1799090900149345, 7.189824558880018, 7.434628227636725, 6.807354922057604, 6.584962500721156, 7.199672344836364, 6.965784284662087, 6.794415866350106, 6.459431618637297], [4.584962500721156, 3.807354922057604, 3.0, 2.0, 1.584962500721156, 2.0, 3.169925001442312, 5.247927513443585, 6.539158811108031, 7.03342300153745, 7.05528243550119, 7.20945336562895, 6.845490050944376, 7.022367813028454, 7.2384047393250786, 7.266786540694901, 6.870364719583405, 6.7414669864011465, 5.78135971352466, 5.882643049361842, 6.6293566200796095, 6.832890014164741, 6.882643049361842, 6.6293566200796095], [5.459431618637297, 3.584962500721156, 3.0, 1.584962500721156, 0.0, 2.584962500721156, 2.807354922057604, 5.169925001442312, 6.149747119504682, 6.0, 6.357552004618084, 6.108524456778169, 6.044394119358453, 6.169925001442312, 6.321928094887363, 6.303780748177103, 6.3750394313469245, 6.6293566200796095, 6.189824558880018, 6.321928094887363, 6.339850002884624, 6.247927513443585, 6.700439718141093, 5.906890595608519], [3.9068905956085187, 2.584962500721156, 3.0, 2.0, 2.0, 1.584962500721156, 2.807354922057604, 4.169925001442312, 5.129283016944966, 5.247927513443585, 5.392317422778761, 5.614709844115208, 5.491853096329675, 5.700439718141093, 5.930737337562887, 6.357552004618084, 5.78135971352466, 6.459431618637297, 6.247927513443585, 5.857980995127572, 6.426264754702098, 6.584962500721156, 6.554588851677638, 6.357552004618084]]}