{"min": 0, "max": 9.977279923499916, "pieData": [[5.285402218862249, 3.0, 4.169925001442312, 3.0, 2.584962500721156, 3.0, 4.584962500721156, 5.727920454563199, 5.882643049361842, 6.169925001442312, 6.266786540694901, 6.507794640198696, 5.832890014164741, 6.169925001442312, 6.409390936137702, 6.672425341971495, 6.569855608330948, 6.149747119504682, 5.554588851677638, 5.169925001442312, 5.491853096329675, 6.066089190457772, 6.129283016944966, 5.426264754702098], [5.169925001442312, 3.9068905956085187, 3.9068905956085187, 2.584962500721156, 3.0, 3.169925001442312, 5.0, 5.727920454563199, 5.906890595608519, 6.614709844115208, 6.247927513443585, 6.339850002884624, 6.0, 6.022367813028454, 6.6865005271832185, 6.523561956057013, 6.266786540694901, 6.066089190457772, 6.169925001442312, 6.149747119504682, 5.906890595608519, 5.882643049361842, 5.672425341971495, 5.700439718141093], [4.459431618637297, 4.321928094887363, 4.0, 1.0, 3.169925001442312, 3.321928094887362, 4.247927513443585, 5.584962500721156, 5.906890595608519, 6.554588851677638, 6.442943495848728, 6.149747119504682, 5.906890595608519, 5.584962500721156, 6.339850002884624, 6.475733430966398, 6.392317422778761, 6.087462841250339, 5.247927513443585, 5.930737337562887, 3.0, 6.087462841250339, 5.614709844115208, 5.392317422778761], [5.392317422778761, 4.0, 3.584962500721156, 1.584962500721156, 2.0, 3.321928094887362, 4.321928094887363, 5.754887502163468, 6.169925001442312, 6.569855608330948, 6.491853096329675, 6.087462841250339, 5.977279923499917, 6.129283016944966, 6.266786540694901, 6.700439718141093, 6.321928094887363, 5.832890014164741, 5.491853096329675, 5.357552004618084, 5.727920454563199, 5.977279923499917, 5.754887502163468, 5.643856189774724], [5.321928094887363, 3.700439718141092, 3.584962500721156, 3.0, 2.807354922057604, 3.169925001442312, 4.807354922057604, 6.129283016944966, 6.169925001442312, 6.491853096329675, 6.507794640198696, 6.20945336562895, 5.643856189774724, 5.977279923499917, 6.409390936137702, 6.599912842187128, 6.339850002884624, 6.357552004618084, 5.392317422778761, 5.087462841250339, 5.906890595608519, 5.807354922057604, 6.169925001442312, 4.857980995127572], [5.321928094887363, 4.700439718141093, 4.0, 3.807354922057604, 2.0, 1.584962500721156, 5.129283016944966, 5.20945336562895, 6.149747119504682, 6.022367813028454, 6.0, 6.339850002884624, 5.727920454563199, 5.523561956057013, 5.672425341971495, 5.614709844115208, 6.087462841250339, 5.614709844115208, 5.554588851677638, 5.392317422778761, 5.0, 5.643856189774724, 5.459431618637297, 5.247927513443585], [5.357552004618084, 3.700439718141092, 3.4594316186372973, 2.807354922057604, 3.0, 2.321928094887362, 4.169925001442312, 4.906890595608519, 5.523561956057013, 5.554588851677638, 5.643856189774724, 5.554588851677638, 5.727920454563199, 5.523561956057013, 6.169925001442312, 6.066089190457772, 5.584962500721156, 5.727920454563199, 5.643856189774724, 5.554588851677638, 5.700439718141093, 5.247927513443585, 5.426264754702098, 4.807354922057604]]}