{"min": 0, "max": 9.977279923499916, "pieData": [[5.087462841250339, 3.584962500721156, 3.0, 3.0, 0.0, 2.321928094887362, 4.523561956057013, 4.754887502163468, 5.700439718141093, 5.807354922057604, 5.523561956057013, 6.149747119504682, 6.129283016944966, 5.832890014164741, 5.906890595608519, 6.066089190457772, 6.266786540694901, 6.409390936137702, 5.882643049361842, 3.9068905956085187, 5.426264754702098, 6.7414669864011465, 7.066089190457772, 6.672425341971495], [5.672425341971495, 4.247927513443585, 3.321928094887362, 3.0, 2.807354922057604, 2.807354922057604, 4.584962500721156, 4.321928094887363, 5.321928094887363, 5.727920454563199, 5.727920454563199, 6.247927513443585, 5.977279923499917, 5.672425341971495, 6.20945336562895, 5.807354922057604, 6.108524456778169, 6.108524456778169, 5.491853096329675, 5.727920454563199, 6.169925001442312, 6.169925001442312, 6.807354922057604, 6.554588851677638], [5.392317422778761, 4.584962500721156, 2.321928094887362, 2.321928094887362, 2.0, 2.807354922057604, 3.321928094887362, 4.584962500721156, 5.807354922057604, 5.930737337562887, 5.392317422778761, 5.584962500721156, 5.977279923499917, 5.78135971352466, 5.78135971352466, 5.954196310386875, 6.022367813028454, 6.022367813028454, 5.321928094887363, 5.285402218862249, 3.9068905956085187, 6.247927513443585, 6.714245517666122, 6.507794640198696], [5.247927513443585, 3.9068905956085187, 4.087462841250339, 2.807354922057604, 3.4594316186372973, 3.584962500721156, 3.0, 4.523561956057013, 4.857980995127572, 5.977279923499917, 5.754887502163468, 5.78135971352466, 5.954196310386875, 5.754887502163468, 6.108524456778169, 5.882643049361842, 6.044394119358453, 5.954196310386875, 5.614709844115208, 5.459431618637297, 6.169925001442312, 6.614709844115208, 6.643856189774724, 6.459431618637297], [5.584962500721156, 4.643856189774724, 3.321928094887362, 2.584962500721156, 1.584962500721156, 1.0, 3.584962500721156, 4.643856189774724, 5.491853096329675, 5.321928094887363, 5.643856189774724, 6.044394119358453, 5.857980995127572, 6.108524456778169, 6.108524456778169, 5.857980995127572, 5.977279923499917, 5.700439718141093, 4.584962500721156, 5.0, 5.554588851677638, 6.149747119504682, 6.285402218862249, 6.409390936137702], [5.491853096329675, 4.754887502163468, 4.247927513443585, 3.321928094887362, 3.0, 1.0, 3.584962500721156, 4.247927513443585, 4.857980995127572, 4.906890595608519, 5.523561956057013, 5.247927513443585, 5.321928094887363, 4.584962500721156, 4.954196310386875, 5.169925001442312, 5.426264754702098, 5.584962500721156, 4.700439718141093, 4.857980995127572, 5.357552004618084, 5.700439718141093, 5.321928094887363, 5.285402218862249], [4.906890595608519, 3.169925001442312, 3.0, 2.0, 2.321928094887362, 3.0, 3.9068905956085187, 3.584962500721156, 4.807354922057604, 4.807354922057604, 4.857980995127572, 5.169925001442312, 4.754887502163468, 5.554588851677638, 5.392317422778761, 4.857980995127572, 5.169925001442312, 5.643856189774724, 5.285402218862249, 5.247927513443585, 5.672425341971495, 5.930737337562887, 5.882643049361842, 5.426264754702098]]}