{"min": 0, "max": 9.977279923499916, "pieData": [[5.727920454563199, 4.807354922057604, 4.857980995127572, 4.321928094887363, 3.700439718141092, 4.321928094887363, 5.754887502163468, 6.539158811108031, 6.7414669864011465, 7.149747119504682, 6.6865005271832185, 6.20945336562895, 6.247927513443585, 6.672425341971495, 6.643856189774724, 6.409390936137702, 6.108524456778169, 6.392317422778761, 6.044394119358453, 5.614709844115208, 6.22881869049588, 7.011227255423254, 7.0, 6.714245517666122], [5.930737337562887, 5.584962500721156, 4.392317422778761, 3.9068905956085187, 3.9068905956085187, 3.584962500721156, 5.357552004618084, 6.409390936137702, 6.584962500721156, 7.285402218862249, 6.714245517666122, 6.614709844115208, 6.247927513443585, 6.614709844115208, 6.906890595608519, 6.523561956057013, 5.954196310386875, 6.409390936137702, 6.169925001442312, 6.523561956057013, 6.754887502163468, 6.870364719583405, 6.894817763307944, 6.658211482751795], [5.754887502163468, 5.285402218862249, 4.700439718141093, 2.321928094887362, 2.321928094887362, 3.700439718141092, 4.321928094887363, 6.339850002884624, 6.94251450533924, 7.118941072723508, 6.321928094887363, 6.22881869049588, 6.022367813028454, 6.584962500721156, 6.22881869049588, 6.247927513443585, 5.700439718141093, 6.149747119504682, 6.129283016944966, 5.977279923499917, 4.087462841250339, 6.614709844115208, 6.658211482751795, 6.303780748177103], [5.672425341971495, 4.954196310386875, 3.9068905956085187, 3.4594316186372973, 3.321928094887362, 3.700439718141092, 4.584962500721156, 6.539158811108031, 6.94251450533924, 7.247927513443585, 6.426264754702098, 6.149747119504682, 5.882643049361842, 6.700439718141093, 6.3750394313469245, 6.247927513443585, 6.169925001442312, 6.491853096329675, 6.066089190457772, 6.507794640198696, 6.794415866350106, 6.700439718141093, 6.614709844115208, 6.507794640198696], [6.022367813028454, 5.426264754702098, 5.044394119358453, 2.807354922057604, 2.807354922057604, 3.321928094887362, 4.954196310386875, 6.614709844115208, 6.94251450533924, 7.129283016944966, 6.807354922057604, 6.475733430966398, 6.266786540694901, 6.658211482751795, 6.409390936137702, 6.523561956057013, 5.882643049361842, 5.930737337562887, 5.857980995127572, 6.129283016944966, 6.491853096329675, 6.672425341971495, 6.6865005271832185, 6.918863237274595], [6.20945336562895, 5.285402218862249, 5.321928094887363, 4.169925001442312, 3.321928094887362, 4.523561956057013, 4.906890595608519, 6.169925001442312, 6.807354922057604, 6.857980995127572, 6.507794640198696, 6.357552004618084, 6.339850002884624, 6.339850002884624, 6.6293566200796095, 6.459431618637297, 6.108524456778169, 6.442943495848728, 6.339850002884624, 6.20945336562895, 6.459431618637297, 6.539158811108031, 6.906890595608519, 6.491853096329675], [5.727920454563199, 5.459431618637297, 4.954196310386875, 4.392317422778761, 2.807354922057604, 3.807354922057604, 4.247927513443585, 5.614709844115208, 6.149747119504682, 6.087462841250339, 6.169925001442312, 6.3750394313469245, 6.22881869049588, 6.442943495848728, 6.189824558880018, 6.442943495848728, 6.247927513443585, 6.22881869049588, 5.807354922057604, 6.442943495848728, 6.870364719583405, 6.714245517666122, 7.044394119358453, 6.614709844115208]]}