{"min": 0, "max": 9.977279923499916, "pieData": [[3.321928094887362, 4.087462841250339, 3.321928094887362, 2.584962500721156, 2.321928094887362, 2.321928094887362, 3.169925001442312, 4.754887502163468, 5.672425341971495, 5.807354922057604, 5.614709844115208, 5.20945336562895, 5.392317422778761, 5.727920454563199, 5.727920454563199, 5.584962500721156, 5.247927513443585, 5.78135971352466, 4.954196310386875, 2.807354922057604, 5.0, 5.754887502163468, 5.554588851677638, 5.285402218862249], [4.643856189774724, 4.087462841250339, 3.169925001442312, 2.0, 1.0, 2.0, 3.0, 4.584962500721156, 5.643856189774724, 5.954196310386875, 5.584962500721156, 5.754887502163468, 5.832890014164741, 5.807354922057604, 5.78135971352466, 5.614709844115208, 5.392317422778761, 5.977279923499917, 5.700439718141093, 5.392317422778761, 5.832890014164741, 5.357552004618084, 5.727920454563199, 5.523561956057013], [4.584962500721156, 4.0, 3.584962500721156, 2.584962500721156, 1.0, 2.0, 2.584962500721156, 4.523561956057013, 5.643856189774724, 6.0, 5.491853096329675, 5.426264754702098, 5.357552004618084, 5.807354922057604, 5.643856189774724, 5.554588851677638, 5.321928094887363, 5.832890014164741, 5.247927513443585, 5.087462841250339, 2.321928094887362, 5.584962500721156, 5.247927513443585, 4.857980995127572], [4.643856189774724, 4.247927513443585, 3.4594316186372973, 3.321928094887362, 2.807354922057604, 2.0, 3.0, 4.584962500721156, 5.672425341971495, 5.754887502163468, 5.78135971352466, 5.247927513443585, 5.426264754702098, 5.554588851677638, 5.554588851677638, 5.20945336562895, 5.392317422778761, 5.700439718141093, 5.169925001442312, 5.247927513443585, 5.321928094887363, 5.754887502163468, 5.357552004618084, 5.285402218862249], [4.584962500721156, 3.0, 3.169925001442312, 2.807354922057604, 1.584962500721156, 2.0, 3.4594316186372973, 4.459431618637297, 5.78135971352466, 6.22881869049588, 5.643856189774724, 5.554588851677638, 5.523561956057013, 5.700439718141093, 5.523561956057013, 5.672425341971495, 5.523561956057013, 5.0, 5.392317422778761, 5.087462841250339, 5.614709844115208, 5.672425341971495, 5.614709844115208, 5.554588851677638], [5.129283016944966, 4.321928094887363, 3.169925001442312, 3.169925001442312, 3.169925001442312, 2.0, 2.807354922057604, 3.321928094887362, 5.129283016944966, 5.491853096329675, 5.285402218862249, 5.700439718141093, 5.643856189774724, 5.169925001442312, 4.459431618637297, 4.584962500721156, 4.584962500721156, 5.044394119358453, 4.807354922057604, 4.700439718141093, 5.087462841250339, 4.807354922057604, 4.807354922057604, 5.087462841250339], [4.392317422778761, 4.247927513443585, 3.0, 1.584962500721156, 0.0, 1.584962500721156, 2.321928094887362, 3.321928094887362, 4.754887502163468, 4.754887502163468, 5.247927513443585, 5.554588851677638, 5.584962500721156, 5.20945336562895, 4.954196310386875, 5.169925001442312, 4.643856189774724, 5.0, 4.459431618637297, 4.584962500721156, 5.672425341971495, 5.459431618637297, 5.392317422778761, 4.857980995127572]]}