{"min": 0, "max": 9.977279923499916, "pieData": [[5.285402218862249, 4.807354922057604, 4.247927513443585, 3.0, 2.0, 2.584962500721156, 4.392317422778761, 5.554588851677638, 6.3750394313469245, 6.658211482751795, 6.247927513443585, 5.906890595608519, 6.321928094887363, 6.507794640198696, 6.523561956057013, 6.339850002884624, 6.339850002884624, 6.507794640198696, 6.523561956057013, 5.321928094887363, 6.20945336562895, 6.918863237274595, 6.491853096329675, 6.169925001442312], [5.044394119358453, 5.285402218862249, 4.087462841250339, 2.321928094887362, 1.0, 2.0, 4.584962500721156, 5.643856189774724, 6.321928094887363, 6.768184324776926, 6.20945336562895, 6.0, 6.087462841250339, 6.794415866350106, 6.6293566200796095, 6.426264754702098, 6.3750394313469245, 6.714245517666122, 6.491853096329675, 6.768184324776926, 6.820178962415188, 7.0, 6.643856189774724, 6.0], [5.20945336562895, 5.129283016944966, 3.700439718141092, 1.0, 2.0, 2.321928094887362, 3.584962500721156, 5.584962500721156, 6.459431618637297, 6.857980995127572, 6.129283016944966, 5.832890014164741, 5.491853096329675, 6.189824558880018, 6.523561956057013, 6.507794640198696, 6.475733430966398, 6.491853096329675, 6.189824558880018, 6.3750394313469245, 3.9068905956085187, 6.672425341971495, 6.475733430966398, 6.169925001442312], [5.357552004618084, 4.954196310386875, 4.169925001442312, 2.321928094887362, 2.321928094887362, 3.169925001442312, 4.247927513443585, 5.426264754702098, 6.78135971352466, 6.459431618637297, 6.0, 6.022367813028454, 5.700439718141093, 6.266786540694901, 6.569855608330948, 6.3750394313469245, 6.442943495848728, 6.22881869049588, 6.507794640198696, 6.491853096329675, 6.845490050944376, 7.011227255423254, 6.554588851677638, 6.129283016944966], [5.357552004618084, 5.0, 4.087462841250339, 3.0, 3.169925001442312, 1.584962500721156, 4.0, 5.614709844115208, 6.475733430966398, 6.523561956057013, 6.491853096329675, 6.169925001442312, 5.977279923499917, 6.754887502163468, 6.78135971352466, 6.700439718141093, 6.442943495848728, 6.727920454563199, 5.906890595608519, 6.303780748177103, 6.954196310386875, 7.0, 6.714245517666122, 6.285402218862249], [5.321928094887363, 5.392317422778761, 4.857980995127572, 3.0, 3.0, 2.0, 3.700439718141092, 4.906890595608519, 6.044394119358453, 6.0, 6.285402218862249, 6.339850002884624, 6.044394119358453, 5.977279923499917, 6.321928094887363, 6.339850002884624, 6.3750394313469245, 6.700439718141093, 6.339850002884624, 6.599912842187128, 6.820178962415188, 6.6293566200796095, 6.20945336562895, 5.584962500721156], [5.491853096329675, 5.426264754702098, 5.321928094887363, 3.4594316186372973, 2.321928094887362, 2.0, 2.321928094887362, 4.643856189774724, 5.20945336562895, 5.807354922057604, 5.977279923499917, 6.087462841250339, 6.442943495848728, 6.599912842187128, 6.409390936137702, 6.569855608330948, 6.569855608330948, 6.700439718141093, 6.714245517666122, 6.727920454563199, 7.098032082960526, 7.2761244052742375, 6.584962500721156, 6.0]]}