{"min": 0, "max": 9.977279923499916, "pieData": [[7.20945336562895, 6.794415866350106, 6.599912842187128, 6.129283016944966, 4.857980995127572, 4.459431618637297, 4.906890595608519, 6.066089190457772, 7.266786540694901, 7.658211482751795, 7.515699838284043, 7.820178962415188, 7.721099188707186, 7.768184324776926, 8.055282435501189, 8.0, 7.6293566200796095, 7.658211482751795, 7.066089190457772, 6.303780748177103, 7.539158811108031, 8.113742166049189, 8.335390354693924, 8.129283016944967], [7.643856189774724, 7.2384047393250786, 6.523561956057013, 5.754887502163468, 4.754887502163468, 3.0, 4.584962500721156, 5.584962500721156, 7.159871336778389, 7.754887502163468, 7.768184324776926, 8.03342300153745, 7.734709620225838, 7.882643049361842, 8.134426320220927, 8.266786540694902, 7.9886846867721655, 7.98299357469431, 7.672425341971495, 8.092757140919852, 8.005624549193879, 8.118941072723507, 8.20945336562895, 7.894817763307944], [7.507794640198696, 7.022367813028454, 6.20945336562895, 6.0, 4.169925001442312, 2.0, 4.169925001442312, 5.426264754702098, 6.768184324776926, 7.442943495848728, 7.515699838284043, 7.754887502163468, 7.442943495848728, 7.6865005271832185, 7.92481250360578, 8.169925001442312, 7.651051691178928, 7.599912842187128, 7.467605550082998, 7.86418614465428, 5.491853096329675, 7.876516946564999, 8.219168520462162, 7.539158811108031], [7.930737337562887, 7.339850002884624, 7.129283016944966, 6.044394119358453, 4.459431618637297, 3.321928094887362, 4.321928094887363, 5.491853096329675, 7.066089190457772, 7.539158811108031, 7.643856189774724, 7.9600019320680815, 7.434628227636725, 7.948367231584678, 8.092757140919852, 8.238404739325079, 7.900866807980749, 8.098032082960527, 7.539158811108031, 8.103287808412022, 8.276124405274238, 8.092757140919852, 8.139551352398794, 8.038918989292302], [7.86418614465428, 7.523561956057013, 6.807354922057604, 6.066089190457772, 4.857980995127572, 3.584962500721156, 4.169925001442312, 5.426264754702098, 7.149747119504682, 7.475733430966398, 7.727920454563199, 7.643856189774724, 7.400879436282184, 7.7481928495894605, 8.066089190457772, 7.912889336229962, 7.330916878114617, 7.22881869049588, 6.714245517666122, 7.7481928495894605, 8.154818109052105, 8.076815597050832, 8.348728154231077, 8.262094845370179], [8.159871336778389, 8.098032082960527, 7.918863237274595, 7.108524456778169, 6.6293566200796095, 5.78135971352466, 4.807354922057604, 5.285402218862249, 5.977279923499917, 6.108524456778169, 6.614709844115208, 6.554588851677638, 6.832890014164741, 7.022367813028454, 7.076815597050831, 7.011227255423254, 6.820178962415188, 7.285402218862249, 7.139551352398794, 7.189824558880018, 7.392317422778761, 7.599912842187128, 7.672425341971495, 7.78135971352466], [7.9886846867721655, 7.679480099505446, 7.794415866350106, 6.845490050944376, 6.539158811108031, 5.857980995127572, 4.584962500721156, 4.523561956057013, 5.78135971352466, 5.882643049361842, 6.266786540694901, 6.614709844115208, 6.845490050944376, 6.977279923499917, 6.857980995127572, 6.754887502163468, 6.7414669864011465, 7.169925001442312, 7.149747119504682, 7.03342300153745, 7.622051819456376, 7.679480099505446, 7.636624620543649, 7.78135971352466]]}