{"min": 0, "max": 9.977279923499916, "pieData": [[2.807354922057604, 2.584962500721156, 2.0, 1.0, 1.0, 1.0, 2.807354922057604, 3.4594316186372973, 4.954196310386875, 4.523561956057013, 4.754887502163468, 4.523561956057013, 4.643856189774724, 4.169925001442312, 4.584962500721156, 5.0, 4.700439718141093, 4.523561956057013, 4.584962500721156, 3.9068905956085187, 4.169925001442312, 5.906890595608519, 5.044394119358453, 4.754887502163468], [3.584962500721156, 3.169925001442312, 2.321928094887362, 1.584962500721156, 0.0, 1.584962500721156, 3.169925001442312, 3.807354922057604, 5.0, 5.129283016944966, 4.700439718141093, 4.247927513443585, 4.954196310386875, 4.754887502163468, 4.807354922057604, 4.087462841250339, 4.807354922057604, 4.392317422778761, 5.087462841250339, 4.247927513443585, 4.321928094887363, 5.906890595608519, 4.754887502163468, 4.169925001442312], [4.087462841250339, 3.0, 1.584962500721156, 2.0, 0.0, 0.0, 2.807354922057604, 3.0, 4.954196310386875, 4.857980995127572, 4.169925001442312, 4.169925001442312, 4.0, 4.169925001442312, 4.754887502163468, 5.044394119358453, 4.247927513443585, 4.700439718141093, 4.906890595608519, 4.700439718141093, 2.321928094887362, 4.700439718141093, 4.700439718141093, 3.9068905956085187], [4.087462841250339, 2.807354922057604, 2.584962500721156, 1.0, 0.0, 2.584962500721156, 1.0, 3.584962500721156, 5.0, 5.0, 4.807354922057604, 4.807354922057604, 3.4594316186372973, 4.584962500721156, 4.643856189774724, 4.857980995127572, 4.906890595608519, 4.523561956057013, 4.754887502163468, 4.584962500721156, 5.0, 5.247927513443585, 4.523561956057013, 4.321928094887363], [3.700439718141092, 2.807354922057604, 3.0, 1.584962500721156, 1.0, 3.0, 3.0, 3.0, 4.700439718141093, 4.857980995127572, 4.700439718141093, 4.321928094887363, 4.247927513443585, 4.584962500721156, 5.285402218862249, 4.459431618637297, 4.523561956057013, 5.0, 3.700439718141092, 3.700439718141092, 5.044394119358453, 5.321928094887363, 4.643856189774724, 4.247927513443585], [4.459431618637297, 3.807354922057604, 2.321928094887362, 1.584962500721156, 1.584962500721156, 2.0, 3.0, 3.584962500721156, 4.321928094887363, 3.700439718141092, 3.321928094887362, 4.247927513443585, 3.169925001442312, 3.807354922057604, 4.459431618637297, 3.9068905956085187, 3.807354922057604, 3.807354922057604, 4.321928094887363, 4.0, 3.321928094887362, 3.807354922057604, 3.321928094887362, 2.807354922057604], [3.169925001442312, 2.807354922057604, 2.321928094887362, 1.0, 0.0, 0.0, 2.584962500721156, 2.0, 3.807354922057604, 3.807354922057604, 3.807354922057604, 3.9068905956085187, 3.807354922057604, 4.459431618637297, 2.584962500721156, 3.0, 3.9068905956085187, 3.9068905956085187, 4.087462841250339, 3.321928094887362, 4.169925001442312, 4.321928094887363, 3.807354922057604, 3.4594316186372973]]}