{"min": 0, "max": 9.977279923499916, "pieData": [[4.392317422778761, 3.807354922057604, 3.169925001442312, 2.584962500721156, 2.321928094887362, 2.0, 4.169925001442312, 5.321928094887363, 6.149747119504682, 6.189824558880018, 5.807354922057604, 5.614709844115208, 5.285402218862249, 5.392317422778761, 5.643856189774724, 5.491853096329675, 5.392317422778761, 5.321928094887363, 5.321928094887363, 3.321928094887362, 4.523561956057013, 5.392317422778761, 5.426264754702098, 4.754887502163468], [5.044394119358453, 4.0, 2.584962500721156, 1.0, 0.0, 3.4594316186372973, 3.9068905956085187, 5.426264754702098, 6.285402218862249, 6.426264754702098, 6.22881869049588, 5.807354922057604, 5.357552004618084, 5.554588851677638, 5.930737337562887, 5.807354922057604, 5.285402218862249, 5.285402218862249, 5.129283016944966, 4.857980995127572, 5.247927513443585, 5.491853096329675, 5.087462841250339, 4.906890595608519], [4.754887502163468, 3.700439718141092, 2.584962500721156, 2.0, 1.0, 2.0, 3.169925001442312, 4.584962500721156, 6.426264754702098, 6.087462841250339, 5.727920454563199, 5.78135971352466, 4.754887502163468, 4.807354922057604, 5.754887502163468, 6.0, 5.357552004618084, 5.392317422778761, 5.247927513443585, 4.700439718141093, 1.584962500721156, 5.491853096329675, 4.954196310386875, 5.129283016944966], [4.169925001442312, 4.087462841250339, 2.321928094887362, 1.584962500721156, 1.584962500721156, 2.0, 3.4594316186372973, 5.554588851677638, 6.409390936137702, 6.357552004618084, 5.727920454563199, 5.20945336562895, 4.857980995127572, 5.614709844115208, 5.78135971352466, 5.491853096329675, 5.491853096329675, 5.426264754702098, 5.0, 5.321928094887363, 5.285402218862249, 5.20945336562895, 5.129283016944966, 4.754887502163468], [3.584962500721156, 3.584962500721156, 2.321928094887362, 1.0, 1.584962500721156, 2.321928094887362, 3.584962500721156, 5.087462841250339, 6.189824558880018, 6.22881869049588, 5.807354922057604, 5.882643049361842, 5.357552004618084, 5.754887502163468, 5.672425341971495, 5.459431618637297, 5.321928094887363, 5.285402218862249, 4.523561956057013, 5.129283016944966, 5.392317422778761, 5.523561956057013, 4.906890595608519, 4.857980995127572], [5.087462841250339, 4.087462841250339, 3.9068905956085187, 3.169925001442312, 2.584962500721156, 2.0, 3.9068905956085187, 5.0, 5.0, 5.247927513443585, 5.247927513443585, 4.857980995127572, 4.754887502163468, 4.754887502163468, 5.044394119358453, 4.169925001442312, 4.523561956057013, 4.584962500721156, 4.087462841250339, 4.169925001442312, 4.584962500721156, 4.392317422778761, 4.0, 4.523561956057013], [4.584962500721156, 3.321928094887362, 2.584962500721156, 2.321928094887362, 2.321928094887362, 2.321928094887362, 2.0, 4.523561956057013, 4.643856189774724, 4.754887502163468, 4.857980995127572, 4.700439718141093, 3.807354922057604, 4.754887502163468, 4.321928094887363, 4.523561956057013, 3.9068905956085187, 4.321928094887363, 4.807354922057604, 4.392317422778761, 4.584962500721156, 4.857980995127572, 5.087462841250339, 4.321928094887363]]}