{"min": 0, "max": 9.977279923499916, "pieData": [[6.584962500721156, 5.882643049361842, 5.247927513443585, 5.087462841250339, 2.584962500721156, 4.523561956057013, 5.614709844115208, 7.118941072723508, 7.826548487290915, 7.918863237274595, 7.321928094887363, 7.066089190457772, 6.700439718141093, 7.03342300153745, 7.118941072723508, 6.832890014164741, 7.011227255423254, 6.857980995127572, 7.0, 5.832890014164741, 6.303780748177103, 7.108524456778169, 7.321928094887363, 7.022367813028454], [6.658211482751795, 5.754887502163468, 5.392317422778761, 4.754887502163468, 4.392317422778761, 4.523561956057013, 5.857980995127572, 7.03342300153745, 7.9600019320680815, 7.643856189774724, 7.247927513443585, 7.087462841250339, 6.807354922057604, 7.285402218862249, 7.348728154231077, 7.409390936137702, 7.149747119504682, 6.9886846867721655, 6.6293566200796095, 7.118941072723508, 7.20945336562895, 7.169925001442312, 7.321928094887363, 7.05528243550119], [6.507794640198696, 6.0, 5.044394119358453, 4.584962500721156, 3.700439718141092, 4.247927513443585, 5.523561956057013, 6.882643049361842, 7.813781191217037, 7.383704292474052, 7.05528243550119, 7.066089190457772, 6.977279923499917, 7.1799090900149345, 7.357552004618084, 7.139551352398794, 6.794415866350106, 6.714245517666122, 6.523561956057013, 6.918863237274595, 4.807354922057604, 7.257387842692652, 7.03342300153745, 6.870364719583405], [6.643856189774724, 5.643856189774724, 5.426264754702098, 4.857980995127572, 4.392317422778761, 3.807354922057604, 5.672425341971495, 6.700439718141093, 7.906890595608519, 7.870364719583405, 7.1799090900149345, 7.03342300153745, 6.870364719583405, 7.129283016944966, 7.257387842692652, 7.339850002884624, 6.643856189774724, 6.882643049361842, 6.870364719583405, 7.22881869049588, 7.285402218862249, 7.087462841250339, 6.832890014164741, 7.0], [6.22881869049588, 5.78135971352466, 5.20945336562895, 4.643856189774724, 4.0, 4.807354922057604, 5.392317422778761, 6.794415866350106, 7.7481928495894605, 7.569855608330948, 7.339850002884624, 6.965784284662087, 7.05528243550119, 7.066089190457772, 7.03342300153745, 7.118941072723508, 6.754887502163468, 6.700439718141093, 6.727920454563199, 6.918863237274595, 7.098032082960526, 7.129283016944966, 7.459431618637297, 7.348728154231077], [6.614709844115208, 6.044394119358453, 6.129283016944966, 5.491853096329675, 5.129283016944966, 4.643856189774724, 5.554588851677638, 6.247927513443585, 7.0, 7.03342300153745, 6.94251450533924, 6.894817763307944, 6.643856189774724, 6.714245517666122, 6.754887502163468, 6.9886846867721655, 6.554588851677638, 6.727920454563199, 6.6865005271832185, 6.6865005271832185, 6.6865005271832185, 6.94251450533924, 6.9886846867721655, 6.870364719583405], [6.614709844115208, 6.303780748177103, 5.614709844115208, 5.044394119358453, 4.392317422778761, 4.643856189774724, 5.087462841250339, 5.930737337562887, 7.05528243550119, 6.491853096329675, 6.94251450533924, 6.832890014164741, 6.820178962415188, 6.820178962415188, 6.658211482751795, 6.554588851677638, 6.266786540694901, 6.599912842187128, 6.554588851677638, 7.098032082960526, 6.906890595608519, 7.2384047393250786, 7.169925001442312, 7.0]]}