{"min": 0, "max": 9.977279923499916, "pieData": [[6.087462841250339, 5.554588851677638, 5.169925001442312, 4.954196310386875, 4.459431618637297, 4.459431618637297, 4.857980995127572, 6.754887502163468, 7.523561956057013, 7.2761244052742375, 7.129283016944966, 7.108524456778169, 6.794415866350106, 7.118941072723508, 7.044394119358453, 7.330916878114617, 7.129283016944966, 7.219168520462161, 6.977279923499917, 5.78135971352466, 6.303780748177103, 7.392317422778761, 7.303780748177103, 6.7414669864011465], [6.584962500721156, 5.727920454563199, 4.247927513443585, 3.4594316186372973, 3.0, 3.321928094887362, 5.044394119358453, 6.426264754702098, 7.392317422778761, 7.434628227636725, 7.266786540694901, 7.139551352398794, 6.857980995127572, 7.044394119358453, 7.2384047393250786, 7.321928094887363, 7.108524456778169, 7.303780748177103, 7.0, 7.483815777264256, 7.189824558880018, 7.011227255423254, 7.321928094887363, 6.820178962415188], [5.78135971352466, 5.247927513443585, 5.357552004618084, 3.584962500721156, 2.584962500721156, 3.9068905956085187, 4.906890595608519, 6.20945336562895, 7.2761244052742375, 7.339850002884624, 7.022367813028454, 7.044394119358453, 6.6865005271832185, 6.845490050944376, 7.169925001442312, 7.22881869049588, 6.9886846867721655, 7.285402218862249, 7.1799090900149345, 7.022367813028454, 4.807354922057604, 7.22881869049588, 7.139551352398794, 6.189824558880018], [6.321928094887363, 5.672425341971495, 5.247927513443585, 2.584962500721156, 4.087462841250339, 3.700439718141092, 5.169925001442312, 6.491853096329675, 7.577428828035749, 7.392317422778761, 6.977279923499917, 6.906890595608519, 6.6293566200796095, 6.965784284662087, 7.294620748891627, 7.303780748177103, 7.392317422778761, 7.442943495848728, 7.312882955284356, 7.266786540694901, 7.409390936137702, 7.303780748177103, 7.321928094887363, 6.882643049361842], [6.507794640198696, 5.459431618637297, 4.392317422778761, 3.700439718141092, 2.0, 2.584962500721156, 4.807354922057604, 6.7414669864011465, 7.531381460516312, 7.149747119504682, 6.94251450533924, 7.022367813028454, 6.6293566200796095, 7.199672344836364, 7.294620748891627, 7.149747119504682, 6.930737337562887, 6.9886846867721655, 6.3750394313469245, 6.7414669864011465, 7.022367813028454, 7.285402218862249, 7.434628227636725, 7.129283016944966], [6.321928094887363, 5.672425341971495, 5.459431618637297, 4.643856189774724, 4.247927513443585, 4.247927513443585, 5.044394119358453, 6.044394119358453, 6.754887502163468, 6.700439718141093, 6.392317422778761, 6.768184324776926, 6.599912842187128, 6.169925001442312, 6.303780748177103, 6.22881869049588, 6.6865005271832185, 6.857980995127572, 6.6865005271832185, 6.149747119504682, 6.339850002884624, 6.569855608330948, 6.507794640198696, 6.6865005271832185], [5.977279923499917, 5.247927513443585, 4.087462841250339, 3.4594316186372973, 2.807354922057604, 3.9068905956085187, 4.087462841250339, 5.584962500721156, 6.20945336562895, 6.266786540694901, 6.247927513443585, 6.303780748177103, 6.392317422778761, 6.459431618637297, 6.714245517666122, 6.459431618637297, 6.426264754702098, 6.794415866350106, 6.672425341971495, 6.523561956057013, 6.700439718141093, 6.7414669864011465, 6.918863237274595, 6.599912842187128]]}