{"min": 0, "max": 9.977279923499916, "pieData": [[5.169925001442312, 4.523561956057013, 2.807354922057604, 2.321928094887362, 2.321928094887362, 3.700439718141092, 4.523561956057013, 6.392317422778761, 6.918863237274595, 6.658211482751795, 6.108524456778169, 5.554588851677638, 5.906890595608519, 5.977279923499917, 6.108524456778169, 6.044394119358453, 6.20945336562895, 6.599912842187128, 6.539158811108031, 5.643856189774724, 6.459431618637297, 6.954196310386875, 6.794415866350106, 6.108524456778169], [5.643856189774724, 4.087462841250339, 3.700439718141092, 2.0, 1.0, 1.584962500721156, 4.247927513443585, 5.954196310386875, 7.169925001442312, 6.754887502163468, 6.266786540694901, 6.426264754702098, 6.044394119358453, 6.247927513443585, 6.247927513443585, 6.409390936137702, 6.108524456778169, 6.442943495848728, 6.539158811108031, 6.507794640198696, 6.894817763307944, 7.098032082960526, 6.6293566200796095, 5.930737337562887], [5.0, 3.4594316186372973, 3.0, 2.321928094887362, 1.584962500721156, 2.321928094887362, 3.584962500721156, 5.672425341971495, 7.044394119358453, 6.554588851677638, 6.169925001442312, 6.459431618637297, 5.954196310386875, 6.169925001442312, 6.285402218862249, 5.807354922057604, 6.3750394313469245, 6.392317422778761, 6.22881869049588, 6.169925001442312, 4.247927513443585, 6.754887502163468, 6.78135971352466, 5.930737337562887], [5.247927513443585, 4.523561956057013, 3.4594316186372973, 3.584962500721156, 1.584962500721156, 3.0, 4.087462841250339, 6.149747119504682, 7.169925001442312, 6.700439718141093, 6.409390936137702, 6.285402218862249, 5.977279923499917, 6.129283016944966, 6.569855608330948, 6.392317422778761, 6.442943495848728, 6.357552004618084, 6.247927513443585, 6.794415866350106, 6.768184324776926, 7.03342300153745, 6.714245517666122, 6.044394119358453], [5.357552004618084, 4.247927513443585, 3.584962500721156, 3.584962500721156, 2.584962500721156, 3.169925001442312, 3.807354922057604, 6.189824558880018, 7.189824558880018, 6.658211482751795, 6.339850002884624, 5.78135971352466, 5.930737337562887, 6.303780748177103, 6.247927513443585, 6.339850002884624, 5.857980995127572, 6.066089190457772, 6.108524456778169, 6.768184324776926, 6.599912842187128, 6.7414669864011465, 6.9886846867721655, 6.189824558880018], [5.247927513443585, 4.906890595608519, 4.392317422778761, 3.0, 2.0, 2.584962500721156, 3.807354922057604, 5.0, 5.426264754702098, 5.754887502163468, 5.727920454563199, 5.807354922057604, 5.882643049361842, 5.977279923499917, 6.129283016944966, 5.754887502163468, 5.700439718141093, 5.554588851677638, 6.339850002884624, 6.108524456778169, 6.303780748177103, 6.475733430966398, 6.643856189774724, 5.977279923499917], [5.044394119358453, 4.643856189774724, 4.0, 3.321928094887362, 2.321928094887362, 3.0, 2.807354922057604, 4.169925001442312, 5.459431618637297, 5.643856189774724, 5.357552004618084, 5.727920454563199, 5.357552004618084, 5.78135971352466, 5.930737337562887, 5.78135971352466, 5.754887502163468, 6.108524456778169, 6.108524456778169, 6.392317422778761, 6.832890014164741, 6.832890014164741, 6.672425341971495, 5.954196310386875]]}