{"min": 0, "max": 9.977279923499916, "pieData": [[5.906890595608519, 4.857980995127572, 3.700439718141092, 3.4594316186372973, 2.584962500721156, 3.169925001442312, 3.807354922057604, 5.129283016944966, 6.357552004618084, 7.011227255423254, 7.129283016944966, 7.599912842187128, 7.434628227636725, 7.483815777264256, 7.820178962415188, 7.459431618637297, 7.139551352398794, 7.011227255423254, 6.832890014164741, 6.022367813028454, 7.1799090900149345, 7.906890595608519, 7.693486957499325, 6.882643049361842], [5.954196310386875, 4.906890595608519, 4.807354922057604, 3.584962500721156, 2.584962500721156, 3.321928094887362, 3.169925001442312, 4.857980995127572, 6.426264754702098, 7.3750394313469245, 7.483815777264256, 7.774787059601174, 7.820178962415188, 7.721099188707186, 7.622051819456376, 7.768184324776926, 7.392317422778761, 7.6293566200796095, 7.285402218862249, 7.7615512324444795, 7.554588851677638, 7.507794640198696, 7.7615512324444795, 7.066089190457772], [5.700439718141093, 5.0, 3.4594316186372973, 3.169925001442312, 2.0, 1.584962500721156, 3.321928094887362, 5.044394119358453, 6.357552004618084, 7.05528243550119, 7.392317422778761, 7.569855608330948, 7.139551352398794, 7.459431618637297, 7.7481928495894605, 7.700439718141093, 7.546894459887636, 7.515699838284043, 7.321928094887363, 7.312882955284356, 4.754887502163468, 7.409390936137702, 7.330916878114617, 6.9886846867721655], [5.523561956057013, 4.954196310386875, 4.0, 2.807354922057604, 2.584962500721156, 2.584962500721156, 3.584962500721156, 4.459431618637297, 6.108524456778169, 7.044394119358453, 7.569855608330948, 7.499845887083206, 7.434628227636725, 7.672425341971495, 7.839203788096944, 7.794415866350106, 7.599912842187128, 7.554588851677638, 7.285402218862249, 7.800899899920305, 7.794415866350106, 7.451211111832329, 7.442943495848728, 7.20945336562895], [5.727920454563199, 4.321928094887363, 4.643856189774724, 4.169925001442312, 3.700439718141092, 2.807354922057604, 3.4594316186372973, 4.459431618637297, 6.303780748177103, 7.523561956057013, 7.672425341971495, 7.6293566200796095, 7.303780748177103, 7.672425341971495, 7.826548487290915, 7.584962500721156, 7.022367813028454, 6.807354922057604, 6.409390936137702, 7.312882955284356, 7.679480099505446, 7.108524456778169, 7.643856189774724, 7.20945336562895], [6.108524456778169, 4.906890595608519, 4.169925001442312, 3.700439718141092, 3.321928094887362, 2.584962500721156, 3.4594316186372973, 4.169925001442312, 5.044394119358453, 5.672425341971495, 6.044394119358453, 6.584962500721156, 6.442943495848728, 6.658211482751795, 6.523561956057013, 6.7414669864011465, 6.754887502163468, 6.954196310386875, 6.857980995127572, 6.569855608330948, 6.768184324776926, 7.129283016944966, 7.098032082960526, 6.409390936137702], [5.321928094887363, 4.754887502163468, 3.700439718141092, 3.0, 2.321928094887362, 2.807354922057604, 2.584962500721156, 2.807354922057604, 5.0, 4.954196310386875, 5.321928094887363, 6.0, 6.247927513443585, 6.392317422778761, 6.754887502163468, 6.672425341971495, 6.442943495848728, 6.807354922057604, 6.9886846867721655, 6.442943495848728, 7.426264754702098, 7.451211111832329, 7.20945336562895, 6.475733430966398]]}