{"min": 0, "max": 9.977279923499916, "pieData": [[8.400879436282183, 7.6865005271832185, 6.554588851677638, 6.727920454563199, 5.954196310386875, 6.129283016944966, 6.426264754702098, 7.199672344836364, 7.303780748177103, 7.870364719583405, 7.882643049361842, 7.98299357469431, 8.066089190457772, 8.280770770130603, 8.252665432450248, 8.303780748177102, 7.994353436858858, 7.721099188707186, 7.672425341971495, 6.6865005271832185, 8.027905996569885, 8.63662462054365, 8.744833837499545, 8.625708843064466], [8.233619676759702, 7.807354922057604, 7.467605550082998, 6.832890014164741, 6.149747119504682, 5.906890595608519, 6.321928094887363, 7.022367813028454, 7.60733031374961, 7.794415866350106, 8.144658242831882, 8.174925682500678, 8.144658242831882, 8.335390354693924, 8.459431618637296, 8.370687406807217, 7.98299357469431, 8.005624549193879, 7.700439718141093, 8.247927513443585, 8.573647187493322, 8.409390936137703, 8.60733031374961, 8.614709844115207], [8.204571144249204, 7.672425341971495, 7.2761244052742375, 6.78135971352466, 6.303780748177103, 5.554588851677638, 5.954196310386875, 6.820178962415188, 7.417852514885898, 7.643856189774724, 7.894817763307944, 7.86418614465428, 7.9600019320680815, 8.124121311829187, 8.159871336778389, 8.357552004618084, 7.900866807980749, 7.930737337562887, 7.882643049361842, 7.845490050944376, 5.754887502163468, 8.344295907915816, 8.339850002884624, 8.417852514885897], [8.247927513443585, 7.727920454563199, 7.383704292474052, 6.643856189774724, 6.129283016944966, 5.857980995127572, 5.906890595608519, 7.149747119504682, 7.483815777264256, 7.7615512324444795, 7.721099188707186, 7.857980995127572, 7.768184324776926, 8.31741261376487, 8.409390936137703, 8.294620748891628, 8.060695931687555, 7.800899899920305, 7.768184324776926, 8.366322214245816, 8.426264754702098, 8.308339030139408, 8.308339030139408, 8.50382573799575], [8.285402218862249, 7.672425341971495, 7.303780748177103, 6.643856189774724, 5.906890595608519, 5.643856189774724, 6.044394119358453, 6.807354922057604, 7.584962500721156, 7.734709620225838, 7.894817763307944, 7.876516946564999, 7.679480099505446, 8.290018846932618, 8.144658242831882, 8.194756854422248, 7.870364719583405, 7.491853096329675, 7.022367813028454, 7.348728154231077, 8.29920801838728, 8.400879436282183, 8.703903573444663, 8.611024797307353], [8.471675214392045, 8.113742166049189, 7.882643049361842, 7.076815597050831, 6.475733430966398, 5.882643049361842, 6.129283016944966, 6.539158811108031, 7.189824558880018, 7.475733430966398, 7.592457037268081, 7.467605550082998, 7.592457037268081, 7.794415866350106, 7.826548487290915, 7.857980995127572, 7.636624620543649, 8.011227255423254, 8.011227255423254, 8.118941072723507, 8.357552004618084, 8.370687406807217, 8.266786540694902, 8.413627929024173], [8.285402218862249, 7.800899899920305, 7.417852514885898, 6.94251450533924, 6.392317422778761, 5.491853096329675, 5.930737337562887, 5.977279923499917, 7.285402218862249, 7.087462841250339, 7.011227255423254, 7.592457037268081, 7.491853096329675, 7.7414669864011465, 7.800899899920305, 7.845490050944376, 7.515699838284043, 7.7615512324444795, 7.7414669864011465, 7.965784284662087, 8.686500527183219, 8.434628227636725, 8.562242424221072, 8.31741261376487]]}