{"min": 0, "max": 9.977279923499916, "pieData": [[7.9886846867721655, 7.3750394313469245, 6.906890595608519, 6.491853096329675, 5.672425341971495, 5.727920454563199, 6.409390936137702, 7.2384047393250786, 7.906890595608519, 8.519636252843213, 8.665335917185176, 8.744833837499545, 8.62935662007961, 8.57742882803575, 8.491853096329674, 8.409390936137703, 8.129283016944967, 7.9600019320680815, 7.426264754702098, 6.700439718141093, 8.03342300153745, 8.554588851677638, 8.562242424221072, 8.290018846932618], [7.918863237274595, 7.7615512324444795, 7.348728154231077, 6.882643049361842, 6.129283016944966, 5.169925001442312, 6.392317422778761, 7.087462841250339, 8.060695931687555, 8.467605550082997, 8.672425341971495, 8.768184324776927, 8.640244936222345, 8.710806433699352, 8.569855608330947, 8.535275376620802, 8.066089190457772, 8.159871336778389, 7.6865005271832185, 8.308339030139408, 8.375039431346925, 8.442943495848729, 8.59618975614441, 8.154818109052105], [7.965784284662087, 7.467605550082998, 7.149747119504682, 6.658211482751795, 5.977279923499917, 6.044394119358453, 6.266786540694901, 7.044394119358453, 7.882643049361842, 8.266786540694902, 8.447083226209653, 8.447083226209653, 8.43879185257826, 8.31741261376487, 8.599912842187127, 8.442943495848729, 8.118941072723507, 7.813781191217037, 7.554588851677638, 7.727920454563199, 5.727920454563199, 8.252665432450248, 8.243173983472952, 8.113742166049189], [7.936637939002571, 7.499845887083206, 7.05528243550119, 6.643856189774724, 5.523561956057013, 5.78135971352466, 6.129283016944966, 7.475733430966398, 8.055282435501189, 8.238404739325079, 8.417852514885897, 8.59618975614441, 8.554588851677638, 8.573647187493322, 8.603626344986193, 8.50382573799575, 8.076815597050832, 8.066089190457772, 7.774787059601174, 8.038918989292302, 8.326429487122303, 8.169925001442312, 8.361943773735241, 8.228818690495881], [7.92481250360578, 7.219168520462161, 7.20945336562895, 6.918863237274595, 6.321928094887363, 5.357552004618084, 5.954196310386875, 7.189824558880018, 8.055282435501189, 8.479780264029099, 8.46352437327118, 8.483815777264256, 8.353146825498083, 8.651051691178928, 8.483815777264256, 8.280770770130603, 7.906890595608519, 7.459431618637297, 6.870364719583405, 7.523561956057013, 8.154818109052105, 8.361943773735241, 8.426264754702098, 8.312882955284355], [7.94251450533924, 7.6653359171851765, 7.459431618637297, 6.794415866350106, 6.3750394313469245, 5.672425341971495, 6.189824558880018, 6.754887502163468, 7.3750394313469245, 7.700439718141093, 7.9600019320680815, 8.405141463136344, 8.049848549450562, 8.194756854422248, 8.149747119504681, 8.027905996569885, 7.787902559391432, 8.071462362556623, 7.658211482751795, 8.060695931687555, 8.164906926675688, 8.194756854422248, 8.194756854422248, 8.016808287686555], [7.851749041416058, 7.577428828035749, 7.339850002884624, 7.108524456778169, 6.0, 5.614709844115208, 5.672425341971495, 6.20945336562895, 7.546894459887636, 7.614709844115208, 7.78135971352466, 7.930737337562887, 8.118941072723507, 8.049848549450562, 8.189824558880018, 8.118941072723507, 7.832890014164741, 7.826548487290915, 7.569855608330948, 8.164906926675688, 8.584962500721156, 8.535275376620802, 8.451211111832329, 8.266786540694902]]}