{"min": 0, "max": 9.977279923499916, "pieData": [[9.368506461507693, 9.211888294546004, 9.016808287686555, 8.703903573444663, 8.29920801838728, 8.055282435501189, 8.179909090014934, 8.668884984266247, 8.915879378835774, 8.543031820255237, 8.727920454563199, 8.991521846075695, 9.041659151637214, 9.312882955284355, 9.489847960439297, 9.326429487122303, 9.0, 9.3151495622563, 8.848622940429339, 7.679480099505446, 9.087462841250339, 9.939579214314692, 9.85642552862553, 9.753216749178955], [9.599912842187127, 9.521600439723727, 9.370687406807217, 9.147204924942228, 8.62935662007961, 8.294620748891628, 8.361943773735241, 8.562242424221072, 9.025139562278508, 8.734709620225837, 8.761551232444479, 9.074141462752506, 9.08214904135387, 9.346513733165635, 9.379378367071261, 9.273795599214264, 9.172427508645482, 9.167418145831737, 9.041659151637214, 9.403012023574997, 9.634811050171718, 9.834471049984222, 9.888743248898258, 9.688250309133178], [9.50382573799575, 9.432541900388259, 9.177419537989236, 9.022367813028454, 8.238404739325079, 8.022367813028454, 7.894817763307944, 8.330916878114618, 8.693486957499324, 8.79766152585376, 8.689997971419446, 8.829722735086058, 8.900866807980748, 9.169925001442312, 9.154818109052105, 9.25502856981873, 8.974414589805527, 9.144658242831882, 8.826548487290914, 8.689997971419446, 6.906890595608519, 9.554588851677638, 9.533329732305834, 9.573647187493322], [9.579315937580015, 9.461479447286155, 9.361943773735241, 9.118941072723507, 8.573647187493322, 8.228818690495881, 8.103287808412022, 8.339850002884624, 8.94251450533924, 8.807354922057604, 8.658211482751796, 8.951284714966972, 8.980139577639157, 9.287712379549449, 9.121533517340032, 9.233619676759702, 8.968666793195208, 9.204571144249204, 9.095397022792557, 9.339850002884624, 9.661778097771988, 9.698704666770345, 9.810571634741146, 9.638435913990472], [9.519636252843213, 9.564149489985732, 9.276124405274238, 9.159871336778389, 8.761551232444479, 8.375039431346925, 8.308339030139408, 8.326429487122303, 8.72451385311995, 8.57742882803575, 8.81698362325538, 9.0, 9.092757140919852, 9.388017285345136, 9.192292814470767, 9.147204924942228, 8.857980995127573, 8.888743248898258, 8.312882955284355, 8.744833837499545, 9.64745842645492, 9.853309555403674, 9.978710459106358, 9.94104760634058], [9.634811050171718, 9.799281621521923, 9.776433032444732, 9.605479518061669, 9.189824558880018, 8.721099188707186, 8.194756854422248, 8.194756854422248, 8.467605550082997, 8.409390936137703, 8.794415866350105, 8.873444112515376, 8.787902559391432, 9.041659151637214, 9.066089190457772, 9.014020470314934, 8.897845456005511, 9.116343961237469, 9.152284842306582, 9.172427508645482, 9.411510988012072, 9.509775004326936, 9.5980525001616, 9.50382573799575], [9.64565843240871, 9.74819284958946, 9.556506054671928, 9.527477006060396, 9.177419537989236, 8.707359132080883, 8.303780748177102, 7.700439718141093, 8.076815597050832, 8.447083226209653, 8.370687406807217, 8.76487159073609, 8.700439718141093, 9.06339508128851, 8.991521846075695, 9.019590728357882, 8.906890595608518, 9.027905996569885, 9.052568050804153, 9.303780748177102, 9.72451385311995, 9.787902559391432, 9.759888183221834, 9.710806433699352]]}