{"min": 0, "max": 9.977279923499916, "pieData": [[8.169925001442312, 7.139551352398794, 6.882643049361842, 6.129283016944966, 6.357552004618084, 6.044394119358453, 7.2384047393250786, 8.03342300153745, 8.375039431346925, 8.388017285345136, 8.422064766172813, 8.64745842645492, 8.754887502163468, 8.857980995127573, 9.084808387804362, 8.897845456005511, 8.632995197142957, 8.550746785383243, 8.066089190457772, 7.149747119504682, 8.672425341971495, 9.273795599214264, 9.189824558880018, 8.731319031025064], [8.0, 7.491853096329675, 7.03342300153745, 6.7414669864011465, 5.78135971352466, 6.169925001442312, 7.199672344836364, 7.813781191217037, 8.475733430966399, 8.59618975614441, 8.640244936222345, 8.778077129535358, 8.76487159073609, 8.861086905995395, 8.930737337562887, 8.945443836377912, 8.584962500721156, 8.67595703294175, 8.20945336562895, 8.588714635582264, 9.226412192788786, 9.216745858195306, 9.131856960608793, 8.741466986401146], [7.839203788096944, 7.451211111832329, 6.965784284662087, 6.189824558880018, 6.108524456778169, 6.022367813028454, 6.918863237274595, 7.507794640198696, 8.330916878114618, 8.43879185257826, 8.308339030139408, 8.727920454563199, 8.475733430966399, 8.81698362325538, 8.918863237274595, 8.813781191217037, 8.74819284958946, 8.581200581924957, 8.243173983472952, 8.252665432450248, 6.523561956057013, 8.90388184573618, 8.813781191217037, 8.700439718141093], [8.20945336562895, 7.467605550082998, 7.247927513443585, 6.554588851677638, 5.754887502163468, 6.129283016944966, 6.672425341971495, 7.971543553950772, 8.379378367071261, 8.45532722030456, 8.618385502258606, 8.618385502258606, 8.661778097771988, 8.83605035505807, 8.933690654952233, 8.945443836377912, 8.59245703726808, 8.754887502163468, 8.29920801838728, 8.682994583681683, 9.167418145831737, 9.257387842692651, 9.022367813028454, 8.813781191217037], [8.214319120800766, 7.392317422778761, 7.3750394313469245, 6.78135971352466, 6.149747119504682, 6.20945336562895, 7.285402218862249, 7.721099188707186, 8.243173983472952, 8.507794640198696, 8.43879185257826, 8.744833837499545, 8.57742882803575, 8.813781191217037, 8.810571634741146, 8.731319031025064, 8.179909090014934, 7.936637939002571, 7.459431618637297, 7.6653359171851765, 8.67595703294175, 8.965784284662087, 9.13699111208023, 9.0], [8.076815597050832, 7.870364719583405, 7.515699838284043, 6.754887502163468, 6.22881869049588, 6.714245517666122, 7.076815597050831, 7.417852514885898, 7.774787059601174, 8.005624549193879, 8.134426320220927, 8.370687406807217, 8.479780264029099, 8.651051691178928, 8.721099188707186, 8.658211482751796, 8.475733430966399, 8.64745842645492, 8.531381460516313, 8.573647187493322, 8.839203788096944, 8.857980995127573, 8.76487159073609, 8.654636028527968], [8.113742166049189, 7.693486957499325, 7.022367813028454, 6.672425341971495, 6.22881869049588, 6.247927513443585, 6.475733430966398, 6.94251450533924, 7.491853096329675, 7.546894459887636, 8.060695931687555, 8.243173983472952, 8.335390354693924, 8.491853096329674, 8.62935662007961, 8.625708843064466, 8.219168520462162, 8.63662462054365, 8.451211111832329, 8.531381460516313, 9.08214904135387, 9.087462841250339, 9.08214904135387, 8.569855608330947]]}