{"min": 0, "max": 9.977279923499916, "pieData": [[6.044394119358453, 5.614709844115208, 5.321928094887363, 4.0, 4.392317422778761, 4.321928094887363, 6.442943495848728, 6.392317422778761, 6.523561956057013, 5.672425341971495, 5.727920454563199, 6.066089190457772, 5.832890014164741, 6.303780748177103, 6.392317422778761, 6.20945336562895, 6.044394119358453, 6.3750394313469245, 6.247927513443585, 4.643856189774724, 5.977279923499917, 6.754887502163468, 6.523561956057013, 6.169925001442312], [6.108524456778169, 5.044394119358453, 5.459431618637297, 4.321928094887363, 5.087462841250339, 4.807354922057604, 6.0, 6.189824558880018, 6.392317422778761, 5.700439718141093, 5.977279923499917, 5.954196310386875, 6.022367813028454, 6.149747119504682, 6.727920454563199, 5.954196310386875, 6.22881869049588, 6.459431618637297, 6.266786540694901, 6.539158811108031, 6.614709844115208, 6.794415866350106, 6.442943495848728, 6.22881869049588], [5.906890595608519, 5.087462841250339, 5.554588851677638, 4.643856189774724, 4.906890595608519, 4.392317422778761, 6.129283016944966, 6.066089190457772, 6.339850002884624, 6.022367813028454, 6.129283016944966, 5.754887502163468, 6.087462841250339, 6.087462841250339, 5.754887502163468, 6.022367813028454, 6.022367813028454, 6.3750394313469245, 5.754887502163468, 5.954196310386875, 3.9068905956085187, 6.339850002884624, 6.247927513443585, 5.857980995127572], [5.78135971352466, 5.491853096329675, 5.643856189774724, 4.807354922057604, 4.754887502163468, 4.321928094887363, 5.857980995127572, 6.149747119504682, 6.20945336562895, 5.906890595608519, 6.189824558880018, 5.977279923499917, 6.149747119504682, 6.087462841250339, 5.977279923499917, 6.3750394313469245, 5.954196310386875, 5.930737337562887, 6.247927513443585, 6.3750394313469245, 6.442943495848728, 6.614709844115208, 6.614709844115208, 6.0], [5.906890595608519, 5.321928094887363, 5.247927513443585, 4.700439718141093, 4.392317422778761, 3.807354922057604, 5.614709844115208, 6.266786540694901, 6.20945336562895, 6.108524456778169, 6.066089190457772, 5.857980995127572, 6.0, 6.392317422778761, 6.266786540694901, 6.321928094887363, 6.0, 6.149747119504682, 5.672425341971495, 6.523561956057013, 6.507794640198696, 6.714245517666122, 6.339850002884624, 6.149747119504682], [6.20945336562895, 5.584962500721156, 5.321928094887363, 5.554588851677638, 4.247927513443585, 4.392317422778761, 5.554588851677638, 6.044394119358453, 6.044394119358453, 5.954196310386875, 6.247927513443585, 5.614709844115208, 6.087462841250339, 6.22881869049588, 6.066089190457772, 5.321928094887363, 5.672425341971495, 5.882643049361842, 6.066089190457772, 6.087462841250339, 6.169925001442312, 6.266786540694901, 5.954196310386875, 5.906890595608519], [5.672425341971495, 5.426264754702098, 5.20945336562895, 4.754887502163468, 4.643856189774724, 4.807354922057604, 5.321928094887363, 5.20945336562895, 5.523561956057013, 5.584962500721156, 5.700439718141093, 5.754887502163468, 5.700439718141093, 6.087462841250339, 5.954196310386875, 5.700439718141093, 5.700439718141093, 5.954196310386875, 6.169925001442312, 6.339850002884624, 6.539158811108031, 6.539158811108031, 6.066089190457772, 5.882643049361842]]}