{"min": 0, "max": 9.977279923499916, "pieData": [[7.383704292474052, 6.78135971352466, 6.339850002884624, 5.807354922057604, 4.954196310386875, 4.754887502163468, 6.392317422778761, 7.247927513443585, 7.491853096329675, 7.622051819456376, 7.539158811108031, 7.857980995127572, 7.491853096329675, 7.7615512324444795, 7.876516946564999, 7.900866807980749, 7.491853096329675, 7.076815597050831, 6.857980995127572, 6.266786540694901, 7.60733031374961, 8.08214904135387, 8.038918989292302, 7.807354922057604], [7.658211482751795, 7.098032082960526, 6.658211482751795, 5.977279923499917, 5.954196310386875, 5.491853096329675, 6.442943495848728, 6.78135971352466, 7.7414669864011465, 7.491853096329675, 7.546894459887636, 8.055282435501189, 7.614709844115208, 7.6293566200796095, 7.930737337562887, 7.787902559391432, 7.339850002884624, 7.257387842692652, 7.1799090900149345, 7.491853096329675, 7.906890595608519, 8.055282435501189, 7.971543553950772, 7.971543553950772], [7.491853096329675, 6.906890595608519, 6.807354922057604, 6.20945336562895, 5.044394119358453, 5.129283016944966, 5.857980995127572, 6.7414669864011465, 7.727920454563199, 7.417852514885898, 7.459431618637297, 7.700439718141093, 7.247927513443585, 7.312882955284356, 7.562242424221073, 7.870364719583405, 7.294620748891627, 7.3750394313469245, 7.392317422778761, 7.409390936137702, 5.321928094887363, 7.845490050944376, 7.768184324776926, 7.768184324776926], [7.60733031374961, 7.189824558880018, 6.965784284662087, 6.189824558880018, 4.906890595608519, 5.129283016944966, 6.149747119504682, 7.076815597050831, 7.531381460516312, 7.7414669864011465, 7.651051691178928, 7.6865005271832185, 7.321928094887363, 7.475733430966398, 7.857980995127572, 7.92481250360578, 7.357552004618084, 7.2761244052742375, 7.2384047393250786, 7.442943495848728, 7.86418614465428, 7.994353436858858, 8.011227255423254, 7.98299357469431], [7.6653359171851765, 7.321928094887363, 7.022367813028454, 6.285402218862249, 5.832890014164741, 5.169925001442312, 6.149747119504682, 6.727920454563199, 7.672425341971495, 7.60733031374961, 7.679480099505446, 7.523561956057013, 7.546894459887636, 7.451211111832329, 7.651051691178928, 7.483815777264256, 7.247927513443585, 6.870364719583405, 6.714245517666122, 6.930737337562887, 7.98299357469431, 8.049848549450562, 8.179909090014934, 7.734709620225838], [7.6653359171851765, 7.622051819456376, 7.199672344836364, 6.768184324776926, 5.754887502163468, 5.807354922057604, 5.954196310386875, 6.727920454563199, 6.94251450533924, 7.294620748891627, 7.199672344836364, 7.400879436282184, 7.066089190457772, 7.247927513443585, 7.2761244052742375, 7.321928094887363, 7.066089190457772, 7.0, 7.098032082960526, 7.149747119504682, 7.599912842187128, 7.693486957499325, 7.599912842187128, 7.826548487290915], [7.507794640198696, 7.475733430966398, 6.930737337562887, 6.6865005271832185, 5.491853096329675, 5.169925001442312, 5.523561956057013, 6.507794640198696, 6.6865005271832185, 6.857980995127572, 6.906890595608519, 7.159871336778389, 7.257387842692652, 7.366322214245816, 7.392317422778761, 7.475733430966398, 7.022367813028454, 7.098032082960526, 7.139551352398794, 7.491853096329675, 7.876516946564999, 7.965784284662087, 7.948367231584678, 7.7481928495894605]]}