{"min": 0, "max": 9.977279923499916, "pieData": [[6.475733430966398, 5.977279923499917, 5.727920454563199, 5.129283016944966, 4.807354922057604, 4.584962500721156, 5.491853096329675, 6.303780748177103, 6.169925001442312, 6.870364719583405, 7.417852514885898, 7.569855608330948, 7.139551352398794, 7.303780748177103, 7.467605550082998, 7.417852514885898, 7.584962500721156, 7.577428828035749, 7.066089190457772, 5.614709844115208, 6.523561956057013, 7.459431618637297, 6.954196310386875, 6.7414669864011465], [6.794415866350106, 6.247927513443585, 6.129283016944966, 5.285402218862249, 4.857980995127572, 4.954196310386875, 5.672425341971495, 6.727920454563199, 6.6865005271832185, 7.257387842692652, 7.60733031374961, 7.569855608330948, 7.108524456778169, 7.189824558880018, 7.417852514885898, 7.434628227636725, 7.554588851677638, 7.2761244052742375, 6.794415866350106, 7.303780748177103, 7.108524456778169, 7.22881869049588, 7.339850002884624, 6.643856189774724], [6.523561956057013, 6.392317422778761, 5.78135971352466, 5.491853096329675, 4.700439718141093, 4.857980995127572, 5.426264754702098, 6.754887502163468, 6.442943495848728, 7.03342300153745, 7.118941072723508, 7.312882955284356, 7.011227255423254, 6.9886846867721655, 7.22881869049588, 7.199672344836364, 7.149747119504682, 7.139551352398794, 6.339850002884624, 6.714245517666122, 4.087462841250339, 7.169925001442312, 6.658211482751795, 6.442943495848728], [6.754887502163468, 6.303780748177103, 5.977279923499917, 5.554588851677638, 5.0, 4.392317422778761, 5.78135971352466, 6.643856189774724, 6.658211482751795, 7.285402218862249, 7.339850002884624, 7.294620748891627, 6.9886846867721655, 7.05528243550119, 7.03342300153745, 7.2384047393250786, 7.266786540694901, 7.044394119358453, 6.539158811108031, 6.820178962415188, 7.044394119358453, 7.076815597050831, 6.78135971352466, 6.426264754702098], [6.882643049361842, 6.357552004618084, 5.857980995127572, 5.614709844115208, 4.906890595608519, 4.169925001442312, 5.357552004618084, 6.807354922057604, 6.614709844115208, 7.189824558880018, 7.321928094887363, 7.199672344836364, 6.894817763307944, 6.906890595608519, 7.2761244052742375, 7.554588851677638, 7.330916878114617, 7.219168520462161, 6.507794640198696, 6.894817763307944, 7.409390936137702, 7.434628227636725, 7.159871336778389, 7.2761244052742375], [6.954196310386875, 6.857980995127572, 6.614709844115208, 5.78135971352466, 5.129283016944966, 4.754887502163468, 5.754887502163468, 6.459431618637297, 6.700439718141093, 7.076815597050831, 7.159871336778389, 7.266786540694901, 7.149747119504682, 7.066089190457772, 7.087462841250339, 7.159871336778389, 7.1799090900149345, 7.199672344836364, 6.658211482751795, 6.965784284662087, 7.011227255423254, 6.820178962415188, 7.011227255423254, 6.794415866350106], [6.584962500721156, 6.189824558880018, 6.108524456778169, 5.700439718141093, 5.0, 4.087462841250339, 4.643856189774724, 5.584962500721156, 6.339850002884624, 6.459431618637297, 6.930737337562887, 6.94251450533924, 6.700439718141093, 7.20945336562895, 7.108524456778169, 7.066089190457772, 7.044394119358453, 7.149747119504682, 7.159871336778389, 7.044394119358453, 7.321928094887363, 7.339850002884624, 7.108524456778169, 6.392317422778761]]}