{"min": 0, "max": 9.977279923499916, "pieData": [[5.700439718141093, 4.169925001442312, 3.807354922057604, 2.584962500721156, 2.807354922057604, 3.0, 5.614709844115208, 6.569855608330948, 6.794415866350106, 6.870364719583405, 6.285402218862249, 6.392317422778761, 6.189824558880018, 6.442943495848728, 6.459431618637297, 6.569855608330948, 6.426264754702098, 6.3750394313469245, 6.108524456778169, 4.643856189774724, 5.554588851677638, 6.554588851677638, 6.247927513443585, 6.044394119358453], [5.523561956057013, 4.169925001442312, 4.392317422778761, 3.9068905956085187, 3.807354922057604, 3.584962500721156, 4.857980995127572, 6.599912842187128, 7.03342300153745, 7.312882955284356, 6.266786540694901, 6.392317422778761, 6.285402218862249, 6.475733430966398, 6.409390936137702, 6.339850002884624, 6.409390936137702, 6.321928094887363, 6.303780748177103, 6.108524456778169, 6.442943495848728, 6.7414669864011465, 5.906890595608519, 5.930737337562887], [5.129283016944966, 4.169925001442312, 4.0, 3.321928094887362, 3.321928094887362, 2.321928094887362, 4.954196310386875, 6.442943495848728, 6.9886846867721655, 7.066089190457772, 6.339850002884624, 5.857980995127572, 6.20945336562895, 6.285402218862249, 6.266786540694901, 6.357552004618084, 6.108524456778169, 6.357552004618084, 6.0, 6.066089190457772, 3.700439718141092, 6.303780748177103, 6.321928094887363, 5.727920454563199], [5.129283016944966, 4.392317422778761, 4.087462841250339, 3.321928094887362, 3.0, 3.4594316186372973, 4.523561956057013, 6.321928094887363, 7.118941072723508, 7.20945336562895, 6.303780748177103, 6.442943495848728, 6.022367813028454, 6.459431618637297, 6.285402218862249, 6.044394119358453, 6.20945336562895, 6.149747119504682, 6.149747119504682, 5.906890595608519, 6.584962500721156, 6.459431618637297, 6.149747119504682, 6.108524456778169], [4.954196310386875, 4.523561956057013, 4.392317422778761, 2.321928094887362, 3.0, 3.0, 4.459431618637297, 6.321928094887363, 7.149747119504682, 7.257387842692652, 6.554588851677638, 6.149747119504682, 6.554588851677638, 6.584962500721156, 6.321928094887363, 6.6865005271832185, 6.321928094887363, 6.266786540694901, 5.523561956057013, 5.857980995127572, 6.303780748177103, 6.672425341971495, 6.523561956057013, 6.149747119504682], [6.044394119358453, 5.584962500721156, 4.321928094887363, 4.087462841250339, 3.584962500721156, 3.584962500721156, 5.285402218862249, 5.614709844115208, 6.807354922057604, 6.475733430966398, 6.491853096329675, 6.392317422778761, 6.339850002884624, 6.3750394313469245, 6.20945336562895, 6.149747119504682, 6.247927513443585, 6.066089190457772, 6.108524456778169, 6.129283016944966, 6.087462841250339, 6.0, 5.906890595608519, 6.066089190457772], [5.807354922057604, 4.954196310386875, 4.700439718141093, 3.4594316186372973, 3.807354922057604, 2.0, 3.9068905956085187, 5.0, 6.066089190457772, 5.954196310386875, 6.321928094887363, 5.930737337562887, 6.149747119504682, 6.409390936137702, 5.906890595608519, 6.108524456778169, 6.0, 6.357552004618084, 6.169925001442312, 6.149747119504682, 6.169925001442312, 6.357552004618084, 6.149747119504682, 5.672425341971495]]}