{"min": 0, "max": 9.977279923499916, "pieData": [[4.754887502163468, 4.169925001442312, 3.9068905956085187, 3.169925001442312, 1.584962500721156, 2.807354922057604, 5.129283016944966, 6.0, 5.523561956057013, 6.022367813028454, 6.169925001442312, 5.727920454563199, 5.392317422778761, 5.672425341971495, 5.321928094887363, 6.357552004618084, 5.727920454563199, 5.643856189774724, 5.087462841250339, 3.4594316186372973, 4.247927513443585, 5.285402218862249, 4.807354922057604, 4.523561956057013], [5.044394119358453, 4.643856189774724, 4.754887502163468, 3.0, 2.0, 3.807354922057604, 4.643856189774724, 6.169925001442312, 5.727920454563199, 6.507794640198696, 6.247927513443585, 5.727920454563199, 5.672425341971495, 5.727920454563199, 5.727920454563199, 6.108524456778169, 5.285402218862249, 5.584962500721156, 5.20945336562895, 4.906890595608519, 5.087462841250339, 5.20945336562895, 5.321928094887363, 4.954196310386875], [5.584962500721156, 4.321928094887363, 4.523561956057013, 2.807354922057604, 3.0, 3.4594316186372973, 4.754887502163468, 5.906890595608519, 6.149747119504682, 6.022367813028454, 5.643856189774724, 5.491853096329675, 5.523561956057013, 5.087462841250339, 5.169925001442312, 5.954196310386875, 5.129283016944966, 5.129283016944966, 4.906890595608519, 4.0, 2.0, 4.954196310386875, 4.392317422778761, 4.754887502163468], [4.954196310386875, 4.954196310386875, 4.0, 2.584962500721156, 1.584962500721156, 2.321928094887362, 4.906890595608519, 5.832890014164741, 6.022367813028454, 6.189824558880018, 5.672425341971495, 5.20945336562895, 5.20945336562895, 5.321928094887363, 5.643856189774724, 5.459431618637297, 5.727920454563199, 5.20945336562895, 5.044394119358453, 4.643856189774724, 5.0, 5.169925001442312, 5.392317422778761, 4.643856189774724], [4.754887502163468, 4.584962500721156, 4.459431618637297, 2.807354922057604, 1.584962500721156, 3.321928094887362, 4.954196310386875, 6.247927513443585, 5.523561956057013, 6.129283016944966, 5.832890014164741, 5.321928094887363, 5.426264754702098, 5.672425341971495, 5.321928094887363, 6.087462841250339, 5.807354922057604, 5.807354922057604, 5.426264754702098, 5.20945336562895, 5.321928094887363, 5.0, 5.285402218862249, 4.643856189774724], [4.906890595608519, 4.954196310386875, 4.392317422778761, 4.0, 3.0, 1.584962500721156, 5.044394119358453, 6.20945336562895, 6.303780748177103, 5.857980995127572, 6.189824558880018, 6.044394119358453, 5.78135971352466, 5.857980995127572, 5.20945336562895, 6.022367813028454, 5.044394119358453, 5.044394119358453, 5.20945336562895, 4.459431618637297, 5.20945336562895, 4.954196310386875, 5.087462841250339, 4.857980995127572], [5.0, 4.087462841250339, 4.643856189774724, 3.584962500721156, 1.584962500721156, 3.0, 4.247927513443585, 5.672425341971495, 6.108524456778169, 6.044394119358453, 5.882643049361842, 5.459431618637297, 5.78135971352466, 5.882643049361842, 5.807354922057604, 6.108524456778169, 5.857980995127572, 5.247927513443585, 5.087462841250339, 4.523561956057013, 4.906890595608519, 5.044394119358453, 5.0, 4.459431618637297]]}