{"min": 0, "max": 9.977279923499916, "pieData": [[2.0, 1.0, 0.0, 1.0, 0.0, 1.0, 1.0, 3.807354922057604, 4.584962500721156, 4.700439718141093, 4.087462841250339, 4.087462841250339, 4.087462841250339, 4.643856189774724, 4.459431618637297, 5.044394119358453, 4.321928094887363, 5.321928094887363, 4.459431618637297, 2.584962500721156, 4.523561956057013, 5.614709844115208, 5.20945336562895, 4.087462841250339], [3.4594316186372973, 2.584962500721156, 0.0, 0.0, 0.0, 0.0, 3.0, 3.321928094887362, 4.247927513443585, 4.754887502163468, 5.0, 5.169925001442312, 4.392317422778761, 4.523561956057013, 4.954196310386875, 4.906890595608519, 4.169925001442312, 4.700439718141093, 4.700439718141093, 4.459431618637297, 4.807354922057604, 4.857980995127572, 4.584962500721156, 4.857980995127572], [2.807354922057604, 2.0, 2.0, 1.584962500721156, 1.0, 1.584962500721156, 2.0, 3.584962500721156, 4.169925001442312, 4.392317422778761, 4.807354922057604, 4.754887502163468, 5.087462841250339, 5.0, 5.087462841250339, 4.857980995127572, 5.0, 5.169925001442312, 5.044394119358453, 4.392317422778761, 3.4594316186372973, 4.523561956057013, 5.169925001442312, 4.584962500721156], [3.0, 2.807354922057604, 1.584962500721156, 0.0, 0.0, 1.584962500721156, 0.0, 3.169925001442312, 4.169925001442312, 4.700439718141093, 4.247927513443585, 4.906890595608519, 4.459431618637297, 4.392317422778761, 4.906890595608519, 5.044394119358453, 5.459431618637297, 5.087462841250339, 4.954196310386875, 4.807354922057604, 5.044394119358453, 4.392317422778761, 5.044394119358453, 4.700439718141093], [3.169925001442312, 1.584962500721156, 2.0, 1.584962500721156, 1.0, 0.0, 2.584962500721156, 3.4594316186372973, 4.247927513443585, 4.857980995127572, 4.754887502163468, 4.807354922057604, 4.459431618637297, 4.906890595608519, 4.807354922057604, 4.392317422778761, 4.523561956057013, 4.321928094887363, 4.906890595608519, 4.247927513443585, 3.807354922057604, 5.0, 4.321928094887363, 4.321928094887363], [2.807354922057604, 2.0, 2.321928094887362, 0.0, 0.0, 1.584962500721156, 3.0, 3.4594316186372973, 4.392317422778761, 4.087462841250339, 3.807354922057604, 3.700439718141092, 4.392317422778761, 3.700439718141092, 3.169925001442312, 3.9068905956085187, 2.807354922057604, 4.392317422778761, 4.247927513443585, 3.0, 3.4594316186372973, 1.584962500721156, 3.0, 3.169925001442312], [3.4594316186372973, 2.584962500721156, 1.584962500721156, 1.0, 0.0, 0.0, 2.0, 2.321928094887362, 3.321928094887362, 3.0, 3.0, 3.584962500721156, 3.169925001442312, 3.584962500721156, 3.0, 3.584962500721156, 3.321928094887362, 3.169925001442312, 3.4594316186372973, 3.4594316186372973, 3.4594316186372973, 3.807354922057604, 4.247927513443585, 2.0]]}