{"min": 0, "max": 9.977279923499916, "pieData": [[4.459431618637297, 3.321928094887362, 2.584962500721156, 2.321928094887362, 1.0, 2.321928094887362, 3.4594316186372973, 3.169925001442312, 4.247927513443585, 4.459431618637297, 4.459431618637297, 4.459431618637297, 3.807354922057604, 4.954196310386875, 4.169925001442312, 4.584962500721156, 4.807354922057604, 4.807354922057604, 4.807354922057604, 3.700439718141092, 3.584962500721156, 4.459431618637297, 4.857980995127572, 5.044394119358453], [4.392317422778761, 4.087462841250339, 2.0, 1.584962500721156, 1.0, 1.584962500721156, 2.321928094887362, 3.4594316186372973, 4.754887502163468, 4.857980995127572, 4.643856189774724, 4.0, 3.9068905956085187, 4.523561956057013, 4.459431618637297, 4.523561956057013, 4.0, 3.807354922057604, 4.700439718141093, 4.459431618637297, 4.807354922057604, 4.523561956057013, 5.0, 4.643856189774724], [4.247927513443585, 3.584962500721156, 2.0, 0.0, 1.584962500721156, 2.0, 2.584962500721156, 3.4594316186372973, 4.392317422778761, 4.643856189774724, 3.807354922057604, 4.523561956057013, 3.807354922057604, 4.0, 4.857980995127572, 4.523561956057013, 4.906890595608519, 4.754887502163468, 4.906890595608519, 4.169925001442312, 2.321928094887362, 5.087462841250339, 4.392317422778761, 4.321928094887363], [4.0, 3.584962500721156, 2.584962500721156, 3.0, 0.0, 1.0, 2.807354922057604, 3.9068905956085187, 4.523561956057013, 4.643856189774724, 4.321928094887363, 4.754887502163468, 4.643856189774724, 4.807354922057604, 4.523561956057013, 4.087462841250339, 4.700439718141093, 4.459431618637297, 4.321928094887363, 4.700439718141093, 4.857980995127572, 4.523561956057013, 5.129283016944966, 5.087462841250339], [4.754887502163468, 3.9068905956085187, 2.584962500721156, 2.584962500721156, 1.0, 1.584962500721156, 3.169925001442312, 3.807354922057604, 4.247927513443585, 4.459431618637297, 4.247927513443585, 4.523561956057013, 3.584962500721156, 4.857980995127572, 5.20945336562895, 5.044394119358453, 4.584962500721156, 4.700439718141093, 4.392317422778761, 3.169925001442312, 4.584962500721156, 4.584962500721156, 4.459431618637297, 5.087462841250339], [4.459431618637297, 3.584962500721156, 3.169925001442312, 1.0, 1.584962500721156, 1.0, 0.0, 3.700439718141092, 4.0, 3.700439718141092, 4.584962500721156, 4.700439718141093, 3.9068905956085187, 4.087462841250339, 4.087462841250339, 4.643856189774724, 4.169925001442312, 5.247927513443585, 4.523561956057013, 4.0, 4.247927513443585, 5.247927513443585, 5.044394119358453, 4.857980995127572], [4.247927513443585, 3.807354922057604, 3.169925001442312, 0.0, 2.0, 0.0, 1.584962500721156, 3.4594316186372973, 4.0, 2.807354922057604, 4.392317422778761, 4.247927513443585, 4.392317422778761, 3.807354922057604, 4.459431618637297, 4.459431618637297, 4.087462841250339, 4.247927513443585, 4.392317422778761, 4.807354922057604, 4.807354922057604, 4.321928094887363, 4.169925001442312, 3.584962500721156]]}