{"min": 0, "max": 9.977279923499916, "pieData": [[6.965784284662087, 6.129283016944966, 5.930737337562887, 5.087462841250339, 4.807354922057604, 4.754887502163468, 6.3750394313469245, 7.475733430966398, 8.027905996569885, 8.103287808412022, 7.86418614465428, 8.03342300153745, 8.098032082960527, 7.9600019320680815, 7.839203788096944, 7.900866807980749, 7.312882955284356, 7.434628227636725, 7.584962500721156, 6.643856189774724, 6.918863237274595, 7.857980995127572, 7.434628227636725, 7.383704292474052], [6.475733430966398, 6.392317422778761, 5.977279923499917, 5.392317422778761, 5.087462841250339, 4.584962500721156, 6.0, 7.129283016944966, 8.066089190457772, 8.098032082960527, 8.098032082960527, 8.103287808412022, 7.727920454563199, 7.994353436858858, 7.894817763307944, 7.727920454563199, 7.7073591320808825, 7.348728154231077, 7.1799090900149345, 7.727920454563199, 7.584962500721156, 7.467605550082998, 7.546894459887636, 7.20945336562895], [6.672425341971495, 6.392317422778761, 5.700439718141093, 4.807354922057604, 4.857980995127572, 5.0, 6.022367813028454, 6.930737337562887, 7.851749041416058, 7.6653359171851765, 7.721099188707186, 7.434628227636725, 7.257387842692652, 7.426264754702098, 7.531381460516312, 7.651051691178928, 7.467605550082998, 7.442943495848728, 7.199672344836364, 7.294620748891627, 4.754887502163468, 7.321928094887363, 7.357552004618084, 6.894817763307944], [6.845490050944376, 6.321928094887363, 5.700439718141093, 5.247927513443585, 5.0, 4.954196310386875, 5.807354922057604, 7.0, 7.918863237274595, 7.832890014164741, 7.7414669864011465, 7.539158811108031, 7.348728154231077, 7.417852514885898, 7.6865005271832185, 7.614709844115208, 7.499845887083206, 7.199672344836364, 7.434628227636725, 7.417852514885898, 7.357552004618084, 7.546894459887636, 7.339850002884624, 6.965784284662087], [7.159871336778389, 6.3750394313469245, 6.129283016944966, 5.321928094887363, 5.129283016944966, 4.906890595608519, 5.807354922057604, 6.906890595608519, 8.071462362556623, 8.011227255423254, 7.800899899920305, 7.569855608330948, 7.285402218862249, 7.592457037268081, 7.531381460516312, 7.400879436282184, 7.098032082960526, 6.9886846867721655, 7.129283016944966, 7.6865005271832185, 7.459431618637297, 7.3750394313469245, 7.383704292474052, 7.20945336562895], [7.118941072723508, 6.599912842187128, 6.22881869049588, 5.78135971352466, 5.392317422778761, 5.169925001442312, 5.754887502163468, 6.321928094887363, 7.266786540694901, 7.149747119504682, 7.098032082960526, 7.129283016944966, 6.857980995127572, 6.954196310386875, 6.882643049361842, 7.0, 6.894817763307944, 7.05528243550119, 7.044394119358453, 7.098032082960526, 7.03342300153745, 7.219168520462161, 7.149747119504682, 6.906890595608519], [6.727920454563199, 6.491853096329675, 6.189824558880018, 5.554588851677638, 5.426264754702098, 4.584962500721156, 5.584962500721156, 6.044394119358453, 6.845490050944376, 6.918863237274595, 6.918863237274595, 6.7414669864011465, 7.022367813028454, 7.294620748891627, 7.2384047393250786, 7.076815597050831, 6.918863237274595, 7.20945336562895, 7.2761244052742375, 7.098032082960526, 7.426264754702098, 7.2384047393250786, 7.266786540694901, 7.022367813028454]]}