{"min": 0, "max": 9.977279923499916, "pieData": [[6.189824558880018, 5.247927513443585, 4.954196310386875, 4.392317422778761, 3.700439718141092, 4.247927513443585, 5.614709844115208, 7.129283016944966, 7.679480099505446, 7.851749041416058, 7.169925001442312, 6.768184324776926, 6.857980995127572, 7.219168520462161, 6.807354922057604, 6.954196310386875, 6.94251450533924, 7.0, 6.807354922057604, 5.700439718141093, 6.321928094887363, 6.768184324776926, 6.768184324776926, 6.303780748177103], [5.977279923499917, 5.857980995127572, 5.169925001442312, 4.459431618637297, 4.169925001442312, 4.392317422778761, 5.614709844115208, 7.2384047393250786, 8.016808287686555, 7.768184324776926, 7.1799090900149345, 6.906890595608519, 6.714245517666122, 6.700439718141093, 7.0, 6.965784284662087, 6.870364719583405, 7.0, 6.658211482751795, 7.022367813028454, 6.9886846867721655, 6.643856189774724, 6.977279923499917, 6.357552004618084], [6.149747119504682, 5.247927513443585, 5.169925001442312, 4.169925001442312, 4.247927513443585, 4.087462841250339, 5.321928094887363, 6.794415866350106, 7.483815777264256, 7.409390936137702, 6.965784284662087, 6.94251450533924, 6.569855608330948, 6.569855608330948, 6.918863237274595, 6.965784284662087, 6.930737337562887, 6.584962500721156, 6.507794640198696, 6.599912842187128, 4.087462841250339, 6.820178962415188, 6.700439718141093, 6.266786540694901], [6.087462841250339, 5.672425341971495, 5.700439718141093, 4.643856189774724, 4.321928094887363, 3.807354922057604, 5.247927513443585, 6.918863237274595, 7.754887502163468, 7.658211482751795, 7.076815597050831, 6.507794640198696, 6.6293566200796095, 6.658211482751795, 7.044394119358453, 7.087462841250339, 6.714245517666122, 6.894817763307944, 6.965784284662087, 6.507794640198696, 6.459431618637297, 6.845490050944376, 6.794415866350106, 6.491853096329675], [6.149747119504682, 5.832890014164741, 5.614709844115208, 4.321928094887363, 3.584962500721156, 3.4594316186372973, 4.954196310386875, 7.076815597050831, 7.78135971352466, 7.491853096329675, 7.087462841250339, 6.930737337562887, 6.599912842187128, 6.672425341971495, 6.965784284662087, 6.977279923499917, 6.768184324776926, 6.794415866350106, 6.20945336562895, 7.066089190457772, 6.714245517666122, 6.714245517666122, 6.977279923499917, 6.672425341971495], [6.066089190457772, 6.149747119504682, 6.169925001442312, 5.491853096329675, 4.247927513443585, 4.0, 5.491853096329675, 6.475733430966398, 7.066089190457772, 7.076815597050831, 7.03342300153745, 6.357552004618084, 6.643856189774724, 6.554588851677638, 6.266786540694901, 6.0, 6.189824558880018, 6.285402218862249, 6.442943495848728, 6.149747119504682, 6.475733430966398, 6.357552004618084, 6.3750394313469245, 6.392317422778761], [6.266786540694901, 5.930737337562887, 5.882643049361842, 4.700439718141093, 4.0, 4.087462841250339, 5.20945336562895, 5.392317422778761, 6.754887502163468, 6.768184324776926, 6.523561956057013, 6.392317422778761, 6.339850002884624, 6.614709844115208, 6.339850002884624, 6.266786540694901, 6.554588851677638, 6.20945336562895, 6.285402218862249, 6.882643049361842, 6.768184324776926, 6.599912842187128, 6.507794640198696, 6.20945336562895]]}