{"min": 0, "max": 9.977279923499916, "pieData": [[6.189824558880018, 5.0, 4.169925001442312, 4.169925001442312, 3.4594316186372973, 4.247927513443585, 5.882643049361842, 7.426264754702098, 7.894817763307944, 7.614709844115208, 7.7414669864011465, 8.321928094887362, 8.632995197142957, 8.640244936222345, 8.184875342908283, 7.820178962415188, 7.442943495848728, 7.467605550082998, 7.515699838284043, 6.700439718141093, 7.159871336778389, 7.714245517666122, 7.721099188707186, 7.098032082960526], [5.906890595608519, 5.321928094887363, 5.044394119358453, 5.044394119358453, 5.832890014164741, 6.087462841250339, 6.539158811108031, 7.285402218862249, 8.044394119358454, 7.86418614465428, 7.813781191217037, 8.233619676759702, 8.276124405274238, 8.405141463136344, 7.491853096329675, 7.2761244052742375, 7.219168520462161, 7.189824558880018, 7.515699838284043, 7.800899899920305, 7.400879436282184, 7.813781191217037, 7.539158811108031, 6.658211482751795], [6.066089190457772, 5.426264754702098, 4.906890595608519, 4.392317422778761, 4.321928094887363, 4.857980995127572, 5.807354922057604, 6.965784284662087, 7.800899899920305, 7.321928094887363, 6.727920454563199, 6.832890014164741, 6.714245517666122, 7.098032082960526, 7.22881869049588, 7.149747119504682, 6.754887502163468, 6.977279923499917, 7.409390936137702, 7.383704292474052, 4.392317422778761, 7.434628227636725, 7.247927513443585, 6.475733430966398], [6.22881869049588, 5.459431618637297, 4.700439718141093, 4.247927513443585, 4.087462841250339, 4.321928094887363, 6.0, 7.129283016944966, 7.888743248898259, 7.357552004618084, 7.219168520462161, 7.011227255423254, 6.614709844115208, 7.409390936137702, 7.139551352398794, 7.118941072723508, 7.066089190457772, 7.159871336778389, 7.483815777264256, 7.562242424221073, 7.832890014164741, 7.569855608330948, 7.6653359171851765, 6.882643049361842], [6.357552004618084, 5.643856189774724, 5.169925001442312, 4.807354922057604, 3.807354922057604, 4.954196310386875, 5.78135971352466, 7.044394119358453, 7.826548487290915, 7.257387842692652, 6.845490050944376, 7.03342300153745, 6.965784284662087, 7.139551352398794, 7.20945336562895, 7.05528243550119, 7.022367813028454, 7.159871336778389, 7.257387842692652, 7.7615512324444795, 7.636624620543649, 7.3750394313469245, 7.539158811108031, 6.794415866350106], [6.584962500721156, 6.108524456778169, 5.930737337562887, 5.129283016944966, 4.523561956057013, 3.9068905956085187, 5.321928094887363, 6.129283016944966, 6.768184324776926, 6.918863237274595, 6.794415866350106, 7.139551352398794, 6.965784284662087, 7.1799090900149345, 7.2384047393250786, 7.2384047393250786, 7.339850002884624, 7.459431618637297, 7.1799090900149345, 7.294620748891627, 7.285402218862249, 7.807354922057604, 7.569855608330948, 6.7414669864011465], [6.523561956057013, 6.108524456778169, 5.672425341971495, 4.700439718141093, 4.754887502163468, 3.9068905956085187, 5.129283016944966, 5.754887502163468, 6.672425341971495, 6.6865005271832185, 7.0, 7.189824558880018, 7.948367231584678, 7.774787059601174, 7.7615512324444795, 7.721099188707186, 7.339850002884624, 7.813781191217037, 7.219168520462161, 7.523561956057013, 7.499845887083206, 7.577428828035749, 7.584962500721156, 6.700439718141093]]}