{"min": 0, "max": 9.977279923499916, "pieData": [[6.169925001442312, 5.930737337562887, 5.247927513443585, 4.584962500721156, 4.169925001442312, 4.392317422778761, 5.584962500721156, 6.954196310386875, 7.7073591320808825, 7.774787059601174, 6.9886846867721655, 6.977279923499917, 6.78135971352466, 7.159871336778389, 7.357552004618084, 7.108524456778169, 7.312882955284356, 7.066089190457772, 7.199672344836364, 5.906890595608519, 6.658211482751795, 7.366322214245816, 7.294620748891627, 7.066089190457772], [6.475733430966398, 6.087462841250339, 5.832890014164741, 5.169925001442312, 4.459431618637297, 4.857980995127572, 5.584962500721156, 6.6293566200796095, 7.78135971352466, 7.7615512324444795, 7.066089190457772, 7.0, 6.857980995127572, 7.312882955284356, 7.348728154231077, 7.392317422778761, 7.330916878114617, 7.108524456778169, 7.294620748891627, 7.475733430966398, 7.383704292474052, 7.400879436282184, 7.129283016944966, 6.78135971352466], [6.658211482751795, 5.807354922057604, 5.129283016944966, 4.754887502163468, 4.247927513443585, 4.169925001442312, 5.426264754702098, 6.658211482751795, 7.7481928495894605, 7.348728154231077, 7.022367813028454, 6.930737337562887, 6.820178962415188, 7.139551352398794, 7.266786540694901, 7.087462841250339, 7.087462841250339, 7.266786540694901, 6.977279923499917, 7.139551352398794, 4.643856189774724, 6.78135971352466, 7.05528243550119, 6.672425341971495], [6.303780748177103, 5.584962500721156, 5.392317422778761, 4.754887502163468, 4.169925001442312, 4.807354922057604, 5.491853096329675, 6.700439718141093, 7.832890014164741, 7.569855608330948, 7.257387842692652, 6.906890595608519, 7.03342300153745, 7.076815597050831, 7.189824558880018, 7.139551352398794, 6.977279923499917, 7.076815597050831, 7.118941072723508, 7.2384047393250786, 7.219168520462161, 7.266786540694901, 7.1799090900149345, 6.845490050944376], [6.672425341971495, 6.022367813028454, 5.554588851677638, 4.459431618637297, 4.0, 4.584962500721156, 5.285402218862249, 6.569855608330948, 7.94251450533924, 7.679480099505446, 7.1799090900149345, 7.076815597050831, 6.965784284662087, 7.189824558880018, 7.3750394313469245, 6.894817763307944, 7.129283016944966, 7.330916878114617, 7.066089190457772, 7.442943495848728, 7.383704292474052, 7.321928094887363, 7.584962500721156, 7.357552004618084], [6.78135971352466, 6.614709844115208, 5.882643049361842, 4.643856189774724, 4.321928094887363, 4.700439718141093, 5.0, 6.475733430966398, 7.022367813028454, 6.599912842187128, 6.807354922057604, 6.507794640198696, 6.832890014164741, 6.857980995127572, 6.857980995127572, 6.442943495848728, 6.507794640198696, 6.491853096329675, 7.076815597050831, 6.894817763307944, 6.569855608330948, 6.459431618637297, 6.754887502163468, 6.714245517666122], [6.7414669864011465, 6.087462841250339, 5.807354922057604, 4.523561956057013, 4.754887502163468, 3.169925001442312, 5.044394119358453, 5.491853096329675, 5.977279923499917, 6.491853096329675, 6.266786540694901, 6.507794640198696, 6.475733430966398, 6.554588851677638, 6.643856189774724, 6.459431618637297, 6.392317422778761, 6.554588851677638, 6.247927513443585, 6.845490050944376, 7.044394119358453, 6.930737337562887, 6.658211482751795, 6.584962500721156]]}