{"min": 0, "max": 9.977279923499916, "pieData": [[4.523561956057013, 3.169925001442312, 2.807354922057604, 2.321928094887362, 3.321928094887362, 4.247927513443585, 4.954196310386875, 4.169925001442312, 5.807354922057604, 6.169925001442312, 6.087462841250339, 5.857980995127572, 6.022367813028454, 6.149747119504682, 5.700439718141093, 6.20945336562895, 6.044394119358453, 6.169925001442312, 5.672425341971495, 4.523561956057013, 5.321928094887363, 5.491853096329675, 5.357552004618084, 4.857980995127572], [4.087462841250339, 3.321928094887362, 3.0, 2.584962500721156, 3.700439718141092, 4.700439718141093, 4.584962500721156, 4.700439718141093, 5.285402218862249, 5.727920454563199, 6.129283016944966, 6.108524456778169, 5.930737337562887, 5.700439718141093, 6.022367813028454, 6.169925001442312, 5.906890595608519, 6.599912842187128, 6.022367813028454, 6.247927513443585, 5.321928094887363, 5.357552004618084, 4.906890595608519, 4.754887502163468], [4.0, 2.807354922057604, 2.584962500721156, 2.321928094887362, 2.0, 3.9068905956085187, 4.087462841250339, 3.9068905956085187, 5.285402218862249, 5.643856189774724, 5.727920454563199, 6.066089190457772, 5.727920454563199, 5.584962500721156, 5.906890595608519, 6.087462841250339, 6.087462841250339, 5.930737337562887, 5.727920454563199, 5.459431618637297, 3.9068905956085187, 5.20945336562895, 4.857980995127572, 4.247927513443585], [4.954196310386875, 4.0, 1.584962500721156, 2.584962500721156, 2.807354922057604, 4.087462841250339, 4.321928094887363, 2.807354922057604, 5.321928094887363, 5.357552004618084, 5.857980995127572, 5.882643049361842, 5.491853096329675, 5.930737337562887, 6.321928094887363, 6.022367813028454, 5.977279923499917, 5.977279923499917, 6.20945336562895, 6.108524456778169, 5.700439718141093, 5.247927513443585, 5.357552004618084, 5.044394119358453], [2.807354922057604, 2.807354922057604, 2.0, 3.169925001442312, 3.321928094887362, 3.584962500721156, 4.700439718141093, 4.857980995127572, 5.392317422778761, 5.807354922057604, 6.022367813028454, 5.882643049361842, 5.285402218862249, 5.954196310386875, 6.129283016944966, 5.930737337562887, 6.108524456778169, 6.285402218862249, 5.247927513443585, 5.426264754702098, 6.409390936137702, 5.392317422778761, 5.523561956057013, 4.523561956057013], [4.523561956057013, 3.9068905956085187, 1.584962500721156, 3.169925001442312, 3.4594316186372973, 4.321928094887363, 4.906890595608519, 5.426264754702098, 4.700439718141093, 4.906890595608519, 5.285402218862249, 5.727920454563199, 5.459431618637297, 5.700439718141093, 5.554588851677638, 5.882643049361842, 5.459431618637297, 5.807354922057604, 5.954196310386875, 5.727920454563199, 5.129283016944966, 5.321928094887363, 5.044394119358453, 4.321928094887363], [3.321928094887362, 3.169925001442312, 2.321928094887362, 2.321928094887362, 2.584962500721156, 3.321928094887362, 4.247927513443585, 4.392317422778761, 4.643856189774724, 5.0, 4.807354922057604, 5.392317422778761, 5.426264754702098, 5.672425341971495, 5.584962500721156, 5.906890595608519, 5.523561956057013, 6.022367813028454, 5.882643049361842, 6.066089190457772, 6.20945336562895, 5.727920454563199, 4.906890595608519, 5.0]]}