{"min": 0, "max": 9.977279923499916, "pieData": [[4.700439718141093, 2.807354922057604, 3.4594316186372973, 2.321928094887362, 2.321928094887362, 2.584962500721156, 4.523561956057013, 5.614709844115208, 6.285402218862249, 6.357552004618084, 6.189824558880018, 6.169925001442312, 5.954196310386875, 5.614709844115208, 6.303780748177103, 6.169925001442312, 6.22881869049588, 6.285402218862249, 5.882643049361842, 5.087462841250339, 4.906890595608519, 5.78135971352466, 5.700439718141093, 5.285402218862249], [4.857980995127572, 3.4594316186372973, 2.321928094887362, 2.321928094887362, 2.0, 3.169925001442312, 4.392317422778761, 5.491853096329675, 6.022367813028454, 6.569855608330948, 6.357552004618084, 6.129283016944966, 5.392317422778761, 6.339850002884624, 6.169925001442312, 6.392317422778761, 6.426264754702098, 5.672425341971495, 5.977279923499917, 6.247927513443585, 5.930737337562887, 5.643856189774724, 5.832890014164741, 5.554588851677638], [4.392317422778761, 3.700439718141092, 3.321928094887362, 2.0, 1.584962500721156, 2.584962500721156, 4.807354922057604, 5.491853096329675, 6.321928094887363, 5.977279923499917, 5.78135971352466, 5.807354922057604, 5.554588851677638, 5.491853096329675, 5.754887502163468, 6.20945336562895, 5.807354922057604, 5.672425341971495, 5.614709844115208, 5.78135971352466, 3.584962500721156, 6.129283016944966, 5.554588851677638, 4.754887502163468], [4.584962500721156, 3.9068905956085187, 3.584962500721156, 3.0, 3.169925001442312, 1.584962500721156, 4.392317422778761, 5.247927513443585, 6.266786540694901, 6.169925001442312, 5.977279923499917, 6.129283016944966, 5.672425341971495, 5.78135971352466, 6.066089190457772, 6.087462841250339, 5.954196310386875, 6.022367813028454, 5.700439718141093, 6.087462841250339, 5.906890595608519, 5.426264754702098, 5.614709844115208, 5.169925001442312], [4.857980995127572, 4.523561956057013, 2.584962500721156, 3.321928094887362, 1.0, 3.0, 4.459431618637297, 5.523561956057013, 6.475733430966398, 6.321928094887363, 6.087462841250339, 5.906890595608519, 5.459431618637297, 5.700439718141093, 5.857980995127572, 6.087462841250339, 5.930737337562887, 5.754887502163468, 5.247927513443585, 6.087462841250339, 5.857980995127572, 5.426264754702098, 5.357552004618084, 5.357552004618084], [4.754887502163468, 4.247927513443585, 4.247927513443585, 3.169925001442312, 3.321928094887362, 1.584962500721156, 4.459431618637297, 4.807354922057604, 5.614709844115208, 5.491853096329675, 5.554588851677638, 5.426264754702098, 5.523561956057013, 5.554588851677638, 5.491853096329675, 4.954196310386875, 5.459431618637297, 5.0, 5.700439718141093, 5.087462841250339, 4.954196310386875, 4.906890595608519, 5.357552004618084, 4.700439718141093], [4.321928094887363, 4.169925001442312, 4.087462841250339, 3.807354922057604, 2.584962500721156, 1.584962500721156, 3.807354922057604, 4.169925001442312, 5.044394119358453, 5.523561956057013, 4.754887502163468, 5.285402218862249, 5.044394119358453, 4.459431618637297, 5.0, 5.247927513443585, 4.857980995127572, 4.523561956057013, 5.523561956057013, 5.129283016944966, 5.044394119358453, 5.459431618637297, 5.129283016944966, 4.807354922057604]]}