{"min": 0, "max": 9.977279923499916, "pieData": [[6.857980995127572, 5.930737337562887, 5.672425341971495, 4.857980995127572, 3.9068905956085187, 5.0, 5.882643049361842, 6.658211482751795, 6.584962500721156, 6.882643049361842, 6.954196310386875, 7.129283016944966, 7.087462841250339, 6.977279923499917, 6.7414669864011465, 6.22881869049588, 5.882643049361842, 6.0, 6.087462841250339, 5.129283016944966, 6.044394119358453, 6.820178962415188, 6.965784284662087, 6.794415866350106], [6.700439718141093, 6.539158811108031, 5.20945336562895, 5.285402218862249, 5.459431618637297, 4.584962500721156, 5.807354922057604, 6.507794640198696, 7.118941072723508, 6.965784284662087, 6.700439718141093, 7.139551352398794, 6.954196310386875, 7.2761244052742375, 6.7414669864011465, 6.409390936137702, 5.954196310386875, 6.129283016944966, 5.882643049361842, 6.491853096329675, 6.3750394313469245, 6.820178962415188, 7.011227255423254, 6.6293566200796095], [6.303780748177103, 6.044394119358453, 5.614709844115208, 5.169925001442312, 4.700439718141093, 4.459431618637297, 5.614709844115208, 6.169925001442312, 7.022367813028454, 6.832890014164741, 6.832890014164741, 6.857980995127572, 6.832890014164741, 6.9886846867721655, 6.442943495848728, 6.303780748177103, 6.169925001442312, 6.303780748177103, 5.906890595608519, 6.066089190457772, 3.584962500721156, 6.554588851677638, 6.475733430966398, 6.6293566200796095], [6.614709844115208, 6.442943495848728, 6.044394119358453, 5.247927513443585, 4.857980995127572, 4.584962500721156, 5.754887502163468, 6.392317422778761, 7.011227255423254, 6.965784284662087, 6.599912842187128, 7.03342300153745, 6.643856189774724, 6.906890595608519, 6.614709844115208, 6.507794640198696, 6.22881869049588, 6.066089190457772, 6.044394119358453, 6.554588851677638, 6.426264754702098, 6.392317422778761, 6.672425341971495, 6.539158811108031], [6.78135971352466, 6.700439718141093, 6.066089190457772, 5.20945336562895, 4.087462841250339, 4.643856189774724, 5.426264754702098, 6.129283016944966, 6.832890014164741, 6.714245517666122, 6.614709844115208, 6.303780748177103, 6.321928094887363, 6.599912842187128, 6.266786540694901, 6.22881869049588, 5.930737337562887, 5.78135971352466, 5.754887502163468, 6.266786540694901, 6.794415866350106, 6.857980995127572, 6.6865005271832185, 6.754887502163468], [6.285402218862249, 6.303780748177103, 6.189824558880018, 5.727920454563199, 5.285402218862249, 4.807354922057604, 5.087462841250339, 5.882643049361842, 6.22881869049588, 6.727920454563199, 7.066089190457772, 6.820178962415188, 6.491853096329675, 6.794415866350106, 6.459431618637297, 6.392317422778761, 5.614709844115208, 5.930737337562887, 6.149747119504682, 6.459431618637297, 6.266786540694901, 6.3750394313469245, 6.459431618637297, 6.554588851677638], [6.044394119358453, 6.247927513443585, 6.087462841250339, 5.321928094887363, 4.459431618637297, 5.044394119358453, 5.169925001442312, 5.426264754702098, 6.066089190457772, 6.409390936137702, 6.507794640198696, 6.906890595608519, 6.643856189774724, 6.7414669864011465, 6.614709844115208, 6.459431618637297, 5.700439718141093, 5.614709844115208, 6.044394119358453, 6.539158811108031, 6.894817763307944, 6.658211482751795, 6.78135971352466, 6.954196310386875]]}