{"min": 0, "max": 9.977279923499916, "pieData": [[7.129283016944966, 6.554588851677638, 6.0, 5.754887502163468, 5.0, 5.700439718141093, 6.285402218862249, 7.011227255423254, 7.321928094887363, 7.679480099505446, 7.546894459887636, 7.7073591320808825, 7.357552004618084, 7.417852514885898, 7.247927513443585, 6.9886846867721655, 7.098032082960526, 6.459431618637297, 6.507794640198696, 5.523561956057013, 6.507794640198696, 7.247927513443585, 7.199672344836364, 7.2761244052742375], [6.977279923499917, 6.94251450533924, 6.108524456778169, 6.0, 5.491853096329675, 5.357552004618084, 6.189824558880018, 6.965784284662087, 7.330916878114617, 7.592457037268081, 7.357552004618084, 7.434628227636725, 7.257387842692652, 7.294620748891627, 7.076815597050831, 7.05528243550119, 7.108524456778169, 6.768184324776926, 6.614709844115208, 7.20945336562895, 7.118941072723508, 7.247927513443585, 7.392317422778761, 6.9886846867721655], [6.870364719583405, 6.599912842187128, 6.20945336562895, 6.266786540694901, 5.459431618637297, 5.285402218862249, 5.977279923499917, 6.954196310386875, 7.400879436282184, 7.321928094887363, 7.3750394313469245, 7.139551352398794, 7.330916878114617, 7.330916878114617, 7.312882955284356, 7.05528243550119, 6.614709844115208, 6.714245517666122, 6.7414669864011465, 7.05528243550119, 4.321928094887363, 7.266786540694901, 7.05528243550119, 6.794415866350106], [7.139551352398794, 6.9886846867721655, 6.554588851677638, 5.930737337562887, 5.643856189774724, 5.169925001442312, 5.857980995127572, 7.098032082960526, 7.3750394313469245, 7.392317422778761, 7.22881869049588, 7.409390936137702, 7.339850002884624, 7.515699838284043, 7.22881869049588, 6.906890595608519, 6.672425341971495, 6.727920454563199, 6.569855608330948, 6.845490050944376, 7.098032082960526, 7.257387842692652, 7.149747119504682, 7.011227255423254], [7.087462841250339, 6.977279923499917, 6.894817763307944, 6.044394119358453, 5.614709844115208, 4.857980995127572, 6.0, 6.832890014164741, 7.312882955284356, 7.169925001442312, 7.339850002884624, 7.087462841250339, 7.303780748177103, 7.266786540694901, 7.22881869049588, 6.930737337562887, 6.658211482751795, 6.768184324776926, 6.475733430966398, 7.139551352398794, 7.108524456778169, 7.20945336562895, 7.303780748177103, 7.011227255423254], [7.1799090900149345, 6.918863237274595, 6.658211482751795, 6.303780748177103, 5.807354922057604, 5.247927513443585, 5.857980995127572, 6.022367813028454, 6.714245517666122, 7.266786540694901, 7.2384047393250786, 7.459431618637297, 7.321928094887363, 7.118941072723508, 6.9886846867721655, 6.6865005271832185, 6.870364719583405, 6.539158811108031, 6.768184324776926, 6.918863237274595, 6.954196310386875, 7.087462841250339, 7.129283016944966, 6.820178962415188], [7.03342300153745, 6.569855608330948, 6.6293566200796095, 6.523561956057013, 5.727920454563199, 5.426264754702098, 5.523561956057013, 6.108524456778169, 6.643856189774724, 6.894817763307944, 7.03342300153745, 6.918863237274595, 7.159871336778389, 6.714245517666122, 7.189824558880018, 7.20945336562895, 6.554588851677638, 6.832890014164741, 6.894817763307944, 6.977279923499917, 7.515699838284043, 7.219168520462161, 7.294620748891627, 7.076815597050831]]}