{"min": 0, "max": 9.977279923499916, "pieData": [[7.098032082960526, 5.459431618637297, 4.584962500721156, 4.392317422778761, 6.700439718141093, 6.658211482751795, 7.954196310386875, 8.290018846932618, 8.581200581924957, 8.810571634741146, 8.804131021183318, 9.055282435501189, 9.038918989292302, 9.027905996569885, 9.066089190457772, 8.879583249612784, 8.741466986401146, 8.679480099505446, 7.86418614465428, 7.044394119358453, 8.573647187493322, 9.294620748891628, 9.207014320177532, 9.310612781659529], [6.918863237274595, 5.807354922057604, 4.523561956057013, 4.087462841250339, 5.20945336562895, 7.2384047393250786, 7.888743248898259, 8.113742166049189, 8.515699838284043, 8.89178370321831, 8.810571634741146, 8.930737337562887, 9.049848549450562, 9.124121311829187, 9.100662339005199, 9.060695931687555, 8.78135971352466, 8.857980995127573, 8.252665432450248, 8.73809225962049, 9.226412192788786, 9.144658242831882, 9.036173612553485, 9.294620748891628], [6.714245517666122, 5.285402218862249, 5.0, 3.807354922057604, 5.672425341971495, 5.727920454563199, 7.592457037268081, 8.108524456778168, 8.400879436282183, 8.672425341971495, 8.744833837499545, 8.971543553950772, 8.73809225962049, 8.813781191217037, 8.839203788096944, 8.92184093707449, 8.714245517666123, 8.758223214726724, 8.129283016944967, 8.189824558880018, 6.392317422778761, 8.906890595608518, 8.774787059601174, 9.113742166049189], [7.076815597050831, 5.554588851677638, 5.0, 3.700439718141092, 5.977279923499917, 6.426264754702098, 7.826548487290915, 7.936637939002571, 8.39231742277876, 8.800899899920305, 8.826548487290914, 8.90388184573618, 8.861086905995395, 9.068778277985412, 8.980139577639157, 9.0, 8.643856189774725, 8.909893083770042, 8.447083226209653, 9.014020470314934, 9.388017285345136, 9.240791332161956, 9.066089190457772, 9.50382573799575], [7.108524456778169, 5.523561956057013, 4.954196310386875, 3.9068905956085187, 5.727920454563199, 6.129283016944966, 7.813781191217037, 8.290018846932618, 8.262094845370179, 8.60733031374961, 8.86418614465428, 9.005624549193879, 8.861086905995395, 9.149747119504681, 9.016808287686555, 8.807354922057604, 8.717676423066397, 8.546894459887637, 7.894817763307944, 8.326429487122303, 9.084808387804362, 9.095397022792557, 9.014020470314934, 9.129283016944967], [7.247927513443585, 5.357552004618084, 5.169925001442312, 3.584962500721156, 5.906890595608519, 6.266786540694901, 7.383704292474052, 7.754887502163468, 8.149747119504681, 8.622051819456376, 8.665335917185176, 8.92184093707449, 8.64745842645492, 8.731319031025064, 8.826548487290914, 8.980139577639157, 8.562242424221072, 8.651051691178928, 8.413627929024173, 8.717676423066397, 9.002815015607053, 8.897845456005511, 8.744833837499545, 9.192292814470767], [7.118941072723508, 5.459431618637297, 4.392317422778761, 4.0, 5.906890595608519, 6.3750394313469245, 7.584962500721156, 7.531381460516312, 7.948367231584678, 8.149747119504681, 8.562242424221072, 8.67595703294175, 8.7714894695006, 8.791162888555018, 8.791162888555018, 8.787902559391432, 8.515699838284043, 8.654636028527968, 8.59245703726808, 8.823367240046235, 9.335390354693924, 9.250298417906333, 9.164906926675688, 9.581200581924957]]}