{"min": 0, "max": 9.977279923499916, "pieData": [[6.426264754702098, 5.321928094887363, 5.129283016944966, 4.321928094887363, 3.0, 4.087462841250339, 5.426264754702098, 4.584962500721156, 4.321928094887363, 4.807354922057604, 5.087462841250339, 5.087462841250339, 4.700439718141093, 5.554588851677638, 5.727920454563199, 5.523561956057013, 4.954196310386875, 4.857980995127572, 5.20945336562895, 4.169925001442312, 4.700439718141093, 6.357552004618084, 5.78135971352466, 5.954196310386875], [5.882643049361842, 6.0, 5.087462841250339, 4.700439718141093, 3.584962500721156, 3.807354922057604, 4.954196310386875, 5.129283016944966, 4.459431618637297, 4.754887502163468, 5.0, 5.087462841250339, 5.129283016944966, 5.554588851677638, 5.285402218862249, 5.392317422778761, 4.906890595608519, 5.044394119358453, 4.643856189774724, 5.20945336562895, 5.554588851677638, 5.78135971352466, 5.672425341971495, 5.643856189774724], [5.584962500721156, 5.321928094887363, 5.087462841250339, 4.459431618637297, 4.087462841250339, 4.0, 5.129283016944966, 5.044394119358453, 3.700439718141092, 5.321928094887363, 5.129283016944966, 5.129283016944966, 5.129283016944966, 4.584962500721156, 5.357552004618084, 5.129283016944966, 4.643856189774724, 4.392317422778761, 4.584962500721156, 4.643856189774724, 2.584962500721156, 5.832890014164741, 5.129283016944966, 5.357552004618084], [5.754887502163468, 5.247927513443585, 5.392317422778761, 4.584962500721156, 3.169925001442312, 2.584962500721156, 4.643856189774724, 5.20945336562895, 4.459431618637297, 4.857980995127572, 4.754887502163468, 4.754887502163468, 4.754887502163468, 5.044394119358453, 5.285402218862249, 4.954196310386875, 5.087462841250339, 5.523561956057013, 4.807354922057604, 5.285402218862249, 5.392317422778761, 5.700439718141093, 5.727920454563199, 5.129283016944966], [6.066089190457772, 5.285402218862249, 5.087462841250339, 4.700439718141093, 3.807354922057604, 3.584962500721156, 4.807354922057604, 5.129283016944966, 3.700439718141092, 4.906890595608519, 4.807354922057604, 5.044394119358453, 5.247927513443585, 5.459431618637297, 5.614709844115208, 5.357552004618084, 5.247927513443585, 5.321928094887363, 5.044394119358453, 5.754887502163468, 5.523561956057013, 5.78135971352466, 5.857980995127572, 6.426264754702098], [6.189824558880018, 5.882643049361842, 5.584962500721156, 5.129283016944966, 4.321928094887363, 3.0, 4.523561956057013, 5.426264754702098, 5.672425341971495, 5.554588851677638, 5.727920454563199, 5.700439718141093, 5.426264754702098, 5.459431618637297, 5.20945336562895, 5.321928094887363, 4.523561956057013, 5.20945336562895, 4.954196310386875, 5.426264754702098, 5.20945336562895, 5.321928094887363, 5.614709844115208, 5.857980995127572], [6.044394119358453, 6.0, 5.321928094887363, 4.392317422778761, 4.087462841250339, 3.321928094887362, 4.321928094887363, 5.044394119358453, 5.20945336562895, 5.523561956057013, 5.129283016944966, 5.0, 5.426264754702098, 5.426264754702098, 5.0, 5.554588851677638, 5.392317422778761, 5.321928094887363, 5.321928094887363, 5.392317422778761, 5.807354922057604, 5.285402218862249, 5.554588851677638, 5.754887502163468]]}