{"min": 0, "max": 9.977279923499916, "pieData": [[6.426264754702098, 6.20945336562895, 5.087462841250339, 4.954196310386875, 4.392317422778761, 3.700439718141092, 5.954196310386875, 6.6293566200796095, 6.303780748177103, 7.169925001442312, 7.0, 7.076815597050831, 7.087462841250339, 7.139551352398794, 7.303780748177103, 7.05528243550119, 7.087462841250339, 7.108524456778169, 7.129283016944966, 5.832890014164741, 6.409390936137702, 7.882643049361842, 7.451211111832329, 7.139551352398794], [6.614709844115208, 6.700439718141093, 5.832890014164741, 5.459431618637297, 4.321928094887363, 4.247927513443585, 5.954196310386875, 7.076815597050831, 6.930737337562887, 7.169925001442312, 6.857980995127572, 7.22881869049588, 6.918863237274595, 7.257387842692652, 7.539158811108031, 7.1799090900149345, 7.03342300153745, 7.044394119358453, 6.930737337562887, 7.149747119504682, 7.539158811108031, 7.523561956057013, 7.569855608330948, 6.894817763307944], [6.754887502163468, 6.3750394313469245, 5.832890014164741, 4.807354922057604, 3.4594316186372973, 3.9068905956085187, 5.459431618637297, 6.807354922057604, 6.658211482751795, 7.03342300153745, 6.845490050944376, 7.087462841250339, 7.139551352398794, 6.9886846867721655, 7.169925001442312, 7.011227255423254, 6.977279923499917, 7.0, 6.727920454563199, 6.857980995127572, 4.169925001442312, 7.507794640198696, 6.954196310386875, 6.768184324776926], [6.6865005271832185, 6.108524456778169, 5.554588851677638, 5.044394119358453, 4.321928094887363, 4.392317422778761, 5.523561956057013, 7.066089190457772, 6.6293566200796095, 7.321928094887363, 7.0, 6.845490050944376, 6.882643049361842, 7.05528243550119, 7.159871336778389, 6.845490050944376, 7.219168520462161, 7.087462841250339, 6.94251450533924, 6.906890595608519, 7.2384047393250786, 7.409390936137702, 7.515699838284043, 6.918863237274595], [6.906890595608519, 6.066089190457772, 5.584962500721156, 4.906890595608519, 4.0, 3.807354922057604, 5.321928094887363, 7.0, 6.882643049361842, 7.348728154231077, 7.169925001442312, 6.882643049361842, 7.03342300153745, 7.22881869049588, 7.285402218862249, 7.149747119504682, 7.05528243550119, 7.247927513443585, 6.569855608330948, 6.918863237274595, 7.499845887083206, 7.832890014164741, 7.930737337562887, 7.546894459887636], [7.832890014164741, 6.475733430966398, 6.658211482751795, 5.832890014164741, 4.807354922057604, 5.169925001442312, 5.643856189774724, 6.569855608330948, 7.219168520462161, 7.118941072723508, 7.05528243550119, 7.321928094887363, 7.2761244052742375, 7.1799090900149345, 7.129283016944966, 6.977279923499917, 6.882643049361842, 7.312882955284356, 7.0, 7.03342300153745, 7.257387842692652, 7.554588851677638, 7.475733430966398, 7.562242424221073], [7.599912842187128, 6.392317422778761, 6.066089190457772, 5.426264754702098, 4.087462841250339, 3.169925001442312, 5.0, 6.0, 6.189824558880018, 6.7414669864011465, 6.820178962415188, 6.94251450533924, 6.9886846867721655, 7.330916878114617, 7.20945336562895, 7.285402218862249, 6.820178962415188, 7.366322214245816, 7.247927513443585, 7.189824558880018, 7.531381460516312, 7.507794640198696, 7.339850002884624, 6.965784284662087]]}