{"min": 0, "max": 9.977279923499916, "pieData": [[6.78135971352466, 6.321928094887363, 5.285402218862249, 4.321928094887363, 3.584962500721156, 3.321928094887362, 4.643856189774724, 5.321928094887363, 6.247927513443585, 6.599912842187128, 6.339850002884624, 6.22881869049588, 6.475733430966398, 6.94251450533924, 6.820178962415188, 6.857980995127572, 6.845490050944376, 6.954196310386875, 6.857980995127572, 5.554588851677638, 7.011227255423254, 8.154818109052105, 8.108524456778168, 7.159871336778389], [7.022367813028454, 6.584962500721156, 5.754887502163468, 4.857980995127572, 3.700439718141092, 3.0, 4.643856189774724, 5.643856189774724, 6.475733430966398, 6.539158811108031, 6.339850002884624, 6.339850002884624, 6.409390936137702, 6.930737337562887, 7.118941072723508, 6.930737337562887, 6.930737337562887, 6.807354922057604, 6.930737337562887, 7.219168520462161, 7.6293566200796095, 8.159871336778389, 7.658211482751795, 7.339850002884624], [6.894817763307944, 6.247927513443585, 5.643856189774724, 4.523561956057013, 3.807354922057604, 3.0, 4.169925001442312, 5.357552004618084, 6.087462841250339, 6.442943495848728, 6.459431618637297, 6.491853096329675, 6.599912842187128, 7.066089190457772, 6.9886846867721655, 6.643856189774724, 6.614709844115208, 6.339850002884624, 6.599912842187128, 6.906890595608519, 4.523561956057013, 8.011227255423254, 7.839203788096944, 7.266786540694901], [6.954196310386875, 6.507794640198696, 5.459431618637297, 4.643856189774724, 3.584962500721156, 3.321928094887362, 4.247927513443585, 5.584962500721156, 6.266786540694901, 6.339850002884624, 6.066089190457772, 5.832890014164741, 6.507794640198696, 6.754887502163468, 7.098032082960526, 6.857980995127572, 6.832890014164741, 6.6293566200796095, 6.768184324776926, 7.108524456778169, 7.400879436282184, 7.857980995127572, 7.839203788096944, 7.257387842692652], [6.569855608330948, 6.507794640198696, 5.643856189774724, 4.857980995127572, 3.807354922057604, 2.0, 4.247927513443585, 5.459431618637297, 6.339850002884624, 6.3750394313469245, 6.22881869049588, 6.247927513443585, 6.149747119504682, 7.098032082960526, 7.312882955284356, 7.076815597050831, 6.832890014164741, 7.098032082960526, 6.643856189774724, 6.754887502163468, 7.754887502163468, 8.252665432450248, 8.179909090014934, 7.857980995127572], [7.199672344836364, 6.930737337562887, 6.6865005271832185, 6.0, 4.523561956057013, 3.9068905956085187, 4.169925001442312, 5.169925001442312, 5.727920454563199, 5.882643049361842, 5.754887502163468, 6.523561956057013, 6.569855608330948, 6.94251450533924, 6.882643049361842, 6.965784284662087, 6.7414669864011465, 7.169925001442312, 7.044394119358453, 7.1799090900149345, 7.651051691178928, 7.426264754702098, 7.636624620543649, 7.459431618637297], [7.339850002884624, 6.507794640198696, 6.266786540694901, 5.584962500721156, 4.643856189774724, 2.807354922057604, 3.807354922057604, 4.247927513443585, 5.247927513443585, 4.954196310386875, 5.754887502163468, 6.266786540694901, 6.523561956057013, 6.977279923499917, 7.159871336778389, 7.066089190457772, 6.794415866350106, 7.03342300153745, 6.954196310386875, 7.169925001442312, 7.651051691178928, 7.86418614465428, 7.971543553950772, 7.20945336562895]]}