{"min": 0, "max": 9.977279923499916, "pieData": [[7.754887502163468, 7.714245517666122, 6.977279923499917, 6.643856189774724, 6.321928094887363, 6.658211482751795, 7.321928094887363, 8.224001674198105, 8.262094845370179, 8.243173983472952, 7.826548487290915, 7.409390936137702, 7.774787059601174, 7.906890595608519, 7.7615512324444795, 7.507794640198696, 7.734709620225838, 7.614709844115208, 7.813781191217037, 6.523561956057013, 7.417852514885898, 8.357552004618084, 8.400879436282183, 8.179909090014934], [8.0, 7.882643049361842, 7.417852514885898, 7.118941072723508, 6.442943495848728, 6.599912842187128, 7.129283016944966, 8.129283016944967, 8.430452551665532, 8.076815597050832, 7.832890014164741, 7.6865005271832185, 7.7073591320808825, 8.03342300153745, 7.700439718141093, 7.721099188707186, 7.679480099505446, 7.562242424221073, 7.622051819456376, 8.027905996569885, 8.011227255423254, 8.326429487122303, 8.262094845370179, 8.189824558880018], [8.027905996569885, 7.98299357469431, 7.366322214245816, 6.870364719583405, 6.303780748177103, 6.339850002884624, 7.20945336562895, 8.113742166049189, 8.118941072723507, 7.882643049361842, 7.491853096329675, 7.614709844115208, 7.86418614465428, 7.813781191217037, 7.86418614465428, 7.768184324776926, 7.531381460516312, 7.515699838284043, 7.6293566200796095, 7.754887502163468, 5.169925001442312, 7.9600019320680815, 8.092757140919852, 8.149747119504681], [8.044394119358454, 7.78135971352466, 7.721099188707186, 7.199672344836364, 6.507794640198696, 6.303780748177103, 7.1799090900149345, 8.134426320220927, 8.383704292474052, 8.238404739325079, 7.592457037268081, 7.592457037268081, 7.658211482751795, 7.7481928495894605, 7.912889336229962, 7.679480099505446, 7.599912842187128, 7.383704292474052, 7.813781191217037, 7.930737337562887, 8.03342300153745, 8.370687406807217, 8.357552004618084, 8.361943773735241], [8.238404739325079, 8.219168520462162, 8.060695931687555, 7.515699838284043, 6.882643049361842, 6.643856189774724, 6.94251450533924, 7.876516946564999, 8.224001674198105, 7.189824558880018, 7.087462841250339, 7.727920454563199, 7.870364719583405, 8.087462841250339, 7.794415866350106, 7.826548487290915, 7.515699838284043, 7.562242424221073, 7.888743248898259, 8.434628227636725, 8.233619676759702, 8.426264754702098, 8.39231742277876, 8.308339030139408], [8.169925001442312, 8.027905996569885, 7.98299357469431, 7.614709844115208, 7.05528243550119, 6.807354922057604, 6.754887502163468, 7.475733430966398, 7.658211482751795, 7.523561956057013, 7.658211482751795, 7.6293566200796095, 7.515699838284043, 7.787902559391432, 7.679480099505446, 7.714245517666122, 7.546894459887636, 7.651051691178928, 7.845490050944376, 8.03342300153745, 8.027905996569885, 8.129283016944967, 8.344295907915816, 8.366322214245816], [7.845490050944376, 7.906890595608519, 7.994353436858858, 7.426264754702098, 6.94251450533924, 6.392317422778761, 6.442943495848728, 6.845490050944376, 7.409390936137702, 7.303780748177103, 7.417852514885898, 7.7481928495894605, 7.643856189774724, 7.994353436858858, 8.016808287686555, 7.820178962415188, 7.562242424221073, 7.7414669864011465, 7.813781191217037, 8.184875342908283, 8.50382573799575, 8.499845887083206, 8.654636028527968, 8.475733430966399]]}