{"min": 0, "max": 9.977279923499916, "pieData": [[5.954196310386875, 5.754887502163468, 5.459431618637297, 5.247927513443585, 4.392317422778761, 4.906890595608519, 6.6865005271832185, 7.426264754702098, 6.3750394313469245, 7.05528243550119, 6.392317422778761, 6.266786540694901, 6.0, 6.169925001442312, 6.22881869049588, 6.285402218862249, 6.491853096329675, 5.78135971352466, 6.392317422778761, 5.392317422778761, 5.584962500721156, 6.794415866350106, 6.658211482751795, 6.247927513443585], [6.20945336562895, 5.700439718141093, 5.807354922057604, 5.906890595608519, 4.754887502163468, 4.754887502163468, 6.475733430966398, 7.357552004618084, 6.727920454563199, 7.044394119358453, 6.539158811108031, 6.247927513443585, 5.807354922057604, 6.599912842187128, 6.20945336562895, 6.169925001442312, 5.882643049361842, 6.087462841250339, 5.977279923499917, 6.357552004618084, 6.266786540694901, 6.247927513443585, 6.6865005271832185, 6.169925001442312], [6.22881869049588, 5.754887502163468, 5.426264754702098, 5.247927513443585, 5.044394119358453, 4.954196310386875, 6.22881869049588, 7.199672344836364, 6.614709844115208, 6.930737337562887, 6.169925001442312, 5.857980995127572, 5.906890595608519, 5.977279923499917, 6.20945336562895, 5.930737337562887, 5.832890014164741, 6.087462841250339, 6.0, 5.954196310386875, 3.169925001442312, 5.977279923499917, 6.149747119504682, 6.149747119504682], [6.149747119504682, 5.78135971352466, 5.087462841250339, 5.0, 5.169925001442312, 4.584962500721156, 6.189824558880018, 7.303780748177103, 6.6865005271832185, 7.22881869049588, 6.392317422778761, 5.727920454563199, 5.614709844115208, 6.20945336562895, 6.066089190457772, 6.22881869049588, 5.643856189774724, 5.954196310386875, 6.266786540694901, 6.22881869049588, 6.108524456778169, 6.409390936137702, 6.3750394313469245, 6.459431618637297], [6.339850002884624, 5.832890014164741, 5.426264754702098, 5.321928094887363, 4.754887502163468, 4.643856189774724, 6.426264754702098, 6.918863237274595, 6.820178962415188, 7.011227255423254, 6.266786540694901, 6.149747119504682, 6.129283016944966, 6.409390936137702, 6.044394119358453, 6.266786540694901, 6.247927513443585, 6.247927513443585, 6.523561956057013, 6.930737337562887, 5.977279923499917, 6.614709844115208, 6.442943495848728, 6.599912842187128], [6.266786540694901, 6.169925001442312, 5.491853096329675, 5.357552004618084, 5.0, 5.169925001442312, 5.857980995127572, 6.727920454563199, 6.894817763307944, 6.643856189774724, 6.507794640198696, 6.169925001442312, 5.807354922057604, 6.066089190457772, 6.189824558880018, 6.321928094887363, 6.108524456778169, 6.0, 6.129283016944966, 6.357552004618084, 6.426264754702098, 6.491853096329675, 6.392317422778761, 6.303780748177103], [6.599912842187128, 6.189824558880018, 5.906890595608519, 5.459431618637297, 5.169925001442312, 5.20945336562895, 5.554588851677638, 6.426264754702098, 6.392317422778761, 6.3750394313469245, 6.392317422778761, 6.442943495848728, 6.459431618637297, 6.614709844115208, 6.3750394313469245, 6.491853096329675, 6.022367813028454, 6.266786540694901, 6.426264754702098, 6.357552004618084, 6.882643049361842, 6.491853096329675, 6.539158811108031, 6.20945336562895]]}