{"min": 0, "max": 9.977279923499916, "pieData": [[8.535275376620802, 8.49585502688717, 7.483815777264256, 6.807354922057604, 6.108524456778169, 6.442943495848728, 6.392317422778761, 6.9886846867721655, 8.184875342908283, 8.214319120800766, 8.098032082960527, 7.78135971352466, 7.321928094887363, 7.700439718141093, 7.754887502163468, 7.658211482751795, 7.491853096329675, 7.592457037268081, 7.693486957499325, 6.714245517666122, 7.467605550082998, 8.417852514885897, 8.519636252843213, 8.640244936222345], [8.721099188707186, 8.603626344986193, 7.434628227636725, 6.870364719583405, 6.189824558880018, 5.977279923499917, 6.409390936137702, 6.9886846867721655, 8.092757140919852, 8.308339030139408, 8.044394119358454, 7.584962500721156, 7.727920454563199, 7.839203788096944, 7.876516946564999, 7.912889336229962, 7.774787059601174, 7.86418614465428, 7.774787059601174, 8.689997971419446, 8.43879185257826, 8.442943495848729, 8.543031820255237, 8.59618975614441], [8.562242424221072, 8.353146825498083, 7.426264754702098, 6.832890014164741, 6.3750394313469245, 6.066089190457772, 6.022367813028454, 6.658211482751795, 7.787902559391432, 8.118941072723507, 7.562242424221073, 7.507794640198696, 7.169925001442312, 7.651051691178928, 7.721099188707186, 7.721099188707186, 7.7481928495894605, 7.7615512324444795, 7.499845887083206, 8.038918989292302, 5.727920454563199, 8.154818109052105, 8.144658242831882, 8.430452551665532], [8.73809225962049, 8.60733031374961, 7.129283016944966, 7.108524456778169, 6.357552004618084, 6.189824558880018, 5.754887502163468, 6.882643049361842, 7.870364719583405, 8.179909090014934, 7.912889336229962, 7.539158811108031, 7.294620748891627, 7.7414669864011465, 7.845490050944376, 7.6293566200796095, 7.60733031374961, 7.569855608330948, 8.049848549450562, 8.703903573444663, 8.491853096329674, 8.491853096329674, 8.569855608330947, 8.696967526234287], [8.936637939002571, 8.879583249612784, 8.049848549450562, 7.562242424221073, 6.918863237274595, 6.794415866350106, 6.78135971352466, 6.977279923499917, 7.321928094887363, 7.7414669864011465, 7.774787059601174, 7.94251450533924, 7.845490050944376, 8.149747119504681, 8.092757140919852, 7.768184324776926, 7.475733430966398, 7.622051819456376, 7.409390936137702, 8.103287808412022, 8.219168520462162, 8.066089190457772, 8.344295907915816, 8.491853096329674], [8.527477006060396, 8.471675214392045, 7.622051819456376, 7.149747119504682, 6.022367813028454, 6.584962500721156, 6.321928094887363, 6.442943495848728, 6.977279923499917, 7.400879436282184, 7.507794640198696, 7.60733031374961, 7.643856189774724, 7.693486957499325, 7.721099188707186, 7.813781191217037, 7.839203788096944, 7.7615512324444795, 7.894817763307944, 8.285402218862249, 8.219168520462162, 8.134426320220927, 8.194756854422248, 8.417852514885897], [8.665335917185176, 8.654636028527968, 7.734709620225838, 7.022367813028454, 6.906890595608519, 6.459431618637297, 6.022367813028454, 5.930737337562887, 6.569855608330948, 7.022367813028454, 7.199672344836364, 7.339850002884624, 7.614709844115208, 7.499845887083206, 7.569855608330948, 7.636624620543649, 7.813781191217037, 7.672425341971495, 7.813781191217037, 8.134426320220927, 8.276124405274238, 8.422064766172813, 8.573647187493322, 8.499845887083206]]}