{"min": 0, "max": 9.977279923499916, "pieData": [[6.554588851677638, 6.189824558880018, 5.977279923499917, 5.044394119358453, 4.392317422778761, 5.285402218862249, 6.7414669864011465, 7.577428828035749, 7.139551352398794, 7.78135971352466, 6.954196310386875, 6.78135971352466, 6.820178962415188, 7.05528243550119, 6.906890595608519, 6.426264754702098, 6.930737337562887, 6.906890595608519, 6.870364719583405, 5.977279923499917, 6.507794640198696, 7.044394119358453, 7.118941072723508, 7.03342300153745], [6.882643049361842, 6.569855608330948, 6.285402218862249, 6.108524456778169, 5.247927513443585, 5.554588851677638, 6.392317422778761, 7.754887502163468, 7.451211111832329, 7.94251450533924, 7.294620748891627, 6.857980995127572, 6.965784284662087, 6.965784284662087, 7.098032082960526, 7.247927513443585, 7.118941072723508, 7.076815597050831, 6.977279923499917, 7.129283016944966, 7.139551352398794, 7.149747119504682, 7.044394119358453, 7.098032082960526], [6.870364719583405, 6.475733430966398, 6.339850002884624, 5.882643049361842, 5.357552004618084, 5.044394119358453, 6.247927513443585, 7.442943495848728, 7.459431618637297, 7.499845887083206, 7.0, 6.658211482751795, 6.643856189774724, 7.0, 7.03342300153745, 6.857980995127572, 6.7414669864011465, 6.523561956057013, 6.930737337562887, 6.339850002884624, 4.247927513443585, 6.6293566200796095, 6.727920454563199, 6.870364719583405], [6.754887502163468, 6.409390936137702, 6.6865005271832185, 6.022367813028454, 5.129283016944966, 5.129283016944966, 6.321928094887363, 7.515699838284043, 7.800899899920305, 7.6865005271832185, 6.930737337562887, 6.700439718141093, 6.7414669864011465, 7.098032082960526, 6.954196310386875, 6.820178962415188, 6.672425341971495, 6.727920454563199, 6.906890595608519, 7.149747119504682, 6.977279923499917, 6.894817763307944, 6.965784284662087, 6.845490050944376], [7.149747119504682, 6.918863237274595, 6.754887502163468, 6.066089190457772, 5.754887502163468, 5.285402218862249, 6.303780748177103, 7.507794640198696, 7.475733430966398, 7.820178962415188, 6.882643049361842, 6.754887502163468, 7.022367813028454, 6.882643049361842, 7.0, 6.9886846867721655, 6.977279923499917, 7.159871336778389, 7.199672344836364, 7.303780748177103, 7.108524456778169, 6.820178962415188, 7.189824558880018, 7.022367813028454], [6.870364719583405, 6.845490050944376, 6.9886846867721655, 6.523561956057013, 5.930737337562887, 5.20945336562895, 6.189824558880018, 6.9886846867721655, 7.515699838284043, 7.348728154231077, 6.94251450533924, 7.022367813028454, 6.894817763307944, 7.199672344836364, 6.870364719583405, 6.700439718141093, 7.03342300153745, 6.906890595608519, 6.727920454563199, 6.832890014164741, 6.727920454563199, 6.820178962415188, 6.9886846867721655, 6.965784284662087], [7.044394119358453, 7.03342300153745, 6.870364719583405, 6.409390936137702, 6.426264754702098, 5.087462841250339, 5.832890014164741, 6.569855608330948, 7.087462841250339, 7.044394119358453, 6.845490050944376, 6.894817763307944, 6.930737337562887, 6.882643049361842, 7.098032082960526, 6.845490050944376, 6.918863237274595, 6.7414669864011465, 6.977279923499917, 7.044394119358453, 6.918863237274595, 7.312882955284356, 6.794415866350106, 6.870364719583405]]}