{"min": 0, "max": 9.977279923499916, "pieData": [[6.22881869049588, 5.643856189774724, 5.392317422778761, 4.169925001442312, 4.321928094887363, 4.584962500721156, 6.672425341971495, 7.857980995127572, 8.643856189774725, 8.164906926675688, 7.714245517666122, 7.348728154231077, 7.118941072723508, 7.426264754702098, 7.467605550082998, 7.417852514885898, 7.312882955284356, 7.169925001442312, 6.820178962415188, 6.066089190457772, 6.459431618637297, 6.9886846867721655, 6.882643049361842, 6.569855608330948], [6.247927513443585, 5.459431618637297, 5.459431618637297, 5.129283016944966, 5.169925001442312, 4.643856189774724, 6.614709844115208, 7.614709844115208, 8.59618975614441, 8.174925682500678, 7.599912842187128, 7.599912842187128, 7.108524456778169, 7.348728154231077, 7.257387842692652, 7.523561956057013, 7.442943495848728, 7.257387842692652, 7.066089190457772, 7.357552004618084, 7.159871336778389, 7.1799090900149345, 7.076815597050831, 6.614709844115208], [6.247927513443585, 5.700439718141093, 4.754887502163468, 4.906890595608519, 4.0, 4.392317422778761, 6.321928094887363, 7.820178962415188, 8.290018846932618, 8.03342300153745, 7.294620748891627, 7.383704292474052, 7.1799090900149345, 7.169925001442312, 7.294620748891627, 7.066089190457772, 7.400879436282184, 6.870364719583405, 7.066089190457772, 6.954196310386875, 4.247927513443585, 7.285402218862249, 6.599912842187128, 6.285402218862249], [6.044394119358453, 5.523561956057013, 5.0, 4.584962500721156, 4.643856189774724, 4.754887502163468, 6.108524456778169, 7.507794640198696, 8.285402218862249, 8.113742166049189, 7.507794640198696, 7.459431618637297, 7.118941072723508, 7.515699838284043, 7.118941072723508, 7.285402218862249, 7.266786540694901, 7.189824558880018, 7.011227255423254, 7.044394119358453, 7.011227255423254, 6.9886846867721655, 6.857980995127572, 6.643856189774724], [6.491853096329675, 5.906890595608519, 5.459431618637297, 4.087462841250339, 5.20945336562895, 4.857980995127572, 5.807354922057604, 7.658211482751795, 8.523561956057012, 8.238404739325079, 7.562242424221073, 7.658211482751795, 7.118941072723508, 7.044394119358453, 7.285402218862249, 7.098032082960526, 7.339850002884624, 7.22881869049588, 7.312882955284356, 7.584962500721156, 7.139551352398794, 7.400879436282184, 7.199672344836364, 6.614709844115208], [6.3750394313469245, 6.22881869049588, 5.906890595608519, 5.643856189774724, 4.807354922057604, 4.857980995127572, 6.20945336562895, 6.94251450533924, 7.622051819456376, 7.614709844115208, 7.475733430966398, 7.499845887083206, 6.857980995127572, 7.044394119358453, 7.129283016944966, 6.977279923499917, 6.882643049361842, 6.7414669864011465, 6.882643049361842, 6.894817763307944, 6.794415866350106, 6.977279923499917, 6.965784284662087, 6.714245517666122], [6.285402218862249, 6.129283016944966, 5.554588851677638, 5.20945336562895, 4.392317422778761, 4.0, 5.614709844115208, 6.266786540694901, 7.2761244052742375, 7.266786540694901, 7.129283016944966, 6.918863237274595, 6.94251450533924, 7.247927513443585, 7.044394119358453, 6.820178962415188, 6.768184324776926, 6.954196310386875, 7.108524456778169, 7.1799090900149345, 7.149747119504682, 7.294620748891627, 6.714245517666122, 6.321928094887363]]}