{"min": 0, "max": 9.977279923499916, "pieData": [[6.044394119358453, 5.491853096329675, 4.643856189774724, 4.392317422778761, 3.584962500721156, 3.700439718141092, 5.78135971352466, 6.149747119504682, 5.20945336562895, 5.882643049361842, 6.266786540694901, 6.491853096329675, 6.266786540694901, 6.129283016944966, 6.357552004618084, 6.22881869049588, 5.857980995127572, 6.22881869049588, 5.882643049361842, 4.807354922057604, 6.20945336562895, 6.870364719583405, 6.894817763307944, 6.658211482751795], [6.285402218862249, 6.066089190457772, 5.614709844115208, 4.169925001442312, 3.700439718141092, 3.584962500721156, 5.357552004618084, 6.247927513443585, 5.321928094887363, 6.022367813028454, 6.066089190457772, 6.149747119504682, 6.554588851677638, 6.475733430966398, 6.523561956057013, 6.491853096329675, 6.169925001442312, 5.754887502163468, 5.832890014164741, 6.22881869049588, 6.459431618637297, 6.6865005271832185, 6.954196310386875, 6.442943495848728], [6.108524456778169, 5.906890595608519, 5.357552004618084, 4.584962500721156, 4.0, 3.0, 5.087462841250339, 6.321928094887363, 5.954196310386875, 6.339850002884624, 6.392317422778761, 5.832890014164741, 6.087462841250339, 6.22881869049588, 6.066089190457772, 6.189824558880018, 5.643856189774724, 5.832890014164741, 5.832890014164741, 5.614709844115208, 3.4594316186372973, 6.794415866350106, 6.614709844115208, 6.339850002884624], [6.303780748177103, 5.906890595608519, 4.700439718141093, 4.169925001442312, 2.807354922057604, 3.700439718141092, 5.426264754702098, 6.044394119358453, 5.672425341971495, 5.906890595608519, 6.321928094887363, 6.066089190457772, 5.882643049361842, 6.044394119358453, 6.149747119504682, 6.247927513443585, 5.857980995127572, 5.882643049361842, 5.614709844115208, 5.857980995127572, 6.409390936137702, 6.169925001442312, 6.6865005271832185, 6.266786540694901], [6.169925001442312, 5.857980995127572, 5.321928094887363, 4.392317422778761, 3.807354922057604, 3.700439718141092, 5.087462841250339, 5.727920454563199, 5.78135971352466, 6.066089190457772, 5.672425341971495, 5.832890014164741, 5.930737337562887, 6.189824558880018, 6.129283016944966, 6.303780748177103, 6.285402218862249, 6.149747119504682, 5.930737337562887, 5.906890595608519, 6.459431618637297, 6.807354922057604, 7.03342300153745, 6.426264754702098], [6.20945336562895, 6.0, 5.727920454563199, 4.584962500721156, 4.584962500721156, 3.9068905956085187, 4.906890595608519, 6.044394119358453, 6.22881869049588, 6.569855608330948, 6.539158811108031, 6.044394119358453, 6.357552004618084, 6.0, 5.672425341971495, 5.906890595608519, 5.700439718141093, 5.832890014164741, 5.727920454563199, 5.584962500721156, 6.108524456778169, 6.507794640198696, 6.754887502163468, 6.6293566200796095], [6.357552004618084, 6.149747119504682, 5.491853096329675, 5.0, 3.9068905956085187, 3.4594316186372973, 4.392317422778761, 5.459431618637297, 5.807354922057604, 5.807354922057604, 5.832890014164741, 5.523561956057013, 5.977279923499917, 6.087462841250339, 6.129283016944966, 5.832890014164741, 5.857980995127572, 5.832890014164741, 6.129283016944966, 6.129283016944966, 6.339850002884624, 6.475733430966398, 6.539158811108031, 6.087462841250339]]}