{"min": 0, "max": 9.977279923499916, "pieData": [[4.906890595608519, 4.643856189774724, 3.9068905956085187, 3.700439718141092, 3.169925001442312, 3.4594316186372973, 4.754887502163468, 4.700439718141093, 4.523561956057013, 4.392317422778761, 5.044394119358453, 4.584962500721156, 5.087462841250339, 5.129283016944966, 5.20945336562895, 4.906890595608519, 4.643856189774724, 4.754887502163468, 4.754887502163468, 3.4594316186372973, 5.0, 5.459431618637297, 4.954196310386875, 5.321928094887363], [3.807354922057604, 4.169925001442312, 4.459431618637297, 3.807354922057604, 3.0, 3.584962500721156, 4.584962500721156, 4.584962500721156, 4.087462841250339, 4.754887502163468, 5.169925001442312, 5.426264754702098, 4.700439718141093, 5.087462841250339, 5.357552004618084, 4.392317422778761, 5.129283016944966, 4.754887502163468, 5.392317422778761, 4.857980995127572, 5.247927513443585, 4.807354922057604, 5.321928094887363, 4.857980995127572], [4.392317422778761, 4.584962500721156, 3.9068905956085187, 3.169925001442312, 2.584962500721156, 3.321928094887362, 4.392317422778761, 5.044394119358453, 4.247927513443585, 4.754887502163468, 5.0, 5.247927513443585, 4.643856189774724, 5.087462841250339, 4.857980995127572, 4.700439718141093, 4.643856189774724, 4.321928094887363, 3.9068905956085187, 4.523561956057013, 2.321928094887362, 5.392317422778761, 4.954196310386875, 4.857980995127572], [5.247927513443585, 4.321928094887363, 4.087462841250339, 4.169925001442312, 3.169925001442312, 2.321928094887362, 4.700439718141093, 4.643856189774724, 4.169925001442312, 5.0, 4.459431618637297, 4.392317422778761, 4.584962500721156, 4.643856189774724, 4.169925001442312, 4.700439718141093, 5.044394119358453, 4.754887502163468, 4.643856189774724, 4.954196310386875, 4.954196310386875, 5.459431618637297, 5.129283016944966, 5.044394119358453], [4.954196310386875, 4.321928094887363, 3.321928094887362, 4.087462841250339, 3.0, 3.321928094887362, 4.700439718141093, 5.087462841250339, 4.169925001442312, 4.857980995127572, 4.857980995127572, 4.954196310386875, 4.392317422778761, 4.906890595608519, 4.459431618637297, 4.807354922057604, 4.954196310386875, 5.129283016944966, 5.20945336562895, 5.392317422778761, 5.20945336562895, 5.20945336562895, 5.087462841250339, 5.0], [5.0, 4.459431618637297, 4.169925001442312, 4.169925001442312, 4.392317422778761, 3.700439718141092, 4.247927513443585, 5.169925001442312, 5.087462841250339, 5.087462841250339, 5.321928094887363, 5.169925001442312, 5.491853096329675, 4.906890595608519, 5.0, 4.906890595608519, 4.906890595608519, 3.700439718141092, 4.584962500721156, 4.523561956057013, 5.169925001442312, 4.700439718141093, 4.954196310386875, 4.523561956057013], [4.857980995127572, 3.584962500721156, 4.247927513443585, 4.0, 3.169925001442312, 2.807354922057604, 4.087462841250339, 4.584962500721156, 4.754887502163468, 5.044394119358453, 4.906890595608519, 4.906890595608519, 5.426264754702098, 5.0, 5.087462841250339, 5.392317422778761, 5.247927513443585, 5.087462841250339, 5.0, 4.954196310386875, 5.087462841250339, 5.0, 5.087462841250339, 4.321928094887363]]}