{"min": 0, "max": 9.977279923499916, "pieData": [[4.906890595608519, 4.169925001442312, 3.807354922057604, 1.584962500721156, 2.807354922057604, 2.807354922057604, 5.643856189774724, 7.139551352398794, 6.918863237274595, 6.569855608330948, 6.392317422778761, 6.285402218862249, 6.285402218862249, 6.357552004618084, 6.426264754702098, 6.266786540694901, 6.149747119504682, 6.189824558880018, 6.426264754702098, 5.584962500721156, 6.409390936137702, 6.507794640198696, 6.266786540694901, 5.832890014164741], [5.614709844115208, 3.700439718141092, 3.4594316186372973, 2.0, 3.0, 3.700439718141092, 4.584962500721156, 6.672425341971495, 6.977279923499917, 6.870364719583405, 6.247927513443585, 5.954196310386875, 6.247927513443585, 6.426264754702098, 6.247927513443585, 6.129283016944966, 6.169925001442312, 6.727920454563199, 6.845490050944376, 6.768184324776926, 6.392317422778761, 6.643856189774724, 6.20945336562895, 5.700439718141093], [5.20945336562895, 4.247927513443585, 3.9068905956085187, 2.584962500721156, 3.807354922057604, 3.807354922057604, 5.247927513443585, 6.6865005271832185, 6.894817763307944, 6.321928094887363, 5.930737337562887, 5.977279923499917, 6.266786540694901, 6.357552004618084, 6.491853096329675, 6.044394119358453, 6.247927513443585, 6.459431618637297, 6.6865005271832185, 6.672425341971495, 3.807354922057604, 5.857980995127572, 5.78135971352466, 5.321928094887363], [4.954196310386875, 4.087462841250339, 3.807354922057604, 3.4594316186372973, 3.0, 3.700439718141092, 5.087462841250339, 6.78135971352466, 6.845490050944376, 6.539158811108031, 6.459431618637297, 6.129283016944966, 6.321928094887363, 6.554588851677638, 6.129283016944966, 6.339850002884624, 6.321928094887363, 6.643856189774724, 6.78135971352466, 6.807354922057604, 6.614709844115208, 6.554588851677638, 6.189824558880018, 5.857980995127572], [5.392317422778761, 3.9068905956085187, 4.523561956057013, 2.807354922057604, 1.584962500721156, 3.584962500721156, 5.0, 6.700439718141093, 6.539158811108031, 6.442943495848728, 6.700439718141093, 6.266786540694901, 6.321928094887363, 6.442943495848728, 6.426264754702098, 6.3750394313469245, 6.189824558880018, 6.794415866350106, 6.285402218862249, 6.9886846867721655, 6.357552004618084, 6.303780748177103, 6.129283016944966, 5.554588851677638], [5.247927513443585, 4.584962500721156, 4.523561956057013, 3.584962500721156, 3.0, 3.584962500721156, 4.459431618637297, 5.906890595608519, 6.357552004618084, 6.507794640198696, 6.475733430966398, 6.087462841250339, 5.857980995127572, 6.129283016944966, 6.066089190457772, 5.832890014164741, 5.78135971352466, 5.977279923499917, 5.906890595608519, 6.108524456778169, 6.044394119358453, 5.754887502163468, 5.754887502163468, 5.321928094887363], [5.20945336562895, 4.321928094887363, 3.9068905956085187, 3.9068905956085187, 3.700439718141092, 2.321928094887362, 4.392317422778761, 5.643856189774724, 5.807354922057604, 6.044394119358453, 5.754887502163468, 5.807354922057604, 5.930737337562887, 5.672425341971495, 6.022367813028454, 6.189824558880018, 5.906890595608519, 6.169925001442312, 6.022367813028454, 6.169925001442312, 5.977279923499917, 5.977279923499917, 5.906890595608519, 5.491853096329675]]}