{"min": 0, "max": 9.977279923499916, "pieData": [[4.087462841250339, 2.807354922057604, 2.321928094887362, 0.0, 1.0, 2.0, 5.129283016944966, 6.303780748177103, 7.294620748891627, 7.562242424221073, 7.294620748891627, 6.820178962415188, 6.754887502163468, 7.066089190457772, 6.977279923499917, 6.794415866350106, 6.754887502163468, 6.832890014164741, 6.459431618637297, 5.672425341971495, 6.442943495848728, 6.794415866350106, 5.882643049361842, 4.169925001442312], [3.584962500721156, 3.4594316186372973, 2.321928094887362, 2.0, 1.584962500721156, 2.807354922057604, 4.0, 6.022367813028454, 7.087462841250339, 7.7414669864011465, 7.199672344836364, 6.906890595608519, 6.857980995127572, 6.554588851677638, 7.20945336562895, 7.066089190457772, 6.523561956057013, 7.303780748177103, 6.820178962415188, 7.451211111832329, 7.22881869049588, 6.857980995127572, 6.426264754702098, 4.392317422778761], [3.807354922057604, 3.169925001442312, 3.584962500721156, 1.584962500721156, 1.584962500721156, 2.584962500721156, 3.9068905956085187, 5.700439718141093, 7.199672344836364, 7.515699838284043, 6.954196310386875, 6.954196310386875, 6.459431618637297, 6.906890595608519, 6.965784284662087, 6.714245517666122, 6.807354922057604, 6.977279923499917, 6.768184324776926, 7.011227255423254, 4.857980995127572, 6.768184324776926, 6.303780748177103, 4.0], [3.9068905956085187, 2.584962500721156, 2.807354922057604, 2.0, 1.584962500721156, 2.321928094887362, 4.523561956057013, 6.169925001442312, 7.2384047393250786, 7.658211482751795, 7.159871336778389, 6.794415866350106, 6.491853096329675, 7.159871336778389, 7.098032082960526, 7.066089190457772, 6.78135971352466, 7.2384047393250786, 6.894817763307944, 7.584962500721156, 7.339850002884624, 7.199672344836364, 6.3750394313469245, 4.523561956057013], [4.247927513443585, 3.584962500721156, 2.584962500721156, 2.321928094887362, 2.321928094887362, 2.584962500721156, 5.0, 6.169925001442312, 6.459431618637297, 5.700439718141093, 6.266786540694901, 6.918863237274595, 6.894817763307944, 6.832890014164741, 6.794415866350106, 6.918863237274595, 6.554588851677638, 6.754887502163468, 6.409390936137702, 7.149747119504682, 7.159871336778389, 6.754887502163468, 5.977279923499917, 4.523561956057013], [3.700439718141092, 3.807354922057604, 3.0, 2.0, 2.0, 2.584962500721156, 3.4594316186372973, 5.554588851677638, 6.303780748177103, 6.491853096329675, 7.022367813028454, 7.139551352398794, 6.954196310386875, 6.7414669864011465, 6.930737337562887, 6.9886846867721655, 6.807354922057604, 6.965784284662087, 6.820178962415188, 7.011227255423254, 6.94251450533924, 6.714245517666122, 6.459431618637297, 4.247927513443585], [4.087462841250339, 3.4594316186372973, 2.807354922057604, 2.0, 1.584962500721156, 2.0, 3.584962500721156, 5.285402218862249, 6.087462841250339, 6.066089190457772, 6.475733430966398, 6.584962500721156, 6.672425341971495, 6.906890595608519, 6.870364719583405, 7.011227255423254, 6.700439718141093, 7.266786540694901, 6.857980995127572, 7.199672344836364, 7.20945336562895, 7.098032082960526, 6.459431618637297, 3.584962500721156]]}