{"min": 0, "max": 9.977279923499916, "pieData": [[5.247927513443585, 4.523561956057013, 3.321928094887362, 2.0, 2.0, 3.169925001442312, 4.754887502163468, 5.129283016944966, 5.169925001442312, 5.169925001442312, 5.20945336562895, 5.523561956057013, 5.882643049361842, 5.807354922057604, 5.906890595608519, 6.044394119358453, 6.0, 5.954196310386875, 5.491853096329675, 4.643856189774724, 5.78135971352466, 6.7414669864011465, 5.882643049361842, 5.247927513443585], [5.087462841250339, 4.523561956057013, 3.584962500721156, 2.0, 2.807354922057604, 2.584962500721156, 4.459431618637297, 4.954196310386875, 5.169925001442312, 5.129283016944966, 5.614709844115208, 5.672425341971495, 6.044394119358453, 6.169925001442312, 6.044394119358453, 6.129283016944966, 5.754887502163468, 6.189824558880018, 6.022367813028454, 6.3750394313469245, 6.569855608330948, 6.754887502163468, 6.20945336562895, 5.672425341971495], [4.321928094887363, 4.392317422778761, 3.4594316186372973, 3.0, 2.807354922057604, 2.807354922057604, 4.321928094887363, 5.247927513443585, 4.643856189774724, 5.20945336562895, 5.523561956057013, 5.426264754702098, 5.807354922057604, 5.78135971352466, 5.700439718141093, 5.491853096329675, 5.523561956057013, 5.727920454563199, 5.426264754702098, 5.614709844115208, 3.4594316186372973, 6.285402218862249, 6.0, 5.727920454563199], [4.857980995127572, 4.0, 2.807354922057604, 3.0, 2.321928094887362, 3.169925001442312, 4.643856189774724, 5.20945336562895, 5.169925001442312, 5.392317422778761, 5.321928094887363, 5.491853096329675, 5.882643049361842, 5.584962500721156, 5.857980995127572, 5.954196310386875, 5.930737337562887, 6.087462841250339, 5.727920454563199, 6.066089190457772, 6.087462841250339, 6.6865005271832185, 6.20945336562895, 5.584962500721156], [4.523561956057013, 4.459431618637297, 3.584962500721156, 2.584962500721156, 3.0, 3.321928094887362, 3.584962500721156, 4.857980995127572, 4.584962500721156, 4.906890595608519, 4.954196310386875, 5.78135971352466, 5.832890014164741, 6.247927513443585, 6.247927513443585, 5.882643049361842, 5.882643049361842, 6.022367813028454, 5.285402218862249, 5.754887502163468, 6.459431618637297, 6.700439718141093, 6.442943495848728, 5.727920454563199], [5.357552004618084, 4.700439718141093, 4.523561956057013, 3.321928094887362, 2.807354922057604, 3.321928094887362, 3.9068905956085187, 4.807354922057604, 5.643856189774724, 5.321928094887363, 5.807354922057604, 5.672425341971495, 5.78135971352466, 5.78135971352466, 6.044394119358453, 5.754887502163468, 6.189824558880018, 5.906890595608519, 5.882643049361842, 5.930737337562887, 6.044394119358453, 6.129283016944966, 5.977279923499917, 5.044394119358453], [4.700439718141093, 4.087462841250339, 3.9068905956085187, 2.0, 2.807354922057604, 2.584962500721156, 3.807354922057604, 4.459431618637297, 4.643856189774724, 5.169925001442312, 5.20945336562895, 5.754887502163468, 5.700439718141093, 5.882643049361842, 5.643856189774724, 5.977279923499917, 5.754887502163468, 5.857980995127572, 5.554588851677638, 5.930737337562887, 6.108524456778169, 6.357552004618084, 5.754887502163468, 5.044394119358453]]}