{"min": 0, "max": 9.977279923499916, "pieData": [[5.169925001442312, 4.0, 4.087462841250339, 2.321928094887362, 2.584962500721156, 3.584962500721156, 4.321928094887363, 4.459431618637297, 5.357552004618084, 5.672425341971495, 5.129283016944966, 5.044394119358453, 5.247927513443585, 5.20945336562895, 5.129283016944966, 5.672425341971495, 5.523561956057013, 5.20945336562895, 4.754887502163468, 3.807354922057604, 5.392317422778761, 5.857980995127572, 5.832890014164741, 5.357552004618084], [5.247927513443585, 3.700439718141092, 3.9068905956085187, 3.807354922057604, 2.321928094887362, 2.584962500721156, 3.169925001442312, 4.807354922057604, 5.247927513443585, 5.459431618637297, 5.169925001442312, 5.247927513443585, 4.247927513443585, 4.857980995127572, 5.906890595608519, 5.727920454563199, 5.672425341971495, 5.700439718141093, 4.807354922057604, 5.129283016944966, 5.614709844115208, 5.754887502163468, 5.321928094887363, 5.491853096329675], [5.129283016944966, 4.643856189774724, 3.0, 3.169925001442312, 2.0, 3.169925001442312, 3.0, 3.4594316186372973, 5.357552004618084, 5.78135971352466, 5.643856189774724, 5.20945336562895, 5.20945336562895, 5.247927513443585, 5.0, 5.087462841250339, 4.906890595608519, 4.807354922057604, 4.954196310386875, 4.584962500721156, 2.321928094887362, 5.523561956057013, 5.807354922057604, 4.954196310386875], [5.392317422778761, 4.700439718141093, 3.584962500721156, 3.321928094887362, 3.0, 2.321928094887362, 3.169925001442312, 5.087462841250339, 5.392317422778761, 5.321928094887363, 4.954196310386875, 5.357552004618084, 4.807354922057604, 4.523561956057013, 4.954196310386875, 5.247927513443585, 5.357552004618084, 5.129283016944966, 5.0, 5.491853096329675, 5.584962500721156, 5.614709844115208, 5.129283016944966, 5.285402218862249], [5.129283016944966, 4.584962500721156, 3.9068905956085187, 3.0, 0.0, 2.584962500721156, 4.0, 4.807354922057604, 4.954196310386875, 5.357552004618084, 5.044394119358453, 4.807354922057604, 4.807354922057604, 5.129283016944966, 5.169925001442312, 5.357552004618084, 5.169925001442312, 5.807354922057604, 4.392317422778761, 5.169925001442312, 5.357552004618084, 5.554588851677638, 5.857980995127572, 5.554588851677638], [5.426264754702098, 5.044394119358453, 4.643856189774724, 3.584962500721156, 2.321928094887362, 3.4594316186372973, 4.0, 3.807354922057604, 4.906890595608519, 5.129283016944966, 4.643856189774724, 5.285402218862249, 4.643856189774724, 5.20945336562895, 4.643856189774724, 4.247927513443585, 4.523561956057013, 4.321928094887363, 4.584962500721156, 4.584962500721156, 5.285402218862249, 4.392317422778761, 5.20945336562895, 4.857980995127572], [4.523561956057013, 4.523561956057013, 4.392317422778761, 2.584962500721156, 3.0, 3.0, 3.584962500721156, 4.0, 3.700439718141092, 4.459431618637297, 4.523561956057013, 4.321928094887363, 4.643856189774724, 4.807354922057604, 4.523561956057013, 4.807354922057604, 4.459431618637297, 4.523561956057013, 4.700439718141093, 4.754887502163468, 4.954196310386875, 5.321928094887363, 5.321928094887363, 4.754887502163468]]}