{"min": 0, "max": 9.977279923499916, "pieData": [[4.584962500721156, 4.321928094887363, 4.247927513443585, 3.807354922057604, 2.321928094887362, 2.321928094887362, 4.700439718141093, 5.491853096329675, 4.906890595608519, 5.459431618637297, 5.044394119358453, 4.169925001442312, 4.906890595608519, 5.0, 5.426264754702098, 5.247927513443585, 4.700439718141093, 4.754887502163468, 4.247927513443585, 3.584962500721156, 4.643856189774724, 5.357552004618084, 5.727920454563199, 5.357552004618084], [4.459431618637297, 4.321928094887363, 3.700439718141092, 4.169925001442312, 4.0, 3.700439718141092, 4.584962500721156, 4.906890595608519, 4.906890595608519, 4.584962500721156, 4.392317422778761, 5.285402218862249, 5.087462841250339, 4.857980995127572, 5.523561956057013, 5.459431618637297, 4.857980995127572, 5.0, 5.247927513443585, 5.044394119358453, 5.672425341971495, 5.321928094887363, 5.20945336562895, 5.129283016944966], [4.392317422778761, 4.0, 3.700439718141092, 4.087462841250339, 2.321928094887362, 3.169925001442312, 4.459431618637297, 5.129283016944966, 5.044394119358453, 5.20945336562895, 5.0, 4.321928094887363, 4.807354922057604, 4.906890595608519, 5.285402218862249, 4.906890595608519, 4.584962500721156, 4.584962500721156, 4.857980995127572, 4.523561956057013, 1.584962500721156, 4.954196310386875, 5.087462841250339, 4.754887502163468], [4.807354922057604, 4.700439718141093, 4.247927513443585, 4.321928094887363, 3.321928094887362, 2.584962500721156, 3.807354922057604, 4.954196310386875, 5.087462841250339, 5.523561956057013, 4.807354922057604, 4.523561956057013, 4.392317422778761, 4.247927513443585, 4.807354922057604, 4.392317422778761, 5.087462841250339, 4.087462841250339, 4.754887502163468, 4.954196310386875, 5.523561956057013, 5.491853096329675, 5.044394119358453, 4.700439718141093], [4.523561956057013, 4.523561956057013, 4.087462841250339, 3.807354922057604, 3.700439718141092, 3.0, 4.0, 4.906890595608519, 5.247927513443585, 4.954196310386875, 4.700439718141093, 4.392317422778761, 4.087462841250339, 4.754887502163468, 5.491853096329675, 5.044394119358453, 5.614709844115208, 5.20945336562895, 4.392317422778761, 4.169925001442312, 5.285402218862249, 5.643856189774724, 4.906890595608519, 4.954196310386875], [4.523561956057013, 4.700439718141093, 4.584962500721156, 4.247927513443585, 3.321928094887362, 2.807354922057604, 3.807354922057604, 4.459431618637297, 4.700439718141093, 4.523561956057013, 5.087462841250339, 4.700439718141093, 4.523561956057013, 5.169925001442312, 5.491853096329675, 5.0, 4.700439718141093, 4.954196310386875, 5.247927513443585, 4.584962500721156, 5.357552004618084, 5.0, 4.169925001442312, 4.857980995127572], [4.459431618637297, 4.247927513443585, 3.321928094887362, 4.0, 3.321928094887362, 2.584962500721156, 3.807354922057604, 4.247927513443585, 4.169925001442312, 5.087462841250339, 4.392317422778761, 4.807354922057604, 4.857980995127572, 5.0, 4.523561956057013, 5.20945336562895, 4.857980995127572, 4.954196310386875, 4.700439718141093, 4.643856189774724, 5.426264754702098, 5.392317422778761, 5.0, 4.700439718141093]]}