{"min": 0, "max": 9.977279923499916, "pieData": [[1.584962500721156, 0.0, 0.0, 0.0, 0.0, 1.584962500721156, 1.584962500721156, 3.584962500721156, 4.321928094887363, 5.20945336562895, 5.087462841250339, 5.426264754702098, 4.700439718141093, 4.857980995127572, 5.554588851677638, 5.044394119358453, 5.285402218862249, 5.554588851677638, 4.700439718141093, 3.584962500721156, 4.321928094887363, 5.426264754702098, 4.087462841250339, 2.807354922057604], [2.321928094887362, 1.0, 1.0, 1.0, 1.584962500721156, 2.584962500721156, 3.0, 4.087462841250339, 4.392317422778761, 5.426264754702098, 4.906890595608519, 5.807354922057604, 5.321928094887363, 5.169925001442312, 5.643856189774724, 5.247927513443585, 5.672425341971495, 5.129283016944966, 5.247927513443585, 5.129283016944966, 5.247927513443585, 5.129283016944966, 3.700439718141092, 3.321928094887362], [2.321928094887362, 1.584962500721156, 2.0, 0.0, 0.0, 0.0, 2.807354922057604, 2.807354922057604, 3.807354922057604, 4.857980995127572, 5.087462841250339, 5.169925001442312, 4.584962500721156, 4.954196310386875, 5.321928094887363, 4.643856189774724, 5.491853096329675, 4.754887502163468, 4.321928094887363, 4.754887502163468, 3.0, 4.754887502163468, 3.0, 1.0], [2.0, 0.0, 1.0, 1.584962500721156, 0.0, 0.0, 1.584962500721156, 2.584962500721156, 3.4594316186372973, 5.0, 4.700439718141093, 5.087462841250339, 4.392317422778761, 4.584962500721156, 5.129283016944966, 5.044394119358453, 5.426264754702098, 4.754887502163468, 5.0, 5.392317422778761, 4.906890595608519, 5.169925001442312, 3.9068905956085187, 2.584962500721156], [2.807354922057604, 0.0, 1.584962500721156, 1.0, 0.0, 1.0, 2.584962500721156, 1.584962500721156, 2.584962500721156, 4.954196310386875, 4.643856189774724, 4.700439718141093, 4.169925001442312, 5.129283016944966, 5.832890014164741, 4.584962500721156, 5.357552004618084, 5.0, 4.523561956057013, 4.321928094887363, 5.20945336562895, 4.857980995127572, 3.321928094887362, 1.584962500721156], [3.0, 1.584962500721156, 0.0, 0.0, 0.0, 0.0, 0.0, 2.807354922057604, 2.0, 4.392317422778761, 4.247927513443585, 5.087462841250339, 4.754887502163468, 4.643856189774724, 5.169925001442312, 4.087462841250339, 5.0, 5.087462841250339, 4.321928094887363, 5.087462841250339, 4.392317422778761, 4.392317422778761, 4.247927513443585, 2.321928094887362], [1.584962500721156, 1.0, 1.584962500721156, 1.584962500721156, 0.0, 1.0, 0.0, 1.584962500721156, 2.0, 3.9068905956085187, 4.0, 5.087462841250339, 4.0, 4.954196310386875, 4.906890595608519, 4.807354922057604, 5.087462841250339, 5.584962500721156, 4.906890595608519, 5.20945336562895, 5.044394119358453, 4.906890595608519, 5.321928094887363, 1.584962500721156]]}