{"min": 0, "max": 9.977279923499916, "pieData": [[4.523561956057013, 3.4594316186372973, 3.0, 2.321928094887362, 2.0, 0.0, 3.0, 4.643856189774724, 5.672425341971495, 6.022367813028454, 5.584962500721156, 5.129283016944966, 4.087462841250339, 4.643856189774724, 5.491853096329675, 5.491853096329675, 4.954196310386875, 4.954196310386875, 4.643856189774724, 3.4594316186372973, 4.584962500721156, 5.0, 4.247927513443585, 4.0], [3.9068905956085187, 3.807354922057604, 2.807354922057604, 3.0, 2.321928094887362, 1.584962500721156, 3.0, 5.247927513443585, 5.0, 5.459431618637297, 5.044394119358453, 5.247927513443585, 4.584962500721156, 4.807354922057604, 5.554588851677638, 5.554588851677638, 5.285402218862249, 5.20945336562895, 5.554588851677638, 5.129283016944966, 5.169925001442312, 4.857980995127572, 5.044394119358453, 4.247927513443585], [4.087462841250339, 3.700439718141092, 3.807354922057604, 2.584962500721156, 0.0, 1.0, 2.0, 4.247927513443585, 5.392317422778761, 5.087462841250339, 5.285402218862249, 4.643856189774724, 4.857980995127572, 5.169925001442312, 5.357552004618084, 4.643856189774724, 4.906890595608519, 5.321928094887363, 4.643856189774724, 4.169925001442312, 1.584962500721156, 4.643856189774724, 4.169925001442312, 3.584962500721156], [3.807354922057604, 3.4594316186372973, 3.700439718141092, 2.807354922057604, 2.807354922057604, 1.584962500721156, 3.0, 4.643856189774724, 4.754887502163468, 4.857980995127572, 5.321928094887363, 4.906890595608519, 4.0, 4.700439718141093, 4.754887502163468, 4.700439718141093, 4.643856189774724, 5.087462841250339, 5.129283016944966, 4.459431618637297, 5.044394119358453, 4.700439718141093, 4.169925001442312, 3.700439718141092], [3.807354922057604, 3.4594316186372973, 2.807354922057604, 2.321928094887362, 1.0, 1.584962500721156, 2.807354922057604, 4.584962500721156, 4.754887502163468, 5.285402218862249, 5.285402218862249, 5.169925001442312, 4.523561956057013, 4.807354922057604, 5.129283016944966, 5.169925001442312, 4.754887502163468, 4.754887502163468, 5.584962500721156, 5.087462841250339, 4.643856189774724, 4.523561956057013, 5.247927513443585, 3.9068905956085187], [4.169925001442312, 4.321928094887363, 3.807354922057604, 1.0, 1.0, 1.584962500721156, 2.807354922057604, 3.9068905956085187, 4.954196310386875, 5.044394119358453, 5.20945336562895, 4.169925001442312, 4.459431618637297, 5.20945336562895, 5.129283016944966, 5.0, 5.321928094887363, 4.523561956057013, 5.169925001442312, 4.857980995127572, 4.857980995127572, 4.700439718141093, 4.169925001442312, 4.247927513443585], [4.247927513443585, 3.4594316186372973, 3.700439718141092, 3.321928094887362, 2.584962500721156, 2.321928094887362, 3.807354922057604, 4.0, 4.754887502163468, 4.857980995127572, 4.807354922057604, 4.700439718141093, 4.321928094887363, 5.247927513443585, 5.044394119358453, 4.754887502163468, 5.044394119358453, 4.523561956057013, 5.087462841250339, 5.169925001442312, 5.044394119358453, 4.954196310386875, 3.807354922057604, 4.459431618637297]]}