{"min": 0, "max": 9.977279923499916, "pieData": [[4.906890595608519, 3.9068905956085187, 3.9068905956085187, 3.169925001442312, 2.321928094887362, 3.0, 4.169925001442312, 5.20945336562895, 4.954196310386875, 5.977279923499917, 5.584962500721156, 5.930737337562887, 5.954196310386875, 6.149747119504682, 6.169925001442312, 6.321928094887363, 6.339850002884624, 6.357552004618084, 6.129283016944966, 4.857980995127572, 5.20945336562895, 5.754887502163468, 5.727920454563199, 5.20945336562895], [4.321928094887363, 4.247927513443585, 3.584962500721156, 3.169925001442312, 3.169925001442312, 1.584962500721156, 3.807354922057604, 4.807354922057604, 5.247927513443585, 5.643856189774724, 6.491853096329675, 6.022367813028454, 5.807354922057604, 5.977279923499917, 6.022367813028454, 5.906890595608519, 6.022367813028454, 5.906890595608519, 6.0, 6.149747119504682, 6.357552004618084, 6.0, 5.357552004618084, 4.807354922057604], [4.247927513443585, 4.459431618637297, 4.087462841250339, 3.321928094887362, 3.169925001442312, 3.321928094887362, 3.321928094887362, 4.906890595608519, 4.857980995127572, 5.672425341971495, 5.882643049361842, 5.930737337562887, 5.727920454563199, 5.906890595608519, 6.149747119504682, 5.727920454563199, 6.129283016944966, 5.906890595608519, 5.977279923499917, 5.672425341971495, 3.0, 5.832890014164741, 5.727920454563199, 5.169925001442312], [4.754887502163468, 4.247927513443585, 4.087462841250339, 3.4594316186372973, 2.0, 2.0, 3.584962500721156, 5.247927513443585, 5.584962500721156, 5.727920454563199, 5.672425341971495, 5.554588851677638, 5.643856189774724, 5.906890595608519, 5.882643049361842, 5.643856189774724, 6.0, 6.022367813028454, 5.584962500721156, 5.857980995127572, 5.906890595608519, 5.584962500721156, 5.554588851677638, 4.700439718141093], [4.392317422778761, 4.392317422778761, 3.807354922057604, 3.700439718141092, 2.584962500721156, 2.584962500721156, 3.321928094887362, 4.754887502163468, 5.321928094887363, 6.044394119358453, 5.832890014164741, 5.807354922057604, 5.643856189774724, 6.108524456778169, 6.087462841250339, 6.108524456778169, 6.189824558880018, 5.857980995127572, 6.108524456778169, 6.022367813028454, 5.930737337562887, 6.066089190457772, 5.426264754702098, 5.044394119358453], [4.754887502163468, 4.321928094887363, 4.321928094887363, 3.169925001442312, 3.169925001442312, 4.0, 3.700439718141092, 4.700439718141093, 5.285402218862249, 5.247927513443585, 5.523561956057013, 6.129283016944966, 5.643856189774724, 6.044394119358453, 6.149747119504682, 6.108524456778169, 6.266786540694901, 6.022367813028454, 6.066089190457772, 5.727920454563199, 6.066089190457772, 6.129283016944966, 5.930737337562887, 5.491853096329675], [4.906890595608519, 4.584962500721156, 4.459431618637297, 4.0, 2.0, 3.169925001442312, 4.247927513443585, 4.643856189774724, 5.727920454563199, 5.643856189774724, 6.087462841250339, 5.700439718141093, 5.832890014164741, 5.954196310386875, 5.954196310386875, 6.129283016944966, 5.906890595608519, 6.044394119358453, 5.954196310386875, 6.044394119358453, 5.930737337562887, 5.857980995127572, 5.554588851677638, 5.321928094887363]]}