{"min": 0, "max": 9.977279923499916, "pieData": [[4.954196310386875, 4.0, 3.807354922057604, 2.321928094887362, 2.321928094887362, 2.584962500721156, 3.0, 5.0, 5.392317422778761, 5.392317422778761, 5.169925001442312, 4.906890595608519, 4.807354922057604, 4.754887502163468, 5.129283016944966, 5.20945336562895, 5.169925001442312, 4.321928094887363, 5.321928094887363, 4.523561956057013, 5.129283016944966, 5.20945336562895, 4.906890595608519, 4.807354922057604], [5.0, 4.523561956057013, 4.169925001442312, 3.700439718141092, 2.807354922057604, 2.807354922057604, 2.584962500721156, 4.392317422778761, 5.0, 5.247927513443585, 5.044394119358453, 4.392317422778761, 4.643856189774724, 5.459431618637297, 5.087462841250339, 5.0, 4.584962500721156, 4.807354922057604, 4.954196310386875, 4.247927513443585, 4.857980995127572, 5.285402218862249, 5.20945336562895, 5.0], [4.459431618637297, 4.169925001442312, 3.4594316186372973, 3.9068905956085187, 2.584962500721156, 3.0, 1.584962500721156, 4.169925001442312, 4.954196310386875, 4.392317422778761, 5.044394119358453, 4.954196310386875, 4.321928094887363, 5.169925001442312, 5.0, 4.906890595608519, 4.954196310386875, 5.321928094887363, 4.807354922057604, 5.044394119358453, 2.807354922057604, 4.807354922057604, 4.700439718141093, 5.129283016944966], [5.0, 4.392317422778761, 4.321928094887363, 3.700439718141092, 3.4594316186372973, 2.584962500721156, 3.321928094887362, 5.087462841250339, 4.754887502163468, 4.954196310386875, 5.129283016944966, 4.754887502163468, 4.754887502163468, 4.584962500721156, 5.044394119358453, 5.169925001442312, 5.087462841250339, 5.129283016944966, 5.392317422778761, 5.392317422778761, 5.129283016944966, 5.044394119358453, 4.643856189774724, 4.754887502163468], [4.754887502163468, 4.392317422778761, 4.169925001442312, 3.4594316186372973, 3.0, 2.584962500721156, 3.0, 4.700439718141093, 5.491853096329675, 5.643856189774724, 5.20945336562895, 4.807354922057604, 5.044394119358453, 4.643856189774724, 5.129283016944966, 5.20945336562895, 4.857980995127572, 4.857980995127572, 4.584962500721156, 4.754887502163468, 4.906890595608519, 5.285402218862249, 5.044394119358453, 4.459431618637297], [5.044394119358453, 4.643856189774724, 4.523561956057013, 2.807354922057604, 3.0, 2.321928094887362, 2.0, 4.906890595608519, 4.643856189774724, 4.754887502163468, 5.169925001442312, 4.807354922057604, 4.523561956057013, 4.807354922057604, 4.754887502163468, 4.754887502163468, 4.584962500721156, 5.285402218862249, 5.0, 4.392317422778761, 4.954196310386875, 5.459431618637297, 5.392317422778761, 5.044394119358453], [4.584962500721156, 5.285402218862249, 4.584962500721156, 4.087462841250339, 2.807354922057604, 2.321928094887362, 3.0, 3.9068905956085187, 4.700439718141093, 4.754887502163468, 5.087462841250339, 5.321928094887363, 4.392317422778761, 4.700439718141093, 4.954196310386875, 5.0, 4.906890595608519, 4.754887502163468, 5.321928094887363, 4.584962500721156, 4.857980995127572, 4.700439718141093, 4.584962500721156, 4.754887502163468]]}