time,jd,wd,status
19-0,113.948746,22.543102,1
19-0,114.049301,22.526258,0
23-0,114.112167,22.597046,1
23-1,114.113876,22.540335,0
23-8,113.919426,22.553528,1
23-9,113.943703,22.541672,0
24-19,114.133636,22.572048,1
24-20,114.077942,22.543127,0
