time,jd,wd,status
23-19-7,114.056938,22.527756,1
23-19-8,114.056900,22.527718,0
24-13-42,114.112381,22.546253,1
24-13-43,114.112274,22.546207,0
