time,jd,wd,status
19-11-53,113.821175,22.647907,0
21-8-36,114.041260,22.715137,1
21-8-38,114.041260,22.715128,0
21-15-5,114.009338,22.661966,1
21-16-12,114.026108,22.672228,0
22-11-30,114.007599,22.733440,1
22-13-24,114.023560,22.654854,0
24-10-23,114.024567,22.672005,1
24-13-33,114.044006,22.672634,0
24-17-28,114.044464,22.679411,1
24-18-18,114.026329,22.672386,0
