time,jd,wd,status
22-10-8,114.116692,22.578054,1
22-15-45,114.114716,22.582699,0
23-22-48,114.012787,22.530542,1
23-22-51,114.012787,22.530542,0
