time,jd,wd,status
19-8-42,113.814247,22.651297,0
20-16-22,113.843811,22.769094,1
20-16-22,113.843803,22.769098,0
20-16-23,113.843811,22.769108,1
20-16-23,113.843811,22.769108,0
20-16-25,113.843811,22.769108,1
20-16-26,113.843811,22.769108,0
20-16-27,113.843811,22.769108,1
20-21-18,113.815247,22.651627,0
21-12-44,113.813629,22.670635,1
21-12-57,113.815056,22.693045,0
22-16-27,113.800697,22.710157,1
22-18-32,113.820694,22.660698,0
