time,jd,wd,status
23-15,113.923752,22.521933,1
23-15,113.943817,22.560583,0
23-15,113.937553,22.543068,1
23-15,113.923714,22.527666,0
23-15,113.921814,22.529882,1
23-15,113.970100,22.542517,0
23-16,113.937668,22.542999,1
23-16,113.896698,22.552450,0
23-17,113.947685,22.571568,1
22-18,113.927315,22.510000,0
22-18,113.927635,22.502884,1
22-18,113.919182,22.501717,0
22-18,113.924431,22.502684,1
22-18,113.919418,22.509567,0
22-18,113.924034,22.515900,1
22-19,113.913620,22.498318,0
22-19,113.914017,22.497334,1
22-19,113.918297,22.506651,0
22-19,113.906685,22.519850,1
22-19,113.911583,22.539417,0
22-19,113.913780,22.532734,1
22-19,113.932152,22.521133,0
22-20,113.932083,22.520918,1
22-20,113.953300,22.552767,0
22-20,113.959999,22.564550,1
22-20,113.945580,22.558849,0
22-20,113.946533,22.558800,1
22-20,113.944199,22.524817,0
22-20,113.932251,22.520866,1
22-20,114.102432,22.538050,0
22-21,114.123047,22.548033,1
22-21,114.045914,22.565617,0
22-21,114.027603,22.557899,1
22-22,114.125885,22.607367,0
22-22,114.063164,22.551434,1
22-22,114.034782,22.568533,0
22-22,114.029671,22.564751,1
22-22,114.043030,22.568117,0
22-22,114.043114,22.567766,1
22-22,114.043503,22.557217,0
22-22,114.050919,22.537283,1
22-23,114.040886,22.604317,0
22-23,114.025299,22.540051,1
22-23,114.013535,22.561184,0
19-18,113.830833,22.650017,1
19-18,113.855415,22.626066,0
19-19,114.106300,22.545834,1
19-19,114.107002,22.561184,0
19-19,114.107697,22.568733,1
19-19,114.125717,22.546432,0
19-19,114.113701,22.540951,1
19-19,114.133064,22.545767,0
19-20,114.113731,22.534317,1
19-20,114.125870,22.552584,0
19-20,114.099419,22.547617,1
19-20,114.079918,22.535383,0
19-20,114.081230,22.540684,1
19-20,114.071800,22.543783,0
19-20,114.071815,22.543768,1
19-21,114.036102,22.566334,0
19-21,114.035301,22.543182,1
19-21,113.971733,22.539650,0
19-21,113.972015,22.540251,1
19-21,114.012566,22.628918,0
19-22,114.044701,22.557751,1
19-22,114.005920,22.556932,0
19-22,113.942581,22.559349,1
19-22,113.953697,22.543266,0
19-22,113.959915,22.543600,1
19-23,113.973686,22.547167,0
19-23,113.964432,22.541950,1
19-23,113.928848,22.635401,0
