time,jd,wd,status
22-12-46,113.822197,22.732327,1
22-19-0,113.837662,22.729849,0
23-6-9,113.840881,22.750105,1
23-6-16,113.840897,22.750025,0
23-7-0,113.825050,22.740124,1
23-7-23,113.837540,22.729191,0
