time,jd,wd,status
19-6,114.141365,22.561089,1
