time,jd,wd,status
21-21,114.053764,22.630655,1
21-22,114.113869,22.587729,0
