time,jd,wd,status
19-0-15,113.932335,22.542749,1
19-0-24,113.888451,22.568451,0
