time,jd,wd,status
18-0,114.266235,22.739767,1
18-1,114.266235,22.739767,0
18-11,114.266235,22.739767,1
18-12,114.266235,22.739767,0
18-14,114.266235,22.739767,1
18-15,114.266235,22.739767,0
18-16,114.266235,22.739767,1
18-17,114.266235,22.739767,0
18-18,114.266235,22.739767,1
18-20,114.266235,22.739767,0
18-22,114.266235,22.739767,1
18-23,114.266235,22.739767,0
20-0,114.266235,22.739767,1
20-1,114.266235,22.739767,0
20-8,114.266235,22.739767,1
20-9,114.266235,22.739767,0
20-11,114.266235,22.739767,1
20-12,114.266235,22.739767,0
20-13,114.266235,22.739767,1
20-15,114.266235,22.739767,0
20-16,114.266235,22.739767,1
20-17,114.266235,22.739767,0
20-19,114.266235,22.739767,1
20-20,114.266235,22.739767,0
20-21,114.266235,22.739767,1
20-22,114.266235,22.739767,0
21-9,114.266235,22.739767,1
21-10,114.266235,22.739767,0
21-11,114.266235,22.739767,1
21-12,114.266235,22.739767,0
21-13,114.266235,22.739767,1
21-16,114.266235,22.739767,0
21-19,114.266235,22.739767,1
21-21,114.266235,22.739767,0
22-0,114.266235,22.739767,1
22-1,114.266235,22.739767,0
22-10,114.266235,22.739767,1
22-13,114.266235,22.739767,0
22-15,114.266235,22.739767,1
22-17,114.266235,22.739767,0
22-18,114.266235,22.739767,1
22-20,114.266235,22.739767,0
23-9,114.266235,22.739767,1
23-10,114.266235,22.739767,0
23-13,114.266235,22.739767,1
23-15,114.266235,22.739767,0
23-18,114.266235,22.739767,1
23-19,114.266235,22.739767,0
23-20,114.266235,22.739767,1
23-21,114.266235,22.739767,0
24-3,114.266235,22.739767,1
24-4,114.266235,22.739767,0
24-9,114.266235,22.739767,1
24-10,114.266235,22.739767,0
24-11,114.266235,22.739767,1
24-12,114.266235,22.739767,0
24-17,114.266235,22.739767,1
24-18,114.266235,22.739767,0
