time,jd,wd,status
21-9-31,113.815109,22.651567,0
22-22-21,113.967491,22.540865,1
24-9-31,114.032631,22.524055,0
