time,jd,wd,status
23-18-58,114.138390,22.609110,0
