time,jd,wd,status
24-22-36,113.967209,22.563168,1
24-22-47,113.938454,22.543049,0
