time,jd,wd,status
24-11-22,114.124008,22.544449,0
