time,jd,wd,status
18-0,114.030731,22.664383,1
