time,jd,wd,status
18-0-0,114.090851,22.551767,1
