time,jd,wd,status
19-9,114.093552,22.554213,1
19-11,114.124588,22.613035,0
21-11,113.966057,22.570709,1
21-11,114.118965,22.566250,0
22-16,114.124687,22.613005,1
22-23,114.121979,22.611572,0
