time,jd,wd,status
23-22-33,114.111992,22.545530,0
