time,jd,wd,status
21-2-50,114.118469,22.551722,0
21-11-15,113.862114,22.524311,1
21-13-35,113.979294,22.561279,0
