time,jd,wd,status
23-8-59,114.158478,22.566757,1
