time,jd,wd,status
21-6-42,114.026459,22.661512,0
24-23-10,114.006866,22.654613,1
24-23-17,114.006805,22.654688,0
