time,jd,wd,status
18-21,114.011490,22.675106,1
19-6,114.012161,22.677526,0
19-18,114.024849,22.672245,1
19-23,114.012398,22.677847,0
20-18,114.012291,22.677418,1
20-21,114.014580,22.665611,0
