time,jd,wd,status
19-21-51,114.042068,22.649742,0
20-9-35,114.026260,22.672274,1
20-9-59,114.027588,22.673288,0
20-22-36,114.108055,22.616415,1
20-23-36,114.048233,22.670279,0
22-4-22,114.017235,22.657261,0
22-16-17,113.864258,22.665993,1
22-16-17,113.864273,22.666000,0
24-15-13,114.060318,22.665432,1
24-18-40,114.011833,22.667948,0
