time,jd,wd,status
18-4,114.115601,22.546101,1
18-5,114.115601,22.546101,0
18-16,114.115601,22.546101,1
18-17,114.115601,22.546101,0
18-18,114.115601,22.546101,1
18-21,114.115601,22.546101,0
19-8,114.115601,22.546101,1
19-11,114.115601,22.546101,0
19-12,114.115601,22.546101,1
19-13,114.115601,22.546101,0
19-15,114.115601,22.546101,1
19-17,114.115601,22.546101,0
19-18,114.115601,22.546101,1
19-21,114.115601,22.546101,0
19-22,114.115601,22.546101,1
19-23,114.115601,22.546101,0
20-0,114.115601,22.546101,1
20-1,114.115601,22.546101,0
20-9,114.115601,22.546101,1
20-10,114.115601,22.546101,0
20-11,114.115601,22.546101,1
20-17,114.115601,22.546101,0
20-18,114.115601,22.546101,1
20-19,114.115601,22.546101,0
20-20,114.115601,22.546101,1
20-23,114.115601,22.546101,0
21-1,114.115601,22.546101,1
21-2,114.115601,22.546101,0
21-5,114.115601,22.546101,1
21-6,114.115601,22.546101,0
21-8,114.115601,22.546101,1
21-9,114.115601,22.546101,0
21-17,114.115601,22.546101,1
21-18,114.115601,22.546101,0
21-19,114.115601,22.546101,1
21-20,114.115601,22.546101,0
21-21,114.115601,22.546101,1
21-23,114.115601,22.546101,0
22-1,114.115601,22.546101,1
22-2,114.115601,22.546101,0
22-9,114.115601,22.546101,1
22-11,114.115601,22.546101,0
22-14,114.115601,22.546101,1
22-15,114.115601,22.546101,0
22-16,114.115601,22.546101,1
22-20,114.115601,22.546101,0
22-21,114.115601,22.546101,1
23-1,114.115601,22.546101,0
