time,jd,wd,status
19-13-48,113.814743,22.651270,0
19-19-0,114.173500,22.562067,1
19-20-49,114.134605,22.565348,0
21-19-19,114.173668,22.562220,1
21-19-30,114.179901,22.556852,0
22-0-20,114.064697,22.527334,1
22-0-33,114.067543,22.530317,0
22-18-50,114.161720,22.564268,1
22-18-59,114.173576,22.562122,0
23-19-12,114.173637,22.562164,1
23-19-20,114.179688,22.556639,0
24-18-57,114.161980,22.564264,1
24-19-10,114.173744,22.562122,0
