time,jd,wd,status
19-7,113.888237,22.592827,1
19-7,113.894264,22.584984,0
19-18,113.889786,22.591925,1
19-19,113.897171,22.583405,0
21-13,113.797226,22.674952,1
20-18,113.848282,22.579178,0
