time,jd,wd,status
18-5,114.071793,22.542080,1
18-6,114.054794,22.518093,0
22-4,114.071754,22.542131,1
22-6,114.071754,22.542131,0
