time,jd,wd,status
20-8-49,114.162903,22.562147,1
20-13-22,113.912666,22.539452,0
