time,jd,wd,status
24-23-41,113.893318,22.506651,0
