time,jd,wd,status
23-16-31,114.111862,22.586887,0
24-1-29,114.136383,22.560980,1
24-1-44,114.151405,22.612246,0
