time,jd,wd,status
19-1-52,113.904739,22.521620,0
