time,jd,wd,status
19-7,114.141304,22.645523,1
19-8,114.074585,22.632738,0
23-3,114.101128,22.611881,1
23-3,114.101135,22.611870,0
23-6,114.110085,22.603579,1
23-7,114.132721,22.611877,0
