time,jd,wd,status
18-0-36,114.123917,22.558586,1
