time,jd,wd,status
22-12-55,114.077965,22.541788,1
