time,jd,wd,status
21-21,114.091202,22.543669,1
21-21,114.063911,22.537779,0
22-8,114.110542,22.540392,1
22-9,114.173531,22.561935,0
22-9,114.118896,22.566330,1
22-9,114.119133,22.566259,0
24-17,113.927750,22.508018,1
24-20,114.173744,22.562040,0
