time,jd,wd,status
24-9,113.920914,22.518827,1
24-9,113.920914,22.518827,0
