time,jd,wd,status
18-0-0,114.057968,22.561916,1
