time,jd,wd,status
19-20,114.114365,22.534210,1
20-17,113.815102,22.650972,0
20-17,113.815102,22.650972,1
20-17,113.815102,22.650972,0
20-17,113.815102,22.650972,1
