time,jd,wd,status
21-7,114.056252,22.535433,1
21-8,114.119934,22.544333,0
21-8,114.115669,22.544283,1
21-8,113.818398,22.646151,0
21-9,113.878548,22.568817,1
21-9,113.970779,22.539618,0
21-9,113.966118,22.541349,1
21-9,113.941750,22.546400,0
21-9,113.924232,22.530083,1
21-10,113.917183,22.543051,0
21-10,113.918419,22.543034,1
21-10,113.937119,22.545967,0
21-10,113.924103,22.529551,1
21-10,113.951767,22.537718,0
21-10,113.945518,22.506567,1
21-10,113.957130,22.556168,0
21-11,114.156235,22.560350,1
21-12,114.099281,22.559950,0
21-12,114.083267,22.558483,1
21-12,114.094536,22.565451,0
21-12,114.094582,22.562366,1
21-12,114.102036,22.548134,0
21-12,114.104881,22.546150,1
21-12,114.117882,22.542950,0
21-15,114.040581,22.532917,1
21-15,114.021202,22.539467,0
21-15,114.019981,22.539200,1
21-15,114.011864,22.543850,0
21-15,114.012703,22.543083,1
21-15,114.017998,22.542133,0
21-15,113.976768,22.541033,1
21-15,113.997818,22.531733,0
21-15,113.970436,22.539766,1
21-16,113.928268,22.523649,0
21-16,113.924950,22.522301,1
21-16,113.943085,22.528000,0
21-16,113.936218,22.524982,1
21-16,113.814568,22.649883,0
21-17,113.906898,22.553083,1
21-17,113.910065,22.540216,0
21-17,113.916550,22.535433,1
21-17,113.918266,22.525583,0
21-17,113.917549,22.522432,1
21-18,113.907814,22.514883,0
21-18,113.913986,22.522367,1
21-19,113.856499,22.616934,0
21-19,113.816803,22.649866,1
21-20,114.082085,22.572100,0
21-20,114.116531,22.548300,1
21-21,114.007736,22.538233,0
21-21,114.122719,22.549232,1
21-21,114.120682,22.544100,0
21-21,114.120186,22.544468,1
21-22,114.091385,22.541332,0
21-22,114.095253,22.541733,1
21-22,114.130150,22.544434,0
21-22,114.117752,22.605568,1
21-22,114.116531,22.548367,0
21-22,114.116730,22.547417,1
21-23,114.124252,22.546316,0
21-23,114.114281,22.534117,1
21-23,114.117683,22.536716,0
21-23,114.112617,22.535517,1
21-23,114.132980,22.567717,0
21-23,114.113701,22.543100,1
23-0,114.081169,22.546150,0
