time,jd,wd,status
20-0-33,113.911354,22.528513,1
20-0-34,113.911484,22.528452,0
21-18-48,113.900719,22.512196,1
21-18-49,113.899620,22.512671,0
