time,jd,wd,status
20-12-34,114.036446,22.549519,0
23-18-3,114.029694,22.524670,1
23-18-6,114.029831,22.524687,0
