time,jd,wd,status
18-21-54,113.924149,22.488203,1
18-22-23,113.908661,22.479885,0
19-19-21,114.071899,22.543577,1
19-19-22,114.071861,22.543674,0
20-22-18,113.923676,22.530605,1
20-23-5,114.055573,22.621630,0
22-23-27,113.815079,22.651432,1
24-0-8,114.115944,22.542048,0
