time,jd,wd,status
21-11-27,114.000351,22.535717,0
