time,jd,wd,status
22-2-10,114.042465,22.570093,1
