time,jd,wd,status
20-0,114.024529,22.674702,1
20-8,114.057976,22.663198,0
21-14,114.011925,22.667402,1
21-22,114.015869,22.748301,0
24-4,114.029480,22.658552,1
24-4,114.019196,22.650167,0
24-21,114.023956,22.676394,1
24-22,114.025673,22.672388,0
