time,jd,wd,status
24-4-33,114.041512,22.527582,1
24-4-39,114.044762,22.531565,0
