time,jd,wd,status
19-16-50,114.131088,22.630907,1
19-17-24,114.200653,22.645018,0
