time,jd,wd,status
19-18-24,113.862625,22.580631,1
19-19-7,113.905876,22.555462,0
23-0-49,113.905670,22.555334,1
23-1-52,113.886169,22.571594,0
24-3-23,113.785240,22.702496,1
24-4-26,113.862534,22.580364,0
