time,jd,wd,status
23-1-31,114.058044,22.663219,0
24-9-37,114.041298,22.715170,1
24-20-7,114.007240,22.735207,0
