time,jd,wd,status
18-21,114.114929,22.534878,1
18-22,114.054550,22.654488,0
