time,jd,wd,status
18-4-34,114.074142,22.537642,0
