time,jd,wd,status
22-7-22,114.082214,22.533970,0
