time,jd,wd,status
20-0,113.911285,22.487335,1
20-1,113.972755,22.540438,0
20-23,114.055000,22.566513,1
21-0,114.094421,22.559917,0
23-9,114.102448,22.636154,1
23-13,114.059921,22.527252,0
