time,jd,wd,status
21-1-30,113.959137,22.543545,0
