time,jd,wd,status
19-16-44,114.021980,22.637268,1
19-17-9,114.031425,22.634392,0
