time,jd,wd,status
18-20,113.990662,22.677168,1
18-20,113.990646,22.677174,0
19-3,114.014816,22.665583,1
19-3,114.014824,22.665583,0
19-13,114.011230,22.667458,1
19-15,114.019279,22.650011,0
19-18,114.024879,22.672098,1
20-0,114.043816,22.635181,0
20-5,114.040703,22.656263,1
20-6,114.029518,22.650562,0
20-15,113.996101,22.680149,1
20-23,114.007095,22.735222,0
21-15,113.906708,22.559258,1
21-23,114.031303,22.678249,0
23-17,114.011299,22.667576,1
24-1,114.024384,22.665466,0
24-12,114.013481,22.661266,1
24-12,114.022339,22.642376,0
24-18,114.011238,22.667553,1
24-22,113.988113,22.677729,0
