time,jd,wd,status
19-0-0,113.832916,22.641466,1
