time,jd,wd,status
20-22,114.137207,22.551714,1
20-23,114.115555,22.582661,0
21-17,114.117439,22.586336,1
21-20,114.057808,22.543592,0
22-6,114.121780,22.567974,1
22-10,114.112129,22.566347,0
22-17,114.117416,22.586313,1
22-21,114.067307,22.571173,0
23-10,114.014160,22.537148,1
23-10,114.014160,22.537157,0
23-20,114.063347,22.517456,1
23-20,114.063347,22.517456,0
23-20,114.063339,22.517454,1
23-20,114.063339,22.517454,0
23-20,114.063347,22.517502,1
23-20,114.063408,22.517508,0
