time,jd,wd,status
18-22-8,114.051994,22.518272,0
18-23-46,113.999565,22.532257,1
19-4-21,113.958328,22.565071,0
