time,jd,wd,status
21-21-50,113.908943,22.564541,1
21-21-53,113.908943,22.564541,0
