time,jd,wd,status
19-20-47,114.020660,22.531313,1
