time,jd,wd,status
18-11-58,114.071999,22.537283,1
