time,jd,wd,status
23-15,114.026199,22.529732,1
23-15,114.026199,22.529732,0
