time,jd,wd,status
19-0,114.067497,22.524349,1
19-0,114.119835,22.545717,0
19-0,114.119202,22.540501,1
19-0,114.109047,22.547449,0
19-1,114.096947,22.540983,1
19-1,114.086586,22.540382,0
19-1,114.076180,22.534933,1
19-1,114.065849,22.518917,0
19-7,114.067268,22.524767,1
19-7,114.102448,22.548616,0
19-7,114.102684,22.552500,1
19-7,113.972366,22.539932,0
19-7,113.972168,22.540216,1
19-8,113.816315,22.646334,0
19-8,113.908470,22.544167,1
19-9,113.947197,22.541849,0
19-9,113.946014,22.507650,1
19-10,113.862663,22.577467,0
19-10,113.949036,22.522766,1
19-11,113.972618,22.538349,0
19-11,114.022636,22.538883,1
19-11,114.048820,22.549383,0
19-11,114.050499,22.549316,1
19-11,114.049248,22.561483,0
19-11,114.049164,22.563700,1
19-11,114.053848,22.562517,0
19-11,114.045631,22.558666,1
19-11,114.080864,22.558916,0
19-11,114.081268,22.560200,1
19-11,114.079430,22.574249,0
19-11,114.080780,22.573799,1
19-12,114.081779,22.545782,0
19-12,114.098564,22.543350,1
19-12,114.113464,22.545233,0
19-12,114.113464,22.543600,1
19-12,114.114098,22.531799,0
19-12,114.112335,22.542183,1
18-14,114.103386,22.530916,0
18-14,114.110718,22.538267,1
18-14,114.119614,22.540733,0
18-14,114.119286,22.539499,1
18-14,114.113930,22.531767,0
18-14,114.119186,22.539583,1
18-15,114.112686,22.545933,0
18-15,114.108635,22.545183,1
18-15,114.081680,22.546749,0
18-15,114.082916,22.547117,1
18-15,114.084213,22.539368,0
18-15,114.089264,22.541349,1
18-16,114.114868,22.534767,0
18-16,114.055565,22.525766,1
18-16,114.068703,22.526649,0
18-18,113.826752,22.648317,1
18-20,114.104919,22.561783,0
18-21,114.110130,22.543118,1
18-21,114.146332,22.554283,0
18-21,114.115913,22.535467,1
18-21,114.112450,22.547199,0
18-21,114.112602,22.546267,1
18-21,114.145950,22.552183,0
18-22,114.117584,22.544283,1
18-22,114.133850,22.566334,0
18-22,114.133286,22.565132,1
18-22,114.117584,22.543449,0
18-22,114.114334,22.542767,1
18-22,114.128632,22.579617,0
18-22,114.129463,22.579634,1
18-22,114.119499,22.568666,0
18-22,114.115715,22.546967,1
18-22,114.107765,22.567966,0
18-23,114.098648,22.558649,1
18-23,114.082031,22.553467,0
18-23,114.083870,22.547716,1
18-23,114.106232,22.562183,0
18-23,114.113853,22.542418,1
18-23,114.055481,22.631416,0
20-22,114.113503,22.542368,1
20-22,114.141853,22.548332,0
20-23,114.132820,22.549116,1
