time,jd,wd,status
20-0,114.094864,22.538151,1
20-0,114.050735,22.535418,0
20-0,114.050217,22.535316,1
20-0,114.065697,22.629667,0
20-1,114.054665,22.581301,1
20-1,114.047249,22.542217,0
20-2,114.068100,22.532499,1
20-2,114.081749,22.540466,0
20-2,114.081482,22.551451,1
20-2,114.067619,22.570551,0
20-7,114.100998,22.585016,1
20-7,114.056030,22.514250,0
20-8,114.044815,22.512449,1
20-8,113.989120,22.530216,0
20-9,114.043617,22.550533,1
20-9,114.086998,22.566032,0
20-10,114.107834,22.572550,1
20-10,114.103920,22.564768,0
20-10,114.119003,22.562149,1
20-10,114.135246,22.545767,0
20-11,114.127113,22.548000,1
20-11,114.098564,22.561617,0
20-11,114.080330,22.572666,1
20-11,114.115280,22.609600,0
20-12,114.112701,22.605766,1
20-12,114.097099,22.540466,0
20-13,114.106201,22.546400,1
20-13,114.125534,22.547867,0
20-14,114.109383,22.547318,1
20-14,114.112114,22.537451,0
20-14,114.120087,22.539101,1
20-14,114.112083,22.537216,0
20-14,114.109863,22.552683,1
20-14,114.118080,22.558767,0
20-15,114.116081,22.546284,1
20-15,114.099632,22.545601,0
20-15,114.099648,22.541718,1
20-16,114.064667,22.557833,0
20-16,114.100571,22.570417,1
20-16,114.102531,22.564716,0
20-17,114.104568,22.552500,1
20-17,114.011002,22.533882,0
20-18,114.023247,22.539232,1
20-18,114.038185,22.560101,0
20-18,114.029671,22.556932,1
20-18,114.034821,22.551201,0
20-18,114.039886,22.553118,1
20-19,113.917816,22.568750,0
20-21,114.067749,22.547983,1
20-21,114.038597,22.526632,0
20-21,114.036118,22.548700,1
20-21,114.037598,22.555849,0
20-22,114.057602,22.551300,1
20-22,114.082169,22.533466,0
20-22,114.081551,22.545200,1
20-22,114.078613,22.548567,0
20-23,114.114235,22.535601,1
20-23,114.087166,22.553667,0
20-23,114.074234,22.543016,1
20-23,114.048180,22.537367,0
20-23,113.970932,22.522917,1
