time,jd,wd,status
20-9-36,114.099258,22.558098,1
20-10-10,114.118523,22.565477,0
20-17-31,113.863922,22.581167,1
20-17-46,113.911896,22.539473,0
21-0-53,113.912086,22.531282,1
21-1-3,113.893898,22.565285,0
22-17-48,114.017998,22.544210,1
22-23-48,114.035027,22.616318,0
23-19-39,114.036797,22.531317,1
23-20-48,114.063324,22.517422,0
