time,jd,wd,status
22-1-40,114.121239,22.539553,1
22-1-42,114.121239,22.539553,0
