time,jd,wd,status
21-20,114.012566,22.554731,1
21-21,113.814301,22.650984,0
22-13,114.058640,22.530567,1
22-14,114.054260,22.522053,0
