time,jd,wd,status
20-8-6,114.057976,22.663198,0
21-14-26,114.011925,22.667402,1
21-22-4,114.015869,22.748301,0
24-4-4,114.029480,22.658552,1
24-4-19,114.019196,22.650167,0
24-21-53,114.023956,22.676394,1
24-22-15,114.025673,22.672388,0
