time,jd,wd,status
21-14-26,113.886101,22.592817,1
21-15-16,113.821869,22.642366,0
21-16-54,113.909370,22.580967,1
21-17-3,113.902748,22.569717,0
