time,jd,wd,status
19-7,113.883316,22.588034,1
19-7,113.894066,22.565050,0
19-7,113.896553,22.559700,1
19-8,113.895432,22.574900,0
19-8,113.888847,22.577000,1
19-8,113.895668,22.579550,0
19-8,113.896332,22.575850,1
19-8,113.893616,22.568350,0
19-8,113.887985,22.583050,1
19-8,113.899551,22.571684,0
19-8,113.900948,22.567984,1
19-9,113.889603,22.589233,0
19-10,113.882484,22.574051,1
19-10,113.894180,22.573999,0
19-10,113.889099,22.576933,1
19-11,113.861649,22.569950,0
19-11,113.880783,22.562166,1
19-11,113.873917,22.587917,0
19-12,113.885597,22.587667,1
19-12,113.880402,22.572666,0
19-12,113.888016,22.577883,1
19-12,113.886230,22.593033,0
19-12,113.889954,22.593317,1
19-13,113.880569,22.593000,0
19-13,113.884666,22.581100,1
19-14,113.897652,22.573618,0
19-14,113.902733,22.563250,1
19-14,113.898582,22.556368,0
19-14,113.882050,22.570917,1
19-14,113.874565,22.564867,0
19-14,113.871902,22.568617,1
19-15,113.895401,22.575001,0
19-15,113.891563,22.579617,1
19-15,113.894035,22.574333,0
19-15,113.893166,22.572832,1
19-15,113.896797,22.564951,0
19-15,113.901535,22.564417,1
19-15,113.907066,22.564951,0
19-15,113.891815,22.560368,1
19-16,113.874283,22.565268,0
19-16,113.872932,22.569500,1
19-16,113.888885,22.594032,0
19-16,113.880302,22.590017,1
19-16,113.887398,22.568016,0
19-16,113.883080,22.564251,1
19-17,113.882835,22.563749,0
19-17,113.882202,22.563499,1
19-17,113.853134,22.574717,0
19-17,113.871902,22.567101,1
19-17,113.887970,22.581232,0
19-18,113.887215,22.578899,1
19-18,113.881920,22.594900,0
19-18,113.888481,22.583166,1
19-18,113.899330,22.566750,0
19-18,113.894951,22.566982,1
19-19,113.879250,22.592016,0
19-19,113.875648,22.583950,1
19-19,113.839752,22.586983,0
19-20,113.820419,22.642599,1
19-20,113.817368,22.648550,0
19-21,113.816917,22.645582,1
19-21,113.893036,22.659134,0
19-22,114.051102,22.692368,1
19-23,114.056816,22.628033,0
19-23,113.947914,22.686701,1
