time,jd,wd,status
18-20,114.086105,22.631727,1
18-21,114.067024,22.571182,0
20-6,114.128433,22.618008,1
20-8,114.111984,22.530823,0
22-23,114.064995,22.538040,1
22-23,114.065025,22.538031,0
