time,jd,wd,status
23-9,114.044525,22.638012,1
23-12,114.012085,22.655317,0
