time,jd,wd,status
19-8-13,113.919235,22.542288,1
19-11-52,114.112068,22.586037,0
20-7-57,113.918144,22.506952,1
20-8-50,113.909264,22.784798,0
