time,jd,wd,status
21-0,113.950058,22.570517,1
21-0,113.950027,22.570503,0
21-0,113.950111,22.570539,1
21-0,113.950050,22.570524,0
21-8,113.962387,22.570707,1
21-11,114.056114,22.535982,0
