time,jd,wd,status
18-21-19,114.031639,22.558275,1
