time,jd,wd,status
19-9,114.061844,22.655155,1
19-10,114.061279,22.653442,0
20-18,113.789528,22.655359,1
20-19,113.814499,22.650997,0
22-10,114.097023,22.611105,1
22-16,113.918961,22.543598,0
22-23,113.941765,22.557346,1
23-0,113.815056,22.651091,0
23-1,114.060638,22.521990,1
23-2,114.077629,22.549179,0
23-2,114.038757,22.518431,1
23-3,114.077759,22.549072,0
23-4,114.043030,22.601408,1
23-4,114.110870,22.596109,0
