time,jd,wd,status
18-0,114.075165,22.534533,1
18-0,114.063431,22.537683,0
18-1,114.067520,22.524567,1
18-1,114.123734,22.546383,0
18-1,114.122887,22.545200,1
18-1,114.121315,22.552000,0
18-8,114.137230,22.551582,1
18-9,114.101280,22.552183,0
18-9,114.104416,22.553400,1
18-9,114.056435,22.535583,0
18-9,114.060448,22.520700,1
18-9,114.107483,22.550051,0
18-10,114.107864,22.547182,1
18-10,114.121681,22.547867,0
18-10,114.119415,22.547733,1
18-10,114.039703,22.547117,0
18-10,114.044067,22.550400,1
18-10,114.082184,22.542917,0
18-10,114.083801,22.542950,1
18-11,114.023552,22.530916,0
18-11,114.025169,22.528334,1
18-11,114.068481,22.524082,0
18-11,114.071869,22.530684,1
18-11,114.056366,22.531851,0
18-11,114.051414,22.534384,1
18-11,114.105782,22.546368,0
18-12,114.096313,22.540167,1
18-12,114.059303,22.537367,0
18-12,114.059868,22.525534,1
18-12,114.049149,22.563650,0
18-13,114.095497,22.568333,1
18-13,114.114929,22.534983,0
18-13,114.118782,22.540016,1
18-13,114.087166,22.537500,0
18-13,114.059669,22.526400,1
18-13,114.068367,22.523783,0
18-13,114.071869,22.531151,1
18-13,114.055649,22.531767,0
18-13,114.051582,22.533199,1
18-14,114.089386,22.541349,0
18-14,114.091331,22.542732,1
18-14,114.112419,22.547501,0
18-14,114.111618,22.545616,1
18-14,114.125198,22.559000,0
18-14,114.137421,22.556299,1
18-14,114.166718,22.566767,0
18-14,114.162766,22.566784,1
18-14,114.107063,22.558832,0
18-15,114.113503,22.546167,1
18-15,114.041817,22.524517,0
18-15,114.060654,22.520866,1
