time,jd,wd,status
20-2,113.878906,22.595343,1
21-2,113.865250,22.571198,0
22-2,113.876518,22.598566,1
22-7,113.816582,22.646540,0
24-2,113.874107,22.596691,1
