time,jd,wd,status
18-11,113.854019,22.619833,1
