time,jd,wd,status
19-0,113.932335,22.542749,1
19-0,113.888451,22.568451,0
