time,jd,wd,status
18-23,114.096832,22.577457,1
19-0,114.103737,22.564775,0
19-9,114.001045,22.536518,1
19-19,114.028008,22.645311,0
21-17,113.977654,22.559877,1
21-22,114.115448,22.544373,0
23-11,114.166779,22.566828,1
23-16,114.061646,22.572887,0
24-18,114.099083,22.558662,1
24-19,114.046768,22.600233,0
24-21,114.106354,22.544788,1
24-21,114.105721,22.546503,0
