time,jd,wd,status
21-0-38,113.950058,22.570517,1
21-0-38,113.950027,22.570503,0
21-0-39,113.950111,22.570539,1
21-0-40,113.950050,22.570524,0
21-8-55,113.962387,22.570707,1
21-11-49,114.056114,22.535982,0
