time,jd,wd,status
20-6,113.904816,22.540283,1
20-6,113.823669,22.648582,0
20-6,113.904831,22.536501,1
20-7,113.831680,22.629101,0
20-7,113.880066,22.567467,1
20-8,113.925636,22.504950,0
20-8,113.927048,22.507816,1
20-10,113.930946,22.521200,0
20-11,113.930099,22.527599,1
20-11,113.920120,22.502567,0
20-11,113.922752,22.519768,1
20-12,114.083969,22.551968,0
20-12,113.963997,22.542000,1
20-13,113.919930,22.533350,0
20-13,113.913231,22.540882,1
20-13,113.914368,22.537033,0
20-13,113.919586,22.538933,1
20-14,113.926987,22.545183,0
20-14,113.929169,22.542566,1
20-14,113.903381,22.536383,0
20-14,113.903114,22.516983,1
20-16,113.918800,22.545967,0
20-16,113.910301,22.534117,1
20-16,113.938820,22.542517,0
20-16,113.944801,22.545767,1
20-18,113.908485,22.535250,0
20-18,113.915787,22.531668,1
20-19,113.904480,22.517517,0
20-19,113.913963,22.518351,1
20-19,113.913582,22.512350,0
20-19,113.904633,22.516100,1
20-20,113.875664,22.571617,0
20-21,113.970901,22.522766,1
20-22,114.038696,22.603817,0
20-23,113.927353,22.542450,1
20-23,113.927567,22.547150,0
20-23,113.923103,22.534050,1
20-23,113.932915,22.583450,0
24-0,113.918419,22.553284,1
24-0,113.917152,22.568533,0
24-7,113.909698,22.545349,1
24-8,113.966003,22.523567,0
24-8,113.958153,22.543550,1
24-9,113.871964,22.574066,0
24-10,113.963448,22.542500,1
24-10,113.949165,22.580750,0
24-10,113.950218,22.570601,1
24-11,113.991852,22.530899,0
24-12,113.919029,22.508984,1
24-13,113.921402,22.529568,0
24-13,113.942230,22.524349,1
24-14,114.053566,22.537582,0
24-14,114.000504,22.530132,1
24-14,114.043434,22.557899,0
24-14,114.058281,22.566250,1
24-15,114.042953,22.605450,0
24-15,114.055267,22.580183,1
24-15,113.933533,22.521099,0
24-15,113.932899,22.522118,1
24-16,113.945000,22.535049,0
24-16,113.923332,22.535549,1
24-16,113.912682,22.535433,0
24-17,113.916550,22.536516,1
24-17,114.029884,22.527617,0
24-17,113.996567,22.529284,1
24-17,113.967331,22.562683,0
24-18,113.959747,22.557034,1
24-18,113.913681,22.531433,0
24-18,113.915985,22.541332,1
24-18,113.850319,22.571733,0
24-18,113.868103,22.564632,1
24-19,113.948814,22.543200,0
24-19,113.931282,22.542749,1
24-19,113.914619,22.526518,0
24-19,113.916702,22.538450,1
24-19,113.964104,22.544518,0
24-20,113.924400,22.547182,1
24-20,113.903397,22.562483,0
24-20,113.928566,22.552418,1
24-23,114.058899,22.520250,0
24-23,114.011932,22.537817,1
24-23,113.997383,22.535267,0
