time,jd,wd,status
19-15-22,113.959518,22.697607,1
19-16-25,114.028122,22.528431,0
20-1-37,113.814560,22.650917,1
20-1-48,113.814560,22.650917,0
20-11-41,113.918495,22.534517,1
20-13-27,114.060234,22.574505,0
22-11-41,113.821518,22.675491,1
22-14-48,114.062836,22.524385,0
