time,jd,wd,status
21-22-23,114.025757,22.672478,0
