time,jd,wd,status
22-23-4,114.116203,22.546309,1
22-23-16,114.134903,22.565639,0
