time,jd,wd,status
19-19,113.874725,22.598179,1
19-20,113.823936,22.680258,0
23-14,113.824097,22.724068,1
23-14,113.824104,22.724062,0
