time,jd,wd,status
19-6-42,114.012161,22.677526,0
19-18-5,114.024849,22.672245,1
19-23-28,114.012398,22.677847,0
20-18-5,114.012291,22.677418,1
20-21-57,114.014580,22.665611,0
