time,jd,wd,status
24-11,114.104683,22.553179,1
24-12,114.076134,22.551058,0
24-15,114.029640,22.627321,1
24-15,114.030212,22.617380,0
