time,jd,wd,status
19-22-18,114.033936,22.622135,0
20-9-40,113.918488,22.527992,1
20-18-8,113.930183,22.506224,0
23-0-11,114.044189,22.600767,1
23-0-23,114.033691,22.622084,0
