time,jd,wd,status
19-8,113.814247,22.651297,1
19-8,113.814247,22.651297,0
20-16,113.843811,22.769094,1
20-16,113.843803,22.769098,0
20-16,113.843811,22.769108,1
20-16,113.843811,22.769108,0
20-16,113.843811,22.769108,1
20-16,113.843811,22.769108,0
20-16,113.843811,22.769108,1
20-21,113.815247,22.651627,0
21-12,113.813629,22.670635,1
21-12,113.815056,22.693045,0
22-16,113.800697,22.710157,1
22-18,113.820694,22.660698,0
