time,jd,wd,status
24-1-5,114.116669,22.548971,0
