time,jd,wd,status
19-3-2,114.011940,22.664263,0
22-0-23,114.013214,22.671244,1
22-0-51,114.013809,22.664465,0
