time,jd,wd,status
19-5,114.105980,22.590218,1
19-5,114.100113,22.579445,0
21-0,114.129753,22.571583,1
21-0,114.124603,22.572008,0
21-22,114.133728,22.549395,1
21-22,114.132278,22.548998,0
24-19,114.025444,22.524010,1
24-19,114.025002,22.527628,0
