time,jd,wd,status
19-12-13,114.099632,22.547869,0
20-16-33,114.101532,22.580938,1
20-16-39,114.101509,22.581142,0
21-2-39,114.098961,22.574293,1
21-3-10,114.093307,22.570242,0
22-17-38,114.101448,22.581018,1
22-17-57,114.077492,22.632915,0
23-17-45,114.061996,22.629272,1
23-22-28,114.044304,22.598404,0
