time,jd,wd,status
18-21-18,114.011429,22.675035,1
18-21-30,114.011482,22.674948,0
20-6-48,114.025742,22.659853,1
20-7-5,114.025024,22.672285,0
24-2-32,114.018181,22.651711,1
24-4-2,114.011475,22.675003,0
