time,jd,wd,status
22-18-22,114.180130,22.555960,0
22-22-44,114.138260,22.574543,1
23-0-5,114.120514,22.547077,0
