time,jd,wd,status
19-6-12,114.056854,22.527733,1
19-6-48,114.116112,22.539465,0
22-20-11,114.113571,22.550564,1
22-22-3,114.125206,22.696630,0
