time,jd,wd,status
18-23,114.027336,22.661572,1
18-23,114.011841,22.663137,0
19-18,114.028770,22.644514,1
19-18,114.038261,22.651649,0
19-19,113.975716,22.679953,1
19-20,114.026321,22.672371,0
20-8,114.024307,22.658716,1
20-18,114.058105,22.663177,0
20-21,114.036873,22.658459,1
20-22,114.042068,22.649717,0
22-10,114.026276,22.672916,1
22-10,114.026230,22.672909,0
22-18,114.025002,22.671722,1
23-0,114.024292,22.659027,0
23-15,114.025406,22.672232,1
23-15,114.025406,22.672232,0
23-17,114.007996,22.660732,1
23-21,114.057991,22.663214,0
23-21,114.062515,22.639183,1
23-21,114.057899,22.663118,0
24-6,114.059334,22.723516,1
24-7,113.843483,22.772097,0
24-19,114.014938,22.660297,1
24-21,114.057808,22.663237,0
