time,jd,wd,status
22-1-25,114.128906,22.611153,0
24-18-9,114.158607,22.611389,1
