time,jd,wd,status
19-22,114.052666,22.538643,1
20-0,114.042458,22.570194,0
20-20,114.110153,22.621563,1
21-0,113.988968,22.541491,0
21-10,114.106682,22.540777,1
21-10,114.123848,22.544479,0
22-12,114.117760,22.592421,1
23-20,114.021950,22.536507,0
24-2,114.049622,22.538765,1
24-2,113.963661,22.547047,0
24-4,114.115753,22.582123,1
24-8,114.063080,22.520929,0
24-23,114.081757,22.549244,1
