time,jd,wd,status
19-23-33,113.818268,22.728968,1
19-23-53,113.815331,22.651655,0
21-3-16,113.896217,22.565556,1
21-3-38,113.878082,22.583651,0
21-11-29,113.909500,22.564642,1
21-12-1,113.901245,22.554035,0
22-1-8,113.814842,22.651373,1
22-1-12,113.814545,22.651443,0
22-3-27,113.878189,22.583574,1
22-3-44,113.880234,22.590170,0
22-8-6,113.871330,22.566965,1
22-8-45,113.878838,22.567974,0
23-19-21,113.871178,22.567118,1
23-20-40,113.814369,22.651094,0
