time,jd,wd,status
24-23-6,113.899681,22.555220,0
