time,jd,wd,status
19-9,113.929070,22.521849,1
19-11,113.814629,22.651228,0
20-7,114.136856,22.556934,1
20-7,114.136856,22.556950,0
21-15,114.146149,22.544954,1
21-15,114.146103,22.545328,0
