time,jd,wd,status
20-8,114.119667,22.565828,1
20-8,114.119499,22.565952,0
