time,jd,wd,status
19-10,114.056175,22.535746,1
19-13,113.814743,22.651270,0
19-19,114.173500,22.562067,1
19-20,114.134605,22.565348,0
21-19,114.173668,22.562220,1
21-19,114.179901,22.556852,0
22-0,114.064697,22.527334,1
22-0,114.067543,22.530317,0
22-18,114.161720,22.564268,1
22-18,114.173576,22.562122,0
23-19,114.173637,22.562164,1
23-19,114.179688,22.556639,0
24-18,114.161980,22.564264,1
24-19,114.173744,22.562122,0
