time,jd,wd,status
19-0-29,114.114166,22.535183,1
