time,jd,wd,status
19-1,114.052414,22.652878,1
19-1,114.052414,22.652872,0
20-10,114.119087,22.566242,1
20-10,114.119011,22.566242,0
22-20,114.409309,23.065800,1
22-22,114.126366,22.547560,0
