time,jd,wd,status
22-19,113.814720,22.651260,1
22-19,113.814720,22.651260,0
24-1,114.056534,22.522882,1
24-1,114.056534,22.522882,0
24-3,113.909317,22.515514,1
24-3,113.909378,22.515177,0
