time,jd,wd,status
20-17-4,114.077560,22.633018,0
23-23-37,114.043213,22.600975,1
24-0-19,114.054565,22.610247,0
24-14-15,114.035812,22.552032,1
24-20-23,114.044258,22.550449,0
