time,jd,wd,status
19-2,114.038376,22.614885,1
19-2,114.031898,22.638533,0
23-17,114.032684,22.629396,1
23-20,114.037537,22.653063,0
