time,jd,wd,status
20-11-27,114.124184,22.544521,0
22-19-25,114.036308,22.524431,1
22-19-25,114.036324,22.524427,0
23-10-35,114.113579,22.539698,1
23-10-49,114.106026,22.545868,0
23-19-41,113.814873,22.651344,1
23-19-42,113.814896,22.651327,0
