time,jd,wd,status
19-16,114.102242,22.625847,1
19-16,114.102242,22.625847,0
19-16,114.102242,22.625847,1
22-3,114.112679,22.609579,0
23-7,114.135727,22.615057,1
23-8,114.135727,22.615057,0
