time,jd,wd,status
18-0-0,114.128815,22.556067,1
