time,jd,wd,status
21-4-35,114.008331,22.661577,1
21-5-7,113.994301,22.674423,0
21-7-9,114.011497,22.663109,1
21-17-54,113.981087,22.681572,0
22-11-50,114.011971,22.666605,1
24-1-25,114.026031,22.660198,0
24-12-20,114.011971,22.666573,1
