time,jd,wd,status
19-7,114.073608,22.536963,1
19-7,114.073624,22.536982,0
23-18,114.124397,22.569967,1
23-18,114.124397,22.569967,0
