time,jd,wd,status
23-1,114.026482,22.660925,1
23-1,114.022926,22.658478,0
23-7,114.016251,22.657867,1
23-8,114.030296,22.665047,0
23-8,114.019936,22.662889,1
23-8,113.994102,22.672485,0
23-9,113.965645,22.689928,1
23-9,113.820839,22.647842,0
23-9,113.900726,22.672995,1
23-9,113.917213,22.675179,0
23-9,113.918755,22.675880,1
23-10,113.938393,22.683134,0
23-10,113.995941,22.684305,1
23-11,114.051674,22.638430,0
23-11,114.030014,22.659508,1
23-12,114.055519,22.633118,0
23-12,114.050873,22.637644,1
23-12,114.016731,22.657642,0
23-13,114.024384,22.671183,1
23-13,114.039619,22.674503,0
23-13,114.061829,22.661205,1
23-13,114.035812,22.693678,0
23-13,114.011131,22.673731,1
23-14,114.019150,22.667452,0
23-14,114.030014,22.675474,1
23-15,114.038521,22.652021,0
23-15,114.032631,22.640602,1
23-15,114.014496,22.656153,0
23-16,114.016960,22.665316,1
23-16,114.030762,22.659042,0
23-17,114.030144,22.659557,1
23-17,114.054985,22.625261,0
23-17,114.046638,22.638407,1
23-18,114.013718,22.645807,0
23-18,114.027000,22.656853,1
23-18,114.029922,22.665323,0
23-18,114.030869,22.658962,1
23-18,114.011078,22.665833,0
23-19,114.037949,22.651230,1
23-19,114.039345,22.656851,0
23-19,114.038147,22.657619,1
23-19,114.041939,22.603172,0
23-19,114.043663,22.601011,1
23-20,114.025002,22.634050,0
23-20,114.033493,22.661228,1
23-20,114.027031,22.656805,0
23-20,114.031197,22.663891,1
23-20,114.029694,22.669844,0
23-20,114.027542,22.668409,1
23-20,114.044556,22.598703,0
23-21,114.043594,22.601721,1
23-21,114.020782,22.636801,0
23-21,114.021027,22.637613,1
23-21,114.044472,22.690643,0
23-21,114.028198,22.662291,1
23-22,114.020485,22.660645,0
23-22,114.013580,22.665314,1
23-22,114.009300,22.674698,0
23-22,114.011795,22.673113,1
23-22,114.014992,22.655762,0
23-22,114.015640,22.654694,1
23-22,114.022507,22.642393,0
23-22,114.022400,22.658043,1
23-23,114.066536,22.625311,0
23-23,114.039513,22.651846,1
23-23,114.032166,22.657818,0
23-23,114.024078,22.654692,1
23-23,114.018333,22.651091,0
23-23,114.024826,22.659786,1
