time,jd,wd,status
19-8-37,114.074585,22.632738,0
23-3-3,114.101128,22.611881,1
23-3-6,114.101135,22.611870,0
23-6-32,114.110085,22.603579,1
23-7-50,114.132721,22.611877,0
