time,jd,wd,status
20-14-21,114.044586,22.523922,0
