time,jd,wd,status
18-22-31,114.054550,22.654488,0
