time,jd,wd,status
19-15,113.797249,22.674955,1
19-15,113.797264,22.674952,0
22-13,113.875671,22.567783,1
22-22,113.822159,22.676188,0
