time,jd,wd,status
24-13,114.136719,22.556517,1
