time,jd,wd,status
21-15-3,114.066902,22.660542,1
21-15-29,114.057816,22.663280,0
22-15-49,114.110397,22.741543,1
22-17-37,114.026657,22.661692,0
