time,jd,wd,status
23-22,114.111992,22.545530,1
23-22,114.111992,22.545530,0
