time,jd,wd,status
19-14,114.015923,22.748308,1
19-18,114.011894,22.667889,0
20-10,114.059212,22.723454,1
20-11,114.060143,22.723131,0
21-16,114.045433,22.649191,1
21-18,114.026581,22.661627,0
24-18,114.026695,22.661694,1
24-21,114.041405,22.715216,0
