time,jd,wd,status
21-5,114.108025,22.541718,1
21-6,114.104599,22.539738,0
21-8,114.074219,22.530659,1
21-11,114.053741,22.525087,0
22-18,114.055481,22.521379,1
22-21,114.045052,22.597088,0
24-1,114.057098,22.621519,1
24-2,114.060226,22.525900,0
