time,jd,wd,status
18-22-0,114.106819,22.544909,1
