time,jd,wd,status
22-18-18,113.927345,22.684868,0
24-8-18,113.925926,22.639021,1
24-11-52,114.243065,22.727980,0
24-17-57,113.929695,22.680153,1
24-18-1,113.929733,22.680092,0
