time,jd,wd,status
19-6-45,113.822769,22.677067,1
19-6-46,113.822739,22.677082,0
19-18-8,113.821335,22.658360,1
19-20-40,113.838440,22.733288,0
22-18-2,113.816765,22.660156,1
22-18-21,113.814079,22.677862,0
22-21-3,113.822845,22.677229,1
