time,jd,wd,status
18-0-2,113.932838,22.521358,1
18-0-39,113.927544,22.518965,0
