time,jd,wd,status
20-4-45,113.962059,22.535309,1
20-5-10,114.084396,22.539009,0
20-18-59,114.050652,22.530048,1
20-19-15,114.046555,22.520266,0
23-14-15,113.927330,22.550642,1
23-15-18,114.063400,22.520041,0
23-19-7,114.049278,22.526241,1
23-20-25,113.814865,22.651316,0
