time,jd,wd,status
23-18,114.113571,22.534201,1
23-21,114.119011,22.596697,0
