time,jd,wd,status
21-13,114.121841,22.564516,1
22-3,114.102142,22.625769,0
23-5,114.128746,22.574730,1
