time,jd,wd,status
24-19,113.814301,22.650633,1
24-20,114.274963,22.632532,0
24-21,114.308121,22.601267,1
24-21,114.099068,22.540300,0
24-21,114.095200,22.542883,1
24-22,114.112480,22.585667,0
24-22,114.116470,22.548332,1
24-22,114.093948,22.570118,0
