time,jd,wd,status
19-14-22,114.031586,22.678110,0
19-17-15,114.029694,22.670059,1
19-18-7,114.026611,22.661880,0
23-0-59,113.934723,22.683086,1
23-1-0,113.934723,22.683086,0
