time,jd,wd,status
18-1-32,114.060844,22.574675,0
