time,jd,wd,status
20-3-24,114.029846,22.522284,0
20-5-20,114.029846,22.522284,1
20-5-27,114.036781,22.522921,0
22-0-29,114.077980,22.534931,1
23-5-28,114.066544,22.532316,0
