time,jd,wd,status
18-21,114.042801,22.651161,1
18-23,114.026413,22.660997,0
19-15,114.180084,22.828993,1
19-17,114.044884,22.598541,0
24-17,114.021492,22.637447,1
