time,jd,wd,status
20-22-37,114.036736,22.558384,0
23-10-36,114.141884,22.555473,1
23-10-36,114.141884,22.555473,0
24-2-24,114.062798,22.529423,1
24-2-27,114.063210,22.526768,0
