time,jd,wd,status
21-7,113.951988,22.583509,1
21-9,113.909340,22.523840,0
21-10,113.942085,22.562357,1
21-10,113.942177,22.562321,0
21-17,113.909988,22.480707,1
21-18,113.814735,22.651173,0
22-19,113.913651,22.520805,1
23-4,113.917839,22.489737,0
23-9,113.934639,22.521786,1
23-12,113.908485,22.515957,0
