time,jd,wd,status
19-19-41,114.052521,22.571430,0
19-20-50,114.024902,22.556400,1
19-21-48,113.814667,22.651224,0
23-3-54,114.062904,22.545443,1
23-4-32,114.118317,22.574999,0
