time,jd,wd,status
18-0-0,114.071831,22.528400,1
