time,jd,wd,status
21-0,113.854301,22.612551,1
21-0,113.835220,22.603951,0
21-0,113.838951,22.595751,1
21-0,113.867699,22.576918,0
21-1,113.871696,22.574133,1
21-1,113.881371,22.584167,0
21-3,113.856216,22.573601,1
21-3,113.876282,22.594683,0
21-6,113.865982,22.566767,1
21-6,113.864334,22.580067,0
21-6,113.882347,22.570801,1
21-6,113.896019,22.550751,0
21-7,113.822884,22.674500,1
21-8,113.834419,22.806032,0
21-9,113.864868,22.606417,1
21-10,113.939636,22.683468,0
21-11,113.903618,22.651051,1
21-11,113.863884,22.599417,0
21-12,113.894653,22.583467,1
21-14,113.865570,22.605700,0
21-14,113.857719,22.624317,1
21-14,113.963097,22.685232,0
21-14,113.968414,22.685217,1
21-15,114.026733,22.672716,0
21-15,114.027664,22.673450,1
21-15,114.064781,22.661318,0
21-16,114.047363,22.671833,1
21-16,114.026314,22.672934,0
21-16,114.025635,22.672318,1
21-17,113.871834,22.786568,0
21-17,113.871429,22.786501,1
21-17,113.867653,22.771282,0
21-18,113.910400,22.587618,1
21-18,113.896820,22.571501,0
21-19,113.885414,22.745199,1
21-19,113.901497,22.757816,0
21-19,113.914886,22.652550,1
21-20,113.914597,22.592833,0
21-22,113.875870,22.583817,1
21-22,113.905014,22.559267,0
21-23,113.881432,22.584400,1
