time,jd,wd,status
22-20-41,114.101501,22.544477,1
24-5-9,114.033028,22.522774,0
24-5-11,114.033028,22.522774,1
24-5-11,114.033028,22.522774,0
24-5-14,114.033127,22.522675,1
