time,jd,wd,status
19-18,113.821419,22.658512,1
19-19,113.808296,22.669035,0
21-18,113.822990,22.674337,1
21-18,113.821350,22.658503,0
21-18,113.812798,22.664845,1
21-18,113.815437,22.649942,0
22-18,113.798309,22.763067,1
24-17,113.797462,22.764008,0
