time,jd,wd,status
18-0,114.123917,22.558586,1
