time,jd,wd,status
24-0,114.121910,22.569265,1
24-1,114.116669,22.548971,0
