time,jd,wd,status
19-6,114.024612,22.635914,1
19-7,114.016716,22.666168,0
19-7,114.027855,22.644896,1
19-13,114.035507,22.621979,0
