time,jd,wd,status
20-17,113.842400,22.771282,1
20-17,113.842415,22.771290,0
