time,jd,wd,status
19-0,114.038368,22.641582,1
19-0,114.024879,22.646084,0
19-1,113.895485,22.803383,1
19-1,113.901535,22.757433,0
19-3,114.048332,22.638033,1
19-3,114.062599,22.638718,0
19-3,114.055519,22.632750,1
19-3,114.052780,22.625299,0
19-5,114.022202,22.657850,1
19-6,114.005165,22.656401,0
19-8,114.024101,22.674517,1
19-9,114.026497,22.672934,0
19-10,114.019234,22.662434,1
19-11,114.028954,22.650932,0
19-13,114.014717,22.659767,1
19-13,114.003967,22.661034,0
19-19,114.027382,22.645050,1
19-19,114.053566,22.633350,0
19-19,114.056816,22.636868,1
19-19,114.045998,22.642817,0
19-22,114.029099,22.660366,1
19-22,114.036316,22.654118,0
24-0,114.025581,22.674517,1
24-0,114.019203,22.662350,0
24-7,114.008820,22.658649,1
24-7,114.010353,22.658167,0
24-8,113.996147,22.663483,1
24-8,114.007736,22.656799,0
24-9,114.037468,22.616583,1
24-9,114.016815,22.657551,0
24-10,114.028297,22.658333,1
24-10,114.041267,22.648216,0
24-10,114.042351,22.650267,1
24-10,114.032631,22.668882,0
24-14,114.236351,22.709650,1
24-15,114.137680,22.621733,0
24-15,113.999832,22.659683,1
24-15,113.987900,22.676050,0
24-16,113.982353,22.681549,1
24-16,114.034569,22.663218,0
24-18,114.020630,22.656584,1
24-18,114.038948,22.646099,0
24-20,114.010414,22.658199,1
24-21,114.023132,22.665199,0
24-21,114.024551,22.659349,1
24-21,114.018867,22.655184,0
24-22,114.016953,22.642599,1
24-22,114.029503,22.650583,0
