time,jd,wd,status
19-2-46,114.031898,22.638533,0
23-17-45,114.032684,22.629396,1
23-20-57,114.037537,22.653063,0
