time,jd,wd,status
21-6-5,114.104599,22.539738,0
21-8-25,114.074219,22.530659,1
21-11-28,114.053741,22.525087,0
22-18-56,114.055481,22.521379,1
22-21-45,114.045052,22.597088,0
24-1-51,114.057098,22.621519,1
24-2-42,114.060226,22.525900,0
