time,jd,wd,status
18-20,114.120262,22.611231,1
19-1,114.101242,22.616924,0
21-5,114.100349,22.615162,1
21-5,114.100365,22.615103,0
24-11,114.025406,22.670803,1
24-17,114.106323,22.616322,0
