time,jd,wd,status
19-13-10,114.110840,22.544062,0
