time,jd,wd,status
18-21,114.011429,22.675035,1
18-21,114.011482,22.674948,0
20-6,114.025742,22.659853,1
20-7,114.025024,22.672285,0
24-2,114.018181,22.651711,1
24-4,114.011475,22.675003,0
