time,jd,wd,status
18-21,114.095413,22.541206,1
