time,jd,wd,status
22-3-29,114.055687,22.515610,0
22-5-57,113.993256,22.538773,1
22-5-57,113.993256,22.538773,0
22-5-58,113.993248,22.538792,1
22-5-59,113.993248,22.538792,0
22-6-0,113.993248,22.538792,1
22-6-1,113.993248,22.538792,0
22-6-4,113.993248,22.538792,1
22-6-5,113.993248,22.538792,0
