time,jd,wd,status
19-12,113.812050,22.669138,1
19-12,113.822975,22.674349,0
22-22,113.814285,22.651108,1
22-22,113.814285,22.651108,0
22-22,113.814285,22.651108,1
22-22,113.814400,22.650883,0
22-22,113.815109,22.651564,1
22-23,113.814575,22.651438,0
