time,jd,wd,status
21-15,114.110870,22.534113,1
21-16,114.071228,22.584352,0
22-22,114.108925,22.537722,1
23-0,114.113693,22.539783,0
