time,jd,wd,status
18-1,113.963669,22.547050,1
18-2,113.963799,22.546949,0
18-8,114.039032,22.531050,1
18-8,114.035301,22.548517,0
18-8,114.034386,22.548733,1
18-8,114.030098,22.557417,0
18-16,113.913834,22.535467,1
18-17,113.931999,22.520300,0
18-17,113.939484,22.539351,1
18-18,113.885498,22.580700,0
19-2,113.963631,22.547132,1
19-10,114.024513,22.523132,0
20-1,113.927734,22.521282,1
20-9,113.991768,22.541918,0
