time,jd,wd,status
19-12,113.934067,22.545540,1
21-7,114.063438,22.517426,0
