time,jd,wd,status
18-21-11,114.114929,22.534878,1
18-22-31,114.054550,22.654488,0
