time,jd,wd,status
18-4,22.584892,0.000000,1
24-0,22.571850,0.000000,0
24-19,22.584969,0.000000,1
18-22,22.590233,0.000000,0
20-0,22.585007,0.000000,1
20-20,22.584831,0.000000,0
18-15,22.580332,0.000000,1
19-18,22.581537,0.000000,0
20-1,22.582857,0.000000,1
21-20,22.587997,0.000000,0
