time,jd,wd,status
20-13,114.024437,22.659018,1
20-17,114.025406,22.672148,0
20-18,114.058159,22.663088,1
19-19,114.043526,22.704308,0
