time,jd,wd,status
18-0,114.045952,22.643900,1
18-0,114.047035,22.634283,0
18-0,114.045769,22.639618,1
18-0,114.131149,22.614683,0
18-0,114.103348,22.625633,1
18-1,114.050514,22.630667,0
18-1,114.018753,22.655251,1
18-1,113.995537,22.667200,0
18-1,113.996864,22.675699,1
18-1,114.003983,22.680799,0
18-1,114.001198,22.682417,1
18-2,113.983948,22.692900,0
18-2,114.004219,22.680651,1
18-2,114.007401,22.675617,0
18-3,114.024635,22.671568,1
18-3,114.025330,22.657482,0
18-4,114.018600,22.655451,1
18-4,114.026314,22.627451,0
18-6,114.038132,22.646433,1
18-6,114.014999,22.665850,0
18-6,114.025383,22.664333,1
18-7,114.046921,22.600134,0
18-7,114.041199,22.608316,1
18-7,114.038216,22.606833,0
18-7,114.038918,22.613899,1
18-8,114.052353,22.631800,0
18-8,114.095749,22.634399,1
18-8,114.055916,22.656816,0
18-9,114.011620,22.673250,1
18-9,114.010780,22.658550,0
18-10,114.018616,22.667017,1
18-10,114.013603,22.674116,0
18-11,114.025101,22.664734,1
18-11,114.022919,22.643517,0
18-11,114.024216,22.646299,1
18-11,114.016220,22.658167,0
18-12,114.019135,22.667200,1
18-12,114.030266,22.665133,0
18-13,114.026352,22.673733,1
18-13,114.024986,22.672033,0
18-14,114.018181,22.663584,1
18-14,114.007484,22.653618,0
18-14,114.008369,22.658800,1
18-15,114.075081,22.630917,0
18-15,114.074471,22.629517,1
18-15,114.058281,22.637899,0
18-15,114.051620,22.637300,1
18-15,114.042900,22.650633,0
18-17,114.045303,22.638567,1
18-17,114.046631,22.638350,0
18-17,114.038353,22.641684,1
18-17,114.039970,22.645533,0
18-17,114.039970,22.645533,1
18-17,114.028847,22.660767,0
18-18,114.038216,22.657650,1
18-18,114.022964,22.664949,0
18-18,114.016518,22.665150,1
18-19,114.061417,22.660233,0
18-20,114.043449,22.638968,1
18-20,114.053650,22.636383,0
18-21,114.039070,22.652050,1
18-21,114.028549,22.658216,0
18-21,114.041649,22.658283,1
18-21,114.020370,22.634268,0
18-21,114.021736,22.636850,1
18-21,114.034782,22.616484,0
18-21,114.034119,22.625450,1
18-22,114.028381,22.658484,0
18-23,114.056320,22.665033,1
18-23,114.039085,22.657049,0
18-23,114.046165,22.647150,1
18-23,114.057869,22.637568,0
18-23,114.058464,22.637966,1
18-23,114.049850,22.604584,0
18-23,114.040047,22.611633,1
18-23,114.031685,22.627367,0
