time,jd,wd,status
19-23-35,113.814827,22.651121,0
22-22-13,114.031685,22.626867,1
22-23-56,114.094910,22.569897,0
23-1-48,114.099548,22.540833,1
23-1-48,114.099556,22.540798,0
24-17-2,114.067574,22.524313,1
24-17-2,114.067589,22.524338,0
24-20-38,114.058258,22.549534,1
24-22-10,114.111633,22.597538,0
