time,jd,wd,status
19-0-2,113.836929,22.729475,1
19-0-3,113.836929,22.729475,0
19-0-33,113.829094,22.731800,1
19-0-35,113.829117,22.731842,0
19-13-39,113.824036,22.724001,1
19-16-44,113.837929,22.729843,0
