time,jd,wd,status
19-8,114.057007,22.626474,1
19-8,114.057007,22.626472,0
19-8,114.057007,22.626472,1
19-8,114.057007,22.626472,0
19-8,114.057007,22.626472,1
19-8,114.057007,22.626472,0
19-10,114.044724,22.598557,1
19-10,114.044724,22.598557,0
19-12,113.982071,22.681473,1
19-14,114.045372,22.598722,0
19-16,114.060280,22.708248,1
19-18,114.026573,22.626675,0
19-18,114.026604,22.626694,1
19-18,114.026604,22.626694,0
19-18,114.026604,22.626694,1
19-18,114.026604,22.626694,0
19-19,114.008614,22.661543,1
19-20,114.021866,22.658913,0
20-4,114.045784,22.642267,1
20-5,114.037689,22.641953,0
20-8,114.021095,22.638855,1
20-9,113.996254,22.662798,0
21-11,114.059586,22.622444,1
21-12,114.007256,22.634396,0
21-20,114.020920,22.637667,1
21-21,114.016441,22.657770,0
21-21,114.015366,22.665817,1
21-22,114.042213,22.645075,0
22-7,114.019272,22.633495,1
22-9,114.032539,22.640528,0
23-3,114.015175,22.643772,1
23-4,114.037613,22.642035,0
23-10,114.043022,22.648554,1
23-11,113.814445,22.650993,0
23-12,113.823227,22.647858,1
23-13,113.916740,22.590673,0
23-22,114.040733,22.609873,1
23-23,114.052834,22.674831,0
24-1,114.024200,22.636208,1
24-1,114.021584,22.639620,0
24-9,114.119347,22.620291,1
24-13,114.025368,22.672216,0
24-19,113.829735,22.650118,1
24-21,114.045311,22.598713,0
24-21,114.029648,22.669847,1
