time,jd,wd,status
19-15-1,114.026192,22.675432,1
19-15-17,114.016785,22.666498,0
22-17-16,114.062325,22.623672,1
22-18-15,114.024651,22.671364,0
23-0-17,114.024490,22.671978,0
