time,jd,wd,status
18-21,113.822792,22.676970,0
19-6,113.821404,22.658318,1
19-6,113.821358,22.658327,0
19-6,113.821342,22.658323,1
19-6,113.834465,22.675175,0
19-6,113.834465,22.675175,1
19-6,113.834465,22.675175,0
19-6,113.834465,22.675175,1
19-6,113.834465,22.675175,0
19-6,113.834465,22.675175,1
19-7,113.815788,22.675112,0
19-9,113.837822,22.728483,1
19-9,113.837959,22.732084,0
19-11,113.825615,22.744133,1
19-13,113.925079,22.685993,0
19-17,113.821465,22.658806,1
19-18,113.822845,22.677008,0
20-14,113.824837,22.723927,1
20-14,113.824837,22.723927,0
21-12,113.834274,22.675274,1
21-13,113.834282,22.675278,0
21-16,113.902374,22.739277,1
21-16,113.902374,22.739277,0
21-16,113.894585,22.776211,1
21-19,113.822945,22.677256,0
22-8,113.842377,22.771374,1
22-11,113.822891,22.677214,0
22-18,113.818756,22.680168,1
23-0,113.820518,22.678076,0
23-1,113.812065,22.669067,1
23-2,113.822906,22.677193,0
23-5,113.817909,22.676107,1
23-5,113.817909,22.676107,0
23-6,113.834389,22.675503,1
23-6,113.834389,22.675507,0
23-6,113.834389,22.675507,1
23-7,113.834389,22.675507,0
23-7,113.834389,22.675507,1
23-7,113.815292,22.674530,0
23-8,113.883423,22.581987,1
23-11,113.813629,22.677984,0
23-13,113.839607,22.770712,1
23-13,113.839607,22.770695,0
23-14,113.830048,22.644978,1
23-15,113.899895,22.561018,0
23-17,113.829353,22.713083,1
23-18,113.818748,22.680271,0
24-6,113.834496,22.675213,1
24-6,113.834496,22.675213,0
24-6,113.834496,22.675213,1
24-6,113.834496,22.675213,0
24-7,113.834496,22.675213,1
24-7,113.834496,22.675213,0
24-7,113.834496,22.675213,1
24-7,113.834496,22.675213,0
24-17,113.836441,22.611618,1
24-23,113.817818,22.676233,0
