time,jd,wd,status
24-0,113.921165,22.530149,1
24-0,113.909851,22.525700,0
24-0,113.930321,22.527800,1
24-0,114.037682,22.562651,0
24-0,114.036034,22.563267,1
24-1,114.125237,22.545168,0
24-1,114.109253,22.541651,1
24-1,114.102669,22.587618,0
24-2,114.082420,22.549232,1
24-2,114.037720,22.565916,0
24-7,114.027016,22.526449,1
24-7,114.110130,22.543800,0
24-7,114.124817,22.562050,1
22-7,113.814468,22.649851,0
22-8,113.882515,22.570482,1
22-8,113.942482,22.506918,0
22-9,113.945335,22.506550,1
22-9,113.814819,22.649401,0
22-11,113.815987,22.647667,1
22-11,114.171616,22.561783,0
22-11,114.167915,22.566883,1
22-12,114.081665,22.546499,0
22-12,114.076164,22.545151,1
22-12,114.055267,22.537634,0
22-12,114.053665,22.537617,1
22-12,114.048035,22.541550,0
22-12,114.047836,22.540167,1
22-13,114.123619,22.558533,0
22-13,114.123070,22.558201,1
22-13,114.113998,22.531767,0
22-13,114.114754,22.542583,1
22-13,114.137253,22.562983,0
22-13,114.127930,22.556868,1
22-14,114.114685,22.534733,0
22-14,114.114685,22.534733,1
22-14,114.208054,22.669884,0
22-14,114.190231,22.649450,1
22-15,114.107353,22.599751,0
22-15,114.106133,22.590300,1
22-15,114.089531,22.543501,0
22-15,114.079201,22.543200,1
22-16,114.068298,22.550900,0
22-16,114.070099,22.551033,1
22-16,114.049736,22.537434,0
22-16,114.024666,22.536900,1
22-17,114.044434,22.511032,0
22-17,114.044601,22.512432,1
22-17,114.037621,22.570950,0
22-17,114.038414,22.569433,1
22-17,114.034737,22.541668,0
22-17,114.034737,22.541668,1
22-18,114.035629,22.560167,0
22-18,114.037285,22.557650,1
22-18,114.064514,22.573999,0
22-18,114.064514,22.573999,1
22-18,114.042320,22.570351,0
22-18,114.043114,22.567583,1
22-19,114.124031,22.558683,0
22-19,114.124031,22.558683,1
22-19,114.116585,22.549299,0
22-19,114.114967,22.546133,1
22-20,114.058647,22.529301,0
22-20,114.060265,22.542084,1
22-20,114.125099,22.559868,0
22-20,114.124802,22.562349,1
22-21,114.134384,22.572983,0
22-21,114.133568,22.571632,1
22-21,114.132515,22.554951,0
22-21,114.132515,22.554951,1
22-21,114.113167,22.584682,0
22-21,114.112747,22.547068,1
22-22,114.111115,22.611799,0
22-22,114.095230,22.564734,1
22-22,114.064667,22.649300,0
22-22,114.061668,22.638968,1
22-23,114.106148,22.566067,0
22-23,114.106148,22.566067,1
22-23,114.111320,22.541349,0
22-23,114.113503,22.534433,1
