time,jd,wd,status
21-2-55,114.013680,22.665039,0
21-19-18,113.862282,22.660183,1
