time,jd,wd,status
21-17,114.024651,22.545959,1
21-19,114.041504,22.527334,0
24-23,113.782166,22.805902,1
