time,jd,wd,status
19-9,113.778290,22.669937,1
19-11,113.870308,22.593403,0
