time,jd,wd,status
24-6-22,114.108696,22.541204,0
