time,jd,wd,status
19-6-31,114.023827,22.665802,0
20-21-40,114.007591,22.660994,1
20-22-52,113.961151,22.685829,0
