time,jd,wd,status
20-8-41,114.119499,22.565952,0
