time,jd,wd,status
19-17,114.043472,22.557249,1
19-20,114.090958,22.538864,0
19-22,114.090530,22.558496,1
20-0,114.067230,22.571186,0
20-17,114.218323,22.557182,1
20-21,113.929939,22.503048,0
20-23,114.075539,22.543173,1
21-0,113.815010,22.651608,0
21-22,114.111740,22.607555,1
21-23,114.067238,22.571226,0
22-16,114.061554,22.571323,1
22-22,113.978096,22.562052,0
23-15,114.071159,22.624758,1
23-16,114.043182,22.600592,0
23-18,113.949524,22.583403,1
23-19,114.145309,22.555670,0
23-21,114.090599,22.558388,1
23-22,114.078835,22.561913,0
23-22,114.091331,22.543325,1
23-23,114.105537,22.551125,0
24-16,114.043694,22.550524,1
24-21,114.048645,22.535311,0
