time,jd,wd,status
23-16,114.106743,22.544876,1
23-17,114.088020,22.543367,0
23-17,114.043465,22.556692,1
23-17,114.045097,22.571630,0
23-18,114.099991,22.543583,1
23-20,114.071907,22.536583,0
