time,jd,wd,status
22-18,113.949020,22.581039,1
