time,jd,wd,status
23-0-0,114.047867,22.538033,1
