time,jd,wd,status
19-2-29,113.904602,22.515699,1
19-2-30,113.904602,22.515667,0
20-1-44,113.919167,22.508600,1
20-2-8,113.931114,22.520782,0
21-23-40,113.941750,22.546200,1
22-0-4,113.878983,22.568117,0
