time,jd,wd,status
19-18-59,114.024826,22.523262,1
