time,jd,wd,status
21-6,114.009689,22.535475,1
21-6,114.060417,22.536028,0
