time,jd,wd,status
21-1,113.947273,22.523310,1
21-2,114.118469,22.551722,0
21-11,113.862114,22.524311,1
21-13,113.979294,22.561279,0
