time,jd,wd,status
19-9-30,114.119820,22.565792,1
19-9-31,114.119835,22.565807,0
20-18-37,114.044334,22.550219,1
20-22-1,114.129501,22.558168,0
23-10-53,113.966263,22.570658,1
23-10-54,113.966148,22.570791,0
24-17-57,114.126892,22.560188,1
24-20-15,114.129547,22.547270,0
