time,jd,wd,status
20-1,114.128807,22.611298,1
22-1,114.128906,22.611153,0
24-18,114.158607,22.611389,1
