time,jd,wd,status
20-0,114.072220,22.530687,1
21-21,114.042130,22.530954,0
