time,jd,wd,status
18-22,113.972733,22.624779,1
18-23,114.060883,22.526007,0
19-22,113.928940,22.584333,0
20-2,114.063660,22.519518,1
20-2,114.060631,22.526257,0
20-18,114.099510,22.544607,1
20-21,114.134918,22.565758,0
