time,jd,wd,status
19-18-3,114.130623,22.641232,1
21-0-29,114.044174,22.600761,0
21-9-48,114.026672,22.660824,1
21-12-57,114.046867,22.637608,0
22-11-44,114.024284,22.665253,1
22-13-14,114.046875,22.637577,0
