time,jd,wd,status
19-7-30,114.138062,22.609415,0
23-3-28,114.112099,22.603342,1
23-3-38,114.112099,22.603342,0
