time,jd,wd,status
22-2-40,114.063499,22.545683,0
