time,jd,wd,status
23-11-50,113.990074,22.695492,0
23-11-51,113.990074,22.695492,1
