time,jd,wd,status
20-7,114.024895,22.672302,1
20-8,114.025177,22.672438,0
20-17,114.025146,22.672504,1
20-17,114.025146,22.672506,0
24-20,113.990608,22.677168,1
24-21,114.024658,22.672060,0
