time,jd,wd,status
21-17-53,114.050278,22.530781,1
