time,jd,wd,status
24-3,114.063377,22.520039,1
