time,jd,wd,status
19-8-25,114.063492,22.517483,1
19-18-22,114.043861,22.600456,0
22-1-0,114.047928,22.538454,1
22-1-36,114.026215,22.672792,0
22-18-17,114.042946,22.601240,1
22-20-3,114.112473,22.535852,0
23-0-49,113.929176,22.547607,1
23-1-43,113.904915,22.555927,0
23-5-57,114.043243,22.600672,1
23-12-0,114.085999,22.551327,0
23-23-0,114.048897,22.604258,1
23-23-41,114.086723,22.543322,0
