time,jd,wd,status
19-1-49,114.056046,22.633371,0
23-12-41,114.016945,22.659670,1
23-14-33,114.040512,22.615398,0
