time,jd,wd,status
19-13-10,114.076454,22.542854,0
21-9-10,114.115395,22.580221,1
21-9-10,114.115395,22.580221,0
22-6-20,113.941559,22.541275,1
22-6-32,113.910995,22.547079,0
