time,jd,wd,status
19-0,113.944702,22.532534,1
19-0,114.055550,22.633232,0
19-0,114.056419,22.633368,1
19-0,114.074921,22.630983,0
19-2,114.033699,22.528784,1
19-2,113.925331,22.520332,0
19-5,113.913750,22.489283,1
19-5,113.927620,22.488916,0
19-6,113.918732,22.507450,1
19-6,113.815948,22.647167,0
19-8,113.814964,22.649900,1
19-9,114.057014,22.539433,0
19-9,114.061668,22.535633,1
19-9,114.053085,22.531549,0
19-9,114.020134,22.526800,1
19-9,114.025253,22.536699,0
19-10,114.017769,22.527750,1
19-10,113.946152,22.524366,0
19-11,113.920319,22.523632,1
19-11,113.918671,22.526882,0
19-11,113.919197,22.527283,1
19-12,113.974152,22.522766,0
19-12,114.050682,22.514400,1
19-12,114.057320,22.514383,0
19-12,114.052116,22.511084,1
19-13,113.903549,22.530416,0
19-13,113.932686,22.522800,1
19-13,113.931030,22.520651,0
19-13,113.931213,22.520500,1
19-13,113.918251,22.521032,0
19-13,113.919067,22.509132,1
19-14,113.890816,22.502434,0
19-14,113.910164,22.535267,1
19-14,113.918518,22.543100,0
19-14,113.919014,22.544100,1
19-14,114.037514,22.530550,0
19-15,114.055817,22.525917,1
19-15,114.051147,22.528784,0
19-15,114.051300,22.527817,1
19-15,114.034752,22.521133,0
19-15,114.066101,22.531384,1
19-15,113.924217,22.519333,0
19-16,113.920937,22.512983,1
19-16,113.891403,22.570566,0
19-17,113.913651,22.485933,1
19-17,113.927567,22.482500,0
19-17,113.921730,22.491850,1
19-17,113.925583,22.543533,0
19-18,113.831085,22.630383,1
19-19,113.886368,22.561567,0
19-19,113.961830,22.540251,1
19-19,113.919815,22.512684,0
19-19,113.919868,22.512716,1
19-20,113.887947,22.560617,0
19-20,113.909653,22.526251,1
19-20,113.917503,22.509501,0
19-20,113.916451,22.509783,1
19-20,113.908836,22.515100,0
19-20,113.918449,22.508051,1
19-20,113.924614,22.504999,0
19-21,113.915649,22.499733,1
19-21,114.057800,22.545650,0
19-21,114.056633,22.539568,1
19-22,114.081734,22.546850,0
19-22,114.081779,22.546083,1
19-22,114.071831,22.543783,0
19-22,114.076317,22.542667,1
19-22,114.063667,22.550068,0
19-22,114.066986,22.551050,1
19-23,114.087517,22.549316,0
19-23,114.073349,22.543167,1
19-23,114.047867,22.540251,0
19-23,114.047867,22.538366,1
19-23,114.033447,22.553617,0
