time,jd,wd,status
19-3,114.018997,22.532867,1
19-3,114.035202,22.544767,0
19-3,113.909332,22.544933,1
19-4,113.923531,22.513268,0
19-4,114.123100,22.547449,1
19-4,114.104485,22.592817,0
19-7,114.028481,22.530867,1
19-7,113.905281,22.531483,0
19-7,113.904869,22.533684,1
19-9,113.891197,22.557199,0
19-9,113.892967,22.555483,1
19-10,113.842949,22.771433,0
19-11,113.915337,22.543716,1
19-11,113.914597,22.541218,0
19-12,113.913986,22.537783,1
19-12,113.920700,22.549183,0
19-12,113.915283,22.541634,1
19-12,113.918182,22.530117,0
19-13,113.912117,22.539482,1
19-13,113.897751,22.565233,0
19-13,113.905701,22.553516,1
19-13,113.933533,22.548100,0
19-13,113.938202,22.543150,1
19-14,113.795685,22.682484,0
19-14,113.906815,22.550850,1
19-15,113.904648,22.531601,0
19-16,113.921883,22.642651,1
19-16,113.906601,22.553850,0
19-17,113.905029,22.555799,1
19-17,113.945251,22.528549,0
19-17,113.943047,22.533350,1
19-17,113.972321,22.550432,0
19-17,113.971832,22.540001,1
19-17,114.017799,22.539618,0
19-18,113.975670,22.537533,1
19-18,113.916847,22.542999,0
19-18,113.933731,22.548817,1
19-19,114.039146,22.553467,0
19-19,114.007980,22.551184,1
19-19,113.977768,22.559532,0
19-19,113.969948,22.561617,1
19-19,113.957520,22.572983,0
19-19,113.954536,22.574066,1
19-19,113.944382,22.583433,0
19-19,113.947716,22.577883,1
19-19,113.917633,22.569017,0
20-21,114.400070,22.604134,1
20-21,114.400070,22.604134,0
20-22,114.400070,22.604134,1
20-22,114.091064,22.543667,0
20-22,114.091064,22.543667,1
20-22,114.091064,22.543667,0
20-22,114.091064,22.543667,1
20-22,114.103867,22.553049,0
20-22,114.096169,22.551849,1
20-22,114.096169,22.551849,0
20-23,113.930679,22.524250,1
20-23,113.930679,22.524250,0
20-23,113.930733,22.545517,1
20-23,113.951164,22.574232,0
19-21,113.952667,22.564016,1
19-21,113.991699,22.542801,0
19-21,113.982399,22.536650,1
