time,jd,wd,status
19-1-0,114.056290,22.530657,1
22-6-23,114.050423,22.529806,0
22-6-24,114.050423,22.529812,1
