time,jd,wd,status
22-4,113.800446,22.735489,1
22-4,113.821297,22.675398,0
