time,jd,wd,status
21-19,114.068352,22.523849,1
21-20,114.122849,22.580299,0
21-20,114.121498,22.574034,1
21-20,114.116516,22.548866,0
21-20,114.082550,22.543182,1
21-20,114.082550,22.543182,0
21-20,114.062119,22.529432,1
21-20,114.069984,22.538633,0
21-20,114.074730,22.539801,1
21-21,114.078453,22.549168,0
21-21,114.078453,22.549168,1
21-21,114.128685,22.589884,0
21-21,114.124985,22.590366,1
21-21,114.117966,22.541349,0
21-22,114.112366,22.535999,1
21-22,114.099403,22.550734,0
21-22,114.100281,22.547501,1
21-22,114.100914,22.554234,0
