time,jd,wd,status
20-6-32,114.092064,22.541855,1
20-7-5,114.020844,22.532404,0
20-7-5,114.020844,22.532404,1
