time,jd,wd,status
19-19-13,114.125687,22.547798,1
20-2-20,114.124023,22.549063,0
20-14-56,113.985565,22.555317,1
20-16-51,114.052505,22.571024,0
