time,jd,wd,status
19-15,114.113480,22.585873,1
19-22,114.045258,22.537243,0
20-21,113.939034,22.542574,1
21-0,113.904083,22.556782,0
