time,jd,wd,status
23-12-8,114.012085,22.655317,0
