time,jd,wd,status
20-17-10,114.113365,22.543133,1
