time,jd,wd,status
21-1,113.785080,22.813999,1
21-1,113.784164,22.803448,0
21-5,114.116241,22.539610,1
21-5,114.062630,22.524298,0
21-10,114.058250,22.544582,1
21-10,114.008018,22.548550,0
22-6,114.078392,22.534473,1
22-6,114.062683,22.524351,0
22-20,114.106094,22.546158,1
22-22,114.124794,22.577272,0
