time,jd,wd,status
19-18,114.104706,22.549164,1
19-19,114.129684,22.546907,0
20-9,114.119591,22.566031,1
20-9,114.120453,22.563450,0
21-4,114.127632,22.555548,1
21-4,114.104332,22.554426,0
21-17,114.165268,22.569784,1
21-18,114.146408,22.553276,0
22-2,114.047729,22.535109,1
22-2,114.048569,22.537363,0
22-18,114.109329,22.544361,1
22-18,114.146660,22.553293,0
23-19,114.127411,22.548756,1
23-20,114.069176,22.526630,0
