time,jd,wd,status
24-7-4,113.815193,22.651510,0
