time,jd,wd,status
20-23,113.978951,22.559671,1
