time,jd,wd,status
20-12,113.832245,22.741112,1
20-12,113.832230,22.741129,0
20-13,113.840225,22.750643,1
21-12,113.831947,22.741203,0
21-13,113.837364,22.730597,1
21-19,113.834297,22.740870,0
23-8,113.838089,22.729889,1
