time,jd,wd,status
18-9-1,114.143997,22.554518,1
18-9-16,114.163315,22.561768,0
22-18-35,114.100754,22.558582,1
22-21-29,114.042603,22.569332,0
