time,jd,wd,status
19-12-17,114.112915,22.538366,0
19-12-18,114.112503,22.538433,1
19-12-31,114.068565,22.523899,0
