time,jd,wd,status
23-18,114.053986,22.531225,1
