time,jd,wd,status
21-9,114.016495,22.530558,1
21-9,114.016495,22.530558,0
24-7,114.044464,22.526428,1
