time,jd,wd,status
18-0,114.112335,22.611900,1
