time,jd,wd,status
21-1,113.869568,22.594843,1
21-1,113.869568,22.594843,0
22-9,113.891281,22.568913,1
22-13,113.894150,22.584103,0
23-15,114.031143,22.677706,1
23-15,113.987106,22.671047,0
24-1,113.899574,22.555099,1
24-1,113.899559,22.555059,0
