time,jd,wd,status
19-10,113.971344,22.677998,1
19-11,113.821175,22.647907,0
21-8,114.041260,22.715137,1
21-8,114.041260,22.715128,0
21-15,114.009338,22.661966,1
21-16,114.026108,22.672228,0
22-11,114.007599,22.733440,1
22-13,114.023560,22.654854,0
24-10,114.024567,22.672005,1
24-13,114.044006,22.672634,0
24-17,114.044464,22.679411,1
24-18,114.026329,22.672386,0
