time,jd,wd,status
19-0,114.159912,22.697529,1
19-2,114.131989,22.701195,0
19-13,114.123306,22.701899,1
19-18,114.131874,22.689142,0
20-4,114.158005,22.683065,1
20-7,114.108459,22.697645,0
20-10,114.128990,22.701918,1
20-11,114.123093,22.701838,0
20-11,114.123085,22.701853,1
20-17,114.121880,22.681536,0
21-5,114.131889,22.689096,1
21-6,114.136620,22.673330,0
23-2,114.120132,22.695127,1
23-3,114.138733,22.716236,0
23-4,114.131783,22.689175,1
23-6,114.151794,22.680298,0
23-17,114.132095,22.689245,1
