time,jd,wd,status
18-1-3,114.071930,22.543219,1
18-1-32,114.060844,22.574675,0
