time,jd,wd,status
19-1-4,114.101242,22.616924,0
21-5-33,114.100349,22.615162,1
21-5-41,114.100365,22.615103,0
24-11-37,114.025406,22.670803,1
24-17-50,114.106323,22.616322,0
