time,jd,wd,status
22-16-52,113.903214,22.536949,0
22-16-56,113.903214,22.536949,1
22-19-23,114.075836,22.632133,0
22-22-11,114.076935,22.631783,1
22-22-13,114.077484,22.632084,0
22-22-13,114.077484,22.632084,1
22-22-20,114.077484,22.632084,0
