time,jd,wd,status
20-3,113.884026,22.592865,1
20-3,113.884026,22.592865,0
20-16,113.939056,22.542530,1
20-16,113.939056,22.542530,0
20-19,113.870140,22.594442,1
20-19,113.870140,22.594442,0
21-6,113.908318,22.493267,1
21-7,113.878426,22.591879,0
22-7,113.864998,22.567493,1
22-8,113.877899,22.591318,0
