time,jd,wd,status
19-9,114.113342,22.534012,1
20-1,114.113380,22.543514,0
20-12,114.111763,22.540190,1
20-15,114.043671,22.521725,0
