time,jd,wd,status
19-21-15,113.910347,22.487413,0
20-6-22,114.041626,22.530800,1
20-7-45,114.063271,22.517569,0
20-10-53,114.119247,22.565941,1
20-10-56,114.119217,22.566240,0
