time,jd,wd,status
23-13-17,114.101273,22.607483,0
