time,jd,wd,status
23-8-40,113.879150,22.568367,1
23-9-33,114.108170,22.615883,0
23-9-41,114.101936,22.597967,1
23-10-9,114.114700,22.531366,0
