time,jd,wd,status
19-15,114.026192,22.675432,1
19-15,114.016785,22.666498,0
22-17,114.062325,22.623672,1
22-18,114.024651,22.671364,0
22-20,113.713562,23.062584,1
23-0,114.024490,22.671978,0
