time,jd,wd,status
21-1-19,113.869568,22.594843,0
22-9-10,113.891281,22.568913,1
22-13-39,113.894150,22.584103,0
23-15-6,114.031143,22.677706,1
23-15-57,113.987106,22.671047,0
24-1-38,113.899574,22.555099,1
24-1-42,113.899559,22.555059,0
