time,jd,wd,status
18-16,113.853264,22.619467,1
18-17,113.900719,22.564150,0
18-17,113.898018,22.563967,1
18-18,113.843651,22.770582,0
