time,jd,wd,status
22-19-43,113.871193,22.567047,1
24-23-6,113.899681,22.555220,0
