time,jd,wd,status
18-0-0,114.246315,22.724983,1
