time,jd,wd,status
22-8,114.129631,22.577160,1
23-1,114.131798,22.615473,0
