time,jd,wd,status
19-2-0,114.159081,22.610172,0
19-17-53,114.106155,22.616816,1
19-17-59,114.106094,22.616371,0
