time,jd,wd,status
18-17,113.906654,22.540991,1
18-18,113.925232,22.519297,0
