time,jd,wd,status
19-16-51,114.114746,22.582729,1
