time,jd,wd,status
19-20-40,114.114365,22.534210,1
20-17-40,113.815102,22.650972,0
20-17-40,113.815102,22.650972,1
20-17-42,113.815102,22.650972,0
20-17-43,113.815102,22.650972,1
