time,jd,wd,status
22-1,113.828255,22.722244,1
22-4,113.837700,22.729246,0
22-7,113.831657,22.715693,1
22-9,113.838013,22.729893,0
22-9,113.837914,22.729855,1
22-17,113.801964,22.735462,0
22-18,113.842514,22.743423,1
22-21,113.842690,22.737183,0
