time,jd,wd,status
19-3-35,114.006828,22.650661,0
19-9-12,114.043434,22.704437,1
19-10-14,114.056244,22.623249,0
21-23-17,114.017151,22.642944,1
22-1-58,114.024345,22.659060,0
24-14-6,114.024986,22.659742,1
24-18-43,114.006630,22.650801,0
