time,jd,wd,status
20-19,114.011795,22.667868,1
23-1,114.058044,22.663219,0
24-9,114.041298,22.715170,1
24-20,114.007240,22.735207,0
