time,jd,wd,status
21-17,113.904671,22.515888,1
