time,jd,wd,status
23-18-53,114.026932,22.558317,1
23-18-58,114.138390,22.609110,0
