time,jd,wd,status
23-21-51,114.028969,22.532713,1
