time,jd,wd,status
20-1-35,114.086670,22.540192,1
20-2-4,114.127167,22.547972,0
21-20-36,113.979973,22.535940,1
21-23-38,114.033134,22.522793,0
22-16-43,114.139023,22.564068,1
22-20-31,114.135567,22.615238,0
23-17-25,114.187569,22.642792,1
23-20-40,113.917725,22.504400,0
