time,jd,wd,status
18-10,114.058044,22.534367,1
18-10,114.057755,22.534739,0
