time,jd,wd,status
22-20,114.101501,22.544477,1
24-5,114.033028,22.522774,0
24-5,114.033028,22.522774,1
24-5,114.033028,22.522774,0
24-5,114.033127,22.522675,1
