time,jd,wd,status
22-1-39,113.828255,22.722244,1
22-4-12,113.837700,22.729246,0
22-7-56,113.831657,22.715693,1
22-9-30,113.838013,22.729893,0
22-9-53,113.837914,22.729855,1
22-17-56,113.801964,22.735462,0
22-18-37,113.842514,22.743423,1
22-21-6,113.842690,22.737183,0
