time,jd,wd,status
23-12,114.362579,22.612654,1
