time,jd,wd,status
20-23-44,114.102974,22.544706,0
21-23-5,114.055328,22.573032,1
22-0-18,114.114609,22.546843,0
