time,jd,wd,status
20-13,113.880234,22.592983,1
20-13,113.880386,22.592978,0
21-9,113.894943,22.566929,1
21-9,113.894943,22.566929,0
21-15,113.842079,22.771605,1
21-15,113.841110,22.751175,0
23-11,113.814240,22.651028,1
23-12,113.814247,22.650908,0
24-12,113.893814,22.583740,1
24-12,113.893768,22.583794,0
24-19,113.905602,22.555344,0
