time,jd,wd,status
19-1,113.874870,22.575800,1
19-1,113.862549,22.567949,0
19-2,113.857269,22.574083,1
19-2,113.874969,22.572033,0
19-3,113.880203,22.570601,1
19-3,113.885384,22.580366,0
19-5,113.875000,22.571699,1
19-5,113.873436,22.572950,0
19-6,113.861954,22.578951,1
19-7,113.813980,22.657450,0
19-7,113.814934,22.676533,1
19-7,113.801300,22.691717,0
19-8,113.885735,22.571083,1
19-8,113.900002,22.561768,0
19-8,113.908798,22.562599,1
19-8,113.895683,22.570650,0
19-9,113.888313,22.583166,1
19-10,113.899681,22.555500,0
19-10,113.897469,22.557034,1
19-10,113.887169,22.574682,0
19-11,113.879036,22.575100,1
19-11,113.860352,22.567333,0
19-12,113.874733,22.572132,1
19-12,113.897133,22.556267,0
19-13,113.879417,22.575367,1
19-13,113.840485,22.595882,0
19-14,113.840652,22.627583,1
19-14,113.856621,22.615417,0
19-14,113.866501,22.583584,1
19-16,113.907234,22.558117,0
19-16,113.897079,22.564783,1
19-16,113.890068,22.570084,0
19-17,113.887497,22.574883,1
19-17,113.898918,22.572384,0
19-17,113.889687,22.583967,1
