time,jd,wd,status
24-9-11,114.045242,22.597467,1
