time,jd,wd,status
19-9-58,113.837746,22.728292,1
19-10-22,113.822525,22.673662,0
19-19-17,113.806305,22.670486,1
19-19-39,113.814796,22.651384,0
21-23-0,113.815079,22.651539,0
22-6-32,113.847206,22.773399,0
22-18-33,113.821274,22.658602,1
22-20-57,114.271568,22.731407,0
