time,jd,wd,status
21-16-23,114.071228,22.584352,0
22-22-15,114.108925,22.537722,1
23-0-48,114.113693,22.539783,0
