time,jd,wd,status
23-15-50,114.047073,22.545248,1
23-15-50,114.047073,22.545248,0
23-15-52,114.047073,22.545248,1
23-15-52,114.047073,22.545248,0
23-15-53,114.047073,22.545248,1
24-18-21,113.817123,22.648905,0
