time,jd,wd,status
19-10-38,114.139366,22.546776,0
21-2-31,114.016319,22.531466,1
21-3-13,114.113716,22.534622,0
21-19-21,114.137711,22.570311,1
21-23-17,114.113693,22.544085,0
22-19-15,114.126129,22.547707,1
22-19-25,114.133690,22.556732,0
23-17-12,114.124619,22.554470,1
24-0-25,114.129372,22.579622,0
