time,jd,wd,status
18-8,114.005539,22.734674,1
18-8,114.005539,22.734669,0
19-12,114.036934,22.713358,1
19-13,114.036926,22.713390,0
19-23,113.997971,22.662437,1
19-23,113.997971,22.662432,0
20-19,114.022240,22.667385,1
20-22,114.022240,22.667385,0
22-18,114.024567,22.671698,1
22-18,114.024567,22.671707,0
23-13,114.013710,22.665302,1
23-13,114.013824,22.665384,0
24-12,114.001343,22.734644,1
24-12,114.001328,22.734650,0
