time,jd,wd,status
23-22-32,114.111992,22.545530,1
23-22-33,114.111992,22.545530,0
