time,jd,wd,status
18-23,113.924217,22.494139,1
19-0,113.921967,22.521614,0
20-16,114.123009,22.540333,1
20-20,114.158699,22.610537,0
22-0,114.032753,22.629345,1
22-1,114.153503,22.616837,0
