time,jd,wd,status
19-19,113.913567,22.515854,1
19-19,113.913620,22.515697,0
21-17,113.929924,22.522469,1
21-17,113.929901,22.522518,0
21-19,113.915306,22.541376,1
21-20,113.947990,22.543564,0
22-8,113.914436,22.523054,1
22-10,114.031006,22.562584,0
23-23,114.024612,22.531612,1
24-0,113.915359,22.542484,0
