time,jd,wd,status
21-11-9,114.069962,22.530481,0
23-7-11,114.009933,22.534403,1
