time,jd,wd,status
19-10,114.307709,22.601316,1
19-10,114.307747,22.601318,0
19-10,114.307762,22.601318,1
19-10,114.307762,22.601318,0
19-10,114.307762,22.601318,1
19-17,113.966293,22.570467,0
19-17,113.966293,22.570467,1
24-17,113.924538,22.544809,0
