time,jd,wd,status
19-6-12,113.910217,22.537006,1
19-6-24,113.943359,22.506647,0
19-7-34,113.910362,22.530752,1
19-7-53,113.938156,22.542433,0
