time,jd,wd,status
19-11-29,113.882385,22.574368,1
19-11-33,113.882286,22.574551,0
19-17-33,114.039413,22.653933,1
19-19-50,114.108635,22.697783,0
22-19-57,113.909264,22.575216,1
22-20-24,113.860817,22.580532,0
24-21-55,114.109253,22.601967,1
24-22-51,114.154137,22.626066,0
