time,jd,wd,status
22-15,113.988625,22.529938,1
