time,jd,wd,status
19-4-13,113.920570,22.529984,0
19-20-0,114.091011,22.558035,1
20-2-32,113.920670,22.529922,0
21-21-31,114.125603,22.547831,1
21-21-38,114.134766,22.549652,0
22-5-37,114.049240,22.533155,1
22-5-53,114.001633,22.537254,0
22-21-31,113.914101,22.533566,1
23-0-46,114.130539,22.578920,0
