time,jd,wd,status
24-4,114.056259,22.520399,1
