time,jd,wd,status
20-23-53,114.042801,22.528433,1
20-23-53,114.042801,22.528433,0
