time,jd,wd,status
19-9-33,113.778290,22.669937,1
19-11-29,113.870308,22.593403,0
