time,jd,wd,status
18-20,114.062660,22.536840,1
18-20,114.062637,22.535551,0
19-5,114.343201,22.692183,1
19-5,114.343201,22.692183,0
19-5,114.343140,22.692236,1
19-5,114.341003,22.693289,0
19-7,114.029739,22.530725,1
19-7,114.035240,22.530502,0
19-7,114.029755,22.530697,1
19-7,114.029755,22.530697,0
22-11,114.073647,22.657286,1
22-11,114.073647,22.657286,0
22-11,114.073669,22.657288,1
22-11,114.073669,22.657288,0
22-11,114.073669,22.657288,1
22-11,114.073669,22.657288,0
22-11,114.073669,22.657288,1
22-11,114.073669,22.657288,0
22-11,114.073669,22.657288,1
22-11,114.073669,22.657288,0
22-11,114.073669,22.657288,1
22-11,114.073669,22.657288,0
22-11,114.073669,22.657288,1
22-11,114.073669,22.657288,0
22-11,114.073669,22.657288,1
22-11,114.073669,22.657288,0
22-11,114.073669,22.657288,1
22-11,114.073669,22.657288,0
22-11,114.073669,22.657288,1
22-11,114.073669,22.657288,0
22-11,114.073669,22.657288,1
22-11,114.073669,22.657288,0
22-11,114.073669,22.657288,1
22-11,114.073669,22.657288,0
22-11,114.073669,22.657288,1
22-11,114.073669,22.657288,0
22-12,114.073669,22.657288,1
22-12,114.073669,22.657288,0
22-18,114.097122,22.541763,1
22-18,114.097130,22.541773,0
22-18,114.097130,22.541773,1
22-18,114.097145,22.542078,0
23-8,114.029587,22.530830,1
23-8,114.029587,22.530828,0
23-8,114.029587,22.530828,1
23-8,114.029549,22.530687,0
