time,jd,wd,status
18-0,114.041733,22.648733,1
