time,jd,wd,status
18-0,113.982239,22.536074,1
