time,jd,wd,status
19-3,113.953461,22.575327,1
19-4,114.024605,22.527327,0
20-4,114.029655,22.565784,1
20-4,114.029739,22.565792,0
22-4,114.029587,22.565809,1
22-4,114.029640,22.565788,0
22-19,114.061890,22.551285,1
22-22,114.039536,22.608040,0
