time,jd,wd,status
20-0,114.106438,22.590263,1
20-0,114.106995,22.590538,0
20-0,114.106094,22.590292,1
20-0,114.062721,22.536882,0
20-2,114.122452,22.550383,1
20-2,114.108543,22.546183,0
20-7,114.072021,22.532961,1
20-7,114.020950,22.532421,0
20-7,114.006905,22.542265,1
20-7,113.815109,22.648981,0
20-8,113.884323,22.563503,1
20-8,114.007454,22.550097,0
20-9,114.007622,22.550920,1
20-9,114.021568,22.539488,0
20-9,114.018059,22.539650,1
20-9,114.006165,22.537373,0
20-9,114.002655,22.537750,1
20-9,114.018097,22.558767,0
20-9,114.018425,22.555626,1
20-9,114.001648,22.551863,0
20-9,114.010216,22.548307,1
20-10,114.123917,22.558428,0
20-10,114.124771,22.559027,1
20-10,114.107750,22.568274,0
20-10,114.107582,22.569420,1
20-10,114.141075,22.547331,0
20-10,114.141556,22.547792,1
20-11,114.081642,22.545631,0
20-11,114.081734,22.545427,1
20-11,114.050148,22.718344,0
20-13,114.020363,22.653332,1
20-13,114.079079,22.535421,0
20-17,114.020615,22.534761,1
20-17,114.042160,22.540722,0
20-18,114.053062,22.525887,1
20-18,114.023933,22.532022,0
20-18,114.023148,22.532207,1
20-18,113.919067,22.528215,0
20-18,113.919144,22.528660,1
20-18,113.910110,22.539490,0
20-19,113.915230,22.535536,1
20-19,113.996460,22.529253,0
20-21,114.136696,22.567581,1
20-21,114.131203,22.572083,0
20-21,114.134727,22.565443,1
20-21,114.124023,22.558647,0
20-21,114.116409,22.549553,1
20-21,114.119949,22.541512,0
20-21,114.115967,22.540554,1
20-21,114.126305,22.553301,0
20-21,114.128563,22.550558,1
20-22,114.084045,22.548702,0
20-22,114.084061,22.548244,1
20-22,114.078491,22.542173,0
20-22,114.078491,22.542173,1
20-22,114.037262,22.565948,0
20-22,114.042221,22.544508,1
20-23,114.049515,22.528711,0
20-23,114.049736,22.527710,1
20-23,114.124619,22.547832,0
20-23,114.124382,22.547882,1
20-23,114.098343,22.559868,0
