time,jd,wd,status
24-8-59,114.020142,22.526119,1
