time,jd,wd,status
19-18,114.057968,22.536592,1
20-10,114.104012,22.572346,0
