time,jd,wd,status
20-0,114.236420,22.695633,1
20-0,114.250435,22.728767,0
20-1,114.238136,22.711750,1
20-1,114.224052,22.724518,0
20-3,114.194984,22.645018,1
20-3,114.122932,22.608549,0
20-4,114.190170,22.670082,1
20-5,114.031349,22.677366,0
20-5,114.006416,22.678516,1
20-7,114.223450,22.697018,0
20-8,114.227615,22.699751,1
20-8,114.242386,22.702499,0
20-8,114.227600,22.696983,1
20-8,114.216866,22.703182,0
20-9,114.254417,22.694384,1
20-9,114.315514,22.678167,0
20-9,114.270264,22.699783,1
20-9,114.265419,22.748466,0
20-10,114.259430,22.730232,1
20-10,114.223969,22.729517,0
20-10,114.223969,22.729517,1
20-10,114.225037,22.707850,0
20-10,114.230270,22.701918,1
20-10,114.242035,22.736683,0
20-10,114.231499,22.729334,1
20-11,114.271202,22.732983,0
20-11,114.242882,22.728767,1
20-11,114.241386,22.720917,0
20-11,114.241081,22.720600,1
20-11,114.212402,22.713449,0
20-13,114.224747,22.701933,1
20-13,114.240265,22.719400,0
20-13,114.240601,22.719700,1
20-13,114.223648,22.729383,0
20-13,114.233353,22.726482,1
20-13,114.235748,22.718018,0
20-13,114.241547,22.720617,1
20-13,114.252319,22.728817,0
20-14,114.229401,22.726583,1
20-14,114.229965,22.710617,0
20-15,114.228050,22.699667,1
20-15,114.215332,22.707733,0
20-15,114.227753,22.697166,1
20-15,114.220886,22.705151,0
20-15,114.220886,22.705151,1
20-15,114.239517,22.708599,0
20-15,114.236969,22.713167,1
20-16,114.231514,22.729366,0
20-16,114.229179,22.726667,1
20-16,114.233734,22.720583,0
20-16,114.235703,22.722349,1
20-16,114.240517,22.719633,0
20-16,114.244637,22.723383,1
20-16,114.255669,22.729183,0
20-16,114.252266,22.725800,1
20-16,114.263229,22.747932,0
20-17,114.259132,22.729851,1
20-17,114.274284,22.743183,0
20-17,114.247650,22.727751,1
20-17,114.245087,22.746817,0
20-18,114.244949,22.724133,1
20-18,114.203850,22.712732,0
20-18,114.226486,22.700916,1
20-19,114.233398,22.713766,0
20-19,114.224930,22.705982,1
20-19,114.213448,22.722950,0
20-19,114.235619,22.709084,1
20-19,114.212463,22.693399,0
20-21,114.205803,22.712601,1
20-21,114.206947,22.712334,0
20-21,114.231049,22.702482,1
20-21,114.247749,22.736282,0
20-22,114.224236,22.727051,1
20-22,114.085815,22.729450,0
20-23,114.146049,22.678516,1
20-23,114.168434,22.635918,0
20-23,114.225670,22.706301,1
