time,jd,wd,status
23-17-6,114.088020,22.543367,0
23-17-31,114.043465,22.556692,1
23-17-45,114.045097,22.571630,0
23-18-46,114.099991,22.543583,1
23-20-13,114.071907,22.536583,0
