time,jd,wd,status
19-1-6,114.098190,22.630566,0
24-23-23,114.027382,22.657290,1
24-23-24,114.027382,22.657290,0
24-23-33,114.027382,22.657290,1
24-23-35,114.027382,22.657290,0
