time,jd,wd,status
21-2,113.963722,22.547255,1
21-2,113.963722,22.547255,0
