time,jd,wd,status
20-16-19,114.015572,22.666035,1
20-17-43,113.814682,22.651546,0
23-8-59,113.905823,22.555557,1
23-9-48,113.814262,22.651031,0
23-19-22,113.874367,22.586725,0
