time,jd,wd,status
23-2-55,113.814415,22.650497,0
23-22-30,113.814941,22.651598,1
23-22-43,113.816521,22.647329,0
24-20-37,113.814110,22.651098,1
24-20-40,113.814095,22.651112,0
