time,jd,wd,status
21-14,114.105492,22.551294,1
