time,jd,wd,status
19-17-9,114.031425,22.634392,0
