time,jd,wd,status
20-16,114.015572,22.666035,1
20-17,113.814682,22.651546,0
23-8,113.905823,22.555557,1
23-9,113.814262,22.651031,0
23-16,113.691704,22.832565,1
23-19,113.874367,22.586725,0
