time,jd,wd,status
23-8,113.879150,22.568367,1
23-9,114.108170,22.615883,0
23-9,114.101936,22.597967,1
23-10,114.114700,22.531366,0
