time,jd,wd,status
18-0-0,114.023804,22.671383,1
