time,jd,wd,status
23-14-11,113.836494,22.743093,1
23-17-13,113.831963,22.741159,0
