time,jd,wd,status
20-17,114.044746,22.550707,1
20-19,114.058281,22.536777,0
20-23,113.994621,22.588737,1
22-0,114.127197,22.548393,0
22-20,114.099854,22.543592,1
22-21,113.963707,22.533119,0
24-2,114.107231,22.543753,1
24-2,114.102051,22.552618,0
24-11,113.920570,22.513325,1
24-12,114.023003,22.643248,0
24-14,113.899277,22.562914,1
24-14,113.898285,22.556940,0
