time,jd,wd,status
23-18-8,114.053986,22.531225,1
