time,jd,wd,status
19-7,114.138084,22.609346,1
19-7,114.138062,22.609415,0
23-3,114.112099,22.603342,1
23-3,114.112099,22.603342,0
