time,jd,wd,status
18-0,113.817833,22.647400,1
18-0,113.906067,22.659050,0
18-1,114.251617,22.720449,1
18-2,114.088470,22.632900,0
18-3,113.825699,22.649250,1
18-4,113.924149,22.647232,0
18-8,113.871719,22.568451,1
18-9,113.961166,22.553333,0
18-9,113.963531,22.547318,1
18-9,113.952599,22.559732,0
18-9,113.905449,22.544634,1
18-9,113.887283,22.566233,0
18-10,113.893082,22.555332,1
18-10,113.950279,22.543034,0
18-10,113.941498,22.550100,1
18-10,113.961037,22.553383,0
18-10,113.988869,22.529800,1
18-11,114.026649,22.539499,0
18-13,114.029068,22.540583,1
18-14,113.927933,22.555201,0
18-15,113.922935,22.526800,1
18-15,113.909554,22.518049,0
18-15,113.923851,22.522367,1
18-16,113.822884,22.674482,0
18-17,113.825417,22.650682,1
18-17,114.017036,22.530968,0
18-18,114.015053,22.530916,1
18-19,113.869980,22.569782,0
18-20,114.108353,22.537416,1
18-21,114.221382,22.555099,0
18-21,114.229103,22.559851,1
18-21,114.240379,22.564117,0
18-21,114.165283,22.563200,1
18-22,114.092148,22.551750,0
18-22,114.067734,22.528168,1
18-22,114.107498,22.540567,0
18-23,114.063850,22.554382,1
18-23,114.038651,22.524267,0
