time,jd,wd,status
23-16-57,114.149307,22.547295,0
