time,jd,wd,status
18-0,114.112297,22.536266,1
