time,jd,wd,status
23-19,114.026520,22.527058,1
