time,jd,wd,status
18-0,114.112465,22.599518,1
