time,jd,wd,status
18-22-59,114.092262,22.543262,1
18-23-24,114.060211,22.525972,0
19-9-4,114.119354,22.566341,1
19-9-8,114.120621,22.566603,0
20-0-43,114.043747,22.569269,1
20-1-8,114.055740,22.626612,0
20-21-51,114.083878,22.571930,1
20-22-8,114.032700,22.570995,0
21-10-37,114.035278,22.554829,1
21-11-5,114.059883,22.531906,0
23-0-37,114.058914,22.520893,1
23-1-4,114.058960,22.519901,0
23-18-40,114.054871,22.525877,1
23-21-15,114.060776,22.525908,0
