time,jd,wd,status
20-13-22,113.912666,22.539452,0
