time,jd,wd,status
22-16-45,114.121712,22.609278,1
22-23-24,114.060684,22.521902,0
22-23-24,114.060677,22.521900,1
23-3-7,114.097076,22.566374,0
23-3-7,114.097076,22.566383,1
23-4-49,114.121826,22.611683,0
23-4-49,114.121826,22.611683,1
23-16-53,114.121658,22.609503,0
23-16-55,114.121651,22.609486,1
