time,jd,wd,status
19-1,113.832260,22.726585,1
19-3,113.840775,22.750311,0
19-6,113.842384,22.743216,1
19-6,113.840858,22.750092,0
19-18,113.843346,22.758728,1
19-18,113.843346,22.758738,0
19-18,113.840675,22.750172,1
19-18,113.840622,22.750170,0
22-6,113.842331,22.743458,1
22-6,113.840187,22.750074,0
22-6,113.840157,22.750078,1
22-7,113.840210,22.750404,0
22-7,113.840210,22.750404,1
22-7,113.840210,22.750404,0
22-7,113.840210,22.750404,1
22-7,113.840210,22.750404,0
22-8,113.837555,22.729256,1
22-9,113.837585,22.729300,0
22-10,113.837784,22.728308,1
22-10,113.840187,22.750593,0
22-14,113.837517,22.729099,1
22-14,113.837517,22.729099,0
23-3,113.841087,22.750238,1
23-3,113.821968,22.730129,0
23-7,113.840210,22.750135,1
23-7,113.840210,22.750126,0
23-7,113.840118,22.749977,1
23-8,113.838036,22.729870,0
23-15,113.837547,22.729118,1
23-16,113.824074,22.724119,0
23-16,113.824051,22.724030,1
23-16,113.838211,22.733395,0
23-16,113.837563,22.729153,1
23-17,113.837555,22.729214,0
23-17,113.837563,22.729187,1
23-18,113.842697,22.743368,0
