time,jd,wd,status
18-8,114.134598,22.610155,1
18-9,114.135345,22.619095,0
18-14,114.101883,22.607668,1
18-14,114.118172,22.605404,0
18-17,114.121704,22.611050,1
18-17,114.121704,22.611050,0
18-18,114.108147,22.619356,1
18-18,114.110176,22.609777,0
20-16,114.096535,22.686857,1
20-16,114.096527,22.686857,0
20-17,114.096527,22.686857,1
20-17,114.096527,22.686857,0
20-17,114.096527,22.686857,1
20-17,114.096527,22.686857,0
20-17,114.096527,22.686857,1
20-17,114.096527,22.686857,0
20-17,114.096527,22.686857,1
20-17,114.096527,22.686857,0
20-17,114.096527,22.686857,1
20-17,114.096527,22.686857,0
20-17,114.096527,22.686857,1
20-17,114.096527,22.686857,0
20-17,114.096527,22.686857,1
20-17,114.096527,22.686857,0
20-17,114.096527,22.686857,1
20-17,114.096558,22.686863,0
20-22,114.109001,22.617228,1
20-22,114.109001,22.617231,0
21-21,114.101044,22.626816,1
21-21,114.101044,22.626816,0
21-21,114.101067,22.626757,1
21-21,114.101158,22.626602,0
22-17,114.130768,22.616447,1
22-17,114.130768,22.616447,0
24-17,114.136307,22.620300,1
24-17,114.136307,22.620300,0
24-17,114.136337,22.620268,1
24-17,114.134010,22.628468,0
