time,jd,wd,status
18-23-32,113.918716,22.514839,1
