time,jd,wd,status
20-0,114.042183,22.659193,1
20-1,114.023849,22.658857,0
22-22,114.042175,22.659212,1
22-23,114.048233,22.670256,0
23-1,114.042313,22.659323,1
23-1,114.042313,22.659323,0
23-14,114.048370,22.670378,1
23-16,114.048279,22.670357,0
24-8,114.025284,22.670889,1
24-8,114.025284,22.670889,0
