time,jd,wd,status
18-11,114.131683,22.610668,1
18-11,114.134773,22.611258,0
18-11,114.143250,22.613159,1
18-11,114.142708,22.616814,0
20-22,114.119148,22.610632,1
20-22,114.105232,22.615530,0
