time,jd,wd,status
23-16-26,114.118584,22.584015,1
24-1-0,114.111946,22.532330,0
