time,jd,wd,status
20-18-20,114.272171,22.731108,1
20-21-18,114.272049,22.731037,0
21-18-33,114.242073,22.750675,1
21-21-2,114.268745,22.744072,0
24-23-47,114.272537,22.731968,1
24-23-50,114.272537,22.731968,0
