time,jd,wd,status
19-4,114.083397,22.571867,1
