time,jd,wd,status
19-0,114.106697,22.536882,1
19-0,114.106697,22.536882,0
19-1,114.106697,22.536882,1
19-1,114.106697,22.536882,0
18-6,114.138496,22.550068,1
18-6,114.046715,22.530434,0
18-7,114.042366,22.530167,1
18-7,114.041252,22.566732,0
18-7,114.048882,22.567232,1
18-7,114.031319,22.526649,0
18-7,114.037537,22.527651,1
18-7,114.048615,22.522682,0
18-7,114.038918,22.524050,1
18-8,114.050980,22.550167,0
18-8,114.041283,22.556400,1
18-9,114.047531,22.540199,0
18-9,114.044197,22.550583,1
18-9,114.045616,22.542250,0
18-9,114.047615,22.538467,1
18-10,114.044716,22.532717,0
18-10,114.050949,22.550051,1
18-11,114.109482,22.585318,0
18-11,114.103981,22.581051,1
18-11,114.107666,22.569901,0
18-11,114.107666,22.569901,1
18-11,114.107666,22.569901,0
18-11,114.107666,22.569901,1
18-11,114.107666,22.569901,0
18-11,114.107666,22.569901,1
18-12,114.046486,22.540684,0
18-12,114.047470,22.540466,1
18-12,114.042984,22.567467,0
18-12,114.043381,22.567682,1
19-11,114.106514,22.558683,0
19-11,114.095833,22.558683,1
19-12,114.095833,22.558683,0
19-12,114.095833,22.558683,1
19-12,114.095833,22.558683,0
19-12,114.081413,22.556032,1
19-12,114.080383,22.556767,0
19-12,114.081833,22.559517,1
19-12,114.076370,22.549067,0
19-12,114.061653,22.521532,1
19-13,114.040916,22.527100,0
19-13,114.055168,22.539400,1
19-13,114.039986,22.522533,0
19-13,114.048431,22.535049,1
19-13,114.061630,22.535233,0
19-13,114.063530,22.532618,1
19-13,114.062950,22.548700,0
19-13,114.058479,22.551550,1
19-13,114.045647,22.558434,0
19-13,114.051414,22.562901,1
19-14,114.081367,22.552967,0
19-14,114.081367,22.552967,1
19-14,114.081367,22.552967,0
19-14,114.067314,22.524918,1
19-14,114.117470,22.537550,0
19-14,114.117470,22.537550,1
19-15,114.117470,22.537550,0
19-15,114.117470,22.537550,1
19-15,114.117470,22.537550,0
19-15,114.036484,22.551950,1
19-15,114.076714,22.545450,0
19-15,114.083115,22.545668,1
19-15,114.068581,22.523533,0
19-15,114.067566,22.524401,1
19-16,114.104416,22.552717,0
19-16,114.104416,22.552717,1
19-17,114.043602,22.554518,0
19-17,114.051033,22.550900,1
19-17,114.032318,22.564501,0
19-17,114.044220,22.548668,1
19-18,114.102432,22.538000,0
19-18,114.102432,22.538000,1
19-18,114.102432,22.538000,0
19-19,114.102432,22.538000,1
19-19,114.102432,22.538000,0
