time,jd,wd,status
19-14,114.033432,22.616287,1
19-15,114.034660,22.616737,0
20-2,114.035004,22.616608,1
20-2,114.035088,22.616661,0
20-23,114.035011,22.616455,1
21-1,114.033264,22.641598,0
21-10,114.065285,22.641953,1
21-15,114.045471,22.598764,0
21-17,114.057053,22.626631,1
22-1,114.035027,22.616463,0
23-17,114.035141,22.616764,1
24-0,114.035126,22.616434,0
