time,jd,wd,status
19-1,114.324203,22.604507,1
19-3,114.111794,22.602827,0
