time,jd,wd,status
20-17-50,113.842415,22.771290,0
