time,jd,wd,status
24-9-55,114.094666,22.556099,1
