time,jd,wd,status
19-0-8,113.926331,22.551718,0
24-23-41,113.967606,22.564072,1
24-23-42,113.967606,22.564068,0
