time,jd,wd,status
19-16,114.044083,22.600771,1
19-16,114.043839,22.601145,0
23-8,114.063225,22.517467,1
23-8,114.063225,22.517467,0
23-8,114.063225,22.517467,1
23-8,114.063225,22.517467,0
23-8,114.063225,22.517467,1
23-8,114.063225,22.517467,0
