time,jd,wd,status
19-6-52,113.883873,22.563967,0
19-19-39,114.053673,22.525566,1
19-20-31,114.046860,22.604403,0
21-7-50,114.058617,22.524546,1
21-8-6,114.057281,22.529922,0
22-5-55,114.122108,22.544945,1
22-6-6,114.118355,22.539677,0
22-6-52,114.119530,22.544172,1
22-7-1,114.113945,22.537495,0
24-14-27,114.007431,22.537422,1
24-16-25,114.047081,22.545389,0
