time,jd,wd,status
21-18-45,114.099541,22.613136,0
22-18-44,114.100960,22.615135,1
22-20-34,114.043236,22.601524,0
23-12-33,113.922920,22.520727,1
23-13-15,114.031593,22.523533,0
23-20-40,114.135292,22.574028,1
23-21-26,114.111992,22.538458,0
