time,jd,wd,status
19-1-15,114.324203,22.604507,1
19-3-17,114.111794,22.602827,0
