time,jd,wd,status
19-18,114.025459,22.672211,1
21-0,114.043617,22.704163,0
24-13,114.011505,22.667723,1
24-23,114.047600,22.604145,0
