time,jd,wd,status
18-0,114.119469,22.561117,1
