time,jd,wd,status
22-23,113.751625,22.774395,1
22-23,113.751625,22.774395,0
22-23,113.750168,22.797819,1
23-2,113.814415,22.650497,0
23-22,113.814941,22.651598,1
23-22,113.816521,22.647329,0
24-20,113.814110,22.651098,1
24-20,113.814095,22.651112,0
