time,jd,wd,status
18-20,113.814735,22.651407,1
18-20,113.814354,22.650843,0
19-19,113.814949,22.651634,1
19-19,113.814339,22.651342,0
21-19,113.814972,22.651440,1
21-19,113.814796,22.651590,0
22-20,113.814392,22.651192,1
22-20,113.814575,22.651524,0
