time,jd,wd,status
21-8,114.162354,22.562050,1
