time,jd,wd,status
19-0-24,114.103737,22.564775,0
19-9-6,114.001045,22.536518,1
19-19-5,114.028008,22.645311,0
21-17-47,113.977654,22.559877,1
21-22-36,114.115448,22.544373,0
23-11-46,114.166779,22.566828,1
23-16-0,114.061646,22.572887,0
24-18-36,114.099083,22.558662,1
24-19-42,114.046768,22.600233,0
24-21-19,114.106354,22.544788,1
24-21-55,114.105721,22.546503,0
