time,jd,wd,status
21-11-0,114.063354,22.517309,1
