time,jd,wd,status
18-23-37,114.250473,22.735046,1
18-23-40,114.250526,22.735023,0
21-22-21,114.186798,22.727228,1
21-23-5,114.258003,22.720406,0
23-11-44,114.266853,22.727688,1
23-13-43,114.235863,22.712387,0
23-14-56,114.243134,22.728601,1
24-1-25,114.184738,22.719069,0
