time,jd,wd,status
21-1-21,113.784164,22.803448,0
21-5-17,114.116241,22.539610,1
21-5-46,114.062630,22.524298,0
21-10-26,114.058250,22.544582,1
21-10-51,114.008018,22.548550,0
22-6-31,114.078392,22.534473,1
22-6-43,114.062683,22.524351,0
22-20-29,114.106094,22.546158,1
22-22-40,114.124794,22.577272,0
