time,jd,wd,status
18-0,114.044449,22.699133,1
18-0,114.044319,22.701750,0
18-1,114.049797,22.721600,1
18-1,114.050316,22.723783,0
18-1,114.055069,22.734383,1
18-1,114.047264,22.716949,0
18-1,114.044151,22.703484,1
18-1,114.043854,22.704018,0
18-2,114.082031,22.696882,1
18-2,114.053719,22.691851,0
18-2,114.047119,22.692883,1
18-2,114.041679,22.708700,0
18-2,114.042969,22.712418,1
18-3,114.043633,22.713882,0
18-7,114.044380,22.688133,1
18-7,114.073067,22.653999,0
18-7,114.056564,22.664667,1
18-7,114.053947,22.681566,0
18-8,114.043434,22.733282,1
18-8,114.029533,22.737850,0
18-8,114.016068,22.748501,1
18-8,114.060768,22.722967,0
18-9,114.015518,22.748083,1
18-9,114.007347,22.735382,0
18-9,114.001450,22.734583,1
18-10,114.100502,22.720217,0
18-10,114.072449,22.724733,1
18-10,114.051933,22.749250,0
18-11,114.051132,22.718567,1
18-11,114.042030,22.707216,0
18-11,114.041634,22.707884,1
18-12,114.049431,22.717699,0
18-12,114.049652,22.717850,1
18-12,114.044403,22.697533,0
18-13,114.033669,22.682350,1
18-13,114.033798,22.682966,0
18-13,114.044266,22.701883,1
18-14,114.047318,22.716850,0
18-14,114.049721,22.717833,1
18-14,114.043800,22.715683,0
18-14,114.094650,22.731617,1
18-14,114.076401,22.730633,0
18-15,114.085785,22.729816,1
18-15,113.921036,22.660200,0
18-16,113.800613,22.673883,1
18-16,113.958771,22.684099,0
18-17,114.037430,22.705433,1
18-17,114.041466,22.706751,0
18-17,114.085602,22.727949,1
18-17,114.044815,22.716066,0
18-18,114.043465,22.704683,1
18-18,114.071869,22.686649,0
18-18,114.051300,22.707899,1
18-19,114.134514,22.713551,0
18-21,114.045731,22.716368,1
18-21,114.027969,22.700750,0
18-22,114.033981,22.684532,1
18-22,114.021347,22.668949,0
18-23,114.040802,22.714983,1
18-23,114.020050,22.720217,0
18-23,114.023132,22.730400,1
18-23,114.036385,22.712267,0
23-1,114.044266,22.700768,1
23-1,114.019135,22.655117,0
23-2,114.052696,22.706882,1
23-2,114.064751,22.717199,0
23-2,114.061615,22.722967,1
