time,jd,wd,status
18-0,114.077652,22.545450,1
