time,jd,wd,status
20-8,114.018066,22.539633,1
20-8,114.024780,22.674299,0
