time,jd,wd,status
19-8,114.086395,22.639044,1
19-8,114.034737,22.622158,0
22-9,114.259460,22.729053,1
22-9,114.267082,22.727337,0
22-14,114.231003,22.730135,1
22-14,114.230980,22.730158,0
23-11,114.239204,22.719118,1
23-11,114.277008,22.728218,0
23-17,114.276863,22.728634,1
23-22,114.268776,22.744114,0
