time,jd,wd,status
22-21-10,114.117241,22.610010,1
23-1-53,114.067619,22.528294,0
24-5-25,113.947983,22.575205,1
24-6-28,114.056213,22.623238,0
