time,jd,wd,status
22-17,114.149414,22.606762,1
