time,jd,wd,status
18-0-0,114.066719,22.523983,1
