time,jd,wd,status
18-22,114.111244,22.601229,1
19-2,114.159081,22.610172,0
19-17,114.106155,22.616816,1
19-17,114.106094,22.616371,0
