time,jd,wd,status
18-4-6,114.026329,22.523392,1
18-4-34,114.074142,22.537642,0
