time,jd,wd,status
19-19-6,114.068031,22.550856,1
19-20-18,114.045670,22.525583,0
21-2-15,114.120293,22.541582,1
21-2-16,114.120293,22.541582,0
21-16-24,114.147720,22.544056,1
21-16-35,114.147774,22.544025,0
22-18-15,114.114288,22.535120,1
22-19-36,114.045540,22.525614,0
23-6-3,114.127312,22.549805,1
23-6-4,114.127312,22.549805,0
24-18-6,114.035217,22.554502,1
24-20-15,114.044312,22.527735,0
