time,jd,wd,status
19-2-27,114.127861,22.549957,1
19-2-28,114.127853,22.549952,0
