time,jd,wd,status
21-18,113.857590,22.613382,1
21-19,113.898300,22.577362,0
23-11,113.822990,22.674377,1
23-11,113.822983,22.674387,0
