time,jd,wd,status
21-6-52,114.060417,22.536028,0
