time,jd,wd,status
19-23-14,114.027664,22.529488,1
20-0-59,114.114815,22.582888,0
21-8-4,114.021820,22.533400,1
21-11-58,114.112183,22.565859,0
21-23-24,114.039833,22.547777,1
22-1-34,114.114647,22.585907,0
