time,jd,wd,status
24-7,114.057861,22.663116,1
24-8,114.042236,22.659231,0
24-10,114.009262,22.674412,1
24-22,114.024200,22.659321,0
