time,jd,wd,status
18-11-21,114.042885,22.625893,1
18-11-42,114.025406,22.672052,0
18-12-47,114.045135,22.596977,1
18-17-59,114.071587,22.585882,0
19-10-9,113.892120,22.599003,1
19-10-23,113.818687,22.645571,0
