time,jd,wd,status
23-15,114.026199,22.529732,1
23-15,114.026199,22.529732,0
24-22,113.999107,22.916967,1
24-22,113.986526,22.848667,0
