time,jd,wd,status
18-23-58,114.043121,22.651688,1
21-0-2,114.123657,22.552259,0
21-0-55,114.126434,22.573795,1
