time,jd,wd,status
18-0,114.066032,22.525049,1
