time,jd,wd,status
19-21,114.038651,22.553312,1
