time,jd,wd,status
20-2,114.120613,22.541336,1
20-2,114.120316,22.538893,0
21-4,114.136551,22.582703,1
21-4,114.136551,22.582703,0
23-2,114.119827,22.546175,1
23-2,114.119431,22.544117,0
