time,jd,wd,status
24-14-22,114.016479,22.532204,0
