time,jd,wd,status
23-0,114.055855,22.625162,1
23-11,113.990074,22.695492,0
23-11,113.990074,22.695492,1
