time,jd,wd,status
19-11-29,113.870308,22.593403,0
