time,jd,wd,status
21-17-15,114.047852,22.534723,1
21-22-23,114.025757,22.672478,0
