time,jd,wd,status
18-23,114.049210,22.622122,1
19-1,114.056046,22.633371,0
23-12,114.016945,22.659670,1
23-14,114.040512,22.615398,0
