time,jd,wd,status
22-5,114.120422,22.541534,1
