time,jd,wd,status
24-3-21,114.073860,22.537699,1
24-4-5,114.059174,22.518436,0
24-7-46,114.071823,22.530508,1
24-7-56,114.059395,22.527645,0
24-17-3,114.053848,22.525043,1
24-17-6,114.053856,22.524796,0
