time,jd,wd,status
19-3,114.077286,22.549141,1
19-3,114.075058,22.534714,0
19-21,114.055603,22.515299,1
19-22,113.814667,22.651003,0
22-17,114.163528,22.605419,1
22-20,113.894318,22.564917,0
