time,jd,wd,status
19-6,113.821495,22.658331,1
19-6,113.821503,22.658367,0
19-7,113.834023,22.699614,1
19-7,113.833939,22.699568,0
20-6,113.821396,22.658461,1
20-6,113.821373,22.658487,0
20-7,113.812363,22.742853,1
20-8,113.844025,22.768778,0
21-6,113.821541,22.658689,1
21-6,113.821671,22.658922,0
23-8,113.821510,22.658684,1
23-11,113.801842,22.671085,0
24-7,113.821381,22.658478,1
24-9,113.818787,22.658463,0
