time,jd,wd,status
19-21-36,114.130531,22.579027,0
24-21-19,114.100677,22.552876,1
24-22-35,114.009720,22.534784,0
24-23-4,114.048996,22.517023,1
24-23-24,114.083107,22.554848,0
