time,jd,wd,status
19-3-18,114.075058,22.534714,0
19-21-54,114.055603,22.515299,1
19-22-42,113.814667,22.651003,0
22-17-4,114.163528,22.605419,1
22-20-14,113.894318,22.564917,0
