time,jd,wd,status
24-8-25,114.124008,22.698709,0
24-12-19,114.113564,22.702929,1
24-18-32,114.132164,22.680635,0
