time,jd,wd,status
18-22-6,114.098320,22.575762,1
18-23-2,114.114075,22.535557,0
19-12-49,114.093430,22.557110,1
19-17-8,114.125854,22.610388,0
20-13-55,114.041245,22.574354,1
20-17-8,114.125778,22.611082,0
