time,jd,wd,status
19-18-27,114.011909,22.667902,0
24-14-50,114.026253,22.672907,1
24-14-56,114.026253,22.672913,0
