time,jd,wd,status
19-12-4,114.040550,22.609844,1
