time,jd,wd,status
22-3-34,114.102142,22.625769,0
23-5-28,114.128746,22.574730,1
