time,jd,wd,status
22-19,114.123009,22.540478,1
