time,jd,wd,status
18-17-11,113.900719,22.564150,0
18-17-46,113.898018,22.563967,1
18-18-26,113.843651,22.770582,0
