time,jd,wd,status
18-9-15,114.072151,22.529375,0
19-18-37,114.044868,22.512388,1
19-18-41,114.054535,22.513575,0
19-22-58,114.048431,22.537399,1
19-22-58,114.048431,22.537399,0
23-2-39,114.059776,22.526260,1
23-2-40,114.058983,22.529053,0
24-7-51,114.102402,22.548613,1
24-7-52,114.102425,22.548706,0
24-18-33,114.091057,22.557661,1
24-18-45,114.105110,22.573427,0
