time,jd,wd,status
23-6,114.129372,22.617065,1
