time,jd,wd,status
19-12,114.113914,22.534550,1
19-12,114.112915,22.538366,0
19-12,114.112503,22.538433,1
19-12,114.068565,22.523899,0
