time,jd,wd,status
23-16-1,114.167503,22.563120,1
24-1-43,114.042236,22.615803,0
