time,jd,wd,status
21-0-7,114.130615,22.578783,0
21-0-15,114.130417,22.578033,1
21-0-27,114.044586,22.602783,0
21-1-2,114.043449,22.600800,1
21-1-8,114.063080,22.574266,0
