time,jd,wd,status
18-21-1,114.069138,22.526632,0
23-3-18,114.056999,22.528282,1
23-3-18,114.056999,22.528282,0
23-5-47,114.076927,22.542397,1
23-5-54,114.067871,22.553736,0
23-6-43,114.043755,22.601734,1
23-6-43,114.043755,22.601734,0
23-6-43,114.043755,22.601734,1
23-6-43,114.043755,22.601734,0
23-6-44,114.043755,22.601734,1
23-6-45,114.043755,22.601734,0
24-19-26,114.124184,22.554401,1
24-19-26,114.124184,22.554401,0
