time,jd,wd,status
19-7-1,114.016716,22.666168,0
19-7-54,114.027855,22.644896,1
19-13-28,114.035507,22.621979,0
