time,jd,wd,status
23-19-9,114.052399,22.538521,1
