time,jd,wd,status
21-22-12,114.073997,22.538092,1
22-0-1,114.122635,22.558043,0
24-19-54,114.145432,22.545551,1
24-21-29,113.943672,22.541639,0
