time,jd,wd,status
19-13-32,113.890625,22.783442,0
19-15-6,113.820251,22.647636,1
19-17-35,113.899765,22.733950,0
21-22-20,113.886948,22.787834,1
22-6-43,113.888618,22.779610,0
23-8-38,113.900391,22.760530,1
23-9-15,113.903046,22.735636,0
24-3-2,113.888191,22.779736,1
24-6-43,113.887672,22.779448,0
