time,jd,wd,status
18-0,114.062820,22.525867,1
