time,jd,wd,status
18-0,114.125877,22.696962,1
18-0,114.125877,22.696962,0
18-0,114.125877,22.696962,1
18-0,114.125877,22.696962,0
18-0,114.125877,22.696962,1
18-1,114.125877,22.696962,0
18-1,114.125877,22.696962,1
18-1,114.125877,22.696962,0
18-1,114.125877,22.696962,1
18-1,114.125877,22.696962,0
18-1,114.125877,22.696962,1
18-1,114.134575,22.689766,0
18-3,114.151970,22.678917,1
18-6,114.129265,22.699366,0
20-2,114.125786,22.697027,1
20-2,114.125786,22.697027,0
21-3,114.125847,22.697016,1
21-3,114.125847,22.697016,0
21-3,114.125809,22.697012,1
21-3,114.125809,22.697012,0
21-3,114.125809,22.697012,1
21-3,114.125809,22.697012,0
21-3,114.125809,22.697012,1
21-4,114.125809,22.697012,0
21-4,114.125809,22.697012,1
21-4,114.125809,22.697012,0
21-4,114.125809,22.697012,1
21-4,114.125397,22.696909,0
21-17,114.130043,22.691172,1
21-17,114.130043,22.691172,0
23-8,114.135628,22.689430,1
23-8,114.135628,22.689430,0
23-17,114.130005,22.691032,1
23-17,114.130737,22.691374,0
