time,jd,wd,status
20-11-47,113.905746,22.555637,1
20-11-49,113.905739,22.555737,0
20-11-49,113.905754,22.555708,1
20-13-43,113.831863,22.603712,0
