time,jd,wd,status
23-0,113.940430,22.556000,1
23-0,113.962135,22.533800,0
23-0,113.961815,22.538050,1
23-0,113.963547,22.547083,0
23-0,113.924004,22.522818,1
23-0,114.030182,22.553301,0
23-1,113.930168,22.542900,1
23-1,113.842819,22.630234,0
23-2,113.815216,22.649900,1
23-2,113.895966,22.570850,0
23-2,113.895134,22.566616,1
23-2,113.924202,22.535316,0
23-3,113.923935,22.519751,1
23-4,113.915001,22.538950,0
23-5,113.921333,22.513800,1
23-5,113.814934,22.649117,0
23-6,113.890633,22.562683,1
23-6,114.105499,22.541384,0
23-7,113.963364,22.542316,1
23-7,113.916153,22.501333,0
23-9,113.906601,22.553400,1
23-9,113.962830,22.542000,0
23-9,113.962547,22.542667,1
23-9,113.918770,22.527117,0
23-10,113.923180,22.520599,1
23-10,113.937599,22.569933,0
23-10,113.928902,22.561916,1
23-11,113.957298,22.593451,0
23-11,113.938667,22.543167,1
23-11,113.918419,22.508450,0
23-11,113.914383,22.518217,1
23-12,113.913734,22.532200,0
23-12,113.915916,22.531549,1
23-12,113.916801,22.543818,0
23-12,113.938484,22.543051,1
23-12,113.919914,22.519617,0
23-12,113.919136,22.519716,1
23-13,114.088219,22.543800,0
23-13,114.070702,22.543167,1
23-13,114.063080,22.526266,0
23-13,114.063118,22.531317,1
23-13,114.056168,22.571234,0
23-14,114.041534,22.560617,1
23-14,114.039803,22.549950,0
23-14,114.024963,22.539967,1
23-14,114.011017,22.549717,0
23-14,113.947899,22.543501,1
23-14,113.909615,22.526983,0
23-15,113.926620,22.535168,1
23-15,113.927696,22.528418,0
23-15,113.929382,22.528299,1
23-15,113.938797,22.542517,0
23-15,113.945068,22.534666,1
23-15,114.031265,22.521900,0
23-16,113.938416,22.543016,1
23-16,113.933800,22.521500,0
23-16,113.928368,22.523483,1
23-17,113.816132,22.646982,0
23-17,113.910164,22.541782,1
23-17,113.922386,22.542999,0
19-21,114.034119,22.541550,1
19-21,114.018471,22.557917,0
19-22,114.023735,22.532049,1
19-22,113.927002,22.508383,0
19-22,113.920502,22.511850,1
19-22,113.933517,22.519699,0
19-22,113.933365,22.519716,1
19-22,113.927597,22.546667,0
19-22,113.930702,22.542967,1
19-22,113.923470,22.522417,0
19-22,113.922897,22.525717,1
19-22,113.926598,22.519583,0
19-22,113.928482,22.524017,1
19-23,113.914085,22.535517,0
19-23,113.914268,22.523483,1
19-23,113.883080,22.496849,0
19-23,113.919701,22.509867,1
19-23,114.065216,22.616699,0
23-22,114.009697,22.534033,1
23-23,114.040764,22.530634,0
23-23,113.816734,22.647516,1
