time,jd,wd,status
20-5-25,114.128792,22.611279,1
