time,jd,wd,status
24-0,114.118416,22.564016,1
24-0,114.116852,22.550833,0
24-1,114.114685,22.547100,1
24-1,114.140152,22.546900,0
24-3,114.024750,22.523100,1
24-3,114.019882,22.527349,0
24-4,114.112579,22.567432,1
24-4,114.091400,22.567516,0
24-5,114.021667,22.639833,1
24-5,114.041916,22.556084,0
24-6,114.055115,22.547350,1
24-6,114.067581,22.552767,0
24-6,114.056252,22.539450,1
24-6,114.052269,22.538418,0
24-6,114.046768,22.545450,1
24-7,114.019249,22.537083,0
24-8,114.020332,22.526466,1
24-8,114.042381,22.514732,0
24-8,114.036430,22.519533,1
24-9,113.929947,22.541983,0
24-9,113.940651,22.539482,1
24-9,113.933281,22.521900,0
24-10,114.036316,22.530251,1
24-10,114.119331,22.539200,0
24-11,114.103302,22.610317,1
24-11,114.098801,22.584267,0
24-11,114.111214,22.541718,1
24-11,114.113098,22.535633,0
24-12,114.100052,22.543682,1
24-12,114.064552,22.558100,0
24-12,114.047699,22.537333,1
24-12,114.049370,22.539551,0
24-12,114.022430,22.543217,1
24-13,114.013550,22.555317,0
24-13,114.047813,22.537600,1
24-14,114.113884,22.533833,0
24-14,114.132202,22.545517,1
24-15,114.130470,22.580784,0
24-15,114.127884,22.577732,1
24-15,114.023979,22.529118,0
24-15,114.018982,22.531651,1
24-16,114.010483,22.533833,0
24-16,114.044746,22.531816,1
24-16,114.113464,22.534100,0
24-16,114.120049,22.538834,1
24-16,114.122002,22.546534,0
24-17,114.119034,22.540382,1
24-17,114.035500,22.542683,0
24-19,114.091217,22.539984,1
24-19,114.044350,22.532450,0
24-20,114.025146,22.532766,1
24-20,114.014702,22.538300,0
24-20,114.019348,22.535717,1
24-20,113.925720,22.495600,0
24-20,113.919815,22.490967,1
24-21,113.896683,22.510201,0
24-21,113.909218,22.514967,1
24-21,113.919670,22.524799,0
24-21,113.923119,22.532516,1
24-21,114.030533,22.567516,0
24-21,114.040001,22.556284,1
24-22,114.064163,22.537750,0
24-22,114.062653,22.551201,1
24-23,114.064163,22.537683,0
24-23,114.056915,22.525984,1
24-23,114.032036,22.523451,0
24-23,114.044785,22.530933,1
24-23,113.948013,22.543583,0
24-23,113.924370,22.530767,1
24-23,113.919121,22.542816,0
