time,jd,wd,status
19-19-43,114.109497,22.537325,0
20-0-55,113.922142,22.483719,1
20-0-56,113.924721,22.483461,0
23-0-8,114.029808,22.530760,1
23-0-9,114.020012,22.532097,0
