time,jd,wd,status
23-2,114.130600,22.579058,1
23-2,114.130714,22.579048,0
24-4,114.126862,22.543880,1
24-5,114.114067,22.533815,0
