time,jd,wd,status
18-0-0,114.086868,22.549267,1
