time,jd,wd,status
18-0,114.117065,22.583900,1
