time,jd,wd,status
24-9-42,113.920914,22.518827,0
