time,jd,wd,status
18-22,114.002167,22.540375,1
19-0,113.926331,22.551718,0
24-23,113.967606,22.564072,1
24-23,113.967606,22.564068,0
