time,jd,wd,status
19-21,114.130508,22.590076,1
