time,jd,wd,status
19-13,114.024193,22.523653,1
