time,jd,wd,status
19-0,114.101830,22.555599,1
