time,jd,wd,status
19-9-13,114.205894,22.647463,1
19-16-58,114.201836,22.644077,0
20-11-0,114.206696,22.650837,1
20-14-39,114.201981,22.644112,0
22-0-40,114.159050,22.610147,1
22-1-8,114.201897,22.644039,0
22-12-24,114.132011,22.604403,1
22-17-30,114.201813,22.644106,0
22-23-45,114.439766,22.781933,1
23-4-18,114.204590,22.646494,0
