time,jd,wd,status
18-0-0,114.059799,22.525133,1
