time,jd,wd,status
20-1,114.032227,22.633207,1
20-1,114.032249,22.633200,0
20-1,114.032249,22.633200,1
20-1,114.032249,22.633200,0
20-6,114.026588,22.660700,1
20-6,114.026588,22.660709,0
20-6,114.026588,22.660709,1
20-6,114.026588,22.660709,0
