time,jd,wd,status
20-18,113.948013,22.569080,1
24-7,113.947479,22.575523,0
