time,jd,wd,status
22-4-51,113.821297,22.675398,0
