time,jd,wd,status
24-20,113.897072,22.583344,1
24-20,113.814209,22.651203,0
