time,jd,wd,status
21-3-16,114.110207,22.630583,1
21-4-6,114.024208,22.659109,0
22-9-12,114.058571,22.637882,1
22-9-13,114.058571,22.637882,0
22-9-13,114.058571,22.637882,1
22-9-53,114.058182,22.663082,0
