time,jd,wd,status
23-16,114.132042,22.602722,1
23-17,114.100540,22.613108,0
