time,jd,wd,status
19-16-7,114.102242,22.625847,1
19-16-7,114.102242,22.625847,0
19-16-8,114.102242,22.625847,1
22-3-37,114.112679,22.609579,0
23-7-18,114.135727,22.615057,1
23-8-50,114.135727,22.615057,0
