time,jd,wd,status
21-9,113.852509,22.568956,1
21-13,113.889549,22.563593,0
