time,jd,wd,status
20-8,114.067810,22.557808,1
20-9,114.050987,22.548225,0
23-4,114.132973,22.545763,1
23-4,114.127045,22.549728,0
24-8,114.083916,22.547983,1
24-8,114.056511,22.514395,0
