time,jd,wd,status
19-2-28,114.127853,22.549952,0
