time,jd,wd,status
19-17-36,114.032509,22.633617,0
21-13-9,114.037468,22.653170,1
21-13-37,114.024109,22.654078,0
