time,jd,wd,status
18-0,114.314117,22.675283,1
19-0,114.314117,22.675283,0
21-0,114.314117,22.675283,1
22-0,114.314117,22.675283,0
23-0,114.314117,22.675283,1
24-0,114.314117,22.675283,0
