time,jd,wd,status
22-1,114.114700,22.546824,1
