time,jd,wd,status
20-7-30,114.099609,22.552525,0
21-14-59,114.030655,22.525782,1
21-15-1,114.030579,22.525705,0
