time,jd,wd,status
19-2,113.919922,22.589808,1
19-3,113.889740,22.567471,0
