time,jd,wd,status
19-12-54,114.063301,22.517437,1
19-15-52,113.814728,22.650871,0
21-2-58,114.108246,22.541363,1
21-3-10,114.125465,22.543123,0
23-16-43,114.137543,22.568977,1
23-18-23,114.158577,22.611423,0
24-1-39,114.107674,22.567650,1
24-1-57,114.126900,22.548878,0
