time,jd,wd,status
22-7-5,113.838928,22.770405,1
22-13-50,113.845917,22.772663,0
23-9-34,113.846153,22.772615,1
23-16-10,113.848915,22.768209,0
23-16-59,113.847923,22.772963,1
24-0-32,113.889130,22.787037,0
24-6-55,113.838905,22.770369,1
24-7-27,113.838203,22.772625,0
