time,jd,wd,status
18-7,114.033615,22.560984,1
18-8,114.052383,22.535633,0
18-8,114.051247,22.527666,1
18-8,114.068420,22.523884,0
18-8,114.072098,22.537582,1
18-8,114.106133,22.544033,0
18-8,114.109985,22.541683,1
18-8,114.075569,22.539984,0
18-8,114.075569,22.540333,1
18-9,114.052536,22.535467,0
18-9,114.050034,22.525667,1
18-9,114.048798,22.567333,0
18-9,114.048798,22.567333,1
18-9,114.053032,22.578266,0
18-9,114.054085,22.570850,1
18-10,114.071930,22.530251,0
18-10,114.071930,22.530251,1
18-10,114.081833,22.539017,0
18-10,114.081833,22.539017,1
18-10,114.076263,22.534933,0
18-10,114.076263,22.534933,1
18-10,114.083214,22.547033,0
18-10,114.083817,22.547033,1
18-10,114.113998,22.534651,0
18-10,114.113518,22.534267,1
18-11,114.115250,22.535233,0
18-11,114.113716,22.534100,1
18-11,114.168221,22.561800,0
18-11,114.168015,22.562218,1
18-11,114.173218,22.566784,0
18-11,114.166054,22.566584,1
18-12,114.111267,22.534100,0
18-12,114.111984,22.531200,1
18-12,114.114151,22.534616,0
18-12,114.095680,22.547050,1
18-12,114.084167,22.546734,0
18-12,114.083916,22.547132,1
18-13,114.025314,22.536516,0
18-13,114.027718,22.539932,1
18-13,114.084335,22.542467,0
18-13,114.077919,22.534817,1
18-13,114.120735,22.544033,0
18-13,114.120033,22.544582,1
18-13,114.114502,22.546783,0
18-13,114.114502,22.546783,1
18-13,114.114731,22.542549,0
18-13,114.114731,22.542549,1
18-14,114.136650,22.570818,0
18-14,114.136650,22.570818,1
18-14,114.125618,22.551950,0
18-14,114.125618,22.551950,1
18-14,114.115669,22.535250,0
18-14,114.114151,22.534468,1
18-15,114.039436,22.599701,0
18-15,114.045036,22.597349,1
20-15,114.089714,22.523417,0
20-16,114.023468,22.525368,1
20-16,114.060684,22.526833,0
20-16,114.061348,22.527468,1
20-16,114.036346,22.551933,0
20-17,114.039635,22.554399,1
20-17,114.092651,22.547783,0
20-17,114.091484,22.547817,1
20-18,114.107285,22.590816,0
20-18,114.107048,22.590717,1
20-18,114.031799,22.543449,0
20-18,114.032181,22.541317,1
20-19,114.038963,22.555300,0
20-19,114.042519,22.553417,1
20-19,114.131371,22.572033,0
20-19,114.125748,22.570368,1
20-21,114.071953,22.539049,0
20-21,114.071999,22.537251,1
20-21,114.043137,22.544350,0
20-21,114.039848,22.553017,1
20-22,114.033997,22.560232,0
23-8,114.036003,22.558901,1
23-8,114.111565,22.547800,0
23-8,114.113480,22.534332,1
23-9,114.136734,22.557217,0
23-9,114.134804,22.565582,1
