time,jd,wd,status
19-22-5,114.045258,22.537243,0
20-21-18,113.939034,22.542574,1
21-0-30,113.904083,22.556782,0
