time,jd,wd,status
24-22-27,114.025467,22.672281,1
24-22-38,114.025467,22.672281,0
24-22-42,114.025467,22.672281,1
24-22-57,114.025467,22.672281,0
24-23-8,114.025467,22.672281,1
24-23-25,114.025467,22.672281,0
