time,jd,wd,status
20-23-39,114.021339,22.639202,1
21-0-29,114.025658,22.670544,0
22-16-4,114.025314,22.672052,1
22-17-58,114.024902,22.672117,0
24-6-48,114.025185,22.672527,1
24-6-48,114.025185,22.672527,0
24-6-49,114.025185,22.672527,1
24-7-1,114.025200,22.672607,0
