time,jd,wd,status
18-0-0,114.035683,22.654882,1
