time,jd,wd,status
23-21-51,114.088776,22.558554,1
