time,jd,wd,status
21-3,114.024368,22.671959,1
21-3,114.024368,22.671959,0
21-4,114.044792,22.713642,1
21-4,114.044792,22.713640,0
22-12,114.035011,22.622082,1
23-0,114.024178,22.659222,0
23-9,114.047211,22.634392,1
23-11,113.995369,22.740763,0
23-11,114.006950,22.735292,1
