time,jd,wd,status
20-15-30,113.814392,22.651007,0
