time,jd,wd,status
19-13,114.020630,22.656670,1
19-14,114.031586,22.678110,0
19-17,114.029694,22.670059,1
19-18,114.026611,22.661880,0
23-0,113.934723,22.683086,1
23-1,113.934723,22.683086,0
