time,jd,wd,status
20-12,113.920082,22.532843,1
