time,jd,wd,status
24-1-57,114.100807,22.557631,0
