time,jd,wd,status
19-10,114.025314,22.672298,1
19-11,114.026649,22.651634,0
19-12,114.058609,22.634008,1
19-15,114.026993,22.651188,0
20-7,114.037987,22.603409,1
20-7,114.037987,22.603411,0
20-7,114.037918,22.603588,1
20-8,114.030441,22.649923,0
20-9,113.996674,22.675777,1
20-16,114.023880,22.654276,0
21-8,113.927254,22.680401,1
21-10,113.837952,22.729923,0
21-12,113.957703,22.704163,1
21-12,113.996742,22.675629,0
21-13,114.045265,22.598831,1
21-13,114.021492,22.639053,0
21-15,114.025276,22.672281,1
21-15,114.025276,22.672281,0
21-15,114.025276,22.672281,1
21-16,114.008232,22.661537,0
22-12,114.028419,22.650957,1
22-15,113.843285,22.771881,0
