time,jd,wd,status
21-0-33,114.004234,22.537954,0
23-2-52,114.103821,22.559498,1
23-3-14,114.102692,22.540998,0
