time,jd,wd,status
23-8-16,114.107903,22.571899,0
