time,jd,wd,status
23-3,113.914665,22.528671,1
23-4,113.914513,22.528883,0
24-20,113.814995,22.651012,1
24-20,113.814995,22.651014,0
24-20,113.815331,22.651096,1
