time,jd,wd,status
19-1,114.098190,22.630566,1
19-1,114.098190,22.630566,0
24-23,114.027382,22.657290,1
24-23,114.027382,22.657290,0
24-23,114.027382,22.657290,1
24-23,114.027382,22.657290,0
