time,jd,wd,status
24-0,114.098267,22.592367,1
