time,jd,wd,status
22-19,114.067596,22.524273,1
23-4,114.138100,22.546728,0
