time,jd,wd,status
20-16,114.029030,22.621645,1
23-0,114.105255,22.558504,0
