time,jd,wd,status
20-18,113.879143,22.579847,1
20-18,113.879150,22.579811,0
21-4,114.048355,22.535173,1
21-4,114.062988,22.520231,0
21-21,114.035622,22.621298,1
22-1,114.047699,22.542217,0
24-6,114.118271,22.540874,1
24-7,114.049416,22.526102,0
