time,jd,wd,status
24-18,113.864540,22.581997,1
24-18,113.850311,22.567152,0
24-18,113.856522,22.573338,1
24-18,113.876060,22.585781,0
24-18,113.876152,22.583933,1
24-18,113.856590,22.566933,0
24-19,113.864250,22.581364,1
24-19,113.887032,22.590944,0
24-19,113.877983,22.587940,1
24-19,113.889984,22.573782,0
24-19,113.878616,22.583185,1
24-19,113.873947,22.597094,0
24-19,113.876755,22.591490,1
24-19,113.876297,22.582497,0
24-20,113.823402,22.672626,1
24-20,113.895615,22.570429,0
24-21,113.889214,22.576698,1
24-21,113.884262,22.564260,0
24-21,113.885948,22.566795,1
24-21,113.881676,22.580692,0
24-22,113.859322,22.576242,1
24-22,113.865189,22.598701,0
24-22,113.878754,22.579855,1
24-22,113.870483,22.575512,0
24-22,113.857964,22.584663,1
24-22,113.879021,22.582899,0
24-22,113.871170,22.586824,1
24-22,113.898949,22.572372,0
24-23,113.883812,22.564693,1
24-23,113.849663,22.603809,0
24-23,113.876961,22.578981,1
24-23,113.864510,22.570419,0
24-23,113.867599,22.565413,1
