time,jd,wd,status
18-0,114.039780,22.515182,1
