time,jd,wd,status
21-10-15,114.112030,22.531052,0
