time,jd,wd,status
19-12-38,114.029121,22.668352,0
19-22-46,114.054070,22.744055,1
19-22-47,114.054054,22.744053,0
21-7-36,114.017105,22.666283,1
21-9-43,114.024879,22.672325,0
22-5-0,114.011528,22.675056,1
22-6-18,114.012138,22.677813,0
23-3-38,114.016922,22.659298,1
23-5-14,114.016930,22.659178,0
23-20-18,114.045540,22.692781,1
23-21-58,114.007568,22.735247,0
24-3-37,114.016800,22.659346,1
24-6-32,114.023651,22.665756,0
