time,jd,wd,status
19-21-12,114.137039,22.609327,1
