time,jd,wd,status
18-0,114.134438,22.617311,1
18-0,114.119942,22.595497,0
22-1,114.135719,22.612719,1
22-1,114.133965,22.616962,0
24-13,114.148125,22.606995,1
24-13,114.148064,22.606977,0
