time,jd,wd,status
18-0,114.124115,22.579317,1
