time,jd,wd,status
24-20-29,114.273361,22.732307,1
24-20-30,114.273399,22.732294,0
