time,jd,wd,status
19-15-39,114.021126,22.545200,1
