time,jd,wd,status
19-8,113.919235,22.542288,1
19-11,114.112068,22.586037,0
20-7,113.918144,22.506952,1
20-8,113.909264,22.784798,0
