time,jd,wd,status
19-9-21,114.060112,22.708258,0
20-19-42,114.087563,22.649633,1
20-21-22,114.129631,22.699753,0
21-10-12,114.121399,22.698347,1
21-11-41,114.132172,22.689144,0
22-17-13,114.132050,22.689259,1
22-17-53,114.121490,22.698355,0
24-4-1,114.132149,22.689289,1
24-7-1,114.132179,22.689304,0
24-8-37,114.135178,22.676594,1
24-9-4,114.151855,22.680342,0
24-17-15,114.158066,22.683163,1
24-21-52,114.084114,22.703671,0
