time,jd,wd,status
19-8,114.131020,22.614523,1
19-8,114.121544,22.609676,0
19-11,114.044533,22.697710,1
19-11,114.044540,22.697718,0
19-14,114.060921,22.653210,1
19-14,114.060921,22.653210,0
19-14,114.060921,22.653210,1
19-14,114.060921,22.653210,0
19-14,114.060921,22.653210,1
19-14,114.060921,22.653210,0
19-14,114.060921,22.653210,1
19-14,114.060921,22.653210,0
19-14,114.060921,22.653210,1
19-14,114.061073,22.647886,0
19-16,114.059669,22.634203,1
19-16,114.059669,22.634203,0
19-16,114.059669,22.634203,1
19-16,114.059669,22.634203,0
19-16,114.059669,22.634203,1
19-16,114.059669,22.634203,0
19-16,114.059669,22.634203,1
19-16,114.059669,22.634203,0
20-6,114.048210,22.601507,1
20-6,114.048241,22.601692,0
20-6,114.048225,22.601498,1
20-6,114.048225,22.601498,0
20-6,114.048225,22.601498,1
20-6,114.048225,22.601498,0
20-7,114.048225,22.601498,1
20-7,114.048225,22.601498,0
20-7,114.048225,22.601498,1
20-7,114.048225,22.601498,0
20-8,114.026100,22.640545,1
20-8,114.026100,22.640553,0
20-8,114.026100,22.640553,1
20-8,114.026100,22.640553,0
20-9,114.027351,22.673223,1
20-9,114.027336,22.673212,0
20-10,114.020180,22.668758,1
20-10,114.017197,22.666334,0
20-12,114.045441,22.649166,1
20-12,114.045441,22.649166,0
20-12,114.045441,22.649166,1
20-12,114.044991,22.649500,0
20-12,114.045441,22.649166,1
20-12,114.038803,22.652098,0
20-16,114.058258,22.637848,1
20-17,114.058258,22.637848,0
20-18,114.043259,22.601164,1
20-18,114.043839,22.600559,0
22-1,114.112579,22.608521,1
22-1,114.112579,22.608521,0
22-1,114.112549,22.608534,1
22-1,114.108093,22.611290,0
22-3,114.112671,22.609274,1
22-3,114.112671,22.609274,0
22-3,114.112663,22.609249,1
22-3,114.112663,22.609249,0
22-9,114.006912,22.677767,1
22-9,114.007019,22.677568,0
22-18,114.043129,22.601170,1
22-18,114.043137,22.601217,0
22-18,114.043137,22.601217,1
22-18,114.043121,22.600710,0
23-1,114.258514,22.730040,1
23-1,114.258514,22.730040,0
