time,jd,wd,status
24-21-39,113.919144,22.488817,0
