time,jd,wd,status
18-22,114.062782,22.537268,1
19-0,114.119904,22.558033,0
19-0,114.125252,22.565849,1
19-0,114.120003,22.558300,0
19-14,113.936432,22.537184,1
19-16,114.161018,22.563017,0
20-0,114.118248,22.557817,1
20-0,114.119881,22.557899,0
20-4,114.107880,22.547001,1
20-4,114.102081,22.562000,0
20-15,114.030380,22.606583,1
20-23,114.136665,22.566532,0
21-3,114.132271,22.579550,1
21-3,114.119980,22.557949,0
21-19,114.055847,22.526033,1
21-22,114.109032,22.591417,0
24-19,114.051514,22.523951,1
24-19,114.051537,22.523951,0
