time,jd,wd,status
23-17-13,113.831963,22.741159,0
