time,jd,wd,status
20-18,114.013367,22.566921,1
20-19,114.032738,22.525007,0
20-21,114.147438,22.544050,1
21-0,113.929253,22.494921,0
22-17,114.121681,22.574263,1
22-20,113.944740,22.506832,0
24-4,113.946716,22.560299,1
24-4,113.927132,22.500038,0
