time,jd,wd,status
19-13-0,114.013802,22.659760,0
21-11-7,114.033028,22.632217,1
21-12-40,114.013725,22.659798,0
24-17-59,113.999481,22.659481,1
24-18-1,113.999466,22.659502,0
