time,jd,wd,status
18-0,114.047279,22.599583,1
