time,jd,wd,status
18-12,114.165207,22.570475,1
18-12,114.165260,22.570452,0
18-19,114.165436,22.570393,1
18-19,114.165421,22.570385,0
19-0,114.094215,22.567883,1
19-0,114.094215,22.567883,0
20-19,114.165138,22.570450,1
20-19,114.165123,22.570562,0
20-21,114.135521,22.566870,1
20-22,114.120506,22.544453,0
21-19,114.126305,22.547995,1
21-19,114.126305,22.547995,0
21-19,114.126305,22.548000,1
21-19,114.126305,22.548000,0
21-19,114.125717,22.547913,1
21-19,114.125717,22.547913,0
21-19,114.125717,22.547913,1
21-19,114.125969,22.547819,0
21-21,114.105019,22.581512,1
21-21,114.104126,22.580729,0
22-0,114.103096,22.544773,1
22-0,114.103088,22.544792,0
22-19,114.173454,22.562088,1
22-19,114.173447,22.562103,0
22-19,114.173447,22.562103,1
22-19,114.173447,22.562103,0
22-19,114.173447,22.562103,1
22-19,114.173447,22.562103,0
22-19,114.173447,22.562103,1
22-19,114.172646,22.562653,0
24-13,114.144814,22.550817,1
24-13,114.144768,22.551785,0
24-13,114.144836,22.550798,1
24-13,114.144836,22.550798,0
24-13,114.144836,22.550798,1
24-13,114.144836,22.550798,0
24-13,114.144836,22.550798,1
24-15,114.144836,22.550798,0
24-15,114.144836,22.550798,1
24-15,114.144836,22.550798,0
24-15,114.144836,22.550798,1
24-15,114.144836,22.550798,0
24-15,114.144836,22.550798,1
24-15,114.144836,22.550798,0
24-15,114.144836,22.550798,1
24-15,114.144836,22.550798,0
24-15,114.144836,22.550798,1
24-15,114.144836,22.550798,0
24-15,114.144836,22.550798,1
24-15,114.144836,22.550798,0
24-16,114.144836,22.550798,1
24-16,114.144836,22.550798,0
24-16,114.144836,22.550798,1
24-16,114.144836,22.550798,0
24-16,114.144836,22.550798,1
24-16,114.144836,22.550798,0
24-16,114.144836,22.550798,1
24-16,114.144836,22.550798,0
24-16,114.144836,22.550798,1
24-16,114.144836,22.550798,0
24-16,114.144836,22.550798,1
24-16,114.144836,22.550798,0
24-16,114.144836,22.550798,1
24-16,114.144836,22.550798,0
24-16,114.144836,22.550798,1
24-16,114.144836,22.550798,0
24-16,114.144836,22.550798,1
24-17,114.082832,22.537399,0
