time,jd,wd,status
19-13,114.072021,22.536791,1
19-19,114.052521,22.571430,0
19-20,114.024902,22.556400,1
19-21,113.814667,22.651224,0
23-3,114.062904,22.545443,1
23-4,114.118317,22.574999,0
