time,jd,wd,status
18-20,114.036827,22.650122,1
18-20,114.036827,22.650122,0
