time,jd,wd,status
19-20,114.020660,22.531313,1
