time,jd,wd,status
18-11-5,114.131683,22.610668,1
18-11-15,114.134773,22.611258,0
18-11-26,114.143250,22.613159,1
18-11-29,114.142708,22.616814,0
20-22-23,114.119148,22.610632,1
20-22-40,114.105232,22.615530,0
