time,jd,wd,status
20-0-18,114.153389,22.619427,0
