time,jd,wd,status
19-0-0,114.119850,22.555750,1
