time,jd,wd,status
22-4-51,114.006828,22.650867,1
22-5-25,114.026169,22.672329,0
23-2-38,114.010773,22.664207,1
23-3-45,114.026024,22.672029,0
23-11-21,114.052368,22.630554,1
23-13-32,113.986794,22.674765,0
23-15-48,114.020386,22.642178,1
23-18-0,113.999428,22.653547,0
