time,jd,wd,status
19-12,114.119362,22.562943,1
20-11,114.035728,22.552343,0
