time,jd,wd,status
21-12,113.877007,22.788109,1
21-13,113.837929,22.729862,0
21-14,113.843201,22.771740,1
21-14,113.843201,22.771740,0
21-15,113.911224,22.756710,1
21-15,113.894798,22.775797,0
21-16,113.888329,22.780054,0
24-14,114.103882,22.629892,1
