time,jd,wd,status
20-18,114.028915,22.621498,1
20-18,114.028915,22.621498,0
22-5,114.043282,22.527487,1
22-5,114.043282,22.527477,0
