time,jd,wd,status
24-0,114.113235,22.599449,1
24-0,114.142319,22.622066,0
24-0,114.102997,22.552650,1
24-0,114.080048,22.532118,0
24-0,114.079865,22.532000,1
24-0,114.077667,22.540632,0
24-1,114.074402,22.542084,1
24-1,114.122704,22.549900,0
24-1,114.124298,22.552732,1
24-1,114.125183,22.567682,0
24-1,114.123215,22.571533,1
24-1,114.123398,22.575899,0
24-1,114.120331,22.570868,1
19-2,114.044830,22.567949,0
19-3,114.054619,22.568466,1
19-3,114.125534,22.549433,0
19-3,114.086433,22.540449,1
19-3,114.074051,22.538918,0
19-4,114.074768,22.542982,1
19-4,114.084236,22.549267,0
19-4,114.073853,22.537783,1
19-4,114.107933,22.575733,0
19-5,114.041252,22.570150,1
19-5,114.111000,22.535566,0
19-6,114.084930,22.570583,1
19-6,113.815720,22.647699,0
19-7,114.026817,22.560699,1
19-7,114.040665,22.570150,0
19-7,114.036919,22.568617,1
19-8,114.044052,22.512350,0
19-8,114.042603,22.514317,1
19-8,114.085449,22.569983,0
19-8,114.086929,22.570999,1
19-8,114.077469,22.551451,0
19-9,114.084999,22.555616,1
19-9,114.084251,22.544100,0
19-9,114.084099,22.543667,1
19-9,114.105782,22.543583,0
19-9,114.102570,22.543016,1
19-9,114.064034,22.538033,0
19-9,114.066071,22.557867,1
19-9,114.057915,22.537251,0
19-10,114.051483,22.531601,1
19-10,114.017349,22.536917,0
19-10,114.019630,22.534166,1
19-10,113.919853,22.507999,0
19-10,113.921387,22.513933,1
19-11,114.046135,22.540882,0
19-11,114.047569,22.540318,1
19-11,114.026070,22.527950,0
19-11,114.026466,22.524967,1
19-11,114.034767,22.522066,0
19-11,114.028816,22.521433,1
19-11,114.063217,22.517349,0
19-11,114.063232,22.518583,1
19-12,114.053886,22.531651,0
19-12,114.045647,22.558500,1
19-12,113.960434,22.546783,0
19-14,114.083252,22.571917,1
19-14,114.071999,22.588051,0
19-14,114.079247,22.572817,1
19-14,114.049667,22.525900,0
19-14,114.049248,22.525784,1
19-14,114.012070,22.554899,0
19-14,114.022018,22.543699,1
19-14,114.025200,22.528267,0
19-14,114.023735,22.525650,1
19-15,113.940430,22.563482,0
19-15,113.940536,22.563334,1
19-15,114.025719,22.535950,0
19-15,114.025803,22.534149,1
19-16,114.125618,22.579268,0
19-16,114.125069,22.579567,1
19-16,114.120918,22.569000,0
19-16,114.118134,22.568583,1
19-16,114.112068,22.584450,0
19-16,114.113266,22.584949,1
19-16,114.112450,22.588118,0
19-17,114.080147,22.557568,1
19-17,114.135414,22.615316,0
19-17,114.135880,22.613100,1
19-17,114.136215,22.603600,0
19-17,114.137970,22.608049,1
