time,jd,wd,status
19-9,114.063194,22.540548,1
