time,jd,wd,status
20-9-0,114.111877,22.530991,0
