time,jd,wd,status
19-3-17,114.111794,22.602827,0
