time,jd,wd,status
21-4,114.008331,22.661577,1
21-5,113.994301,22.674423,0
21-7,114.011497,22.663109,1
21-17,113.981087,22.681572,0
22-11,114.011971,22.666605,1
24-1,114.026031,22.660198,0
24-12,114.011971,22.666573,1
