time,jd,wd,status
23-22,114.062157,22.652863,1
24-2,114.112762,22.611200,0
24-8,114.040321,22.632643,1
24-11,114.140846,22.607235,0
24-22,114.025612,22.660057,1
