time,jd,wd,status
19-4-39,113.838440,22.733177,1
19-4-40,113.838432,22.733171,0
21-19-44,113.841415,22.749470,1
22-20-12,113.841469,22.749348,0
23-19-28,113.842560,22.743355,1
23-19-39,113.841515,22.749344,0
