time,jd,wd,status
19-9-39,114.060150,22.723053,0
19-9-40,114.060135,22.723059,1
19-9-40,114.060127,22.723059,0
19-14-12,113.998901,22.685595,1
19-14-35,114.026283,22.672382,0
19-15-19,114.041489,22.715237,1
19-15-37,114.007195,22.735165,0
21-11-10,114.026215,22.672348,1
21-12-57,114.026428,22.672462,0
22-8-34,114.045105,22.598404,1
22-14-7,114.041435,22.715221,0
24-10-6,114.045135,22.598394,1
24-12-59,114.001877,22.731928,0
