time,jd,wd,status
19-20-11,114.186363,22.559908,1
19-20-29,114.147896,22.559244,0
23-14-52,114.107674,22.588673,1
23-16-11,114.104271,22.613810,0
