time,jd,wd,status
19-21-16,113.816086,22.647142,1
19-21-18,113.816383,22.647068,0
19-21-18,113.816383,22.647068,1
20-21-1,113.891106,22.562256,0
23-16-17,113.810287,22.603306,1
24-16-54,113.896996,22.585831,0
