time,jd,wd,status
19-6,114.026466,22.661425,1
19-6,114.026505,22.661938,0
