time,jd,wd,status
19-23,114.118309,22.541088,1
20-2,114.113335,22.544344,0
24-18,114.111664,22.597492,1
24-19,114.111649,22.597441,0
