time,jd,wd,status
18-22-31,114.158272,22.611549,1
