time,jd,wd,status
21-22,114.073997,22.538092,1
22-0,114.122635,22.558043,0
24-19,114.145432,22.545551,1
24-21,113.943672,22.541639,0
