time,jd,wd,status
19-18,114.024826,22.523262,1
