time,jd,wd,status
18-0-1,113.884453,22.568666,1
18-1-35,113.891136,22.567118,0
