time,jd,wd,status
18-17-19,114.026138,22.651327,1
18-17-38,114.016998,22.665434,0
21-15-15,114.012955,22.640337,1
21-15-15,114.012955,22.640337,0
23-11-3,114.016022,22.748264,1
23-11-2,114.016014,22.748270,0
24-17-39,114.013863,22.665382,1
24-17-42,114.022743,22.669971,0
24-21-12,114.011192,22.644939,1
24-21-13,114.014336,22.647152,0
