time,jd,wd,status
23-7-55,114.118439,22.575064,0
