time,jd,wd,status
18-19,114.062157,22.522652,1
18-19,114.056854,22.519138,0
21-4,114.061218,22.521255,1
21-4,114.061249,22.521275,0
23-6,114.055649,22.515549,1
23-6,114.053787,22.514410,0
24-2,114.099464,22.536020,1
24-2,114.099464,22.536020,0
24-2,114.099442,22.536022,1
24-2,114.099442,22.536022,0
24-2,114.099442,22.536022,1
24-2,114.099442,22.536022,0
24-6,113.922096,22.522905,1
24-6,114.039375,22.530317,0
