time,jd,wd,status
23-1-21,114.131798,22.615473,0
