time,jd,wd,status
22-3-15,113.823936,22.724022,1
24-5-0,113.831436,22.715714,0
24-5-41,113.831070,22.714825,1
24-5-43,113.831070,22.714825,0
