time,jd,wd,status
22-12,114.077965,22.541788,1
