time,jd,wd,status
18-0-0,113.963982,22.544416,1
