time,jd,wd,status
24-2-55,114.112762,22.611200,0
24-8-58,114.040321,22.632643,1
24-11-35,114.140846,22.607235,0
24-22-38,114.025612,22.660057,1
