time,jd,wd,status
18-10,114.025185,22.664373,1
18-11,114.031395,22.677597,0
18-17,114.067108,22.630856,1
18-18,114.012306,22.645792,0
18-21,114.062233,22.629200,1
18-21,114.066971,22.630722,0
19-17,114.055679,22.661116,1
19-17,114.057800,22.663422,0
19-17,114.067169,22.630892,1
19-17,114.067200,22.630928,0
19-21,114.024193,22.659176,1
19-21,114.024193,22.659176,0
19-21,114.024193,22.659176,1
19-21,114.024193,22.659176,0
19-21,114.024193,22.659176,1
19-21,114.024193,22.659176,0
19-21,114.024193,22.659176,1
19-21,114.024193,22.659176,0
19-21,114.024193,22.659176,1
19-21,114.024193,22.659176,0
