time,jd,wd,status
20-23,114.021339,22.639202,1
21-0,114.025658,22.670544,0
22-16,114.025314,22.672052,1
22-17,114.024902,22.672117,0
24-6,114.025185,22.672527,1
24-6,114.025185,22.672527,0
24-6,114.025185,22.672527,1
24-7,114.025200,22.672607,0
