time,jd,wd,status
22-8,114.119339,22.541124,1
