time,jd,wd,status
19-6-59,114.025215,22.672413,0
