time,jd,wd,status
19-8-28,114.048256,22.670385,1
19-8-29,114.048256,22.670385,0
19-10-29,114.023666,22.654682,1
19-22-43,114.024155,22.658854,0
20-12-1,114.023636,22.654730,1
21-3-39,114.118271,22.621010,0
21-10-54,114.023537,22.654753,1
22-3-22,114.022881,22.658089,0
22-20-41,114.022797,22.658354,1
23-3-11,114.110085,22.602188,0
23-21-19,114.020866,22.659998,1
23-23-0,114.024178,22.658897,0
24-9-37,114.045174,22.598358,1
24-16-37,114.028877,22.621197,0
