time,jd,wd,status
18-21,114.044334,22.527735,1
18-22,114.051994,22.518272,0
18-23,113.999565,22.532257,1
19-4,113.958328,22.565071,0
