time,jd,wd,status
19-8-8,114.115532,22.618555,1
