time,jd,wd,status
19-7-47,113.860863,22.572454,1
23-23-3,113.908180,22.479567,0
