time,jd,wd,status
19-0-31,114.057831,22.663210,0
19-17-34,114.048210,22.670418,1
19-20-29,114.031372,22.678310,0
21-14-46,114.092300,22.787333,1
21-21-36,114.048225,22.670242,0
22-12-4,114.155022,22.626945,1
22-20-46,114.037651,22.653069,0
23-10-33,114.045334,22.598612,1
23-10-34,114.045334,22.598612,0
23-11-12,114.045403,22.598787,1
23-11-13,114.045403,22.598787,0
23-16-3,114.045288,22.598793,1
23-16-15,114.045326,22.598778,0
