time,jd,wd,status
22-2,114.018280,22.663580,1
22-3,114.056198,22.662931,0
