time,jd,wd,status
18-22,114.024887,22.671734,1
19-2,113.992485,22.666683,0
19-7,114.059380,22.655003,1
19-7,114.059418,22.655008,0
19-9,114.016815,22.666245,1
19-12,114.106171,22.693987,0
19-17,114.026512,22.661598,1
19-18,114.005264,22.656269,0
