time,jd,wd,status
19-1-54,114.052414,22.652872,0
20-10-25,114.119087,22.566242,1
20-10-26,114.119011,22.566242,0
22-22-49,114.126366,22.547560,0
