time,jd,wd,status
18-9,114.025078,22.672150,1
18-9,114.023216,22.670382,0
19-8,114.015694,22.644625,1
19-8,114.015694,22.644625,0
19-8,114.015701,22.644621,1
19-8,114.015701,22.644621,0
19-8,114.015701,22.644621,1
19-8,114.015701,22.644621,0
19-8,114.015701,22.644621,1
19-8,114.015701,22.644621,0
19-8,114.015701,22.644621,1
19-8,114.015701,22.644621,0
19-8,114.015701,22.644621,1
19-8,114.015701,22.644621,0
19-8,114.015701,22.644621,1
19-8,114.015701,22.644621,0
19-18,114.064812,22.657400,1
19-18,114.064835,22.657385,0
19-18,114.064835,22.657385,1
19-18,114.064835,22.657385,0
19-18,114.064835,22.657385,1
19-19,114.064835,22.657385,0
19-19,114.064835,22.657385,1
19-19,114.064835,22.657385,0
19-19,114.064835,22.657385,1
19-19,114.064835,22.657385,0
19-19,114.064835,22.657385,1
19-19,114.064857,22.657598,0
21-12,114.020172,22.668800,1
21-12,114.020172,22.668800,0
21-12,114.020172,22.668800,1
21-12,114.019623,22.669317,0
22-9,114.025322,22.672281,1
22-9,114.025322,22.672281,0
22-9,114.025322,22.672281,1
22-9,114.025398,22.672287,0
22-10,114.019142,22.671370,1
22-10,114.019142,22.671297,0
22-10,114.019142,22.671371,1
22-10,114.019142,22.671371,0
22-10,114.019142,22.671371,1
22-10,114.019142,22.671371,0
22-11,114.019142,22.671371,1
22-11,114.019142,22.671371,0
22-11,114.019142,22.671371,1
22-11,114.019142,22.671371,0
22-11,114.019142,22.671371,1
22-11,114.019142,22.671371,0
22-11,114.019142,22.671371,1
22-11,114.019142,22.671371,0
22-16,114.044922,22.598495,1
22-16,114.044449,22.634821,0
23-11,114.019569,22.671537,1
23-11,114.019569,22.671537,0
23-11,114.019569,22.671537,1
23-11,114.019569,22.671537,0
23-11,114.019569,22.671537,1
23-11,114.019569,22.671537,0
23-11,114.019569,22.671537,1
23-11,114.019569,22.671537,0
23-16,114.015556,22.645002,1
23-16,114.017929,22.646730,0
24-12,114.031883,22.635223,1
24-12,114.035774,22.646912,0
24-15,114.025085,22.672195,1
24-15,114.025078,22.672201,0
24-17,114.039536,22.641035,1
24-17,114.040833,22.640446,0
