time,jd,wd,status
24-1-43,114.042236,22.615803,0
