time,jd,wd,status
22-22,114.074066,22.627632,1
22-22,113.822685,22.660717,0
22-23,113.816719,22.648817,1
22-23,113.992332,22.526133,0
22-23,114.024620,22.531267,1
