time,jd,wd,status
18-5,114.106155,22.561987,1
18-6,114.089722,22.558464,0
18-7,114.056824,22.523607,1
18-7,114.056847,22.523584,0
21-4,114.039810,22.549448,1
21-4,114.039803,22.549473,0
21-4,114.039825,22.549433,1
21-4,114.039825,22.549433,0
21-4,114.039825,22.549433,1
21-4,114.039825,22.549433,0
21-4,114.039825,22.549433,1
21-4,114.039825,22.549433,0
21-5,114.039825,22.549433,1
21-5,114.039825,22.549433,0
21-5,114.039825,22.549433,1
21-5,114.039825,22.549433,0
21-5,114.039825,22.549433,1
21-5,114.039825,22.549433,0
21-5,114.039825,22.549433,1
21-5,114.039825,22.549433,0
21-5,114.039825,22.549433,1
21-5,114.039825,22.549433,0
21-5,114.039825,22.549433,1
21-5,114.039825,22.549433,0
21-5,114.039825,22.549433,1
21-5,114.039825,22.549433,0
21-5,114.039825,22.549433,1
21-5,114.039825,22.549433,0
21-5,114.039825,22.549433,1
21-5,114.039825,22.549433,0
21-5,114.039825,22.549433,1
21-5,114.039825,22.549433,0
21-5,114.039825,22.549433,1
21-5,114.039825,22.549433,0
21-5,114.039825,22.549433,1
21-5,114.039825,22.549433,0
21-5,114.039825,22.549433,1
21-5,114.039825,22.549433,0
21-5,114.039825,22.549433,1
21-5,114.039825,22.549433,0
24-1,114.110733,22.587160,1
24-1,114.110733,22.587160,0
24-1,114.110733,22.587160,1
24-1,114.110733,22.587160,0
24-20,114.063202,22.517460,1
24-20,114.063202,22.517460,0
