time,jd,wd,status
19-1-23,114.044884,22.721643,0
19-19-43,114.039391,22.705772,1
19-19-51,114.052429,22.720400,0
21-8-2,114.050331,22.708811,1
21-8-45,114.060616,22.722868,0
21-18-26,114.058762,22.776686,1
21-20-40,114.044235,22.703276,0
24-9-8,114.060677,22.722879,1
24-12-3,114.062782,22.719828,0
