time,jd,wd,status
20-2,114.104843,22.628981,1
20-3,114.104431,22.609159,0
22-4,114.018127,22.651518,1
22-5,114.001541,22.661373,0
22-18,114.026176,22.700274,1
23-1,114.111023,22.608377,0
