time,jd,wd,status
20-10,114.280663,22.722576,1
20-11,114.249626,22.705782,0
20-17,114.272232,22.731165,1
20-23,114.268639,22.744162,0
21-16,114.274246,22.747988,1
21-16,114.272087,22.731092,0
23-17,114.272232,22.731129,1
24-0,114.232841,22.727858,0
24-17,114.272186,22.731062,1
24-21,114.272194,22.731186,0
