time,jd,wd,status
22-10-32,113.817375,22.648666,0
