time,jd,wd,status
18-0,113.814880,22.649483,1
18-0,113.958450,22.572866,0
18-1,113.813751,22.647133,1
18-2,113.987930,22.677099,0
18-6,114.042130,22.544399,1
18-6,114.062668,22.517550,0
18-7,114.039848,22.532833,1
18-7,114.071999,22.539867,0
18-7,114.017868,22.527617,1
18-8,114.031448,22.563000,0
18-9,114.031448,22.563000,1
18-9,114.119370,22.546984,0
18-9,114.119370,22.546984,1
18-10,114.081635,22.546818,0
18-10,114.081635,22.546818,1
18-10,114.092567,22.559816,0
18-10,114.094101,22.559717,1
18-10,114.056129,22.535633,0
18-10,114.055367,22.537617,1
18-10,114.018333,22.539818,0
18-10,114.014320,22.539667,1
18-10,114.009430,22.534567,0
18-11,114.008797,22.536118,1
18-11,114.053368,22.526068,0
18-11,114.051582,22.528400,1
18-11,114.053734,22.539301,0
18-11,114.056519,22.540167,1
18-11,114.055733,22.536150,0
18-11,114.053116,22.537518,1
18-12,114.114151,22.534000,0
18-12,114.114197,22.533518,1
18-12,114.128464,22.550301,0
18-12,114.128586,22.549700,1
18-12,114.104919,22.541599,0
18-13,114.025749,22.536966,1
18-13,114.058929,22.535482,0
18-13,114.056465,22.535650,1
18-14,114.026352,22.537184,0
18-14,114.026352,22.537184,1
18-14,114.001335,22.537333,0
18-14,114.001335,22.537333,1
18-14,114.054100,22.535282,0
18-14,114.054100,22.535282,1
18-14,114.118530,22.546766,0
18-14,114.118530,22.546766,1
18-15,113.816032,22.647118,0
18-16,113.815720,22.647167,1
18-17,114.135498,22.600817,0
18-18,114.129730,22.555250,1
18-18,114.117180,22.545233,0
18-18,114.119270,22.542183,1
18-19,114.054131,22.568832,0
18-20,114.053352,22.549482,1
18-20,114.042633,22.567350,0
18-20,114.032097,22.562599,1
18-20,114.007065,22.549032,0
18-20,114.011902,22.544300,1
18-20,114.043297,22.530167,0
18-20,114.040535,22.531250,1
18-20,113.907318,22.553850,0
18-21,113.903801,22.561850,1
18-21,114.125748,22.551201,0
18-21,114.098083,22.543568,1
18-22,114.116570,22.567432,0
18-22,114.050400,22.551317,1
18-22,114.052963,22.564432,0
18-22,114.032082,22.541218,1
18-23,113.915764,22.541250,0
18-23,113.916283,22.543484,1
18-23,113.896683,22.552433,0
18-23,113.896385,22.552717,1
18-23,113.836899,22.629351,0
19-0,113.814079,22.650967,1
19-0,114.224586,22.708033,0
19-1,114.200233,22.648500,1
19-2,114.042183,22.603251,0
19-4,114.019119,22.540533,1
19-5,113.815987,22.647100,0
19-6,113.911865,22.544283,1
19-6,114.068466,22.523800,0
19-6,114.048019,22.532301,1
19-6,114.101585,22.541149,0
19-7,114.015732,22.554716,1
19-7,114.025284,22.532633,0
19-8,114.017784,22.527733,1
19-8,114.031403,22.563383,0
