time,jd,wd,status
21-1,113.963791,22.543545,1
21-1,113.959137,22.543545,0
