time,jd,wd,status
20-1,114.086670,22.540192,1
20-2,114.127167,22.547972,0
21-20,113.979973,22.535940,1
21-23,114.033134,22.522793,0
22-16,114.139023,22.564068,1
22-20,114.135567,22.615238,0
23-17,114.187569,22.642792,1
23-20,113.917725,22.504400,0
