time,jd,wd,status
19-5-45,114.100113,22.579445,0
21-0-31,114.129753,22.571583,1
21-0-34,114.124603,22.572008,0
21-22-4,114.133728,22.549395,1
21-22-5,114.132278,22.548998,0
24-19-48,114.025444,22.524010,1
24-19-56,114.025002,22.527628,0
