time,jd,wd,status
20-19,114.034058,22.518272,1
20-19,114.034042,22.518263,0
