time,jd,wd,status
18-11-2,113.940804,22.528748,1
24-21-39,113.919144,22.488817,0
