time,jd,wd,status
20-3,114.029999,22.522511,1
22-3,114.030136,22.522648,0
