time,jd,wd,status
19-20,114.087662,22.543364,1
19-21,114.130531,22.579027,0
24-21,114.100677,22.552876,1
24-22,114.009720,22.534784,0
24-23,114.048996,22.517023,1
24-23,114.083107,22.554848,0
