time,jd,wd,status
21-2-15,113.865250,22.571198,0
22-2-4,113.876518,22.598566,1
22-7-16,113.816582,22.646540,0
24-2-4,113.874107,22.596691,1
