time,jd,wd,status
19-0-19,113.815598,22.647018,1
19-1-16,114.118134,22.542080,0
19-9-51,114.119583,22.565861,1
19-9-56,114.119255,22.566162,0
20-19-2,114.046371,22.520355,1
20-20-40,113.916862,22.543068,0
22-18-48,114.046684,22.520250,1
22-18-48,114.046692,22.520262,0
24-6-21,114.112343,22.597027,1
24-6-46,114.049416,22.526117,0
24-19-22,114.060471,22.527218,1
24-22-2,114.122231,22.545868,0
