time,jd,wd,status
24-10-14,114.117104,22.546724,1
23-13-53,114.035843,22.552353,0
