time,jd,wd,status
18-0-39,113.927544,22.518965,0
