time,jd,wd,status
18-0-0,114.091049,22.543583,1
