time,jd,wd,status
20-10,113.971268,22.540974,1
21-13,114.035072,22.551302,0
21-21,113.911987,22.519253,1
23-13,114.065414,22.554466,0
23-22,113.912186,22.519318,1
24-13,114.036392,22.549023,0
