time,jd,wd,status
20-0,114.029305,22.527840,1
20-0,114.029305,22.527840,0
