time,jd,wd,status
18-20-15,114.019409,22.654758,1
18-23-9,114.058853,22.638060,0
22-4-59,114.044533,22.697428,1
22-5-8,114.044456,22.699938,0
24-5-59,114.062164,22.722759,1
24-6-16,114.061966,22.722782,0
