time,jd,wd,status
19-16,113.893700,22.566933,1
19-16,113.882233,22.574450,0
19-16,113.880768,22.572250,1
19-16,113.909050,22.564550,0
19-16,113.909019,22.564568,1
19-17,113.855148,22.619801,0
20-14,113.854080,22.655199,1
20-15,113.879669,22.579166,0
20-15,113.867020,22.583817,1
20-15,113.892380,22.584833,0
20-15,113.891670,22.593817,1
20-16,113.896049,22.558233,0
20-16,113.905350,22.555817,1
20-16,113.879601,22.611767,0
21-15,113.829353,22.602533,1
21-15,113.867920,22.581551,0
21-15,113.867920,22.581551,1
21-15,113.867920,22.581551,0
21-16,113.879913,22.602900,1
21-16,113.895554,22.575550,0
22-14,113.899918,22.566067,1
22-14,113.905602,22.559816,0
22-14,113.896202,22.563868,1
22-14,113.906815,22.559099,0
22-14,113.897202,22.563066,1
22-15,113.904915,22.561016,0
22-15,113.898651,22.572550,1
22-15,113.908546,22.574867,0
22-15,113.908066,22.575367,1
22-15,113.814651,22.649733,0
22-16,113.836403,22.615168,1
22-16,113.908867,22.564667,0
22-16,113.904732,22.562634,1
22-16,113.881035,22.590300,0
22-19,113.893150,22.579817,1
22-19,113.895966,22.570967,0
24-12,113.908920,22.569668,1
24-12,113.907448,22.558149,0
24-12,113.904686,22.557266,1
24-12,113.871468,22.574867,0
24-12,113.873886,22.597584,1
24-13,113.880951,22.592667,0
24-13,113.886917,22.591101,1
24-13,113.857483,22.584284,0
24-13,113.857765,22.584534,1
24-13,113.872017,22.570017,0
24-13,113.872520,22.573750,1
24-13,113.888481,22.573383,0
24-13,113.871765,22.591400,1
24-14,113.819771,22.661484,0
24-14,113.831467,22.642817,1
24-14,113.845200,22.625883,0
24-14,113.845779,22.625017,1
24-14,113.875252,22.583817,0
24-14,113.879982,22.578934,1
24-14,113.856499,22.590134,0
24-14,113.866920,22.583767,1
24-14,113.893631,22.574751,0
24-14,113.895302,22.574818,1
24-14,113.887383,22.578583,0
24-14,113.890114,22.580967,1
24-15,113.877853,22.564516,0
24-15,113.884903,22.559851,1
24-15,113.875397,22.584316,0
24-15,113.875130,22.584000,1
24-16,113.897964,22.568001,0
24-16,113.905815,22.563732,1
24-16,113.900970,22.554483,0
24-16,113.905830,22.577566,1
24-16,113.897385,22.573917,0
