time,jd,wd,status
22-0-23,114.111618,22.597527,0
22-3-41,114.106133,22.616322,1
22-3-48,114.111076,22.612690,0
23-1-40,114.110779,22.612598,1
23-1-40,114.110779,22.612598,0
