time,jd,wd,status
23-0,114.107750,22.548887,1
23-0,114.107750,22.548887,0
23-0,114.039169,22.523714,1
23-0,114.068344,22.523973,0
23-1,114.042198,22.540655,1
23-1,114.085220,22.554338,0
23-1,114.088219,22.554615,1
23-1,114.127525,22.554459,0
22-10,114.133209,22.618107,1
22-10,114.112862,22.601852,0
22-10,114.107826,22.593353,1
22-11,114.090820,22.534893,0
22-11,114.113197,22.539799,1
22-11,114.115967,22.556757,0
22-11,114.099014,22.570320,1
22-12,113.874664,22.570538,0
22-12,113.904961,22.548620,1
22-13,113.864220,22.582163,0
22-13,113.895218,22.554552,1
22-13,113.903641,22.530142,0
22-13,113.917915,22.542978,1
22-14,113.947739,22.590422,0
22-14,113.948624,22.575792,1
22-14,113.966042,22.594788,0
22-14,113.974266,22.596598,1
22-14,114.018768,22.540100,0
22-14,114.029045,22.594887,1
22-15,114.082001,22.638502,0
22-15,114.036674,22.618153,1
22-16,114.083794,22.572155,0
22-16,114.075371,22.571941,1
22-16,114.004959,22.657888,0
22-17,114.023201,22.644463,1
22-18,114.116699,22.539387,0
22-18,114.116699,22.539387,1
22-19,114.044052,22.568937,0
22-19,114.034271,22.567560,1
22-19,113.983521,22.560633,0
22-19,113.983521,22.560633,1
22-19,113.983521,22.560633,0
22-19,114.018402,22.551128,1
22-20,114.083748,22.540619,0
22-20,114.083443,22.537605,1
22-20,114.063057,22.526211,0
22-20,114.043007,22.541075,1
22-21,114.118927,22.540815,0
22-21,114.120369,22.541498,1
22-21,114.117943,22.544168,0
22-21,114.113930,22.542816,1
22-21,114.118950,22.554529,0
22-21,114.119431,22.555065,1
22-21,114.145287,22.555185,0
22-21,114.129768,22.551790,1
22-22,114.104073,22.559235,0
22-22,114.103088,22.552759,1
22-22,114.100540,22.540922,0
22-22,114.108215,22.544489,1
22-22,114.100555,22.540937,0
22-22,114.108223,22.544527,1
22-22,114.100327,22.542778,0
22-22,114.108231,22.544567,1
22-22,114.101669,22.543436,0
22-22,114.101418,22.543341,1
22-22,114.114731,22.563068,0
22-22,114.109474,22.546778,1
22-22,114.104599,22.552893,0
22-22,114.120110,22.559370,1
22-23,114.126976,22.551891,0
22-23,114.116615,22.566660,1
22-23,114.115517,22.588381,0
