time,jd,wd,status
20-21-1,114.159050,22.610197,0
23-7-51,113.922935,22.549292,1
23-9-38,113.981117,22.536983,0
