time,jd,wd,status
21-23-7,114.066170,22.547543,1
21-23-45,114.086662,22.539576,0
23-13-59,114.020485,22.530638,1
23-15-32,113.814621,22.650974,0
