time,jd,wd,status
19-0,114.121780,22.573732,1
19-0,114.124580,22.563932,0
19-0,114.088470,22.537634,1
19-0,114.044601,22.535667,0
19-0,114.040901,22.549917,1
19-0,114.047615,22.537333,0
19-1,114.048035,22.560232,1
19-1,114.062500,22.558233,0
19-5,114.065849,22.524668,1
19-5,114.051285,22.532618,0
19-7,114.062981,22.537399,1
19-8,114.044930,22.540783,0
19-8,114.067986,22.550817,1
19-8,114.105164,22.556351,0
19-11,114.075996,22.547216,1
19-11,114.060516,22.536150,0
19-18,114.079063,22.535084,1
19-19,114.132530,22.559134,0
19-19,114.109802,22.554268,1
19-19,114.122780,22.604883,0
19-20,114.119598,22.598101,1
19-20,114.112816,22.605217,0
19-20,114.119202,22.538082,1
19-20,114.121635,22.541117,0
19-20,114.113930,22.545483,1
19-21,114.119652,22.595100,0
19-21,114.116966,22.546551,1
19-21,114.101967,22.542917,0
19-22,114.099602,22.546850,1
19-22,114.034630,22.528049,0
19-22,114.047249,22.533632,1
19-22,114.067436,22.527901,0
19-23,114.070602,22.531584,1
18-16,113.825851,22.611200,0
