time,jd,wd,status
18-11,114.016670,22.537767,1
