time,jd,wd,status
22-10,114.116692,22.578054,1
22-15,114.114716,22.582699,0
23-22,114.012787,22.530542,1
23-22,114.012787,22.530542,0
