time,jd,wd,status
21-3-10,114.117691,22.596710,0
22-2-24,114.112038,22.597073,1
