time,jd,wd,status
21-17,114.127968,22.587250,1
21-18,114.111115,22.586683,0
22-2,114.118080,22.589399,1
22-4,114.117836,22.571449,0
22-6,114.118965,22.590633,1
22-7,114.035652,22.552418,0
23-22,114.110397,22.547733,1
23-22,114.123100,22.548468,0
23-22,114.122948,22.548349,1
24-1,114.124229,22.558533,0
24-17,114.137619,22.568783,1
24-17,114.093185,22.541668,0
24-18,114.105118,22.541683,1
24-18,114.114952,22.542950,0
24-19,114.094803,22.541567,1
24-21,114.113731,22.553949,0
