time,jd,wd,status
19-16-52,114.117706,22.596506,1
21-3-10,114.117691,22.596710,0
22-2-24,114.112038,22.597073,1
