time,jd,wd,status
19-16,114.114746,22.582729,1
