time,jd,wd,status
19-9,114.119820,22.565792,1
19-9,114.119835,22.565807,0
20-18,114.044334,22.550219,1
20-22,114.129501,22.558168,0
23-10,113.966263,22.570658,1
23-10,113.966148,22.570791,0
24-17,114.126892,22.560188,1
24-20,114.129547,22.547270,0
