time,jd,wd,status
19-19-23,113.808296,22.669035,0
21-18-10,113.822990,22.674337,1
21-18-27,113.821350,22.658503,0
21-18-37,113.812798,22.664845,1
21-18-54,113.815437,22.649942,0
22-18-28,113.798309,22.763067,1
24-17-43,113.797462,22.764008,0
