time,jd,wd,status
19-4,113.838440,22.733177,1
19-4,113.838432,22.733171,0
21-19,113.841415,22.749470,1
22-20,113.841469,22.749348,0
23-19,113.842560,22.743355,1
23-19,113.841515,22.749344,0
