time,jd,wd,status
19-0-49,114.049301,22.526258,0
23-0-57,114.112167,22.597046,1
23-1-20,114.113876,22.540335,0
23-8-56,113.919426,22.553528,1
23-9-20,113.943703,22.541672,0
24-19-58,114.133636,22.572048,1
24-20-44,114.077942,22.543127,0
