time,jd,wd,status
18-0-0,114.075279,22.682899,1
