time,jd,wd,status
22-5-50,114.107513,22.543221,0
22-5-51,114.107513,22.543221,1
