time,jd,wd,status
24-0-4,114.092171,22.541687,0
24-15-50,114.119736,22.541185,1
24-16-56,114.081383,22.560308,0
