time,jd,wd,status
20-9-9,114.076950,22.542692,1
