time,jd,wd,status
21-0,114.086716,22.537634,1
21-0,114.086617,22.539400,0
21-0,114.076149,22.546682,1
21-0,114.101196,22.572683,0
21-0,114.101830,22.548018,1
21-1,114.094498,22.561716,0
21-1,114.102020,22.548300,1
21-1,114.106880,22.613132,0
21-2,114.061317,22.521067,1
21-2,114.079117,22.534651,0
21-2,114.084000,22.540667,1
21-2,114.079353,22.535601,0
21-3,114.086166,22.540783,1
21-3,114.095154,22.541183,0
21-4,114.062134,22.639668,1
21-4,114.055870,22.626667,0
21-6,114.042984,22.527483,1
21-6,114.061317,22.519417,0
21-7,114.038681,22.526632,1
21-7,114.048203,22.538883,0
21-8,114.042282,22.527267,1
21-8,114.047050,22.540783,0
21-8,114.039047,22.527367,1
21-8,114.048500,22.523417,0
21-8,114.048317,22.518667,1
21-9,114.038254,22.529900,0
21-9,114.040985,22.530750,1
21-9,114.049751,22.540817,0
21-9,114.041199,22.525650,1
21-9,114.044403,22.549400,0
21-10,114.113899,22.534317,1
21-10,114.064133,22.532034,0
21-11,114.064384,22.537567,1
21-11,114.076164,22.548883,0
21-11,114.086197,22.551666,1
21-11,114.113319,22.543882,0
21-11,114.113716,22.534267,1
21-11,114.124084,22.542067,0
19-11,114.124100,22.530867,1
19-12,114.081482,22.545683,0
19-12,114.081566,22.547283,1
19-12,114.022232,22.535732,0
19-12,114.038231,22.527283,1
19-12,114.047897,22.538933,0
19-12,114.048203,22.539450,1
19-12,114.050598,22.549232,0
19-12,114.048386,22.547300,1
19-13,113.992798,22.531183,0
19-13,114.002586,22.532801,1
19-13,114.015465,22.533182,0
19-13,114.009781,22.535000,1
19-13,114.082420,22.546917,0
19-14,114.084167,22.548918,1
19-14,114.025368,22.532833,0
19-14,114.026436,22.537968,1
19-14,114.060120,22.524166,0
19-14,114.063217,22.518801,1
19-15,114.066818,22.547550,0
19-15,114.067436,22.547550,1
19-15,114.113815,22.534582,0
19-15,114.115463,22.535067,1
19-15,113.982719,22.552050,0
19-17,113.885902,22.573532,1
19-18,113.943703,22.508133,0
19-18,113.945381,22.506550,1
19-18,113.931465,22.489651,0
