time,jd,wd,status
19-7-45,113.888237,22.592827,1
19-7-52,113.894264,22.584984,0
19-18-0,113.889786,22.591925,1
19-19-39,113.897171,22.583405,0
21-13-25,113.797226,22.674952,1
20-18-42,113.848282,22.579178,0
