time,jd,wd,status
20-16-29,114.006798,22.654619,0
21-12-4,114.027817,22.648733,1
21-23-17,114.015755,22.648623,0
23-7-51,114.024643,22.658327,1
23-23-28,114.015785,22.648653,0
24-11-43,114.027794,22.648973,1
24-23-34,114.015839,22.648626,0
