time,jd,wd,status
19-18,114.202232,22.649523,1
19-18,114.202248,22.649521,0
19-18,114.202240,22.649496,1
19-18,114.202240,22.649496,0
21-6,114.290558,22.729797,1
21-6,114.290604,22.729786,0
21-8,114.152618,22.627417,1
21-8,114.152657,22.627401,0
21-8,114.152657,22.627401,1
21-8,114.152542,22.627514,0
22-17,114.241844,22.720926,1
22-17,114.241837,22.720930,0
22-17,114.241837,22.720930,1
22-17,114.243561,22.722492,0
23-17,114.226280,22.701141,1
23-17,114.224426,22.702593,0
