time,jd,wd,status
20-21-31,114.053261,22.564266,1
