time,jd,wd,status
21-11-33,113.874176,22.587528,1
21-18-22,114.015198,22.665974,0
21-18-34,114.012138,22.664312,1
21-22-4,113.880333,22.593218,0
23-12-44,113.844742,22.685198,1
23-12-53,113.844727,22.685192,0
23-19-28,113.894341,22.584333,1
23-20-40,113.880478,22.593002,0
24-1-43,113.989479,22.700525,1
24-2-15,114.014862,22.644463,0
24-12-20,113.894066,22.577101,1
24-17-5,113.844559,22.685347,0
