time,jd,wd,status
19-17-24,114.200653,22.645018,0
