time,jd,wd,status
23-0-57,114.055855,22.625162,1
23-11-50,113.990074,22.695492,0
23-11-51,113.990074,22.695492,1
