time,jd,wd,status
20-0-35,114.147530,22.545298,1
20-0-35,114.147530,22.545298,0
20-0-36,114.147537,22.545294,1
20-0-37,114.147537,22.545294,0
