time,jd,wd,status
19-8-17,114.025597,22.640490,1
19-8-30,114.042374,22.659283,0
19-11-33,114.028679,22.674582,1
19-11-47,114.011040,22.665724,0
19-14-5,114.032280,22.629988,1
19-14-22,114.032272,22.607519,0
19-17-29,114.037827,22.653292,1
19-17-42,114.025063,22.632650,0
19-18-34,114.034912,22.620438,1
19-23-46,114.021400,22.638863,0
