time,jd,wd,status
19-16,113.925697,22.678160,1
19-16,113.923920,22.686672,0
22-9,113.925026,22.686043,1
22-12,113.948341,22.685947,0
22-15,113.888947,22.779497,1
22-16,113.902222,22.720963,0
23-16,113.924034,22.686605,1
23-16,113.924034,22.686605,0
