time,jd,wd,status
20-8,114.119591,22.565739,1
20-11,114.124184,22.544521,0
22-19,114.036308,22.524431,1
22-19,114.036324,22.524427,0
23-10,114.113579,22.539698,1
23-10,114.106026,22.545868,0
23-19,113.814873,22.651344,1
23-19,113.814896,22.651327,0
