time,jd,wd,status
19-13,114.110886,22.544067,1
19-13,114.110840,22.544062,0
