time,jd,wd,status
22-1,114.093399,22.543257,1
22-7,114.082214,22.533970,0
