time,jd,wd,status
18-0-0,114.113632,22.537767,1
