time,jd,wd,status
20-8-55,114.091888,22.558470,1
20-9-43,114.009392,22.534893,0
