time,jd,wd,status
21-6-9,113.806564,22.667730,1
21-15-43,113.823166,22.674238,0
22-22-26,114.024887,22.665003,1
22-23-45,113.815338,22.651686,0
23-5-3,113.885895,22.580158,1
23-5-37,113.817001,22.655243,0
23-17-2,113.821510,22.658728,1
23-17-21,113.806389,22.667835,0
24-4-14,113.806435,22.667778,1
24-4-19,113.806442,22.667784,0
