time,jd,wd,status
20-13,114.064537,22.554518,1
20-16,114.061607,22.573515,0
21-13,114.065552,22.554661,1
21-16,114.107605,22.575981,0
21-22,113.913689,22.530888,1
21-22,113.910400,22.487495,0
22-13,114.055519,22.564751,1
22-16,114.101440,22.581120,0
24-1,114.042030,22.560234,1
24-1,114.042030,22.560234,0
24-1,114.042030,22.560234,1
24-1,114.042030,22.560234,0
