time,jd,wd,status
24-12-6,114.076134,22.551058,0
24-15-32,114.029640,22.627321,1
24-15-42,114.030212,22.617380,0
