time,jd,wd,status
19-4,114.119431,22.539707,1
19-5,114.119377,22.539694,0
19-20,114.107285,22.536947,1
19-23,113.814598,22.650990,0
20-10,114.119034,22.566109,1
20-10,114.119415,22.566254,0
21-13,114.145157,22.544333,1
21-19,114.142700,22.549795,0
22-4,114.109154,22.545050,1
22-4,114.123482,22.545074,0
