time,jd,wd,status
20-1-50,114.032021,22.523235,0
20-19-19,114.050240,22.530321,1
20-19-19,114.050240,22.530321,0
20-19-20,114.050240,22.530321,1
