time,jd,wd,status
23-0,114.117447,22.560432,1
23-0,114.137215,22.575968,0
23-0,114.106033,22.539467,1
23-0,114.095284,22.541416,0
23-0,114.105682,22.539801,1
23-0,114.124084,22.541250,0
23-1,114.104668,22.539967,1
23-1,114.126534,22.559717,0
23-1,114.105751,22.539383,1
23-1,114.060402,22.526434,0
23-2,114.105530,22.539450,1
23-2,114.081367,22.547632,0
23-2,114.105232,22.539568,1
23-2,114.118782,22.561050,0
23-6,114.041718,22.520866,1
23-6,113.986053,22.561466,0
23-6,113.979385,22.561350,1
23-6,113.992683,22.534184,0
23-7,114.004150,22.536016,1
23-7,114.062668,22.517567,0
23-7,114.087669,22.537268,1
23-7,114.115280,22.535000,0
23-8,114.105850,22.539568,1
23-9,113.834183,22.646183,0
22-7,113.848770,22.629749,1
22-7,113.815147,22.648533,0
22-8,113.877869,22.583918,1
22-8,114.056686,22.537518,0
22-9,114.058319,22.531967,1
22-9,114.045631,22.540983,0
22-9,114.044853,22.529800,1
22-9,114.019852,22.533350,0
22-9,114.029251,22.527918,1
22-9,114.022163,22.534950,0
22-9,114.022079,22.535450,1
22-10,114.071884,22.541800,0
22-10,114.075218,22.534533,1
22-10,114.064003,22.537800,0
22-10,114.063301,22.537800,1
22-10,114.083252,22.571934,0
22-10,114.067520,22.564383,1
22-10,114.061203,22.545567,0
22-10,114.047600,22.547617,1
22-10,114.038681,22.563499,0
22-11,113.856216,22.617416,1
22-11,113.816147,22.646999,0
22-12,113.940216,22.546167,1
22-12,113.946198,22.541718,0
22-12,113.949066,22.541750,1
22-12,113.964066,22.544216,0
22-13,114.032097,22.525267,1
22-13,114.085403,22.563932,0
22-16,114.029167,22.522249,1
22-16,114.040565,22.524151,0
22-16,114.037918,22.523451,1
22-16,113.923714,22.549084,0
22-17,113.940399,22.553066,1
22-17,113.940468,22.550100,0
22-17,113.970901,22.539017,1
22-17,114.110748,22.531200,0
22-17,114.111954,22.532049,1
22-18,114.112549,22.546133,0
22-18,114.113220,22.537167,1
22-18,114.124680,22.541451,0
