time,jd,wd,status
19-10-2,114.028465,22.651087,1
19-10-21,114.045395,22.598677,0
19-11-45,113.817253,22.732178,1
19-12-33,114.012764,22.658726,0
19-21-36,114.026894,22.651527,1
19-23-22,114.026894,22.651527,0
21-21-36,114.017166,22.665377,1
21-23-11,114.025612,22.660038,0
24-0-11,114.005859,22.661077,1
24-0-41,114.025269,22.659739,0
