time,jd,wd,status
19-2,114.118576,22.553305,1
