time,jd,wd,status
19-0,114.158768,22.611008,1
