time,jd,wd,status
18-23-28,114.058037,22.536892,0
19-21-34,114.122749,22.615757,1
20-0-34,114.225487,22.695669,0
