time,jd,wd,status
20-22,114.037430,22.527542,1
21-0,114.004234,22.537954,0
23-2,114.103821,22.559498,1
23-3,114.102692,22.540998,0
