time,jd,wd,status
20-18-17,114.124809,22.549200,1
20-18-19,114.124786,22.549156,0
22-6-58,114.123955,22.545172,1
22-6-59,114.124001,22.545237,0
