time,jd,wd,status
19-11-36,114.006516,22.735121,1
19-11-37,114.006516,22.735121,0
21-9-7,114.045410,22.733068,1
21-12-40,114.043625,22.704105,0
21-13-26,114.021011,22.652876,1
21-17-9,114.041931,22.705833,0
23-9-53,114.024933,22.672253,1
23-10-1,114.024933,22.672253,0
23-13-4,114.042007,22.706440,1
23-13-53,114.041664,22.707251,0
24-16-54,114.051224,22.718760,1
24-17-2,114.041817,22.705772,0
