time,jd,wd,status
22-19-2,114.018204,22.527529,1
