time,jd,wd,status
24-0,113.899414,22.578400,1
24-0,113.894432,22.576817,0
24-0,113.892570,22.578699,1
24-0,113.883469,22.581850,0
24-0,113.854202,22.568884,1
24-1,113.868233,22.584583,0
24-1,113.879936,22.589767,1
24-1,113.863930,22.578867,0
24-1,113.878304,22.588417,1
24-1,113.878586,22.574568,0
24-2,113.814796,22.749100,1
24-2,113.828018,22.731550,0
24-8,113.863930,22.562782,1
24-8,113.895401,22.574867,0
24-8,113.896301,22.569668,1
24-8,113.869164,22.565783,0
24-8,113.872253,22.561083,1
24-8,113.854118,22.588118,0
24-10,113.895332,22.574850,1
24-10,113.891548,22.585333,0
24-10,113.890953,22.586349,1
24-10,113.844131,22.738417,0
24-11,113.840935,22.741449,1
24-11,113.824150,22.724182,0
24-12,113.874481,22.587151,1
24-13,113.861649,22.586050,0
24-13,113.848915,22.579582,1
24-13,113.864899,22.583483,0
24-13,113.864250,22.581699,1
24-13,113.864830,22.570633,0
24-13,113.865417,22.571466,1
24-13,113.816216,22.647083,0
24-13,113.843681,22.599934,1
24-14,113.908882,22.567432,0
24-14,113.899567,22.571768,1
24-14,113.814682,22.649450,0
24-15,113.844948,22.626833,1
24-15,113.840897,22.596201,0
24-15,113.840919,22.595949,1
24-15,113.887451,22.565832,0
24-15,113.886215,22.566933,1
24-15,113.871429,22.574883,0
24-15,113.863770,22.580717,1
24-15,113.856171,22.590517,0
24-15,113.857803,22.589033,1
24-16,113.906082,22.563667,0
24-16,113.906433,22.564133,1
24-16,113.858116,22.761749,0
24-16,113.844116,22.769716,1
24-17,113.871170,22.786583,0
24-17,113.925514,22.677116,1
24-17,113.915154,22.591618,0
24-18,113.897499,22.573633,1
24-18,113.901665,22.568716,0
24-18,113.900719,22.567883,1
24-18,113.884819,22.571983,0
24-18,113.881432,22.570284,1
24-19,113.868080,22.575451,0
24-19,113.861816,22.575199,1
24-19,113.856667,22.583282,0
24-19,113.878235,22.580767,1
24-19,113.887604,22.565666,0
24-19,113.891136,22.562218,1
24-19,113.897385,22.552383,0
24-19,113.881432,22.584333,1
24-20,113.876221,22.589451,0
24-20,113.878830,22.582817,1
24-20,113.873314,22.586399,0
24-20,113.863831,22.581200,1
24-20,113.888969,22.563168,0
24-20,113.891815,22.561550,1
24-20,113.877602,22.566668,0
24-21,113.896698,22.565166,1
24-21,113.880783,22.578182,0
24-21,113.887970,22.589117,1
24-21,113.905220,22.572950,0
24-22,113.900467,22.565567,1
24-22,113.897217,22.574017,0
