time,jd,wd,status
23-20,114.085983,22.551359,1
