time,jd,wd,status
19-3,114.037392,22.527464,1
19-3,114.037262,22.527418,0
19-18,114.106766,22.553976,1
19-20,114.063393,22.517412,0
20-18,114.122009,22.546642,1
20-22,114.114777,22.550606,0
24-19,114.132317,22.554754,1
24-21,114.059067,22.562508,0
