time,jd,wd,status
19-8,114.067932,22.573647,1
20-14,114.044586,22.523922,0
