time,jd,wd,status
18-0-0,113.979332,22.536333,1
