time,jd,wd,status
19-21,113.870964,22.574587,1
19-23,113.927841,22.528378,0
21-10,113.961845,22.522665,1
21-12,114.065498,22.554686,0
22-7,113.959206,22.538887,1
22-8,113.969536,22.563206,0
23-8,113.978233,22.550842,1
23-9,113.945297,22.506868,0
23-20,114.059158,22.562464,1
23-21,114.106346,22.544497,0
24-4,114.030518,22.567532,1
24-5,113.949638,22.582951,0
