time,jd,wd,status
20-0,114.060188,22.613159,1
