time,jd,wd,status
18-21,114.067726,22.558462,1
18-22,114.081726,22.552830,0
21-18,114.052505,22.527510,1
21-18,114.052483,22.527538,0
21-18,114.052483,22.527538,1
21-18,114.052483,22.527538,0
21-18,114.052483,22.527538,1
21-18,114.052483,22.527538,0
21-18,114.052483,22.527538,1
21-18,114.052483,22.527538,0
21-18,114.052483,22.527538,1
21-18,114.052483,22.527538,0
21-18,114.052483,22.527538,1
21-18,114.052483,22.527538,0
21-18,114.052483,22.527538,1
21-18,114.052483,22.527538,0
21-18,114.052483,22.527538,1
21-18,114.052460,22.527618,0
22-6,113.906204,22.552818,1
22-6,113.906883,22.552813,0
22-18,114.052444,22.527571,1
22-18,114.052505,22.527565,0
22-20,114.020332,22.618908,1
22-20,114.020355,22.618927,0
23-14,114.051430,22.535484,1
23-14,114.051430,22.535482,0
24-19,114.052254,22.527679,1
24-19,114.052254,22.527679,0
24-19,114.052246,22.527693,1
24-19,114.052246,22.527693,0
24-19,114.052246,22.527693,1
24-19,114.052246,22.527693,0
24-19,114.052246,22.527693,1
24-19,114.052246,22.527693,0
24-19,114.052246,22.527693,1
24-19,114.052246,22.527693,0
24-20,114.052246,22.527693,1
24-20,114.052246,22.527693,0
24-20,114.052246,22.527693,1
24-20,114.052246,22.527693,0
24-20,114.052246,22.527693,1
24-20,114.052246,22.527693,0
24-20,114.052246,22.527693,1
24-20,114.052246,22.527693,0
24-20,114.052246,22.527693,1
24-20,114.052246,22.527693,0
24-20,114.052246,22.527693,1
24-20,114.052246,22.527693,0
24-20,114.052246,22.527693,1
24-20,114.052246,22.527693,0
24-20,114.052246,22.527693,1
24-21,114.052094,22.527994,0
24-21,114.052094,22.527994,1
24-21,114.052094,22.527994,0
24-21,114.052094,22.527994,1
24-21,114.052094,22.527994,0
24-21,114.052094,22.527994,1
24-21,114.052094,22.527994,0
24-21,114.052094,22.527994,1
24-21,114.053589,22.528996,0
24-23,114.112740,22.541027,1
