time,jd,wd,status
23-11,114.143623,22.554087,1
