time,jd,wd,status
19-0,114.052567,22.720318,1
