time,jd,wd,status
19-8,114.119522,22.565763,1
19-8,114.119530,22.565615,0
19-18,114.118042,22.572435,1
19-20,114.058113,22.527477,0
21-9,114.124748,22.558928,1
21-11,114.118019,22.572487,0
23-11,114.086212,22.551487,1
23-16,114.033859,22.518433,0
24-18,114.118080,22.572426,1
24-19,114.024902,22.527275,0
