time,jd,wd,status
24-2,114.064697,22.547600,1
