time,jd,wd,status
19-0,113.815598,22.647018,1
19-1,114.118134,22.542080,0
19-9,114.119583,22.565861,1
19-9,114.119255,22.566162,0
20-19,114.046371,22.520355,1
20-20,113.916862,22.543068,0
22-18,114.046684,22.520250,1
22-18,114.046692,22.520262,0
24-6,114.112343,22.597027,1
24-6,114.049416,22.526117,0
24-19,114.060471,22.527218,1
24-22,114.122231,22.545868,0
