time,jd,wd,status
20-23,114.152351,22.613008,1
20-23,114.140778,22.609377,0
24-6,114.068901,22.534355,1
24-6,113.929855,22.565405,0
