time,jd,wd,status
18-11,114.015068,22.531162,1
18-11,114.015068,22.531162,0
20-19,114.134979,22.558558,1
20-19,114.134979,22.558558,0
20-19,114.134979,22.558558,1
20-19,114.134979,22.558558,0
20-19,114.134979,22.558558,1
21-19,114.115623,22.579889,0
24-22,114.078682,22.545416,1
24-22,114.078682,22.545416,0
