time,jd,wd,status
19-19-27,113.918228,22.505936,0
23-1-27,113.924072,22.529684,1
23-2-32,113.925362,22.522129,0
24-2-36,113.917191,22.521339,1
24-3-12,113.913734,22.517565,0
24-21-44,113.933060,22.544394,1
