time,jd,wd,status
22-16-56,114.024582,22.523270,0
