time,jd,wd,status
19-11-20,114.025635,22.651913,0
19-16-6,114.025330,22.672293,1
19-16-59,114.038368,22.652010,0
21-7-36,114.024910,22.664948,1
21-8-4,114.048332,22.670322,0
21-11-18,114.022263,22.658569,1
21-11-57,114.028847,22.668547,0
23-0-54,114.025635,22.670456,1
23-1-3,114.013809,22.665342,0
23-22-12,114.033577,22.682491,1
23-23-51,114.056587,22.664812,0
24-2-21,114.123619,22.743778,1
24-2-22,114.123627,22.743776,0
