time,jd,wd,status
20-9,114.096329,22.560678,1
20-10,114.096100,22.559402,0
20-16,113.856552,22.602182,1
20-18,113.877258,22.584452,0
22-19,113.873352,22.589855,1
22-20,113.815041,22.651007,0
24-20,114.061165,22.526018,1
24-22,113.872734,22.590759,0
