time,jd,wd,status
19-16,114.131088,22.630907,1
19-17,114.200653,22.645018,0
