time,jd,wd,status
24-21-0,114.084404,22.538010,0
