time,jd,wd,status
19-0,114.251137,22.720343,1
19-0,114.227524,22.723907,0
19-0,114.233093,22.728380,1
19-0,114.252022,22.730152,0
21-8,114.234756,22.714663,1
21-8,114.227180,22.725159,0
21-8,114.233818,22.728436,1
21-8,114.227394,22.724993,0
21-8,114.228630,22.726063,1
21-8,114.219887,22.690573,0
22-8,114.171417,22.721518,1
22-9,114.188156,22.724503,0
22-10,114.224075,22.726652,1
22-10,114.222282,22.703978,0
22-10,114.238144,22.711794,1
22-10,114.267815,22.726667,0
22-11,114.247406,22.728252,1
22-11,114.233643,22.718437,0
22-11,114.242546,22.721807,1
22-11,114.213356,22.723967,0
22-11,114.213280,22.728083,1
22-11,114.262077,22.733698,0
22-12,114.250397,22.728800,1
22-12,114.229919,22.739712,0
22-12,114.224091,22.725389,1
22-12,114.203789,22.712706,0
22-13,114.221672,22.679674,1
22-14,114.224205,22.700747,0
22-15,114.246353,22.718391,1
22-16,114.258644,22.729273,0
22-16,114.235527,22.724142,1
22-16,114.236298,22.717203,0
22-16,114.234726,22.715290,1
22-16,114.230087,22.730263,0
22-16,114.243919,22.748890,1
22-16,114.233437,22.717527,0
22-16,114.234825,22.714720,1
22-17,114.242805,22.729031,0
22-17,114.235802,22.728481,1
22-17,114.224144,22.725136,0
22-18,114.227570,22.699898,1
22-18,114.222015,22.679655,0
22-18,114.228813,22.698711,1
24-18,114.261276,22.724842,0
24-19,114.243729,22.749493,1
24-19,114.259232,22.742842,0
24-19,114.256416,22.736767,1
24-19,114.273087,22.731670,0
24-20,114.247360,22.733221,1
24-20,114.261818,22.716427,0
24-20,114.260559,22.721134,1
24-20,114.264923,22.726522,0
24-20,114.274689,22.742926,1
24-20,114.268036,22.736229,0
24-21,114.257050,22.735685,1
24-21,114.233292,22.731222,0
24-21,114.233002,22.728352,1
24-21,114.241646,22.720734,0
24-21,114.241692,22.721123,1
24-21,114.228462,22.708891,0
24-21,114.236023,22.715725,1
24-21,114.256218,22.735855,0
24-22,114.235512,22.725178,1
24-22,114.233261,22.731857,0
24-22,114.234024,22.722479,1
24-22,114.218483,22.725084,0
24-22,114.234039,22.722345,1
24-22,114.247322,22.734131,0
24-22,114.235497,22.728111,1
24-22,114.233269,22.735743,0
24-23,114.233871,22.722422,1
24-23,114.228111,22.699640,0
24-23,114.223389,22.703291,1
24-23,114.221504,22.704695,0
