time,jd,wd,status
20-0-50,114.042183,22.659193,1
20-1-25,114.023849,22.658857,0
22-22-28,114.042175,22.659212,1
22-23-23,114.048233,22.670256,0
23-1-36,114.042313,22.659323,1
23-1-36,114.042313,22.659323,0
23-14-22,114.048370,22.670378,1
23-16-36,114.048279,22.670357,0
24-8-44,114.025284,22.670889,1
24-8-47,114.025284,22.670889,0
