time,jd,wd,status
22-8-33,114.014145,22.537073,1
22-10-32,113.817375,22.648666,0
