time,jd,wd,status
18-10-10,114.057755,22.534739,0
