time,jd,wd,status
19-4-20,114.083397,22.571867,1
