time,jd,wd,status
24-23-40,114.143280,22.584299,1
24-23-41,113.893318,22.506651,0
