time,jd,wd,status
24-19,114.025749,22.523169,1
