time,jd,wd,status
20-16,113.918594,22.547052,1
20-21,114.159050,22.610197,0
23-7,113.922935,22.549292,1
23-9,113.981117,22.536983,0
