time,jd,wd,status
21-4,114.110947,22.607758,1
21-4,114.110947,22.607758,0
22-0,114.102425,22.610531,1
22-13,114.046669,22.637445,0
22-23,114.150574,22.621258,1
24-0,114.111153,22.608316,0
24-3,114.056084,22.623159,1
24-4,114.106186,22.616093,0
