time,jd,wd,status
23-0,113.957397,22.556749,1
23-0,113.928368,22.501017,0
23-0,113.928001,22.503700,1
23-0,113.913170,22.519167,0
23-0,113.922401,22.525167,1
23-0,114.007629,22.540001,0
23-0,114.022614,22.536650,1
23-1,114.062447,22.529667,0
23-1,114.044998,22.528784,1
23-1,114.040352,22.549618,0
23-1,114.039902,22.549500,1
23-1,114.050919,22.550400,0
23-1,114.039886,22.544783,1
23-1,114.045448,22.541050,0
23-2,114.049820,22.537382,1
23-3,114.049652,22.511984,0
23-3,114.051300,22.512699,1
23-3,114.115784,22.543367,0
23-3,114.101814,22.552532,1
23-3,114.041336,22.523399,0
23-4,114.041031,22.530767,1
23-4,114.076385,22.547016,0
23-6,114.094917,22.555668,1
23-6,114.110046,22.550600,0
23-6,114.122536,22.550417,1
23-6,114.118599,22.542732,0
23-6,114.124100,22.544817,1
23-6,114.114700,22.532417,0
23-7,114.165619,22.564251,1
23-8,114.103516,22.554150,0
23-8,114.093948,22.567833,1
23-8,114.090569,22.563284,0
23-8,114.094330,22.567966,1
23-8,114.099518,22.555267,0
23-9,114.107353,22.546833,1
23-9,114.114830,22.580767,0
23-9,114.115318,22.585917,1
23-9,114.104584,22.543249,0
23-10,114.120682,22.610666,1
23-10,114.118935,22.612383,0
23-10,114.118652,22.610416,1
23-10,114.114418,22.542700,0
23-11,114.112099,22.547268,1
23-11,114.119949,22.554182,0
23-11,114.119934,22.554317,1
23-11,114.133965,22.548901,0
23-11,114.133949,22.548933,1
