time,jd,wd,status
22-6-23,114.050423,22.529806,0
22-6-24,114.050423,22.529812,1
