time,jd,wd,status
19-22,114.004524,22.537800,1
19-23,113.814644,22.650810,0
23-2,114.027115,22.539333,1
23-3,114.062691,22.524597,0
