time,jd,wd,status
20-8-17,114.024780,22.674299,0
