time,jd,wd,status
21-11,113.814117,22.650734,1
21-11,114.000351,22.535717,0
