time,jd,wd,status
21-12,114.119019,22.566217,1
21-16,114.107170,22.612404,0
22-19,113.991745,22.540262,1
22-20,114.051956,22.511162,0
24-2,114.121941,22.611610,1
24-2,114.121933,22.611612,0
24-18,114.099609,22.543352,1
24-20,114.089348,22.543203,0
