time,jd,wd,status
18-20-9,114.025406,22.531240,0
