time,jd,wd,status
19-15,113.814384,22.650562,1
19-19,113.814384,22.650562,0
22-3,114.057091,22.577747,1
22-3,114.057091,22.577747,0
22-19,114.053062,22.518007,1
22-21,114.044907,22.597761,0
24-9,114.037605,22.523537,1
24-11,114.062973,22.542213,0
