time,jd,wd,status
18-21,114.117004,22.549028,1
