time,jd,wd,status
24-0,114.021629,22.529497,1
24-0,114.021606,22.529493,0
24-0,114.021606,22.529493,1
24-0,114.021606,22.529493,0
24-0,114.021606,22.529493,1
24-0,114.025291,22.530964,0
24-19,113.912392,22.513802,1
24-19,113.912392,22.513802,0
24-22,113.929710,22.554092,1
24-22,114.064102,22.568604,0
