time,jd,wd,status
18-7,113.870232,22.568317,1
18-8,114.015999,22.554583,0
18-9,113.951401,22.537317,1
18-10,113.923447,22.522449,0
18-13,113.977135,22.540951,1
18-14,113.951332,22.539766,0
18-16,113.924133,22.528999,1
18-16,113.908730,22.516666,0
18-19,113.919449,22.530951,1
18-21,113.814919,22.649233,0
18-21,113.819916,22.647583,1
18-21,113.917816,22.573299,0
19-0,113.850418,22.628416,1
19-0,114.115517,22.544434,0
19-7,113.897079,22.550966,1
19-8,113.910484,22.552267,0
19-8,113.929382,22.545782,1
19-9,113.888702,22.559799,0
19-9,113.882965,22.564850,1
19-9,113.944481,22.555134,0
19-10,114.057770,22.566000,1
19-10,114.050598,22.589300,0
19-13,113.920265,22.519133,1
19-14,113.963181,22.543467,0
19-14,113.962646,22.542500,1
19-14,113.930084,22.493500,0
19-15,113.917099,22.488466,1
19-15,113.908417,22.495832,0
19-16,114.108047,22.547318,1
19-16,114.039284,22.549683,0
19-17,113.969131,22.540051,1
19-17,113.961266,22.558599,0
19-17,113.954536,22.549200,1
19-18,113.891884,22.599100,0
19-19,113.923203,22.529367,1
19-20,113.914131,22.533768,0
19-20,113.869682,22.575550,1
19-20,114.013466,22.530582,0
19-21,114.122566,22.609867,1
