time,jd,wd,status
18-22-57,114.044022,22.601137,1
19-12-21,113.815422,22.651632,0
