time,jd,wd,status
19-10,113.800613,22.735134,1
19-12,113.831383,22.729952,0
20-13,113.840240,22.750582,1
20-22,113.837311,22.730551,0
21-9,113.840111,22.750549,1
21-11,113.835274,22.723511,0
