time,jd,wd,status
19-8,114.119591,22.565762,1
19-8,114.119278,22.565651,0
21-2,114.025711,22.672405,1
21-3,114.011444,22.663168,0
