time,jd,wd,status
19-22-50,113.973976,22.680855,1
