time,jd,wd,status
21-0-2,114.123657,22.552259,0
21-0-55,114.126434,22.573795,1
