time,jd,wd,status
22-3-26,114.030136,22.522648,0
