time,jd,wd,status
22-2,114.063713,22.545706,1
22-2,114.063499,22.545683,0
