time,jd,wd,status
20-0,114.441719,22.778988,1
20-0,114.441719,22.778988,0
20-0,114.441704,22.778933,1
20-0,114.441704,22.778933,0
20-0,114.441704,22.778933,1
20-0,114.441704,22.778933,0
20-0,114.441704,22.778933,1
20-1,114.441704,22.778933,0
20-1,114.441704,22.778933,1
20-1,114.441704,22.778933,0
20-1,114.441704,22.778933,1
20-1,114.441704,22.778933,0
20-1,114.441704,22.778933,1
20-1,114.441704,22.778933,0
20-1,114.441704,22.778933,1
20-1,114.441704,22.778933,0
20-1,114.441704,22.778933,1
20-1,114.441704,22.778933,0
20-1,114.441704,22.778933,1
20-1,114.441704,22.778933,0
20-1,114.441704,22.778933,1
20-1,114.441704,22.778933,0
20-1,114.441704,22.778933,1
20-2,114.441704,22.778933,0
20-2,114.441704,22.778933,1
20-2,114.441704,22.778933,0
20-2,114.441704,22.778933,1
20-2,114.441704,22.778933,0
20-2,114.441704,22.778933,1
20-2,114.441704,22.778933,0
20-2,114.441704,22.778933,1
20-2,114.441704,22.778933,0
20-2,114.441704,22.778933,1
20-2,114.441704,22.778933,0
20-2,114.441704,22.778933,1
20-2,114.441704,22.778933,0
20-2,114.441704,22.778933,1
20-2,114.441704,22.778933,0
20-2,114.441704,22.778933,1
20-2,114.441704,22.778933,0
20-2,114.441704,22.778933,1
20-2,114.441704,22.778933,0
20-2,114.441704,22.778933,1
20-2,114.441704,22.778933,0
20-2,114.441704,22.778933,1
20-2,114.441704,22.778933,0
20-3,114.441704,22.778933,1
20-3,114.448654,22.784731,0
