time,jd,wd,status
19-7,114.255775,22.717892,1
19-9,114.718765,22.797062,0
19-16,114.224747,22.701948,1
19-22,114.235756,22.722376,0
22-18,114.243881,22.723433,1
22-18,114.224785,22.701921,0
22-20,114.224747,22.701923,1
22-21,114.272881,22.732056,0
23-1,114.184967,22.718977,1
23-2,114.224716,22.701138,0
