time,jd,wd,status
18-0,113.931084,22.519983,1
