time,jd,wd,status
19-22,114.102196,22.618168,1
