time,jd,wd,status
23-16,114.118584,22.584015,1
24-1,114.111946,22.532330,0
