time,jd,wd,status
18-0-0,114.118713,22.584101,1
