time,jd,wd,status
19-3-26,113.889740,22.567471,0
