time,jd,wd,status
19-6-29,114.026505,22.661938,0
