time,jd,wd,status
23-13-53,114.035843,22.552353,0
