time,jd,wd,status
20-0-0,114.003166,22.530067,1
