time,jd,wd,status
19-23,114.110069,22.598232,1
20-0,114.106110,22.616247,0
