time,jd,wd,status
20-10,114.043304,22.544460,1
20-11,114.119507,22.565994,0
21-3,114.154434,22.558640,1
21-3,114.171097,22.600031,0
24-4,114.127312,22.560232,1
24-4,114.127312,22.560211,0
24-12,114.135490,22.577026,1
24-20,113.814598,22.651260,0
