time,jd,wd,status
18-0-0,113.935020,22.559816,1
