time,jd,wd,status
23-18,114.026932,22.558317,1
23-18,114.138390,22.609110,0
