time,jd,wd,status
19-20,113.814476,22.651062,1
20-0,114.035362,22.519037,0
21-2,114.038910,22.524124,1
21-11,114.046890,22.528322,0
21-21,113.876457,22.594353,1
21-23,114.038307,22.520445,0
23-21,114.036797,22.519403,1
23-22,114.125687,22.577879,0
24-10,114.115395,22.546179,1
24-12,114.104973,22.540165,0
