time,jd,wd,status
19-12,113.840225,22.750553,1
19-12,113.840179,22.750540,0
19-14,113.838051,22.732252,1
19-14,113.837608,22.730764,0
19-15,113.801933,22.735493,1
19-17,113.831581,22.715397,0
19-17,113.838455,22.733231,1
19-18,113.837639,22.729273,0
20-7,113.838470,22.729683,1
20-7,113.838463,22.729689,0
20-19,113.835670,22.728273,1
20-21,113.838066,22.729948,0
21-7,113.837234,22.730440,1
21-8,113.837959,22.729837,0
21-10,113.849937,22.775124,1
21-10,113.849930,22.775108,0
21-10,113.849930,22.775108,1
21-10,113.849930,22.775108,0
21-10,113.849930,22.775108,1
21-11,113.844025,22.729168,0
22-3,113.837769,22.729124,1
22-3,113.838142,22.729862,0
22-7,113.837318,22.730642,1
22-7,113.837318,22.730642,0
23-14,113.838402,22.733023,1
23-14,113.838120,22.732437,0
23-15,113.801964,22.735596,1
23-15,113.801964,22.735596,0
23-16,113.824158,22.724079,1
23-20,113.838058,22.729879,0
