time,jd,wd,status
20-0-3,114.123619,22.574923,1
20-0-4,114.123856,22.574945,0
20-0-4,114.123848,22.574945,1
21-4-52,114.067749,22.523844,0
