time,jd,wd,status
23-9,114.100281,22.555067,1
24-1,114.100807,22.557631,0
