time,jd,wd,status
22-0-13,114.117897,22.540762,0
23-18-58,114.083801,22.572018,1
23-18-58,114.083794,22.572020,0
