time,jd,wd,status
19-5,114.099930,22.558407,1
