time,jd,wd,status
18-0,113.825653,22.648533,1
18-6,113.908531,22.538267,0
18-9,114.117783,22.543917,1
18-9,114.084099,22.537466,0
18-10,114.049515,22.539433,1
18-10,114.033180,22.547850,0
