time,jd,wd,status
21-0,114.111015,22.558867,1
21-0,114.100349,22.547434,0
21-0,114.100380,22.547350,1
21-0,114.134033,22.566200,0
21-0,114.133736,22.566833,1
21-0,114.116852,22.536217,0
22-6,114.101997,22.608534,1
22-6,114.063286,22.537582,0
22-6,114.104866,22.541933,1
22-6,114.089531,22.543432,0
22-7,114.113449,22.534401,1
22-7,114.041283,22.520582,0
22-7,114.060402,22.525867,1
22-7,114.068398,22.523750,0
22-8,114.089500,22.539932,1
22-8,114.044266,22.556917,0
22-8,114.055252,22.562283,1
22-8,114.089432,22.547083,0
22-8,114.092834,22.540182,1
22-9,114.119133,22.540382,0
22-9,114.121429,22.541300,1
22-9,114.068520,22.523899,0
22-9,114.067749,22.524000,1
22-10,113.839981,22.594517,0
22-10,113.867897,22.584499,1
22-10,113.932671,22.523867,0
22-11,113.945297,22.506567,1
22-11,113.932098,22.520599,0
22-11,113.943764,22.541018,1
22-11,113.965652,22.532650,0
22-11,113.964386,22.533083,1
22-12,113.972298,22.550333,0
22-12,114.020653,22.536318,1
22-12,114.112717,22.547667,0
22-13,114.111397,22.534067,1
22-13,114.119080,22.540318,0
22-13,114.119247,22.540567,1
22-13,114.166580,22.569418,0
22-13,114.165215,22.566851,1
22-13,114.101135,22.546383,0
22-13,114.101082,22.546316,1
22-14,114.105133,22.631718,0
22-14,114.108116,22.627268,1
22-15,113.920883,22.531300,0
22-15,113.933929,22.542316,1
22-15,114.068550,22.524000,0
22-15,114.067780,22.523884,1
22-16,114.017067,22.652884,0
22-16,114.020065,22.653601,1
22-17,114.086601,22.538717,0
22-17,114.086716,22.540100,1
22-17,114.089371,22.545349,0
22-17,114.089714,22.545433,1
22-17,114.108452,22.544933,0
22-17,114.109917,22.543333,1
22-18,113.818871,22.679518,0
20-18,113.814301,22.650534,1
20-19,113.911285,22.497467,0
20-19,113.908630,22.479967,1
20-19,113.930298,22.504168,0
20-20,113.945419,22.506533,1
20-21,114.117020,22.548300,0
20-21,114.119003,22.553984,1
20-21,114.115135,22.559483,0
20-21,114.118484,22.563683,1
20-21,114.131767,22.563417,0
20-21,114.122650,22.557949,1
20-21,114.125687,22.552567,0
20-21,114.125801,22.551001,1
20-22,114.055763,22.526068,0
20-22,114.055763,22.526068,1
20-22,114.133766,22.549583,0
20-22,114.115814,22.547367,1
20-22,114.112198,22.588568,0
20-23,114.134583,22.565283,1
20-23,114.123734,22.579300,0
20-23,114.141235,22.547449,1
20-23,114.125954,22.542517,0
