time,jd,wd,status
19-18,113.970718,22.539097,1
19-20,114.071838,22.536427,0
