time,jd,wd,status
21-8,113.904648,22.556049,1
21-8,113.912048,22.544083,0
21-8,113.961014,22.546967,1
21-9,113.967979,22.559250,0
21-9,113.961884,22.558968,1
21-9,113.952499,22.551250,0
21-9,113.963501,22.542833,1
21-9,113.960632,22.534033,0
21-9,113.918449,22.525801,1
21-10,113.924683,22.535400,0
21-10,113.926414,22.534332,1
21-10,113.947586,22.526882,0
21-10,113.923332,22.522217,1
21-10,114.054268,22.564400,0
21-10,114.058884,22.566566,1
21-11,114.100082,22.607349,0
21-11,114.099236,22.563217,1
21-11,114.118736,22.553883,0
21-11,114.118698,22.553883,1
21-11,114.108215,22.556101,0
21-11,114.099403,22.549032,1
21-11,114.070366,22.551184,0
21-13,114.083786,22.571951,1
21-13,113.940681,22.508183,0
21-13,113.945435,22.506550,1
21-13,114.014168,22.537201,0
21-13,114.014336,22.537201,1
21-14,113.933685,22.549400,0
21-14,113.906685,22.553368,1
21-15,113.941803,22.546200,0
21-15,113.938599,22.543051,1
21-15,113.885185,22.566084,0
21-15,113.904747,22.555218,1
21-15,113.916603,22.503468,0
21-16,113.912231,22.497967,1
21-16,113.893982,22.577066,0
21-16,113.894585,22.574318,1
21-17,113.948082,22.542967,0
21-17,113.947899,22.541883,1
21-17,113.916016,22.527651,0
21-17,113.914482,22.525517,1
21-17,113.915970,22.520332,0
21-18,113.944946,22.538782,1
21-18,113.936134,22.522150,0
21-18,113.940834,22.535282,1
21-18,113.918732,22.546949,0
21-18,113.918404,22.550234,1
21-18,113.895821,22.569349,0
21-18,113.905418,22.553932,1
21-19,114.031731,22.543367,0
21-20,113.815987,22.647633,1
21-20,113.861954,22.647133,0
21-21,114.037651,22.615932,1
21-21,114.041153,22.600000,0
21-21,114.027748,22.556183,1
21-21,114.019051,22.555433,0
21-22,114.024429,22.534451,1
21-22,114.024765,22.527166,0
21-22,114.024864,22.527451,1
21-22,114.067818,22.523718,0
21-22,114.067818,22.523968,1
21-22,114.061302,22.519449,0
21-22,114.050903,22.515484,1
21-22,114.102303,22.552299,0
21-23,114.124649,22.547684,1
21-23,114.103996,22.543118,0
21-23,114.078453,22.534567,1
21-23,114.068367,22.523600,0
