time,jd,wd,status
19-0,113.923943,22.525658,1
19-0,113.930664,22.493473,0
19-0,113.922394,22.523771,1
19-0,114.084038,22.547249,0
19-7,113.942627,22.507723,1
19-7,113.906708,22.488012,0
19-7,113.907646,22.487738,1
19-8,113.814499,22.649862,0
19-8,113.875595,22.571365,1
19-9,113.919342,22.541739,0
19-9,113.923309,22.542831,1
19-9,114.039635,22.554235,0
19-9,114.043205,22.542444,1
19-9,114.059425,22.536198,0
19-9,114.067665,22.524017,1
19-10,114.113670,22.545162,0
19-10,114.113541,22.543814,1
19-10,114.114021,22.531654,0
19-10,114.115524,22.534971,1
19-10,114.126953,22.549841,0
19-10,114.126549,22.549810,1
19-10,114.105148,22.551369,0
19-10,114.105949,22.553312,1
19-10,114.112312,22.536003,0
19-10,114.116013,22.535549,1
19-11,114.140358,22.547363,0
19-11,114.132233,22.548977,1
19-11,114.111549,22.540312,0
19-11,114.114212,22.534643,1
19-11,114.099380,22.560001,0
19-11,114.099365,22.561049,1
19-11,114.125725,22.549183,0
19-12,114.081451,22.548805,1
19-12,114.090714,22.570791,0
19-13,114.025284,22.555717,1
19-13,114.121323,22.547222,0
19-13,114.118484,22.542896,1
19-13,114.133987,22.549021,0
19-13,114.131950,22.554482,1
19-13,114.163689,22.564167,0
19-13,114.167953,22.563950,1
19-14,114.079872,22.573215,0
19-14,114.044739,22.557756,1
19-14,114.054199,22.624634,0
19-14,114.044937,22.596968,1
19-15,114.137772,22.569242,0
19-15,114.125359,22.559418,1
19-15,114.115639,22.557041,0
19-15,114.113434,22.550846,1
19-15,114.117393,22.559294,0
19-15,114.086823,22.558464,1
19-16,113.949509,22.541924,0
19-16,113.946182,22.541611,1
19-16,113.918976,22.527302,0
19-16,113.925011,22.531460,1
19-16,113.908470,22.535332,0
19-17,113.931595,22.542706,1
19-17,113.856720,22.615568,0
19-18,113.816574,22.647533,1
19-19,114.061020,22.562056,0
19-20,113.947975,22.543617,1
19-20,113.917191,22.540911,0
19-20,113.940865,22.537109,1
19-20,113.930779,22.544027,0
19-20,113.932991,22.545557,1
19-20,114.041626,22.527193,0
19-20,114.039017,22.524387,1
19-20,114.026810,22.523148,0
19-21,113.996368,22.529222,1
19-21,113.931824,22.493580,0
19-21,113.930901,22.519583,1
19-21,113.901718,22.553478,0
19-21,113.915306,22.541773,1
19-22,113.932213,22.520926,0
19-22,113.932022,22.520498,1
19-22,113.919807,22.498800,0
19-22,113.913940,22.508394,1
19-22,113.914757,22.526728,0
19-22,113.922943,22.525932,1
19-22,113.943047,22.527164,0
19-22,113.942955,22.530048,1
19-22,113.963661,22.543427,0
19-23,114.064064,22.606070,1
19-23,114.063293,22.637592,0
