time,jd,wd,status
19-0,114.069679,22.644712,1
19-1,114.123665,22.574465,0
19-1,114.123665,22.574465,1
19-1,114.123741,22.574764,0
19-2,114.123734,22.574820,1
19-2,114.123734,22.574820,0
19-2,114.123734,22.574820,1
19-2,114.123734,22.574820,0
19-2,114.123734,22.574820,1
19-2,114.123734,22.574820,0
19-2,114.123734,22.574820,1
