time,jd,wd,status
19-9-43,113.929070,22.521849,1
19-11-32,113.814629,22.651228,0
20-7-57,114.136856,22.556934,1
20-7-58,114.136856,22.556950,0
21-15-18,114.146149,22.544954,1
21-15-18,114.146103,22.545328,0
