time,jd,wd,status
18-22,114.088753,22.547314,1
19-4,114.124161,22.552549,0
19-23,114.127052,22.549952,1
20-2,114.127235,22.555132,0
21-12,114.245560,22.570278,1
21-12,114.245468,22.570286,0
23-1,114.091209,22.545694,1
23-1,114.099670,22.547401,0
23-13,114.117531,22.552794,1
23-15,114.129662,22.558889,0
24-5,114.125511,22.549377,1
24-6,114.125198,22.542778,0
24-20,114.125046,22.569445,1
24-22,114.081482,22.549353,0
