time,jd,wd,status
22-3-11,114.056198,22.662931,0
