time,jd,wd,status
18-9-10,114.098999,22.583694,1
18-9-23,114.135178,22.574842,0
20-12-3,114.043404,22.557922,1
20-12-3,114.043404,22.557920,0
20-14-20,114.019043,22.555000,1
20-14-21,114.019051,22.555000,0
20-14-22,114.019051,22.555000,1
20-14-23,114.019051,22.555000,0
24-19-8,113.919518,22.524084,1
24-19-14,113.918327,22.524384,0
