time,jd,wd,status
18-0,114.106102,22.541018,1
