time,jd,wd,status
19-11,114.011055,22.989159,1
24-11,114.124008,22.544449,0
