time,jd,wd,status
21-20-29,113.895912,22.561329,1
21-22-38,113.970978,22.539648,0
