time,jd,wd,status
18-0,114.247581,22.731182,1
