time,jd,wd,status
23-0,114.034370,22.606483,1
23-0,114.036850,22.612583,0
23-0,114.034348,22.606583,1
23-0,114.035370,22.616501,0
23-8,113.877235,22.593817,1
23-8,113.929214,22.560450,0
23-11,114.078331,22.559116,1
23-11,114.079330,22.551018,0
