time,jd,wd,status
18-21,114.118668,22.590233,1
19-9,114.078346,22.534117,0
19-22,114.058403,22.527500,1
20-6,114.066818,22.523968,0
20-23,114.120186,22.542049,1
21-5,114.058449,22.519318,0
21-21,114.017853,22.531668,1
22-6,114.060684,22.521032,0
22-19,114.079086,22.534800,1
23-9,114.076431,22.531717,0
23-19,114.068436,22.523983,1
24-6,114.058464,22.519068,0
24-19,114.063637,22.517651,1
