time,jd,wd,status
24-9-30,114.113670,22.540281,0
