time,jd,wd,status
19-0-24,113.888451,22.568451,0
