time,jd,wd,status
18-0,114.022766,22.524483,1
