time,jd,wd,status
18-21-36,114.024925,22.672293,0
19-23-28,114.016960,22.658245,1
20-0-51,114.031303,22.666220,0
22-2-21,114.029541,22.666010,1
22-2-48,114.031242,22.666143,0
23-3-28,114.017029,22.658455,1
23-3-47,114.023613,22.673212,0
24-2-12,114.031296,22.666130,1
24-2-21,114.031319,22.666042,0
24-17-34,114.025238,22.672422,1
24-18-32,114.025131,22.672487,0
24-20-40,114.007141,22.735125,1
24-22-26,114.012970,22.677469,0
