time,jd,wd,status
19-1-49,114.065483,22.524113,1
19-2-9,114.054405,22.526089,0
19-8-6,113.814850,22.651232,1
19-11-58,114.044731,22.522936,0
