time,jd,wd,status
19-1-58,114.123665,22.574465,0
19-1-58,114.123665,22.574465,1
19-1-59,114.123741,22.574764,0
19-2-0,114.123734,22.574820,1
19-2-2,114.123734,22.574820,0
19-2-3,114.123734,22.574820,1
19-2-4,114.123734,22.574820,0
19-2-4,114.123734,22.574820,1
19-2-4,114.123734,22.574820,0
19-2-5,114.123734,22.574820,1
