time,jd,wd,status
24-5,114.114105,22.703270,1
24-8,114.124008,22.698709,0
24-12,114.113564,22.702929,1
24-18,114.132164,22.680635,0
