time,jd,wd,status
20-9-35,113.943779,22.540945,0
23-19-43,114.133652,22.556890,1
23-20-1,114.107368,22.567970,0
