time,jd,wd,status
18-0,114.048599,22.637747,1
18-0,114.051804,22.637070,0
18-0,114.038925,22.613974,1
18-0,114.063644,22.639429,0
18-1,114.054497,22.609863,1
18-1,114.050400,22.604832,0
18-1,114.045891,22.604097,1
18-1,114.032043,22.626804,0
18-2,114.003456,22.654882,1
18-4,114.027061,22.662020,0
18-4,114.027962,22.661339,1
18-4,114.017471,22.638605,0
18-8,114.003403,22.655176,1
18-9,114.007286,22.649597,0
18-9,114.008698,22.647476,1
18-9,114.007286,22.649597,0
18-9,114.018295,22.651043,1
18-9,114.010696,22.657536,0
18-9,114.024208,22.654636,1
18-9,114.016243,22.653763,0
18-9,114.018295,22.651043,1
18-9,114.033539,22.658794,0
18-9,114.037064,22.653486,1
18-9,114.032990,22.658270,0
18-9,114.038315,22.652369,1
18-9,114.033539,22.658794,0
18-9,114.037064,22.653486,1
18-9,114.032990,22.658270,0
18-10,114.028152,22.667463,1
18-10,114.025391,22.672199,0
18-10,114.027573,22.668152,1
18-10,114.025391,22.672199,0
18-10,114.027130,22.668356,1
18-10,114.049820,22.634552,0
18-10,114.035477,22.621410,1
18-11,114.038857,22.615252,0
18-13,114.036026,22.619724,1
18-13,114.007553,22.660845,0
18-13,114.019409,22.651052,1
18-14,114.069756,22.630411,0
18-14,114.050606,22.630766,1
18-14,114.052498,22.631483,0
18-14,114.050606,22.630766,1
18-14,114.057518,22.619368,0
18-15,114.046265,22.638502,1
18-15,114.034325,22.647938,0
18-15,114.028824,22.650982,1
18-15,114.046013,22.644670,0
18-16,114.028595,22.658512,1
18-16,114.034286,22.642658,0
18-16,114.037491,22.639917,1
18-16,114.034286,22.642658,0
18-16,114.037491,22.639917,1
18-16,114.020805,22.658119,0
18-17,114.027664,22.657507,1
18-17,114.031555,22.621193,0
18-17,114.029114,22.623747,1
18-17,114.039024,22.613764,0
18-18,114.037354,22.617031,1
18-18,114.031837,22.615889,0
18-18,114.028725,22.620949,1
18-18,114.026176,22.635992,0
18-19,114.036301,22.633238,1
18-19,114.031898,22.634186,0
18-19,114.036301,22.633238,1
18-19,114.132347,22.610586,0
18-20,114.070648,22.655663,1
18-20,114.056252,22.633450,0
18-20,114.058395,22.633503,1
18-20,114.056252,22.633450,0
18-20,114.050369,22.624762,1
18-20,114.055565,22.627724,0
18-20,114.050369,22.624762,1
18-20,114.025795,22.630436,0
18-21,114.030220,22.675577,1
18-21,113.984818,22.672413,0
18-22,114.011162,22.673510,1
18-22,114.018829,22.655552,0
18-22,114.019173,22.662165,1
18-22,114.039635,22.645735,0
18-22,114.040871,22.647402,1
18-23,114.028473,22.651472,0
18-23,114.066505,22.625296,1
18-23,114.037697,22.615932,0
