time,jd,wd,status
18-21,114.025345,22.672192,1
18-21,114.024925,22.672293,0
19-23,114.016960,22.658245,1
20-0,114.031303,22.666220,0
22-2,114.029541,22.666010,1
22-2,114.031242,22.666143,0
23-3,114.017029,22.658455,1
23-3,114.023613,22.673212,0
24-2,114.031296,22.666130,1
24-2,114.031319,22.666042,0
24-17,114.025238,22.672422,1
24-18,114.025131,22.672487,0
24-20,114.007141,22.735125,1
24-22,114.012970,22.677469,0
