time,jd,wd,status
22-1,114.043251,22.601521,1
