time,jd,wd,status
19-2,113.889435,22.559284,1
19-2,113.889496,22.559282,0
20-4,113.952255,22.552494,1
20-5,114.009293,22.536711,0
20-22,114.061356,22.573542,1
20-22,114.055779,22.530193,0
22-20,114.013359,22.539083,1
22-20,113.944778,22.507185,0
22-21,113.831436,22.642612,1
22-21,113.815155,22.651300,0
24-20,114.124847,22.552576,1
24-22,114.058182,22.536840,0
