time,jd,wd,status
21-9,114.157784,22.563768,1
21-9,114.157547,22.563910,0
21-9,114.158241,22.563618,1
21-9,114.158241,22.563618,0
21-9,114.158241,22.563618,1
21-9,114.158241,22.563618,0
22-18,113.919601,22.571672,1
22-18,113.919655,22.571623,0
24-9,114.120857,22.543781,1
24-9,114.120857,22.543781,0
