time,jd,wd,status
21-2,114.041405,22.524792,1
21-6,114.041344,22.524782,0
24-6,114.041664,22.524876,1
24-6,114.041618,22.524855,0
