time,jd,wd,status
21-7,114.006882,22.650713,1
21-9,114.032410,22.657724,0
21-19,114.008301,22.661552,1
21-21,114.026360,22.661453,0
23-7,114.008369,22.661591,1
23-7,114.000854,22.658697,0
23-18,114.008240,22.661610,1
23-19,114.003952,22.658258,0
