time,jd,wd,status
19-2-5,113.992485,22.666683,0
19-7-2,114.059380,22.655003,1
19-7-5,114.059418,22.655008,0
19-9-46,114.016815,22.666245,1
19-12-42,114.106171,22.693987,0
19-17-50,114.026512,22.661598,1
19-18-8,114.005264,22.656269,0
