time,jd,wd,status
23-13-33,114.002335,22.550617,0
