time,jd,wd,status
19-18,114.024849,22.672085,1
19-18,114.011909,22.667902,0
24-14,114.026253,22.672907,1
24-14,114.026253,22.672913,0
