time,jd,wd,status
23-6-26,114.129372,22.617065,1
