time,jd,wd,status
18-21,114.130180,22.608902,1
