time,jd,wd,status
20-5-30,114.062408,22.533897,0
