time,jd,wd,status
19-10,114.018539,22.655478,1
19-11,114.025635,22.651913,0
19-16,114.025330,22.672293,1
19-16,114.038368,22.652010,0
21-7,114.024910,22.664948,1
21-8,114.048332,22.670322,0
21-11,114.022263,22.658569,1
21-11,114.028847,22.668547,0
23-0,114.025635,22.670456,1
23-1,114.013809,22.665342,0
23-22,114.033577,22.682491,1
23-23,114.056587,22.664812,0
24-2,114.123619,22.743778,1
24-2,114.123627,22.743776,0
