time,jd,wd,status
19-19,114.224762,22.701757,1
19-19,114.224762,22.701757,0
