time,jd,wd,status
19-2,114.127861,22.549957,1
19-2,114.127853,22.549952,0
