time,jd,wd,status
19-9,113.837746,22.728292,1
19-10,113.822525,22.673662,0
19-19,113.806305,22.670486,1
19-19,113.814796,22.651384,0
21-23,113.815079,22.651539,0
22-6,113.847206,22.773399,0
22-18,113.821274,22.658602,1
22-20,114.271568,22.731407,0
