time,jd,wd,status
20-11,114.025284,22.672228,1
20-11,114.025284,22.672215,0
21-10,114.025352,22.672251,1
21-12,114.040359,22.672207,0
22-10,114.025284,22.672251,1
22-21,114.041962,22.673573,0
23-3,114.017998,22.656088,1
23-4,114.014160,22.665468,0
23-14,114.025452,22.672241,1
