time,jd,wd,status
21-0-57,114.055779,22.624622,1
24-9-30,114.113670,22.540281,0
