time,jd,wd,status
20-0,114.105026,22.549236,1
20-0,114.105026,22.549236,0
22-18,114.109741,22.609818,1
22-23,114.108688,22.541712,0
