time,jd,wd,status
21-4,114.056473,22.523005,1
24-6,114.108696,22.541204,0
