time,jd,wd,status
20-10,114.056015,22.623283,1
20-12,114.036446,22.549519,0
23-18,114.029694,22.524670,1
23-18,114.029831,22.524687,0
