time,jd,wd,status
21-6,114.146149,22.555901,1
21-6,114.089081,22.551817,0
21-6,114.089371,22.551867,1
21-6,114.157913,22.612432,0
22-16,114.120117,22.538767,1
22-16,114.120117,22.538767,0
22-16,114.120117,22.538767,1
22-16,114.120117,22.538767,0
22-16,114.120117,22.538767,1
22-17,114.120117,22.538767,0
22-17,114.120117,22.538767,1
22-17,114.120117,22.538767,0
22-18,114.120117,22.538767,1
22-18,114.120117,22.538767,0
22-18,114.120117,22.538767,1
22-18,114.120117,22.538767,0
22-18,114.120117,22.538767,1
22-18,114.120117,22.538767,0
22-18,114.120117,22.538767,1
22-19,114.120117,22.538767,0
22-19,114.120117,22.538767,1
22-19,114.120117,22.538767,0
22-19,114.120117,22.538767,1
22-19,114.120117,22.538767,0
22-19,114.120117,22.538767,1
22-19,114.120117,22.538767,0
22-19,114.120117,22.538767,1
22-19,114.120117,22.538767,0
22-19,114.120117,22.538767,1
22-19,114.120117,22.538767,0
22-19,114.120117,22.538767,1
22-20,114.120117,22.538767,0
22-20,114.120117,22.538767,1
22-21,114.120117,22.538767,0
22-20,114.120117,22.538767,1
22-20,114.120117,22.538767,0
22-20,114.120117,22.538767,1
22-21,114.120117,22.538767,0
22-20,114.120117,22.538767,1
22-21,114.120117,22.538767,0
22-21,114.120117,22.538767,1
22-21,114.120117,22.538767,0
22-21,114.120117,22.538767,1
22-22,114.120117,22.538767,0
22-22,114.120117,22.538767,1
22-22,114.120117,22.538767,0
22-22,114.120117,22.538767,1
22-22,114.120117,22.538767,0
22-22,114.120117,22.538767,1
22-22,114.120117,22.538767,0
22-22,114.120117,22.538767,1
22-23,114.120117,22.538767,0
22-23,114.120117,22.538767,1
22-22,114.120117,22.538767,0
22-23,114.120117,22.538767,1
22-23,114.120117,22.538767,0
22-22,114.120117,22.538767,1
22-23,114.120117,22.538767,0
22-23,114.120117,22.538767,1
22-23,114.120117,22.538767,0
22-23,114.120117,22.538767,1
22-23,114.120117,22.538767,0
22-23,114.120117,22.538767,1
22-23,114.120117,22.538767,0
21-22,114.146385,22.555201,0
21-22,114.133797,22.560066,1
21-22,114.116219,22.552433,0
21-22,114.125771,22.550266,1
21-22,114.105515,22.555349,0
21-23,114.106735,22.553850,1
21-23,114.119583,22.544468,0
21-23,114.117683,22.541550,1
21-23,114.113113,22.546600,0
21-23,113.904419,22.736349,1
21-23,113.971931,22.587450,0
21-23,114.137268,22.580784,1
