time,jd,wd,status
20-5,114.022964,22.658079,1
20-12,114.024460,22.658772,0
20-20,113.987953,22.667440,1
20-20,113.987953,22.667440,0
21-10,114.022980,22.655220,1
21-18,114.005173,22.680090,0
22-3,114.019463,22.667658,1
22-3,114.019463,22.667629,0
24-18,114.020164,22.668648,1
24-22,114.025436,22.672251,0
