time,jd,wd,status
19-17,114.052277,22.527113,1
19-18,114.054482,22.522346,0
20-8,114.053352,22.527323,1
20-10,114.056160,22.537251,0
20-19,114.053947,22.524757,1
20-19,114.053947,22.524757,0
21-0,114.028969,22.543512,1
21-2,114.045044,22.537086,0
21-10,114.034035,22.725309,1
21-13,113.919273,22.532057,0
21-17,114.009567,22.535263,1
21-18,114.061562,22.527668,0
23-4,114.082016,22.538937,1
23-4,114.039474,22.530382,0
23-5,114.052658,22.525650,1
23-6,114.059387,22.526686,0
23-12,113.814667,22.651171,1
23-14,114.059044,22.532528,0
