time,jd,wd,status
19-12-12,114.025116,22.526737,1
22-16-56,114.024582,22.523270,0
