time,jd,wd,status
20-0-18,114.029305,22.527840,0
