time,jd,wd,status
18-20,114.115730,22.538933,1
