time,jd,wd,status
18-20-19,114.112816,22.596836,1
18-20-19,114.113029,22.596752,0
23-13-41,114.137093,22.571703,1
23-13-40,114.137108,22.571699,0
23-15-13,114.113998,22.534075,1
23-15-14,114.116524,22.535963,0
24-12-15,114.071648,22.530594,1
24-12-34,114.054680,22.531708,0
