time,jd,wd,status
18-21,114.137566,22.580509,1
18-22,114.108467,22.541437,0
19-22,114.106285,22.587751,1
19-23,114.100830,22.552311,0
