time,jd,wd,status
18-0-0,114.134850,22.565451,1
