time,jd,wd,status
19-17-44,114.221336,22.679565,1
19-17-45,114.221336,22.679565,0
19-17-46,114.221336,22.679565,1
19-17-48,114.217110,22.672232,0
