time,jd,wd,status
22-17-14,114.149414,22.606762,1
