time,jd,wd,status
21-0-29,114.043617,22.704163,0
24-13-27,114.011505,22.667723,1
24-23-10,114.047600,22.604145,0
