time,jd,wd,status
20-0,114.073746,22.688192,1
20-5,114.072548,22.689318,0
22-12,114.062721,22.719788,1
22-16,114.054100,22.744028,0
