time,jd,wd,status
18-23,114.016869,22.641012,1
18-23,114.045120,22.598852,0
19-4,114.032562,22.629553,1
19-6,114.029083,22.621761,0
19-12,114.034538,22.606590,1
19-14,114.086395,22.638943,0
20-6,114.019470,22.620188,1
20-11,114.051437,22.639629,0
