time,jd,wd,status
20-9-8,114.119713,22.565512,1
