time,jd,wd,status
19-22-37,113.940422,22.556313,1
