time,jd,wd,status
23-15-17,114.026199,22.529732,1
23-15-18,114.026199,22.529732,0
