time,jd,wd,status
23-17-44,114.100540,22.613108,0
