time,jd,wd,status
20-23,113.949196,22.583044,1
20-23,114.108955,22.591045,0
24-16,114.128365,22.560600,1
24-19,114.128105,22.586273,0
