time,jd,wd,status
19-0,114.055679,22.629450,1
19-0,114.055817,22.625017,0
19-0,114.055817,22.625017,1
19-0,114.055817,22.625067,0
19-0,114.055603,22.628683,1
19-0,114.053497,22.636482,0
19-0,114.026398,22.627649,1
19-0,114.099113,22.570732,0
19-1,114.027946,22.644667,1
19-1,114.021118,22.641666,0
19-2,114.028564,22.667032,1
19-2,114.013229,22.671133,0
19-3,114.032265,22.632700,1
19-3,114.037369,22.616550,0
19-3,114.033752,22.627434,1
19-3,114.020584,22.636351,0
20-9,114.027901,22.651850,1
20-9,114.017197,22.643183,0
20-9,114.014465,22.644667,1
20-9,114.013184,22.646233,0
20-9,114.024330,22.654066,1
20-9,114.027733,22.657833,0
20-9,114.032364,22.662649,1
20-9,114.027565,22.668133,0
20-9,114.011269,22.673500,1
20-9,114.022636,22.673733,0
20-10,114.047852,22.670401,1
20-10,114.040451,22.672068,0
20-10,114.039581,22.673782,1
20-11,114.027763,22.651951,0
18-6,114.030319,22.664801,1
18-6,114.026115,22.669666,0
18-7,114.022346,22.642151,1
18-8,114.030235,22.664717,0
18-9,114.025047,22.672150,1
18-9,114.005096,22.680050,0
18-9,114.025398,22.672167,1
18-10,114.034714,22.645533,0
18-10,114.035820,22.647051,1
18-10,114.041519,22.658100,0
18-12,114.044098,22.650118,1
18-12,114.043083,22.650618,0
18-12,114.037086,22.657867,1
18-12,114.026001,22.672600,0
18-13,114.035896,22.655333,1
18-13,114.030647,22.664568,0
18-14,114.032082,22.638416,1
18-14,114.017303,22.657084,0
18-15,113.992683,22.694033,1
18-15,114.017731,22.679968,0
18-15,114.024315,22.676132,1
18-15,114.025299,22.674700,0
18-16,114.033249,22.649317,1
18-16,114.013901,22.664267,0
18-16,114.015114,22.665768,1
18-17,113.982330,22.681549,0
18-17,113.985367,22.681517,1
18-17,113.973732,22.680849,0
18-17,113.977615,22.676832,1
18-17,113.990135,22.659149,0
18-17,113.994247,22.653282,1
18-17,114.001404,22.643850,0
18-17,114.003853,22.640682,1
18-17,114.009399,22.632967,0
18-17,114.015015,22.633667,1
18-18,114.024948,22.659834,0
18-18,113.995033,22.674868,1
18-18,113.986420,22.680332,0
18-18,114.005096,22.679934,1
18-19,114.016602,22.658083,0
18-19,114.017487,22.656616,1
18-19,114.017464,22.656616,0
18-19,114.017570,22.656532,1
18-19,114.021385,22.639116,0
