time,jd,wd,status
19-23-56,113.927841,22.528378,0
21-10-16,113.961845,22.522665,1
21-12-43,114.065498,22.554686,0
22-7-47,113.959206,22.538887,1
22-8-2,113.969536,22.563206,0
23-8-31,113.978233,22.550842,1
23-9-46,113.945297,22.506868,0
23-20-57,114.059158,22.562464,1
23-21-30,114.106346,22.544497,0
24-4-54,114.030518,22.567532,1
24-5-12,113.949638,22.582951,0
