time,jd,wd,status
19-17,114.221336,22.679565,1
19-17,114.221336,22.679565,0
19-17,114.221336,22.679565,1
19-17,114.217110,22.672232,0
