time,jd,wd,status
21-21-55,114.053764,22.630655,1
21-22-27,114.113869,22.587729,0
