time,jd,wd,status
20-3-44,113.884430,22.581562,0
20-4-15,113.872620,22.569988,1
20-4-18,113.872620,22.569988,0
21-3-26,113.858742,22.565271,1
21-3-38,113.858742,22.565271,0
21-8-20,113.875000,22.571203,1
21-9-52,113.853386,22.589983,0
