time,jd,wd,status
22-1,114.121864,22.546730,1
22-2,114.122063,22.546576,0
24-1,114.056252,22.512962,1
24-1,114.072197,22.531006,0
