time,jd,wd,status
19-1-25,114.024216,22.659184,0
19-11-6,114.041771,22.658476,1
19-12-8,114.057877,22.663301,0
19-15-22,114.031242,22.678205,1
19-17-28,114.045334,22.598799,0
20-8-40,114.048241,22.670233,1
20-12-14,114.058105,22.663143,0
23-11-18,114.025169,22.672132,1
23-11-50,114.015739,22.669081,0
