time,jd,wd,status
22-19-26,114.044205,22.600668,1
