time,jd,wd,status
19-20-46,113.823936,22.680258,0
23-14-45,113.824097,22.724068,1
23-14-45,113.824104,22.724062,0
