time,jd,wd,status
20-3-8,113.835152,22.723593,1
20-3-11,113.835152,22.723593,0
21-6-32,113.842270,22.743311,1
21-7-30,113.837326,22.730865,0
22-2-46,113.840897,22.750137,1
22-7-25,113.840416,22.751242,0
23-3-26,113.840858,22.750278,1
23-7-9,113.841354,22.750723,0
