time,jd,wd,status
18-6,114.141594,22.607006,1
18-14,114.122498,22.608263,0
19-6,114.141792,22.607109,1
19-6,114.141792,22.607109,0
19-6,114.141792,22.607109,1
19-6,114.141792,22.607109,0
19-6,114.141792,22.607109,1
19-6,114.141792,22.607109,0
19-6,114.141792,22.607109,1
19-6,114.141792,22.607109,0
19-6,114.141792,22.607109,1
19-6,114.141792,22.607109,0
19-6,114.141792,22.607109,1
19-6,114.141792,22.607109,0
19-6,114.141792,22.607109,1
19-6,114.141792,22.607109,0
19-6,114.141792,22.607109,1
19-7,114.141792,22.607109,0
19-7,114.141792,22.607109,1
19-7,114.141792,22.607109,0
19-7,114.141792,22.607109,1
19-10,114.141792,22.607109,0
20-6,114.141708,22.606989,1
20-6,114.141708,22.606989,0
20-16,114.058556,22.637835,1
20-16,114.058556,22.637835,0
21-7,114.141747,22.606979,1
21-8,114.141747,22.606979,0
21-22,114.141541,22.607605,1
21-22,114.141541,22.607605,0
22-8,114.141701,22.607031,1
22-8,114.141701,22.607031,0
23-0,114.141647,22.607094,1
23-0,114.141647,22.607094,0
23-0,114.141647,22.607094,1
23-6,114.141647,22.607094,0
23-6,114.150307,22.608505,1
23-6,114.150307,22.608505,0
23-6,114.150307,22.608505,1
23-6,114.150307,22.608505,0
23-6,114.150307,22.608505,1
23-6,114.150307,22.608505,0
23-6,114.150307,22.608505,1
23-6,114.150307,22.608505,0
23-6,114.150307,22.608505,1
23-6,114.150307,22.608505,0
24-6,114.141663,22.607046,1
24-9,114.141663,22.607046,0
