time,jd,wd,status
23-3-20,114.149185,22.606798,1
