time,jd,wd,status
21-1-30,114.113655,22.540968,0
22-20-18,114.050529,22.527740,1
22-21-55,114.129829,22.558674,0
23-20-30,114.032043,22.540619,1
23-21-19,114.102303,22.541122,0
