time,jd,wd,status
24-1-0,114.111946,22.532330,0
