time,jd,wd,status
22-18-52,114.039078,22.602686,0
22-19-49,114.063141,22.536915,1
22-23-24,114.050270,22.535454,0
