time,jd,wd,status
18-23-40,114.026413,22.660997,0
19-17-15,114.044884,22.598541,0
24-17-42,114.021492,22.637447,1
