time,jd,wd,status
19-10-11,114.061279,22.653442,0
20-18-54,113.789528,22.655359,1
20-19-27,113.814499,22.650997,0
22-10-56,114.097023,22.611105,1
22-16-38,113.918961,22.543598,0
22-23-21,113.941765,22.557346,1
23-0-17,113.815056,22.651091,0
23-1-34,114.060638,22.521990,1
23-2-0,114.077629,22.549179,0
23-2-59,114.038757,22.518431,1
23-3-18,114.077759,22.549072,0
23-4-13,114.043030,22.601408,1
23-4-41,114.110870,22.596109,0
