time,jd,wd,status
19-20,114.115562,22.556747,1
19-22,114.131218,22.550667,0
19-22,114.131210,22.550663,1
19-22,114.131218,22.550673,0
20-9,114.076103,22.542606,1
20-11,114.063072,22.536013,0
20-16,114.117027,22.546722,1
20-22,113.992889,22.533018,0
23-0,114.115410,22.544485,1
23-1,114.137794,22.580450,0
24-15,113.923431,22.513119,1
24-16,114.050888,22.550243,0
