time,jd,wd,status
21-19,114.107513,22.543221,1
22-5,114.107513,22.543221,0
22-5,114.107513,22.543221,1
