time,jd,wd,status
20-10-47,114.104012,22.572346,0
