time,jd,wd,status
18-0,114.110886,22.545383,1
18-0,114.057602,22.615282,0
18-0,114.057602,22.615282,1
18-8,114.083549,22.571768,0
18-8,114.083519,22.571817,1
18-8,114.044800,22.528467,0
18-8,114.043968,22.527718,1
18-8,114.051300,22.535450,0
18-8,114.050232,22.533434,1
18-8,114.088768,22.548033,0
18-8,114.090401,22.547100,1
18-9,114.079834,22.540300,0
18-9,114.079834,22.540300,1
18-9,114.074951,22.541533,0
18-9,114.074951,22.541533,1
18-9,114.055870,22.531816,0
18-9,114.055870,22.531816,1
