time,jd,wd,status
19-10,114.062759,22.572172,1
19-10,114.062759,22.572172,0
19-10,114.062759,22.572172,1
19-10,114.062759,22.572172,0
19-10,114.062759,22.572172,1
19-10,114.062759,22.572172,0
19-10,114.062759,22.572172,1
19-10,114.062759,22.572172,0
19-11,114.062759,22.572172,1
19-11,114.062759,22.572172,0
19-19,113.958687,22.530764,1
19-19,113.958687,22.530764,0
20-19,114.044235,22.551056,1
20-19,114.043785,22.542233,0
24-21,114.124954,22.545176,1
24-21,114.124954,22.545176,0
24-21,114.125000,22.545109,1
24-21,114.125000,22.545109,0
