time,jd,wd,status
18-0,114.121399,22.547882,1
18-0,114.113747,22.538067,0
18-1,114.097504,22.541134,1
18-1,114.124466,22.547768,0
18-1,114.123085,22.545116,1
18-1,114.115883,22.538750,0
19-1,113.816467,22.645683,1
19-1,113.854752,22.611900,0
19-3,114.067451,22.524584,1
19-3,114.057785,22.520184,0
19-5,114.067467,22.524200,1
19-5,114.121132,22.543350,0
19-5,114.101784,22.542816,1
19-5,114.122536,22.550617,0
19-6,114.122948,22.548750,1
19-6,114.138184,22.544649,0
19-6,114.126732,22.547968,1
19-6,114.130447,22.583401,0
19-6,114.132004,22.584316,1
19-6,114.133247,22.560333,0
19-6,114.138901,22.554333,1
19-6,114.113983,22.531799,0
19-7,114.045097,22.525618,1
19-7,114.090599,22.545450,0
19-8,114.078384,22.540283,1
19-8,114.063385,22.543034,0
19-8,114.063148,22.537634,1
19-8,114.051216,22.534700,0
19-8,114.044930,22.528967,1
19-8,114.059196,22.549549,0
19-8,114.063049,22.527733,1
19-9,114.042915,22.511150,0
19-9,114.042183,22.521017,1
19-9,114.050270,22.549400,0
19-9,114.043266,22.550449,1
19-10,114.021179,22.532333,0
19-10,114.015152,22.532034,1
19-10,114.006348,22.537184,0
19-10,114.005753,22.536734,1
19-10,114.022217,22.535217,0
19-11,114.045998,22.527599,1
19-11,114.011681,22.530300,0
19-11,113.943436,22.540182,1
19-11,113.965401,22.532633,0
19-11,113.963814,22.533216,1
19-11,113.983780,22.537718,0
19-12,113.992996,22.532784,1
19-12,114.078865,22.545033,0
19-12,114.066216,22.538450,1
19-12,114.044983,22.539383,0
19-13,114.050034,22.534718,1
19-13,114.074730,22.541700,0
19-13,114.059814,22.535183,1
19-13,114.060066,22.534883,0
19-13,114.060585,22.525967,1
19-13,114.109734,22.541800,0
19-14,114.112617,22.547434,1
19-14,114.114037,22.531616,0
19-14,114.107300,22.541067,1
19-15,114.028152,22.560217,0
19-15,114.034630,22.555349,1
19-15,114.185867,22.560484,0
19-16,114.166847,22.562950,1
19-16,114.140533,22.551083,0
19-16,114.124001,22.545082,1
19-17,113.824280,22.648750,0
19-17,113.853981,22.613617,1
19-19,114.053352,22.525883,0
19-19,114.050529,22.516184,1
19-19,114.017998,22.531799,0
19-19,114.012016,22.533251,1
