time,jd,wd,status
23-23-3,113.908180,22.479567,0
