time,jd,wd,status
22-16,114.101486,22.605530,1
