time,jd,wd,status
19-20,114.186363,22.559908,1
19-20,114.147896,22.559244,0
23-14,114.107674,22.588673,1
23-16,114.104271,22.613810,0
