time,jd,wd,status
20-8,114.111893,22.530912,1
20-9,114.111877,22.530991,0
