time,jd,wd,status
23-12-30,114.098755,22.558624,1
23-13-17,114.101273,22.607483,0
