time,jd,wd,status
19-0,114.111618,22.586300,1
