time,jd,wd,status
18-0,114.118599,22.610382,1
18-0,114.107147,22.611950,0
18-0,114.122231,22.612833,1
18-0,114.102654,22.657368,0
18-3,114.242798,22.715883,1
18-3,114.242683,22.715799,0
18-3,114.227501,22.700083,1
18-3,114.222786,22.703716,0
18-3,114.217430,22.698549,1
18-3,114.212448,22.693417,0
18-3,114.207947,22.689333,1
18-3,114.221336,22.689501,0
18-3,114.201202,22.649050,1
19-3,114.215881,22.670151,0
19-4,114.183929,22.648233,1
20-6,114.196815,22.648649,0
20-6,114.192482,22.648018,1
20-6,114.192596,22.647783,0
20-6,114.192566,22.647833,1
20-6,114.190414,22.649717,0
20-7,114.193367,22.651617,1
20-8,114.192146,22.657482,0
20-8,114.194565,22.656366,1
20-8,114.198280,22.652050,0
20-8,114.196602,22.651783,1
20-8,114.193253,22.650566,0
20-8,114.197815,22.651133,1
20-9,114.158234,22.611851,0
20-9,114.185265,22.656532,1
20-10,114.172501,22.666416,0
20-10,114.203583,22.643667,1
20-11,114.170670,22.667784,0
20-12,114.190666,22.647217,1
20-12,114.206253,22.643917,0
20-13,114.194481,22.653116,1
20-13,114.200569,22.650583,0
20-13,114.199303,22.652933,1
18-12,114.196533,22.648884,0
18-12,114.193764,22.652700,1
18-13,114.202766,22.648617,0
18-13,114.202515,22.648783,1
18-14,114.183281,22.639633,0
18-14,114.189468,22.643368,1
18-14,114.193764,22.653099,0
18-14,114.194504,22.653151,1
18-17,114.199036,22.653151,0
18-17,114.200066,22.651833,1
18-18,114.206848,22.666517,0
18-22,114.203384,22.661432,1
18-22,114.220047,22.676550,0
