time,jd,wd,status
18-23,114.043121,22.651688,1
21-0,114.123657,22.552259,0
21-0,114.126434,22.573795,1
