time,jd,wd,status
23-20,114.111397,22.532936,1
