time,jd,wd,status
21-22-38,113.970978,22.539648,0
