time,jd,wd,status
19-7-54,114.124428,22.558607,1
19-8-37,114.113892,22.537951,0
20-13-1,114.067795,22.547888,1
20-13-22,114.024086,22.531294,0
22-17-35,114.035522,22.542585,1
22-19-19,114.047325,22.537260,0
22-19-55,114.091423,22.542973,1
19-22-23,114.128593,22.548489,0
