time,jd,wd,status
22-18,113.814850,22.651070,1
24-21,113.905022,22.555742,0
