time,jd,wd,status
18-22-38,114.108467,22.541437,0
19-22-14,114.106285,22.587751,1
19-23-49,114.100830,22.552311,0
