time,jd,wd,status
19-1-20,114.224236,22.700792,0
19-18-56,114.229446,22.725958,1
19-19-8,114.233315,22.726612,0
21-11-33,114.125809,22.778000,1
21-12-23,114.225166,22.700155,0
22-2-15,114.251335,22.724611,1
22-2-32,114.224762,22.701660,0
