time,jd,wd,status
19-20,114.063431,22.517332,1
