time,jd,wd,status
23-23-28,113.832275,22.726421,0
