time,jd,wd,status
24-7-5,113.947479,22.575523,0
