time,jd,wd,status
18-0-0,114.119682,22.606632,1
