time,jd,wd,status
19-21,113.918259,22.504030,1
19-22,113.909332,22.515423,0
20-8,113.874931,22.572172,1
20-11,114.069931,22.530519,0
21-14,113.962944,22.542562,1
21-16,113.912209,22.519226,0
