time,jd,wd,status
20-4,114.075409,22.539942,1
21-11,114.069962,22.530481,0
23-7,114.009933,22.534403,1
