time,jd,wd,status
18-23-44,114.045120,22.598852,0
19-4-4,114.032562,22.629553,1
19-6-29,114.029083,22.621761,0
19-12-27,114.034538,22.606590,1
19-14-8,114.086395,22.638943,0
20-6-33,114.019470,22.620188,1
20-11-44,114.051437,22.639629,0
