time,jd,wd,status
19-8-19,113.895432,22.568750,0
