time,jd,wd,status
18-20,114.101326,22.558056,1
18-20,114.101341,22.558022,0
18-20,114.101791,22.561810,1
18-21,113.930870,22.517870,0
19-9,114.119682,22.565805,1
19-9,114.119720,22.565763,0
20-4,114.107155,22.547937,1
20-4,114.107170,22.547813,0
