time,jd,wd,status
24-22-8,114.044090,22.558115,0
