time,jd,wd,status
24-21-37,113.857964,22.634583,1
24-21-41,113.857964,22.634583,0
23-5-12,113.968269,22.540533,1
23-5-21,113.926750,22.517933,0
23-5-36,113.922630,22.491167,1
