time,jd,wd,status
18-20,114.201492,22.649693,1
18-21,114.200951,22.650394,0
19-1,114.215996,22.664183,1
19-1,114.217918,22.671947,0
19-7,114.196098,22.652231,1
19-11,114.035110,22.622271,0
20-18,114.201912,22.644161,1
20-18,114.201912,22.644161,0
21-7,114.198906,22.646158,1
21-12,114.202003,22.644207,0
23-2,114.201912,22.644115,1
23-2,114.201897,22.644093,0
24-3,114.205261,22.647202,1
24-3,114.217941,22.671949,0
