time,jd,wd,status
19-2-4,114.124138,22.548933,1
