time,jd,wd,status
18-20,114.024094,22.526052,1
18-20,114.025406,22.531240,0
