time,jd,wd,status
23-21-25,114.119011,22.596697,0
