time,jd,wd,status
20-9-24,113.947899,22.575237,1
