time,jd,wd,status
20-18-58,114.042946,22.601486,0
