time,jd,wd,status
18-0,114.074936,22.530701,1
