time,jd,wd,status
21-17-46,113.904671,22.515888,1
