time,jd,wd,status
23-1-14,113.801704,22.735104,1
23-23-28,113.832275,22.726421,0
