time,jd,wd,status
22-2-53,114.122063,22.546576,0
24-1-31,114.056252,22.512962,1
24-1-46,114.072197,22.531006,0
