time,jd,wd,status
19-7-16,114.073624,22.536982,0
23-18-51,114.124397,22.569967,1
23-18-51,114.124397,22.569967,0
