time,jd,wd,status
18-8,114.046890,22.596893,1
18-9,114.072151,22.529375,0
19-18,114.044868,22.512388,1
19-18,114.054535,22.513575,0
19-22,114.048431,22.537399,1
19-22,114.048431,22.537399,0
23-2,114.059776,22.526260,1
23-2,114.058983,22.529053,0
24-7,114.102402,22.548613,1
24-7,114.102425,22.548706,0
24-18,114.091057,22.557661,1
24-18,114.105110,22.573427,0
