time,jd,wd,status
19-17-40,114.106163,22.616346,1
20-0-18,114.153389,22.619427,0
