time,jd,wd,status
20-2-54,114.120316,22.538893,0
21-4-43,114.136551,22.582703,1
21-4-44,114.136551,22.582703,0
23-2-20,114.119827,22.546175,1
23-2-22,114.119431,22.544117,0
