time,jd,wd,status
20-15,114.122581,22.569384,1
20-15,114.170303,22.570232,0
20-16,114.145615,22.555567,1
20-16,114.122749,22.548367,0
20-16,114.121582,22.547832,1
20-16,114.101868,22.543432,0
20-16,114.101868,22.543432,1
20-16,114.099464,22.555067,0
20-16,114.099434,22.555834,1
