time,jd,wd,status
18-20-9,113.951965,22.559834,1
