time,jd,wd,status
19-19-27,113.860725,22.572838,1
19-20-21,113.878075,22.583672,0
22-17-26,113.842110,22.771589,1
22-22-43,113.855560,22.582075,0
23-19-26,113.861473,22.573118,1
23-19-33,113.861435,22.573067,0
23-19-35,113.861435,22.573067,1
23-22-43,113.877182,22.582413,0
24-10-56,114.025604,22.672359,1
24-12-20,113.814201,22.650826,0
