time,jd,wd,status
22-0,113.920349,22.511868,1
22-0,113.932152,22.520416,0
22-0,113.942451,22.535816,1
22-0,113.923050,22.527567,0
22-0,113.941315,22.543150,1
22-1,113.883369,22.578882,0
22-1,113.889717,22.563932,1
22-1,113.919197,22.530050,0
22-2,114.068520,22.544582,1
22-2,114.113968,22.574617,0
22-6,114.060120,22.523832,1
22-7,113.816116,22.646767,0
22-8,113.898834,22.561268,1
22-8,114.052521,22.531200,0
22-9,114.068565,22.531633,1
22-9,114.081467,22.553534,0
22-9,114.086502,22.553167,1
22-9,114.091118,22.544434,0
22-9,114.095299,22.537983,1
22-9,114.097717,22.561567,0
22-10,114.099434,22.559967,1
22-10,114.103668,22.564716,0
22-10,114.104347,22.573017,1
22-10,114.137665,22.556767,0
22-10,114.126068,22.553350,1
22-11,114.107552,22.582733,0
22-11,114.106384,22.575518,1
22-11,114.108032,22.546967,0
22-11,114.106102,22.545317,1
22-12,114.044167,22.549200,0
22-13,114.063148,22.527018,1
22-13,114.083199,22.540667,0
22-14,114.076797,22.543118,1
22-14,114.043434,22.601084,0
22-14,114.063271,22.530701,1
22-15,114.097900,22.558617,0
22-15,114.090332,22.561333,1
22-17,114.035614,22.567232,0
22-17,114.056129,22.562332,1
22-18,113.881851,22.608482,0
22-19,114.039230,22.530251,1
22-20,114.055183,22.529533,0
22-20,114.062698,22.518932,1
22-21,113.927101,22.540934,0
22-21,113.940582,22.536800,1
22-21,113.992935,22.533001,0
22-22,114.019119,22.538868,1
22-22,114.051567,22.526583,0
22-22,114.067749,22.528316,1
22-23,114.118019,22.553432,0
