time,jd,wd,status
19-11,114.026016,22.651302,1
19-18,114.026649,22.661695,0
20-7,114.024269,22.665197,1
20-7,114.024529,22.665142,0
21-16,114.044823,22.598524,1
21-18,114.011269,22.667294,0
