time,jd,wd,status
19-0,114.182770,22.635618,1
19-0,114.182785,22.635632,0
19-6,114.145508,22.613993,1
19-6,114.145592,22.613979,0
20-20,114.115837,22.620573,1
20-22,114.145294,22.613663,0
21-1,114.446831,22.783312,1
21-1,114.445709,22.781403,0
21-1,114.444374,22.778214,1
21-3,114.444344,22.778229,0
21-18,114.145416,22.613752,1
21-18,114.145416,22.613752,0
24-21,114.140663,22.614208,1
24-21,114.140839,22.614012,0
