time,jd,wd,status
19-13-53,113.827911,22.639788,0
19-13-54,113.827911,22.639788,1
19-13-56,113.827911,22.639788,0
19-14-3,113.831680,22.645058,1
19-14-3,113.831680,22.645058,0
19-14-4,113.831688,22.645050,1
19-14-10,113.834068,22.640114,0
