time,jd,wd,status
21-12-45,114.128410,22.545685,0
