time,jd,wd,status
24-13-16,114.136719,22.556517,1
