time,jd,wd,status
19-20,114.129799,22.574858,1
