time,jd,wd,status
20-17-51,114.025406,22.672148,0
20-18-37,114.058159,22.663088,1
19-19-13,114.043526,22.704308,0
