time,jd,wd,status
24-20-59,114.084404,22.538010,1
24-21-0,114.084404,22.538010,0
