time,jd,wd,status
21-20,113.895912,22.561329,1
21-22,113.970978,22.539648,0
