time,jd,wd,status
19-0,114.027115,22.651428,1
19-2,114.027260,22.651489,0
19-2,114.023506,22.657337,1
19-2,114.026970,22.661842,0
19-3,114.027054,22.661953,1
19-3,114.024757,22.672293,0
19-6,114.016479,22.665833,1
19-6,114.024261,22.665142,0
19-7,114.041084,22.671349,1
19-7,114.045937,22.641459,0
19-7,114.046036,22.645597,1
19-7,114.037674,22.652981,0
19-7,114.047272,22.638193,1
19-8,114.067810,22.629862,0
19-8,114.053490,22.636467,1
19-8,114.049011,22.634520,0
19-8,114.025566,22.655775,1
19-8,114.028648,22.658104,0
19-9,114.022247,22.650988,1
19-9,114.013634,22.650934,0
19-10,114.021622,22.721037,1
19-10,114.035172,22.706741,0
19-10,114.036606,22.706251,1
19-11,114.013893,22.650858,0
19-11,114.022903,22.649954,1
19-17,114.025795,22.651560,0
19-17,114.024727,22.653234,1
19-17,114.012444,22.664545,0
19-17,114.033241,22.677307,1
19-17,114.035583,22.695963,0
19-17,114.035454,22.690773,1
19-18,114.033272,22.656822,0
19-18,114.030716,22.659117,1
19-18,114.046638,22.669487,0
19-18,114.035240,22.676203,1
19-18,114.026115,22.672798,0
19-18,114.025322,22.672068,1
19-19,114.046135,22.646364,0
19-19,114.034721,22.623829,1
19-19,114.034706,22.624111,0
19-19,114.032249,22.633480,1
19-19,113.990509,22.668741,0
19-21,114.027206,22.661509,1
19-21,114.024414,22.671383,0
19-21,114.016968,22.657232,1
19-21,114.026863,22.651583,0
