time,jd,wd,status
18-9,114.143997,22.554518,1
18-9,114.163315,22.561768,0
22-18,114.100754,22.558582,1
22-21,114.042603,22.569332,0
