time,jd,wd,status
20-6-39,114.075104,22.533472,0
20-6-41,114.075104,22.533472,1
22-7-6,114.052902,22.529919,0
