time,jd,wd,status
18-21-35,114.110458,22.586658,1
