time,jd,wd,status
20-15-34,114.228432,22.722218,1
20-15-42,114.214867,22.725782,0
20-18-11,114.228333,22.699484,1
20-18-27,114.241150,22.701384,0
20-18-27,114.240784,22.700983,1
20-18-31,114.252586,22.695850,0
20-18-39,114.232201,22.692850,1
20-18-56,114.279182,22.727383,0
20-19-0,114.277901,22.730534,1
20-19-4,114.277870,22.745333,0
24-19-54,114.272064,22.731216,1
24-20-2,114.277580,22.733067,0
24-21-35,114.272469,22.731350,1
24-21-36,114.275284,22.732683,0
