time,jd,wd,status
24-5-9,114.033028,22.522774,0
24-5-11,114.033028,22.522774,1
24-5-11,114.033028,22.522774,0
24-5-14,114.033127,22.522675,1
