time,jd,wd,status
20-14-31,113.872780,22.592962,1
20-15-30,113.814392,22.651007,0
