time,jd,wd,status
21-17-54,114.102219,22.625772,1
23-7-55,114.118439,22.575064,0
