time,jd,wd,status
19-2-34,114.044060,22.558075,0
19-6-45,114.026627,22.673120,1
19-18-33,114.133598,22.550077,0
20-6-37,114.026634,22.661312,1
20-13-40,114.132088,22.582987,0
21-7-1,114.026962,22.661795,1
21-13-17,113.947815,22.561529,0
22-2-43,114.118423,22.541121,1
22-3-7,114.123856,22.545162,0
22-6-37,114.015053,22.664164,1
22-13-24,113.947990,22.561455,0
23-6-39,114.026596,22.661749,1
23-14-19,114.089981,22.571047,0
