time,jd,wd,status
20-9-43,114.009392,22.534893,0
