time,jd,wd,status
20-16,113.823997,22.724075,1
21-14,113.800011,22.723230,0
21-15,113.801788,22.735685,1
21-15,113.838051,22.732508,0
21-16,113.823921,22.724073,1
21-18,113.824234,22.724129,0
22-2,113.842010,22.749702,1
22-2,113.837204,22.730618,0
22-15,113.823929,22.724043,1
23-13,113.823853,22.724001,0
23-14,113.839134,22.729475,1
23-14,113.828018,22.699844,0
23-14,113.828018,22.699852,1
23-14,113.837517,22.729168,0
23-15,113.824127,22.724073,1
23-16,113.984337,22.672712,0
