time,jd,wd,status
23-20-27,114.111397,22.532936,1
