time,jd,wd,status
20-12-38,113.832230,22.741129,0
20-13-32,113.840225,22.750643,1
21-12-43,113.831947,22.741203,0
21-13-17,113.837364,22.730597,1
21-19-0,113.834297,22.740870,0
23-8-45,113.838089,22.729889,1
