time,jd,wd,status
19-13-4,114.024193,22.523653,1
