time,jd,wd,status
19-22-12,114.056084,22.615477,1
19-22-12,114.056084,22.615477,0
21-20-4,114.027451,22.539675,1
21-20-31,114.036728,22.612865,0
24-0-2,114.009537,22.547726,1
24-0-2,114.009537,22.547726,0
24-22-45,114.099731,22.605350,1
24-22-51,114.107025,22.601372,0
