time,jd,wd,status
20-18,114.124809,22.549200,1
20-18,114.124786,22.549156,0
22-6,114.123955,22.545172,1
22-6,114.124001,22.545237,0
