time,jd,wd,status
24-22,114.025467,22.672281,1
24-22,114.025467,22.672281,0
24-22,114.025467,22.672281,1
24-22,114.025467,22.672281,0
24-23,114.025467,22.672281,1
24-23,114.025467,22.672281,0
