time,jd,wd,status
24-3-35,113.913971,22.522448,1
