time,jd,wd,status
19-20-5,114.071838,22.536427,0
