time,jd,wd,status
19-20-13,113.919289,22.507811,1
