time,jd,wd,status
24-6-59,114.113777,22.545412,0
