time,jd,wd,status
24-2-4,114.064697,22.547600,1
