time,jd,wd,status
19-7,113.913910,22.522305,1
19-13,114.076454,22.542854,0
21-9,114.115395,22.580221,1
21-9,114.115395,22.580221,0
22-6,113.941559,22.541275,1
22-6,113.910995,22.547079,0
