time,jd,wd,status
21-0,114.055779,22.624622,1
24-9,114.113670,22.540281,0
