time,jd,wd,status
22-1,114.121239,22.539553,1
22-1,114.121239,22.539553,0
