time,jd,wd,status
18-8-28,114.064819,22.629900,1
18-10-33,113.948647,22.525784,0
18-14-57,114.099365,22.557734,1
18-15-49,114.118500,22.590267,0
19-6-0,114.114853,22.589983,1
19-6-45,114.082932,22.554567,0
20-13-26,114.093849,22.541517,1
20-13-37,114.094048,22.541582,0
24-1-38,114.117836,22.539867,1
24-1-45,114.082001,22.538116,0
