time,jd,wd,status
20-10-34,114.118965,22.566063,1
20-10-40,114.118996,22.566088,0
