time,jd,wd,status
22-0,114.048767,22.569733,1
22-0,114.109566,22.575983,0
22-0,114.116714,22.548367,1
22-0,114.139603,22.564934,0
22-0,114.103134,22.540400,1
22-1,114.122200,22.551582,0
22-1,114.030365,22.543682,1
22-1,114.014267,22.537317,0
22-3,114.067970,22.523849,1
22-3,114.116280,22.535717,0
22-4,114.068031,22.523767,1
22-4,114.117348,22.543217,0
22-5,114.068016,22.523767,1
22-5,113.816483,22.646383,0
22-7,113.904785,22.556017,1
22-7,113.918503,22.518833,0
22-8,114.027649,22.522533,1
22-8,114.046249,22.541050,0
22-8,114.040985,22.527100,1
21-9,114.099564,22.548332,0
21-9,114.099586,22.548532,1
21-9,114.104919,22.545532,0
21-9,114.105019,22.549316,1
21-9,114.099281,22.567751,0
21-11,114.133034,22.571600,1
21-11,114.125732,22.551634,0
21-11,114.125816,22.546700,1
21-12,114.124046,22.547583,0
21-12,114.122498,22.544933,1
21-12,114.163666,22.571016,0
21-12,114.154953,22.559334,1
21-12,114.142265,22.555000,0
21-12,114.142319,22.555082,1
21-13,114.117180,22.539801,0
21-14,113.949730,22.586433,1
21-14,113.828102,22.647667,0
22-13,113.873779,22.585667,1
22-13,113.889084,22.490816,0
22-13,113.888466,22.493816,1
22-14,113.909966,22.490049,0
22-14,113.911835,22.488317,1
22-14,113.922066,22.497667,0
22-14,113.927635,22.517550,1
22-14,113.918365,22.525333,0
22-15,113.922485,22.544283,1
22-15,113.910416,22.537149,0
22-15,113.919548,22.538584,1
22-15,113.919121,22.528433,0
22-15,113.921181,22.530167,1
22-15,113.917084,22.498934,0
22-15,113.917084,22.498934,1
22-16,114.113831,22.539682,0
22-16,114.113831,22.539818,1
22-17,113.819786,22.647600,0
22-17,113.821152,22.647900,1
22-18,114.045898,22.599318,0
21-19,114.026047,22.532883,1
21-19,114.047836,22.517200,0
21-19,114.047279,22.517300,1
21-19,114.051331,22.535168,0
21-19,114.047813,22.535217,1
21-20,114.025864,22.526600,0
21-20,114.025131,22.527933,1
21-20,113.890953,22.589750,0
21-21,113.814529,22.650118,1
21-21,113.830116,22.635717,0
21-22,113.816071,22.647533,1
21-22,114.040314,22.568617,0
21-23,114.044151,22.558149,1
21-23,114.044121,22.548567,0
21-23,114.048714,22.537382,1
21-23,114.018036,22.527468,0
