time,jd,wd,status
19-14,113.800774,22.735115,1
