time,jd,wd,status
21-18,114.117821,22.544075,1
