time,jd,wd,status
18-1-35,113.891136,22.567118,0
