time,jd,wd,status
18-20-29,114.036827,22.650122,0
