time,jd,wd,status
23-0,113.992302,22.676983,1
23-0,113.992302,22.676983,0
23-0,113.992302,22.676983,1
23-0,113.992302,22.676983,0
23-0,113.992302,22.676983,1
23-0,113.992302,22.676983,0
23-1,113.992302,22.676983,1
23-1,113.992302,22.676983,0
23-1,113.992302,22.676983,1
23-1,113.992302,22.676983,0
23-2,113.992302,22.676983,1
23-2,113.992302,22.676983,0
23-4,113.992302,22.676983,1
23-4,113.992302,22.676983,0
23-6,113.992302,22.676983,1
23-6,113.992302,22.676983,0
23-7,113.992302,22.676983,1
23-8,113.992302,22.676983,0
23-8,113.992302,22.676983,1
23-8,113.992302,22.676983,0
23-8,113.992302,22.676983,1
23-8,113.992302,22.676983,0
23-9,113.992302,22.676983,1
23-9,113.992302,22.676983,0
23-10,113.992302,22.676983,1
23-10,113.992302,22.676983,0
23-10,113.992302,22.676983,1
23-10,113.992302,22.676983,0
23-10,113.992302,22.676983,1
23-11,113.992302,22.676983,0
19-11,113.992302,22.676983,1
19-11,113.992302,22.676983,0
19-11,113.992302,22.676983,1
19-12,113.992302,22.676983,0
19-12,113.992302,22.676983,1
19-12,113.992302,22.676983,0
19-12,113.992302,22.676983,1
19-12,113.992302,22.676983,0
19-12,113.992302,22.676983,1
19-12,113.992302,22.676983,0
19-12,113.992302,22.676983,1
19-12,113.992302,22.676983,0
19-12,113.992302,22.676983,1
19-12,113.992302,22.676983,0
19-13,113.992302,22.676983,1
19-13,113.992302,22.676983,0
19-13,113.992302,22.676983,1
19-14,113.992302,22.676983,0
19-14,113.992302,22.676983,1
19-14,113.992302,22.676983,0
19-14,113.992302,22.676983,1
19-15,113.992302,22.676983,0
19-15,113.992302,22.676983,1
19-15,113.992302,22.676983,0
19-16,113.992302,22.676983,1
19-16,113.992302,22.676983,0
19-16,113.992302,22.676983,1
19-16,113.992302,22.676983,0
19-16,113.992302,22.676983,1
19-18,113.992302,22.676983,0
19-18,113.992302,22.676983,1
19-18,113.992302,22.676983,0
19-18,113.992302,22.676983,1
19-18,113.992302,22.676983,0
19-19,113.992302,22.676983,1
22-19,113.992302,22.676983,0
22-19,113.992302,22.676983,1
22-19,113.992302,22.676983,0
22-19,113.992302,22.676983,1
22-20,113.992302,22.676983,0
22-20,113.992302,22.676983,1
22-20,113.992302,22.676983,0
22-21,113.992302,22.676983,1
22-21,113.992302,22.676983,0
22-22,113.992302,22.676983,1
22-22,113.992302,22.676983,0
22-22,113.992302,22.676983,1
22-22,113.992302,22.676983,0
