time,jd,wd,status
21-11-13,114.032562,22.556211,1
