time,jd,wd,status
21-8-5,114.048866,22.600428,1
