time,jd,wd,status
19-2,114.113571,22.539568,1
19-2,114.113579,22.539574,0
22-0,114.105873,22.546297,1
22-0,114.123611,22.541199,0
22-23,114.132408,22.620653,1
23-1,114.275146,22.633207,0
