time,jd,wd,status
19-18,113.905075,22.563171,1
19-19,113.918228,22.505936,0
23-1,113.924072,22.529684,1
23-2,113.925362,22.522129,0
24-2,113.917191,22.521339,1
24-3,113.913734,22.517565,0
24-21,113.933060,22.544394,1
