time,jd,wd,status
19-18,114.130623,22.641232,1
21-0,114.044174,22.600761,0
21-9,114.026672,22.660824,1
21-12,114.046867,22.637608,0
22-11,114.024284,22.665253,1
22-13,114.046875,22.637577,0
