time,jd,wd,status
20-3-47,113.884026,22.592865,1
20-3-50,113.884026,22.592865,0
20-16-48,113.939056,22.542530,1
20-16-50,113.939056,22.542530,0
20-19-20,113.870140,22.594442,1
20-19-21,113.870140,22.594442,0
21-6-39,113.908318,22.493267,1
21-7-25,113.878426,22.591879,0
22-7-34,113.864998,22.567493,1
22-8-15,113.877899,22.591318,0
