time,jd,wd,status
20-9,113.816010,22.647072,1
