time,jd,wd,status
18-0-0,114.048653,22.537451,1
