time,jd,wd,status
24-1-54,113.914177,22.522142,0
