time,jd,wd,status
20-14,113.904465,22.555765,1
20-17,114.077560,22.633018,0
23-23,114.043213,22.600975,1
24-0,114.054565,22.610247,0
24-14,114.035812,22.552032,1
24-20,114.044258,22.550449,0
