time,jd,wd,status
19-8,114.026245,22.672873,1
19-9,114.045418,22.598558,0
20-7,114.053757,22.675713,1
20-8,114.031227,22.678102,0
20-13,114.024330,22.659050,1
20-18,114.058067,22.663183,0
21-8,114.025085,22.672546,1
21-11,114.080391,22.647865,0
23-7,114.024406,22.658689,1
23-8,114.005676,22.735119,0
22-12,114.024254,22.659132,1
22-13,114.029655,22.669788,0
22-13,114.029663,22.669807,1
22-14,114.025223,22.672499,0
22-14,114.025093,22.672533,1
22-15,114.025093,22.672533,0
