time,jd,wd,status
18-0-2,114.112549,22.547567,0
18-0-10,114.112549,22.546368,1
18-0-21,114.057198,22.537251,0
18-0-22,114.056335,22.537251,1
18-0-26,114.055634,22.526033,0
18-0-39,114.050201,22.537867,1
18-0-50,114.107620,22.536182,0
18-5-3,114.172165,22.563066,1
18-5-4,114.167435,22.564068,0
