time,jd,wd,status
22-20-1,113.951149,22.539408,1
