time,jd,wd,status
22-11-19,114.084175,22.544006,1
