time,jd,wd,status
19-22,114.014229,22.665609,1
19-22,114.014130,22.665602,0
19-22,114.011505,22.663721,1
19-22,114.011505,22.663721,0
19-22,114.011505,22.663721,1
19-22,114.011505,22.663721,0
23-10,113.953804,22.592642,1
23-10,113.953804,22.592642,0
23-10,113.951248,22.591072,1
23-10,113.949745,22.586266,0
23-23,114.026054,22.531187,1
23-23,114.026062,22.531179,0
23-23,114.026062,22.531179,1
23-23,114.026695,22.531183,0
