time,jd,wd,status
23-11-12,113.898056,22.577299,1
23-12-25,113.883972,22.572376,0
