time,jd,wd,status
18-0-0,114.120018,22.578533,1
