time,jd,wd,status
24-11-37,113.973396,22.541567,1
24-11-40,113.976784,22.548782,0
24-13-38,113.961983,22.535618,1
24-14-6,113.964699,22.551767,0
24-14-7,113.966400,22.552567,1
24-14-10,113.979530,22.550167,0
