time,jd,wd,status
22-0,114.022964,22.620150,1
22-0,114.022964,22.620150,0
22-0,114.022964,22.620150,1
22-0,114.022964,22.620150,0
22-0,114.022964,22.620150,1
22-0,114.022964,22.620150,0
22-1,114.022964,22.620150,1
22-1,114.022964,22.620150,0
22-1,114.022964,22.620150,1
22-1,114.022964,22.620150,0
22-1,114.022964,22.620150,1
22-1,114.022964,22.620150,0
19-6,114.022964,22.620150,1
19-6,114.022964,22.620150,0
19-7,114.022964,22.620150,1
19-7,114.022964,22.620150,0
19-7,114.022964,22.620150,1
19-7,114.022964,22.620150,0
19-7,114.022964,22.620150,1
19-8,114.022964,22.620150,0
19-8,114.022964,22.620150,1
19-8,114.022964,22.620150,0
19-8,114.022964,22.620150,1
19-8,114.022964,22.620150,0
19-9,114.022964,22.620150,1
19-9,114.022964,22.620150,0
19-9,114.022964,22.620150,1
19-9,114.022964,22.620150,0
19-9,114.022964,22.620150,1
19-10,114.022964,22.620150,0
19-10,114.022964,22.620150,1
19-10,114.022964,22.620150,0
19-10,114.022964,22.620150,1
19-10,114.022964,22.620150,0
19-10,114.022964,22.620150,1
19-11,114.022964,22.620150,0
19-11,114.022964,22.620150,1
19-11,114.022964,22.620150,0
19-11,114.022964,22.620150,1
19-11,114.022964,22.620150,0
19-11,114.022964,22.620150,1
19-11,114.022964,22.620150,0
19-13,114.022964,22.620150,1
19-13,114.022964,22.620150,0
19-13,114.022964,22.620150,1
19-13,114.022964,22.620150,0
19-13,114.022964,22.620150,1
19-13,114.022964,22.620150,0
19-13,114.022964,22.620150,1
19-14,114.022964,22.620150,0
19-14,114.022964,22.620150,1
20-15,114.022964,22.620150,0
20-19,114.022964,22.620150,1
20-19,114.022964,22.620150,0
20-22,114.022964,22.620150,1
20-22,114.022964,22.620150,0
20-23,114.022964,22.620150,1
20-23,114.022964,22.620150,0
20-23,114.022964,22.620150,1
20-23,114.022964,22.620150,0
