time,jd,wd,status
24-10,114.117104,22.546724,1
23-13,114.035843,22.552353,0
