time,jd,wd,status
22-15,114.086365,22.639093,1
22-15,114.086365,22.639093,0
22-15,114.086365,22.639093,1
22-16,114.006508,22.651241,0
24-9,114.026627,22.621525,1
24-12,114.036903,22.649910,0
