time,jd,wd,status
20-1-19,114.032227,22.633207,1
20-1-24,114.032249,22.633200,0
20-1-24,114.032249,22.633200,1
20-1-26,114.032249,22.633200,0
20-6-24,114.026588,22.660700,1
20-6-25,114.026588,22.660709,0
20-6-26,114.026588,22.660709,1
20-6-27,114.026588,22.660709,0
