time,jd,wd,status
20-5-53,114.072548,22.689318,0
22-12-17,114.062721,22.719788,1
22-16-37,114.054100,22.744028,0
