time,jd,wd,status
23-1-6,114.109566,22.592480,1
