time,jd,wd,status
18-0-0,114.105064,22.537533,1
