time,jd,wd,status
23-9-6,114.019257,22.529240,1
24-6-59,114.113777,22.545412,0
