time,jd,wd,status
24-19,114.105583,22.537201,1
24-19,114.105583,22.537201,0
24-20,114.105583,22.537201,1
24-20,114.062584,22.517550,0
24-21,114.062965,22.517782,1
24-21,114.048683,22.525867,0
24-21,114.048683,22.525867,1
24-21,114.035034,22.567818,0
24-21,114.035034,22.567818,1
24-21,114.114914,22.553633,0
24-21,114.113564,22.550550,1
24-22,114.107735,22.567717,0
24-22,114.106636,22.566467,1
24-22,114.106636,22.566467,0
24-22,114.106636,22.566467,1
24-22,114.123169,22.579550,0
24-22,114.117920,22.565983,1
24-22,114.128418,22.556467,0
24-23,114.105865,22.546467,1
24-23,114.143066,22.550600,0
24-23,114.116867,22.547934,1
24-23,114.156334,22.616016,0
24-23,114.151749,22.620684,1
