time,jd,wd,status
21-11,114.063354,22.517309,1
