time,jd,wd,status
22-1,113.812065,22.669056,1
22-3,113.817596,22.676191,0
22-3,113.812172,22.669083,1
22-6,113.829147,22.712992,0
22-7,113.822800,22.677000,1
22-12,113.801949,22.691475,0
23-7,113.801971,22.691269,1
23-7,113.822815,22.676945,0
