time,jd,wd,status
19-4,114.127594,22.559942,1
19-4,114.127586,22.559877,0
19-8,114.119316,22.566423,1
19-8,114.119637,22.565798,0
20-22,113.922195,22.518745,1
20-23,114.041420,22.556229,0
20-23,114.099068,22.557594,1
21-0,114.101646,22.541126,0
22-8,114.119141,22.566170,1
22-9,114.102249,22.610542,0
24-22,114.114510,22.601812,1
24-22,114.110733,22.630417,0
