time,jd,wd,status
19-7,114.047318,22.545277,1
20-13,113.918602,22.548172,0
21-20,113.986824,22.556597,1
22-13,114.107880,22.537891,0
22-16,114.226761,22.548738,1
