time,jd,wd,status
20-8,114.129700,22.551750,1
20-9,113.943779,22.540945,0
23-19,114.133652,22.556890,1
23-20,114.107368,22.567970,0
