time,jd,wd,status
21-6-35,114.009689,22.535475,1
21-6-52,114.060417,22.536028,0
