time,jd,wd,status
21-6-11,114.041344,22.524782,0
24-6-42,114.041664,22.524876,1
24-6-43,114.041618,22.524855,0
