time,jd,wd,status
19-1-28,114.128807,22.557594,0
20-8-26,114.119331,22.565603,1
20-11-37,114.101364,22.558313,0
20-21-56,114.127396,22.550087,1
20-23-29,114.119530,22.555489,0
21-19-32,114.137337,22.551767,1
21-21-4,114.117180,22.548306,0
21-22-48,114.114494,22.585695,1
21-23-57,114.116974,22.548292,0
