time,jd,wd,status
18-0,114.125031,22.553432,1
