time,jd,wd,status
20-19-49,114.032738,22.525007,0
20-21-33,114.147438,22.544050,1
21-0-17,113.929253,22.494921,0
22-17-27,114.121681,22.574263,1
22-20-45,113.944740,22.506832,0
24-4-15,113.946716,22.560299,1
24-4-35,113.927132,22.500038,0
