time,jd,wd,status
21-21,114.134399,22.549538,1
22-0,114.117897,22.540762,0
23-18,114.083801,22.572018,1
23-18,114.083794,22.572020,0
