time,jd,wd,status
22-15,114.104370,22.553333,1
22-15,114.090584,22.561466,0
22-16,114.071617,22.548000,1
22-16,114.130768,22.575533,0
22-16,114.126534,22.573784,1
22-16,114.115334,22.534767,0
22-16,114.129501,22.545700,1
22-17,114.137367,22.565599,0
22-17,114.133904,22.559868,1
22-18,114.053131,22.528667,0
22-18,114.051384,22.527250,1
22-18,114.044281,22.530600,0
22-19,114.060333,22.534567,1
22-19,113.973419,22.549116,0
22-19,113.978554,22.539734,1
22-20,113.934517,22.522066,0
22-20,113.929764,22.522499,1
22-20,113.927635,22.551767,0
22-20,113.928215,22.551718,1
22-20,114.031586,22.557117,0
22-20,114.037102,22.555750,1
22-21,114.040787,22.531267,0
22-21,114.041351,22.533617,1
22-21,114.037033,22.531166,0
22-21,114.046715,22.533449,1
22-21,114.048347,22.539183,0
22-21,114.047081,22.537333,1
22-21,114.052879,22.525801,0
22-22,114.059380,22.525917,1
22-22,114.113731,22.536934,0
22-22,114.096916,22.540518,1
22-22,114.098579,22.551832,0
22-22,114.084183,22.549316,1
22-23,113.919601,22.539066,0
22-23,113.931099,22.520433,1
22-23,113.922050,22.526518,0
22-23,113.931198,22.522318,1
22-23,113.922600,22.526484,0
22-23,113.931099,22.521032,1
22-23,113.924919,22.510851,0
22-23,113.923882,22.514816,1
