time,jd,wd,status
20-8-16,114.018066,22.539633,1
20-8-17,114.024780,22.674299,0
