time,jd,wd,status
18-2-22,113.924271,22.528482,1
18-2-23,113.922699,22.526300,0
18-3-54,113.919235,22.542982,1
21-6-33,114.043030,22.542467,0
21-7-16,113.928253,22.542816,1
21-7-19,113.919815,22.533951,0
