time,jd,wd,status
22-3-44,114.119080,22.570871,1
