time,jd,wd,status
18-4,114.026329,22.523392,1
18-4,114.074142,22.537642,0
