time,jd,wd,status
19-12-58,113.822975,22.674349,0
22-22-42,113.814285,22.651108,1
22-22-43,113.814285,22.651108,0
22-22-44,113.814285,22.651108,1
22-22-49,113.814400,22.650883,0
22-22-56,113.815109,22.651564,1
22-23-3,113.814575,22.651438,0
