time,jd,wd,status
20-11-26,114.035728,22.552343,0
