time,jd,wd,status
20-0,114.129753,22.547068,1
20-0,114.115379,22.543182,0
20-0,114.129349,22.547016,1
20-0,114.135048,22.568533,0
20-0,114.134850,22.565317,1
20-1,114.108986,22.547182,0
20-1,114.107597,22.549868,1
20-1,114.096870,22.555582,0
20-7,114.165047,22.563049,1
20-7,114.171021,22.561649,0
20-7,114.169403,22.563650,1
20-8,114.116432,22.549618,0
20-8,114.118835,22.553818,1
20-8,114.115517,22.579268,0
20-8,114.116570,22.580116,1
20-8,114.117966,22.543716,0
20-8,114.118263,22.543217,1
20-9,114.062683,22.517584,0
20-9,114.062920,22.517767,1
20-9,114.051537,22.511284,0
20-9,114.051315,22.518150,1
20-9,114.067848,22.528767,0
20-9,114.079147,22.534933,1
20-9,114.107666,22.569450,0
20-9,114.107719,22.567984,1
20-10,114.114182,22.531282,0
20-10,114.116898,22.536934,1
20-10,114.134682,22.565399,0
20-10,114.134453,22.565117,1
20-10,114.133850,22.566668,0
20-10,114.133003,22.565367,1
20-10,114.114014,22.531116,0
20-10,114.122887,22.540483,1
20-10,114.104034,22.542833,0
20-10,114.106499,22.543249,1
20-11,114.063232,22.530817,0
20-11,114.078583,22.533800,1
20-11,114.084953,22.543266,0
20-11,114.121651,22.544468,1
20-11,114.115532,22.538500,0
20-11,114.119316,22.538868,1
20-11,114.081635,22.544233,0
20-11,114.081749,22.551001,1
20-12,114.060303,22.543417,0
20-12,114.163948,22.562450,1
20-12,114.118950,22.542368,0
20-19,114.167320,22.563017,1
20-20,114.120415,22.539133,0
20-20,114.116264,22.535784,1
20-20,114.127182,22.547899,0
20-21,113.833321,22.649982,1
20-21,113.813568,22.651283,0
19-22,113.815048,22.651632,1
19-22,114.081863,22.536333,0
19-22,114.082047,22.534100,1
19-22,114.056870,22.531866,0
19-22,114.056999,22.531750,1
19-22,114.040916,22.554899,0
19-23,114.041565,22.556284,1
19-23,114.043633,22.534550,0
19-23,114.067764,22.523899,1
19-23,114.049896,22.535383,0
19-23,114.050018,22.535316,1
19-23,114.129082,22.550751,0
20-23,113.814819,22.649900,1
