time,jd,wd,status
19-22-39,113.909332,22.515423,0
20-8-2,113.874931,22.572172,1
20-11-9,114.069931,22.530519,0
21-14-49,113.962944,22.542562,1
21-16-48,113.912209,22.519226,0
