time,jd,wd,status
19-6,113.831451,22.715214,1
19-6,113.831619,22.715820,0
19-7,113.816299,22.729313,1
19-7,113.816284,22.729328,0
20-5,113.828316,22.731592,1
20-5,113.828308,22.731586,0
20-5,113.828300,22.731590,1
20-5,113.828300,22.731590,0
20-7,113.821762,22.729988,1
20-8,113.837479,22.730947,0
21-12,113.816605,22.729053,1
21-20,113.823891,22.723917,0
