time,jd,wd,status
22-7,114.023964,22.525917,1
22-7,114.023949,22.531334,0
22-8,114.081032,22.558666,1
22-8,114.080986,22.561501,0
22-8,114.178551,22.559299,1
22-8,114.182434,22.556883,0
22-8,114.105064,22.542999,1
22-9,114.097069,22.541018,0
22-9,114.099670,22.546499,1
22-9,114.099480,22.549017,0
22-9,114.093216,22.554216,1
22-9,114.084236,22.555250,0
22-9,114.109665,22.546766,1
22-9,114.109665,22.546766,0
22-9,114.059952,22.569901,1
22-9,114.056068,22.568016,0
22-10,114.051903,22.549417,1
22-10,114.056747,22.549517,0
22-10,114.045151,22.575068,1
22-10,114.036049,22.568216,0
22-10,114.054398,22.547382,1
22-10,114.060318,22.544033,0
22-10,114.039635,22.523899,1
22-11,114.025703,22.525818,0
22-17,114.025703,22.525818,1
22-17,114.026703,22.526966,0
22-17,114.027084,22.536983,1
22-17,114.025734,22.534401,0
22-18,114.081352,22.542999,1
22-18,114.080917,22.540583,0
22-18,114.069267,22.529600,1
22-18,114.069351,22.526833,0
22-18,114.043953,22.525017,1
22-18,114.042366,22.522301,0
22-18,114.042366,22.522301,1
22-19,114.037964,22.523800,0
22-19,114.048401,22.537317,1
22-19,114.056252,22.537483,0
22-19,114.085266,22.554001,1
22-19,114.084213,22.555067,0
22-20,114.038132,22.559183,1
22-20,114.034851,22.555349,0
22-20,113.981697,22.536167,1
22-20,113.981697,22.536167,0
22-20,114.111481,22.532516,1
22-20,114.111847,22.531151,0
22-21,114.141998,22.548582,1
22-21,114.140450,22.556700,0
22-21,114.129700,22.558582,1
22-21,114.123230,22.548582,0
22-21,114.116150,22.543016,1
22-22,114.112915,22.542233,0
22-22,114.059036,22.519899,1
22-22,114.061096,22.520967,0
22-22,114.046753,22.530350,1
22-22,114.046753,22.530350,0
22-22,114.047867,22.537518,1
22-22,114.048370,22.537300,0
22-22,114.050819,22.527767,1
22-22,114.049385,22.537483,0
22-22,114.064949,22.551250,1
22-23,114.058601,22.545668,0
22-23,114.050102,22.535383,1
22-23,114.056870,22.527634,0
22-23,114.058899,22.522818,1
22-23,114.056320,22.522751,0
22-23,114.051285,22.528717,1
22-23,114.052551,22.525917,0
22-23,114.058067,22.536900,1
22-23,114.058502,22.536400,0
22-23,114.058502,22.536400,1
