time,jd,wd,status
20-5-57,114.119972,22.540234,1
20-18-58,114.042946,22.601486,0
