time,jd,wd,status
19-9-37,114.119431,22.565769,1
19-10-18,114.141449,22.547649,0
19-22-16,114.090675,22.538324,1
20-0-33,114.112312,22.547070,0
23-1-31,114.124001,22.544832,1
23-2-6,114.112488,22.546879,0
23-21-26,114.136154,22.583845,1
23-21-59,114.115280,22.556677,0
