time,jd,wd,status
18-23-32,114.057838,22.532915,0
