time,jd,wd,status
19-13,113.827919,22.639843,1
19-13,113.827911,22.639788,0
19-13,113.827911,22.639788,1
19-13,113.827911,22.639788,0
19-14,113.831680,22.645058,1
19-14,113.831680,22.645058,0
19-14,113.831688,22.645050,1
19-14,113.834068,22.640114,0
