time,jd,wd,status
19-8-25,114.053001,22.675011,1
19-8-37,114.058182,22.663076,0
20-7-50,113.896011,22.586117,1
20-7-55,113.895966,22.585983,0
21-9-47,114.044838,22.598492,1
21-9-55,114.045204,22.598852,0
23-4-46,114.042313,22.659264,1
23-4-53,114.042313,22.659264,0
23-18-0,114.029160,22.671368,1
24-0-35,114.026016,22.660240,0
24-12-25,114.011269,22.667200,1
24-12-36,114.011253,22.667156,0
