time,jd,wd,status
21-16,114.048790,22.567247,1
24-19,114.064339,22.531963,0
