time,jd,wd,status
19-19-24,113.913620,22.515697,0
21-17-55,113.929924,22.522469,1
21-17-56,113.929901,22.522518,0
21-19-41,113.915306,22.541376,1
21-20-18,113.947990,22.543564,0
22-8-33,113.914436,22.523054,1
22-10-39,114.031006,22.562584,0
23-23-53,114.024612,22.531612,1
24-0-31,113.915359,22.542484,0
