time,jd,wd,status
21-9-11,114.032410,22.657724,0
21-19-29,114.008301,22.661552,1
21-21-34,114.026360,22.661453,0
23-7-36,114.008369,22.661591,1
23-7-57,114.000854,22.658697,0
23-18-54,114.008240,22.661610,1
23-19-3,114.003952,22.658258,0
