time,jd,wd,status
20-0,113.894150,22.576834,1
20-0,113.886185,22.575666,0
20-0,113.891296,22.578283,1
20-0,113.822250,22.675682,0
20-1,113.865616,22.583082,1
20-1,113.858116,22.584667,0
20-1,113.840919,22.596067,1
20-1,113.842415,22.584784,0
20-2,113.870049,22.563250,1
20-2,113.885948,22.580883,0
20-3,113.913803,22.675167,1
20-3,113.927383,22.680483,0
20-7,113.901764,22.568632,1
20-8,113.914734,22.584217,0
20-8,113.908279,22.579849,1
20-9,113.901382,22.564768,0
20-9,113.895432,22.566650,1
20-9,113.903664,22.562366,0
20-12,113.884033,22.587000,1
20-12,113.890617,22.590401,0
20-13,113.912781,22.583866,1
20-13,113.880966,22.590267,0
20-13,113.876869,22.584316,1
20-13,113.882286,22.571100,0
20-14,113.889267,22.563984,1
20-14,113.897102,22.557249,0
20-14,113.893204,22.566050,1
20-14,113.905098,22.555599,0
20-15,113.894920,22.576200,1
20-15,113.899246,22.566700,0
20-15,113.882446,22.579918,1
20-15,113.845398,22.601151,0
20-16,113.891968,22.567316,1
20-16,113.896500,22.562866,0
20-16,113.886665,22.566668,1
20-17,113.843880,22.599318,0
20-17,113.874886,22.571917,1
20-17,113.882034,22.563517,0
20-17,113.889580,22.563417,1
20-18,113.895470,22.574650,0
20-18,113.895470,22.574783,1
20-18,113.905449,22.572800,0
20-18,113.903351,22.574984,1
20-18,113.893303,22.568050,0
20-21,113.887001,22.584133,1
20-21,113.892166,22.569834,0
20-21,113.891731,22.579332,1
20-21,113.887337,22.583982,0
