time,jd,wd,status
20-20,113.940575,22.553196,1
21-9,113.815109,22.651567,0
22-22,113.967491,22.540865,1
24-9,114.032631,22.524055,0
