time,jd,wd,status
19-8,114.024910,22.672235,1
19-13,114.013802,22.659760,0
21-11,114.033028,22.632217,1
21-12,114.013725,22.659798,0
24-17,113.999481,22.659481,1
24-18,113.999466,22.659502,0
