time,jd,wd,status
19-14-5,114.015923,22.748308,1
19-18-37,114.011894,22.667889,0
20-10-10,114.059212,22.723454,1
20-11-10,114.060143,22.723131,0
21-16-35,114.045433,22.649191,1
21-18-23,114.026581,22.661627,0
24-18-39,114.026695,22.661694,1
24-21-17,114.041405,22.715216,0
