time,jd,wd,status
18-0-0,114.292786,22.723700,1
