time,jd,wd,status
20-6-39,114.067551,22.551022,1
20-6-56,114.066551,22.538702,0
20-8-48,114.119598,22.565941,1
20-8-53,114.119576,22.565947,0
20-22-48,114.068436,22.551113,1
20-23-37,114.125244,22.696623,0
22-18-52,114.050789,22.516426,1
22-19-31,114.031990,22.542580,0
22-19-53,114.040497,22.568707,1
22-20-12,114.067223,22.571198,0
