time,jd,wd,status
19-6,113.910217,22.537006,1
19-6,113.943359,22.506647,0
19-7,113.910362,22.530752,1
19-7,113.938156,22.542433,0
