time,jd,wd,status
18-20,113.919518,22.543283,1
18-20,113.880447,22.590300,0
18-21,113.816132,22.647383,1
18-22,114.038666,22.565733,0
18-22,114.056252,22.551201,1
18-22,114.064163,22.555634,0
18-22,114.082764,22.540701,1
18-22,114.085770,22.540751,0
18-22,114.088501,22.541433,1
18-22,114.081917,22.535217,0
18-22,114.081718,22.537901,1
18-22,114.080849,22.534149,0
18-23,114.106133,22.543818,1
18-23,113.943230,22.585518,0
18-23,113.949432,22.575550,1
18-23,113.940331,22.543083,0
18-23,113.937065,22.542950,1
18-23,113.831520,22.635733,0
