time,jd,wd,status
18-0,114.024551,22.527067,1
