time,jd,wd,status
19-2,114.463120,22.781830,1
19-6,114.023827,22.665802,0
20-21,114.007591,22.660994,1
20-22,113.961151,22.685829,0
