time,jd,wd,status
20-4,113.874588,22.587278,1
20-4,113.874557,22.587297,0
20-5,113.855385,22.627178,1
20-5,113.855385,22.627178,0
20-16,114.041328,22.619514,1
20-16,114.086311,22.639044,0
21-21,113.876663,22.584951,1
21-21,113.876671,22.584940,0
22-23,113.889702,22.563576,1
23-0,113.879852,22.582371,0
