time,jd,wd,status
21-4,114.149956,22.608315,1
