time,jd,wd,status
24-19-32,114.025749,22.523169,1
