time,jd,wd,status
21-11,114.106956,22.585567,1
21-11,114.106995,22.585543,0
21-11,114.106995,22.585543,1
21-11,114.106995,22.585543,0
21-11,114.106995,22.585543,1
21-11,114.106995,22.585543,0
21-11,114.106995,22.585543,1
21-11,114.107597,22.585451,0
22-3,114.113693,22.544058,1
22-3,114.113701,22.544024,0
22-3,114.113747,22.544004,1
22-3,114.113747,22.544004,0
22-3,114.113747,22.544003,1
22-3,114.113747,22.544003,0
