time,jd,wd,status
22-21-9,114.129456,22.558237,0
