time,jd,wd,status
21-11-10,114.106995,22.585543,0
21-11-11,114.106995,22.585543,1
21-11-12,114.106995,22.585543,0
21-11-13,114.106995,22.585543,1
21-11-14,114.106995,22.585543,0
21-11-15,114.106995,22.585543,1
21-11-16,114.107597,22.585451,0
22-3-44,114.113693,22.544058,1
22-3-45,114.113701,22.544024,0
22-3-47,114.113747,22.544004,1
22-3-47,114.113747,22.544004,0
22-3-48,114.113747,22.544003,1
22-3-49,114.113747,22.544003,0
