time,jd,wd,status
22-14,114.120216,22.611313,1
22-15,114.103600,22.609438,0
