time,jd,wd,status
24-7,113.815201,22.651472,1
24-7,113.815193,22.651510,0
