time,jd,wd,status
20-10-54,114.034966,22.622101,1
20-12-7,114.085922,22.638971,0
21-0-12,114.258499,22.726027,1
21-1-2,114.258064,22.742540,0
21-15-45,114.323708,22.764938,1
21-16-20,114.266434,22.728104,0
