time,jd,wd,status
20-19-4,113.883415,22.593117,1
20-19-4,113.884117,22.572599,0
