time,jd,wd,status
20-23-35,114.140778,22.609377,0
24-6-3,114.068901,22.534355,1
24-6-39,113.929855,22.565405,0
