time,jd,wd,status
18-0,114.110069,22.543514,1
18-0,114.136124,22.556364,0
18-1,114.109573,22.547226,1
18-1,114.158829,22.610975,0
18-2,114.158951,22.610165,1
18-2,114.107971,22.547697,0
18-3,114.107834,22.547518,1
18-3,114.125084,22.568521,0
18-3,114.106857,22.546707,1
18-4,113.924393,22.510794,0
18-6,113.907692,22.520901,1
18-6,113.927795,22.535919,0
18-6,113.908676,22.514990,1
18-6,113.910385,22.537558,0
18-7,113.914360,22.536627,1
18-7,113.894775,22.567097,0
18-7,113.902931,22.561218,1
18-8,113.938362,22.542433,0
18-8,113.928436,22.528193,1
18-8,113.943680,22.532598,0
18-8,113.940796,22.525177,1
18-8,113.917259,22.540789,0
18-8,113.919487,22.539579,1
18-9,114.015816,22.537903,0
18-9,113.953789,22.523567,1
18-10,113.908539,22.479403,0
18-10,113.908646,22.479877,1
18-10,113.949074,22.540627,0
18-10,113.945168,22.543207,1
18-11,113.816086,22.647057,0
18-12,113.816345,22.647114,1
18-12,114.046776,22.530720,0
18-13,114.051506,22.527134,1
18-13,114.058151,22.536505,0
18-13,114.068291,22.530024,1
18-13,114.036713,22.522997,0
18-13,114.044327,22.548281,1
18-14,114.066124,22.556620,0
18-14,114.065994,22.547642,1
18-14,114.057892,22.533346,0
18-14,114.058472,22.537573,1
18-14,114.058075,22.531946,0
18-14,114.058418,22.537563,1
18-14,114.058907,22.528280,0
18-14,114.058380,22.537573,1
18-14,114.084358,22.571163,0
18-14,114.095177,22.572615,1
18-14,114.102341,22.572430,0
18-14,114.100700,22.571409,1
18-15,113.919228,22.508755,0
18-16,113.926971,22.535458,1
18-16,113.818336,22.646170,0
18-17,113.817444,22.648117,1
18-18,114.048073,22.539991,0
18-18,114.047722,22.539780,1
18-18,113.816170,22.647057,0
18-19,113.930984,22.668692,1
18-20,113.917641,22.931402,0
21-1,-536870912.000000,0.000000,1
