time,jd,wd,status
19-7-52,113.837387,22.729122,0
19-8-26,113.837547,22.729179,1
19-8-30,113.837540,22.729197,0
24-6-50,113.842110,22.743320,1
24-7-1,113.840866,22.750238,0
24-8-13,113.837578,22.729256,1
