time,jd,wd,status
19-7,114.233498,22.730482,1
21-7,114.274246,22.743050,0
21-8,114.277634,22.738533,1
21-8,114.252480,22.735950,0
21-8,114.227600,22.722366,1
21-8,114.224251,22.731382,0
21-8,114.228752,22.731867,1
21-8,114.226601,22.714283,0
21-8,114.250420,22.729050,1
21-9,114.265533,22.728649,0
21-9,114.265533,22.728283,1
21-9,114.261497,22.715183,0
21-9,114.257317,22.717300,1
21-9,114.237167,22.705418,0
21-9,114.259117,22.729717,1
21-9,114.271751,22.731001,0
21-9,114.258820,22.729717,1
21-10,114.277130,22.742634,0
21-10,114.277420,22.738649,1
21-10,114.268417,22.729733,0
21-10,114.266815,22.723017,1
21-10,114.271286,22.698700,0
21-10,114.261864,22.715233,1
21-10,114.267303,22.737717,0
21-11,114.264984,22.727182,1
21-11,114.302170,22.729767,0
21-12,114.277534,22.738701,1
21-12,114.302414,22.718933,0
21-12,114.298019,22.721617,1
21-12,114.273499,22.732367,0
21-12,114.265503,22.728983,1
21-12,114.273186,22.733368,0
21-12,114.266602,22.732349,1
21-12,114.245750,22.745184,0
21-13,114.265747,22.727699,1
21-13,114.265831,22.727734,0
21-13,114.265480,22.729767,1
21-13,114.235802,22.749901,0
21-13,114.257370,22.731182,1
21-14,114.275520,22.748051,0
21-14,114.246552,22.743883,1
21-14,114.272415,22.753349,0
21-14,114.259567,22.723583,1
21-14,114.259598,22.744734,0
21-14,114.272484,22.743200,1
21-15,114.280731,22.756117,0
19-15,114.256683,22.728884,1
19-15,114.266769,22.732283,0
19-16,114.266968,22.736868,1
19-16,114.239517,22.720484,0
19-16,114.240631,22.719784,1
19-16,114.230415,22.738434,0
19-16,114.223999,22.729532,1
19-16,114.237846,22.730101,0
19-16,114.235168,22.728483,1
19-17,114.221970,22.680149,0
19-17,114.223579,22.688683,1
19-17,114.215897,22.702932,0
19-17,114.235367,22.722418,1
19-18,114.226120,22.725149,0
19-18,114.226120,22.725149,1
19-18,114.245781,22.732567,0
19-18,114.242798,22.727617,1
19-18,114.216530,22.725100,0
19-18,114.223198,22.725166,1
19-18,114.246017,22.734501,0
19-19,114.249367,22.734867,1
19-19,114.265579,22.728550,0
19-19,114.250954,22.729183,1
19-20,114.235916,22.712482,0
19-20,114.248436,22.736349,1
19-20,114.240868,22.748283,0
19-22,114.235733,22.728399,1
19-22,114.245697,22.734568,0
19-22,114.260513,22.731466,1
19-22,114.250465,22.723368,0
19-22,114.266747,22.732332,1
19-22,114.253334,22.712032,0
19-23,114.277115,22.742683,1
19-23,114.252083,22.717850,0
19-23,114.273117,22.743116,1
19-23,114.282997,22.718933,0
