time,jd,wd,status
19-8,113.889519,22.558384,1
19-8,113.895432,22.568750,0
