time,jd,wd,status
22-9-5,114.021301,22.526587,0
