time,jd,wd,status
19-8-9,114.273506,22.733215,1
19-8-37,114.227928,22.695240,0
19-10-36,114.134712,22.634354,1
19-17-9,114.276649,22.728409,0
22-8-48,114.233253,22.731007,1
22-12-1,114.276970,22.728249,0
24-15-7,114.272141,22.731119,1
23-19-49,114.276711,22.727997,0
