time,jd,wd,status
19-11,113.934639,22.620789,1
19-13,113.910393,22.487457,0
19-21,113.918106,22.524517,1
19-23,114.067543,22.528257,0
21-22,114.077843,22.533318,1
21-22,114.077766,22.533327,0
23-12,113.901863,22.568752,1
23-16,114.062706,22.524742,0
24-11,113.920105,22.523708,1
24-14,113.861969,22.585716,0
