time,jd,wd,status
20-11,113.925011,22.686077,0
21-8,114.044830,22.598463,1
21-9,114.050079,22.718409,0
23-10,113.945953,22.775005,1
23-12,113.830696,22.694048,0
23-17,113.974136,22.680702,1
23-17,113.902603,22.772449,0
24-17,113.902588,22.772507,1
24-18,113.901993,22.729902,0
