time,jd,wd,status
19-16-15,113.923920,22.686672,0
22-9-28,113.925026,22.686043,1
22-12-1,113.948341,22.685947,0
22-15-56,113.888947,22.779497,1
22-16-27,113.902222,22.720963,0
23-16-3,113.924034,22.686605,1
23-16-48,113.924034,22.686605,0
