time,jd,wd,status
18-0-13,114.098236,22.540133,0
18-0-59,114.015137,22.537634,1
18-1-4,114.026970,22.524967,0
18-1-5,114.027184,22.525766,1
18-1-12,113.997215,22.532017,0
18-1-24,114.046730,22.537416,1
18-1-30,114.032082,22.557568,0
18-1-44,114.058281,22.537350,1
18-2-4,113.910103,22.539650,0
18-3-4,114.104050,22.554100,1
18-3-12,114.134598,22.565300,0
18-4-4,114.078468,22.549917,1
18-4-7,114.085617,22.556400,0
