time,jd,wd,status
19-6,114.056854,22.527733,1
19-6,114.116112,22.539465,0
22-20,114.113571,22.550564,1
22-22,114.125206,22.696630,0
