time,jd,wd,status
19-16-7,114.043839,22.601145,0
23-8-53,114.063225,22.517467,1
23-8-53,114.063225,22.517467,0
23-8-53,114.063225,22.517467,1
23-8-54,114.063225,22.517467,0
23-8-55,114.063225,22.517467,1
23-8-55,114.063225,22.517467,0
