time,jd,wd,status
21-15,114.066902,22.660542,1
21-15,114.057816,22.663280,0
22-15,114.110397,22.741543,1
22-17,114.026657,22.661692,0
