time,jd,wd,status
19-4-7,114.124161,22.552549,0
19-23-55,114.127052,22.549952,1
20-2-56,114.127235,22.555132,0
21-12-20,114.245560,22.570278,1
21-12-21,114.245468,22.570286,0
23-1-11,114.091209,22.545694,1
23-1-19,114.099670,22.547401,0
23-13-3,114.117531,22.552794,1
23-15-26,114.129662,22.558889,0
24-5-52,114.125511,22.549377,1
24-6-29,114.125198,22.542778,0
24-20-18,114.125046,22.569445,1
24-22-54,114.081482,22.549353,0
