time,jd,wd,status
22-20,114.020386,22.526587,1
23-13,114.002335,22.550617,0
