time,jd,wd,status
19-0-59,113.812111,22.669029,1
19-7-31,113.823959,22.674168,0
20-0-1,113.812103,22.669004,1
20-3-43,113.822853,22.677036,0
20-22-8,113.812042,22.669035,1
22-0-18,113.824165,22.677374,0
