time,jd,wd,status
19-5-55,114.157722,22.613010,1
19-5-56,114.157722,22.613010,0
19-5-57,114.157722,22.613010,1
20-5-29,114.164726,22.606306,0
20-5-29,114.164726,22.606306,1
24-21-21,114.111931,22.531322,0
