time,jd,wd,status
19-11,113.882385,22.574368,1
19-11,113.882286,22.574551,0
19-17,114.039413,22.653933,1
19-19,114.108635,22.697783,0
22-19,113.909264,22.575216,1
22-20,113.860817,22.580532,0
24-21,114.109253,22.601967,1
24-22,114.154137,22.626066,0
