time,jd,wd,status
23-9-53,114.044525,22.638012,1
23-12-8,114.012085,22.655317,0
