time,jd,wd,status
18-0,114.048698,22.537416,1
18-0,113.963699,22.523132,0
18-1,114.111069,22.593349,1
18-1,114.122864,22.548468,0
18-2,114.082397,22.549183,1
19-1,114.033333,22.524267,0
19-7,114.024551,22.527082,1
19-7,114.012520,22.533318,0
19-7,114.007919,22.537416,1
19-7,113.816437,22.646618,0
19-8,113.879021,22.574949,1
19-8,113.905899,22.553499,0
19-9,114.139366,22.564632,1
19-9,114.080399,22.536766,0
19-10,114.067146,22.524834,1
19-10,114.067833,22.556383,0
19-10,114.031754,22.636400,1
19-10,114.015999,22.637051,0
19-11,114.037918,22.608032,1
19-11,114.114037,22.534599,0
19-11,114.113968,22.534184,1
19-11,114.094818,22.538099,0
19-13,113.817253,22.645567,1
19-14,114.027214,22.539568,0
19-14,114.007866,22.538200,1
19-14,114.080620,22.545450,0
19-14,114.081017,22.545750,1
19-14,113.966301,22.522917,0
19-15,113.962166,22.533667,1
19-15,114.036797,22.530434,0
19-16,114.060303,22.523483,1
19-16,114.080635,22.551567,0
19-16,114.080803,22.549133,1
19-16,114.078331,22.540199,0
19-16,114.067436,22.526951,1
19-16,114.003952,22.543949,0
