time,jd,wd,status
19-9,114.119431,22.565769,1
19-10,114.141449,22.547649,0
19-22,114.090675,22.538324,1
20-0,114.112312,22.547070,0
23-1,114.124001,22.544832,1
23-2,114.112488,22.546879,0
23-21,114.136154,22.583845,1
23-21,114.115280,22.556677,0
