time,jd,wd,status
24-10,0.000000,0.000000,1
