time,jd,wd,status
21-22,114.084778,22.703533,0
23-14,114.044739,22.712532,1
23-14,114.007233,22.735168,0
