time,jd,wd,status
19-0,114.125130,22.553368,1
19-0,114.121719,22.567400,0
19-0,114.124886,22.553167,1
19-0,114.104836,22.539516,0
19-1,114.125114,22.553249,1
19-1,114.148949,22.548483,0
19-2,114.125351,22.553783,1
19-2,114.115601,22.544451,0
19-2,114.125420,22.552999,1
19-2,114.119301,22.540333,0
18-23,114.125198,22.553583,1
18-23,114.087402,22.560984,0
