time,jd,wd,status
20-0,114.101715,22.625763,1
20-0,114.105637,22.618073,0
20-7,114.150963,22.617863,1
20-7,114.138336,22.609287,0
20-7,114.128647,22.612110,1
20-7,114.109413,22.591009,0
20-9,114.105721,22.617317,1
20-9,114.102676,22.617323,0
20-9,114.105698,22.617121,1
20-9,114.106293,22.615091,0
20-9,114.112854,22.605511,1
20-9,114.095726,22.610291,0
20-9,114.108368,22.611115,1
20-9,114.130417,22.620403,0
20-10,114.119255,22.610935,1
20-10,114.063362,22.656084,0
20-10,114.061234,22.650837,1
20-10,114.053093,22.622149,0
20-11,114.104965,22.620644,1
20-11,114.115051,22.602337,0
20-11,114.112915,22.604523,1
20-11,114.104088,22.622190,0
20-11,114.114883,22.600138,1
20-12,114.138191,22.608191,0
20-12,114.127090,22.611441,1
20-12,114.102837,22.617378,0
20-12,114.119881,22.611492,1
20-12,114.119354,22.612101,0
20-14,114.116180,22.603687,1
20-14,114.113014,22.604572,0
20-14,114.111244,22.601389,1
20-14,114.120712,22.599293,0
20-14,114.122620,22.599670,1
20-15,114.135689,22.613592,0
20-15,114.137459,22.609247,1
20-15,114.155899,22.609127,0
20-15,114.119400,22.598089,1
20-15,114.111191,22.608063,0
20-16,114.111626,22.600410,1
20-16,114.109673,22.593105,0
20-16,114.117760,22.599995,1
20-16,114.109779,22.622494,0
20-17,114.113548,22.618284,1
20-17,114.111572,22.607813,0
20-17,114.110474,22.609320,1
20-17,114.103676,22.609158,0
20-18,114.110512,22.609333,1
20-18,114.103271,22.629799,0
20-18,114.082520,22.641348,1
20-18,114.070793,22.652786,0
20-18,114.073959,22.652884,1
20-18,114.055756,22.624254,0
20-19,114.056900,22.627901,1
20-19,114.077797,22.634203,0
20-19,114.070732,22.630276,1
20-19,114.059135,22.638327,0
20-19,114.055740,22.636217,1
20-19,114.027679,22.668486,0
20-21,114.035782,22.647013,1
20-21,114.038567,22.637707,0
20-21,114.034019,22.643808,1
20-21,114.072334,22.693413,0
20-21,114.090050,22.706388,1
20-21,114.091942,22.731043,0
20-22,114.050941,22.668890,1
20-22,114.064735,22.661295,0
20-22,114.066856,22.660479,1
20-22,114.046005,22.643326,0
20-22,114.045845,22.640980,1
20-22,114.039078,22.613777,0
20-23,114.112396,22.603563,1
20-23,114.109428,22.615448,0
20-23,114.111694,22.602339,1
20-23,114.120125,22.611177,0
20-23,114.118065,22.610210,1
20-23,114.106049,22.615582,0
20-23,114.105331,22.619036,1
