time,jd,wd,status
20-18-4,113.879150,22.579811,0
21-4-8,114.048355,22.535173,1
21-4-32,114.062988,22.520231,0
21-21-10,114.035622,22.621298,1
22-1-7,114.047699,22.542217,0
24-6-40,114.118271,22.540874,1
24-7-2,114.049416,22.526102,0
