time,jd,wd,status
19-9,113.903633,22.530102,1
19-9,113.903633,22.530102,0
19-9,113.903633,22.530102,1
19-9,113.903633,22.530102,0
19-9,113.903633,22.530102,1
19-9,113.903633,22.530102,0
21-9,113.903618,22.530315,1
21-9,113.904747,22.537218,0
22-10,113.991585,22.682613,1
22-10,113.991608,22.682617,0
22-10,113.991608,22.682617,1
22-10,113.991608,22.682617,0
22-10,113.991608,22.682617,1
22-10,113.991608,22.682617,0
22-10,113.991608,22.682617,1
22-10,113.991608,22.682617,0
22-10,113.991608,22.682617,1
22-10,113.991608,22.682617,0
22-10,113.991608,22.682617,1
22-10,113.991608,22.682617,0
22-10,113.991608,22.682617,1
22-11,113.991608,22.682617,0
23-19,114.007820,22.537539,1
23-19,114.007820,22.537539,0
