time,jd,wd,status
20-19-18,114.034042,22.518263,0
