time,jd,wd,status
23-0-32,114.105255,22.558504,0
