time,jd,wd,status
22-19-39,113.867554,22.577528,1
22-19-41,113.867554,22.577528,0
22-19-43,113.867554,22.577528,1
22-20-18,113.814232,22.651236,0
