time,jd,wd,status
21-0,114.133980,22.564484,1
