time,jd,wd,status
19-5,113.841400,22.744585,1
19-5,113.841385,22.744490,0
19-7,113.831551,22.715372,1
19-7,113.835831,22.722883,0
19-9,113.839035,22.738897,1
19-9,113.837418,22.730873,0
19-13,113.835556,22.722301,1
19-16,113.837479,22.730804,0
22-6,113.841400,22.744370,1
22-6,113.841484,22.744287,0
22-9,113.801842,22.735678,1
22-15,113.837349,22.730503,0
22-15,113.837311,22.730549,1
22-18,113.838211,22.730152,0
24-9,113.837425,22.730524,1
23-20,113.837936,22.729856,0
