time,jd,wd,status
19-21,114.082054,22.534508,1
