time,jd,wd,status
22-3-24,114.128448,22.560577,1
22-6-13,114.118233,22.574764,0
22-9-18,114.095032,22.537420,1
22-9-42,114.119102,22.566717,0
