time,jd,wd,status
18-2-30,113.963799,22.546949,0
18-8-20,114.039032,22.531050,1
18-8-40,114.035301,22.548517,0
18-8-40,114.034386,22.548733,1
18-8-44,114.030098,22.557417,0
18-16-58,113.913834,22.535467,1
18-17-13,113.931999,22.520300,0
18-17-30,113.939484,22.539351,1
18-18-6,113.885498,22.580700,0
19-2-40,113.963631,22.547132,1
19-10-45,114.024513,22.523132,0
20-1-52,113.927734,22.521282,1
20-9-50,113.991768,22.541918,0
