time,jd,wd,status
24-10-56,114.013496,22.665678,1
24-13-49,114.227470,22.697517,0
