time,jd,wd,status
18-2,114.037102,22.562366,1
18-3,114.037102,22.562366,0
18-9,114.037102,22.562366,1
18-10,114.037102,22.562366,0
18-12,114.037102,22.562366,1
18-13,114.037102,22.562366,0
18-15,114.037102,22.562366,1
18-18,114.037102,22.562366,0
18-19,114.037102,22.562366,1
18-23,114.037102,22.562366,0
19-8,114.037102,22.562366,1
19-10,114.037102,22.562366,0
19-19,114.037102,22.562366,1
19-20,114.037102,22.562366,0
19-21,114.037102,22.562366,1
19-22,114.037102,22.562366,0
20-8,114.037102,22.562366,1
20-9,114.037102,22.562366,0
20-10,114.037102,22.562366,1
20-11,114.037102,22.562366,0
20-12,114.037102,22.562366,1
20-13,114.037102,22.562366,0
20-18,114.037102,22.562366,1
20-19,114.037102,22.562366,0
21-7,114.037102,22.562366,1
21-8,114.037102,22.562366,0
21-9,114.037102,22.562366,1
21-11,114.037102,22.562366,0
21-12,114.037102,22.562366,1
21-14,114.037102,22.562366,0
21-16,114.037102,22.562366,1
21-20,114.037102,22.562366,0
21-21,114.037102,22.562366,1
21-23,114.037102,22.562366,0
22-8,114.037102,22.562366,1
22-9,114.037102,22.562366,0
22-18,114.037102,22.562366,1
22-20,114.037102,22.562366,0
22-22,114.037102,22.562366,1
22-23,114.037102,22.562366,0
23-9,114.037102,22.562366,1
23-10,114.037102,22.562366,0
23-11,114.037102,22.562366,1
23-12,114.037102,22.562366,0
23-19,114.037102,22.562366,1
23-20,114.037102,22.562366,0
23-21,114.037102,22.562366,1
23-22,114.037102,22.562366,0
24-6,114.037102,22.562366,1
24-7,114.037102,22.562366,0
24-10,114.037102,22.562366,1
24-12,114.037102,22.562366,0
24-18,114.037102,22.562366,1
24-20,114.037102,22.562366,0
24-21,114.037102,22.562366,1
24-22,114.037102,22.562366,0
