time,jd,wd,status
22-18-45,114.179832,22.556677,0
24-23-18,114.129478,22.561661,1
24-23-19,114.129471,22.561659,0
