time,jd,wd,status
22-7,113.838928,22.770405,1
22-13,113.845917,22.772663,0
23-9,113.846153,22.772615,1
23-16,113.848915,22.768209,0
23-16,113.847923,22.772963,1
24-0,113.889130,22.787037,0
24-6,113.838905,22.770369,1
24-7,113.838203,22.772625,0
