time,jd,wd,status
23-4-9,114.138100,22.546728,0
