time,jd,wd,status
23-2,113.865768,22.597347,1
23-2,113.865768,22.597347,0
23-2,113.892464,22.590269,1
23-2,113.896225,22.582394,0
23-7,113.878242,22.601288,1
23-7,113.892723,22.573265,0
23-7,113.890930,22.564871,1
23-7,113.841225,22.632687,0
23-7,113.856110,22.617292,1
23-8,113.896645,22.565226,0
23-8,113.890724,22.571173,1
23-8,113.892754,22.569138,0
23-8,113.887512,22.574390,1
23-8,113.863388,22.600380,0
23-8,113.859283,22.576982,1
23-8,113.882668,22.563593,0
23-9,113.850487,22.574188,1
23-9,113.830467,22.602976,0
23-9,113.842224,22.597668,1
23-9,113.853340,22.655161,0
23-10,113.856331,22.617123,1
23-10,113.913246,22.579554,0
23-10,113.900925,22.579798,1
23-11,113.841255,22.744505,0
23-11,113.836540,22.728411,1
23-12,113.787888,22.686274,0
23-11,113.813934,22.702927,1
23-12,113.787697,22.691393,0
23-12,113.789856,22.701017,1
23-12,113.787895,22.686260,0
23-12,113.864792,22.598173,1
22-14,114.024429,22.635780,0
22-14,114.025627,22.639643,1
22-14,114.010864,22.663315,0
22-15,113.870384,22.595194,1
22-16,113.856422,22.617004,0
22-16,113.887459,22.582228,1
22-17,113.861656,22.609451,0
22-16,113.874069,22.597265,1
22-17,113.857788,22.613276,0
22-16,113.856354,22.616756,1
22-17,113.865913,22.605131,0
22-17,113.869049,22.602028,1
22-17,113.886368,22.592531,0
22-17,113.886116,22.588022,1
22-17,113.884323,22.581360,0
22-17,113.880440,22.590015,1
22-18,113.892181,22.590284,0
22-17,113.888535,22.592949,1
22-18,113.892418,22.590853,0
22-19,113.823746,22.725101,1
22-21,113.823524,22.678162,0
