time,jd,wd,status
24-2-34,113.915680,22.532047,0
24-2-34,113.915680,22.532047,1
