time,jd,wd,status
19-21-57,114.127556,22.571371,1
19-23-23,113.927071,22.540424,0
20-13-54,113.920723,22.688747,1
20-18-54,114.018089,22.525499,0
21-8-52,114.044594,22.510742,1
21-8-53,114.044601,22.510759,0
22-1-4,114.135406,22.566385,1
22-1-4,114.135414,22.566393,0
22-1-5,114.135429,22.566385,1
22-1-46,114.136223,22.583973,0
23-20-56,114.044846,22.533422,1
23-23-11,114.064384,22.574032,0
