time,jd,wd,status
21-4-33,114.056473,22.523005,1
24-6-22,114.108696,22.541204,0
