time,jd,wd,status
23-15,114.047073,22.545248,1
23-15,114.047073,22.545248,0
23-15,114.047073,22.545248,1
23-15,114.047073,22.545248,0
23-15,114.047073,22.545248,1
24-18,113.817123,22.648905,0
