time,jd,wd,status
19-1,113.904732,22.521626,1
19-1,113.904739,22.521620,0
