time,jd,wd,status
19-19,113.870903,22.567072,1
19-23,113.855560,22.582342,0
23-23,113.894821,22.571232,1
23-23,113.892281,22.560534,0
