time,jd,wd,status
22-15-34,114.086365,22.639093,1
22-15-43,114.086365,22.639093,0
22-15-44,114.086365,22.639093,1
22-16-27,114.006508,22.651241,0
24-9-33,114.026627,22.621525,1
24-12-59,114.036903,22.649910,0
