time,jd,wd,status
19-18,113.891975,22.566586,1
19-18,113.891975,22.566586,0
20-18,113.891975,22.566586,1
20-19,113.891975,22.566586,0
20-21,113.891975,22.566586,1
20-23,113.891975,22.566586,0
21-10,113.891975,22.566586,1
21-13,113.891975,22.566586,0
21-18,113.891975,22.566586,1
21-19,113.891975,22.566586,0
22-18,113.891975,22.566586,1
22-19,113.891975,22.566586,0
23-16,113.891975,22.566586,1
23-18,113.891975,22.566586,0
