time,jd,wd,status
18-0,114.132034,22.562067,1
18-0,114.136749,22.569401,0
18-0,114.134064,22.564667,1
18-0,114.118629,22.540333,0
18-0,114.113716,22.545433,1
18-0,114.112999,22.546516,0
18-1,114.056396,22.523216,1
18-1,114.059898,22.525084,0
18-1,114.059097,22.527901,1
18-1,114.047531,22.518566,0
18-1,114.057114,22.523684,1
18-1,114.097282,22.541149,0
22-13,114.050865,22.550318,1
22-13,114.275520,22.345467,0
22-13,114.054520,22.532700,1
22-14,114.021500,22.657200,0
