time,jd,wd,status
19-6-42,114.025024,22.672243,1
19-6-59,114.025215,22.672413,0
