time,jd,wd,status
21-9-30,114.084167,22.546972,1
21-10-15,114.112030,22.531052,0
