time,jd,wd,status
20-8-40,114.047630,22.530685,0
20-8-41,114.047630,22.530685,1
20-8-42,114.047630,22.530685,0
19-20-17,114.068016,22.558140,1
19-20-19,114.067757,22.548220,0
