time,jd,wd,status
19-0,114.001198,22.536533,1
19-0,114.058380,22.545532,0
19-0,114.064064,22.537483,1
19-0,114.081215,22.536333,0
19-0,114.078079,22.540216,1
19-0,114.049896,22.593901,0
19-1,114.081032,22.540567,1
19-1,114.095184,22.541550,0
19-2,114.077980,22.540117,1
18-2,114.060471,22.531349,0
18-2,114.078850,22.540882,1
18-2,114.042633,22.544367,0
19-5,114.098465,22.576817,1
19-5,114.068436,22.523684,0
19-6,114.117981,22.540182,1
19-6,114.069321,22.527800,0
19-8,114.021469,22.639200,1
19-8,114.024117,22.536583,0
19-8,114.062668,22.517933,1
19-9,113.853371,22.589817,0
18-13,114.088997,22.551901,1
18-13,114.068398,22.523684,0
18-14,114.082153,22.534933,1
18-14,114.114067,22.534451,0
18-14,114.114235,22.534616,1
18-14,114.104233,22.545868,0
18-14,114.103302,22.545082,1
18-14,114.121933,22.547550,0
18-14,114.121696,22.548000,1
18-14,114.116882,22.550301,0
18-15,114.104599,22.565300,1
18-15,114.109314,22.576000,0
19-11,113.859314,22.637117,1
19-11,114.178497,22.658417,0
19-12,114.228119,22.699333,1
19-12,114.245369,22.717966,0
19-12,114.243752,22.716368,1
19-12,114.257080,22.717300,0
19-14,113.979248,22.547117,1
19-14,113.990517,22.541567,0
19-14,114.008980,22.548067,1
19-14,114.102402,22.571951,0
19-14,114.115417,22.554983,1
19-15,114.113815,22.534332,0
19-15,114.114380,22.533733,1
19-15,114.084015,22.551149,0
19-15,114.086433,22.551649,1
19-15,114.101631,22.558517,0
19-15,114.101067,22.555317,1
19-16,114.049652,22.525949,0
19-16,114.049820,22.535151,1
19-16,114.081902,22.545366,0
19-16,114.081749,22.552883,1
19-16,114.045250,22.550917,0
19-17,114.093620,22.580683,1
19-17,114.093552,22.580683,0
19-17,114.098930,22.570383,1
19-17,114.136185,22.549500,0
19-18,114.116684,22.535467,1
19-18,114.084099,22.543900,0
19-18,114.083946,22.546633,1
19-19,114.065804,22.547768,0
19-19,114.063316,22.547550,1
19-19,114.049683,22.539400,0
19-19,114.048248,22.539450,1
19-19,114.045547,22.545183,0
19-19,114.046684,22.543283,1
19-19,113.924782,22.526283,0
19-20,113.946014,22.507351,1
19-20,113.920013,22.534616,0
19-20,113.945915,22.541700,1
19-21,113.936836,22.499916,0
19-21,113.945663,22.506582,1
19-21,113.934380,22.485901,0
19-21,113.908096,22.480450,1
19-21,113.918701,22.507950,0
19-21,113.920784,22.512133,1
19-22,113.921814,22.504217,0
19-22,113.928436,22.519567,1
19-22,113.932587,22.522499,0
19-22,113.932785,22.520567,1
19-22,113.923248,22.544333,0
19-23,114.078453,22.540318,1
19-23,114.002869,22.537300,0
19-23,114.002785,22.536633,1
