time,jd,wd,status
24-4-39,114.044762,22.531565,0
