time,jd,wd,status
18-22,114.106819,22.544909,1
