time,jd,wd,status
23-21,114.088776,22.558554,1
