time,jd,wd,status
20-7,113.829712,22.636267,1
20-8,113.901443,22.740074,0
22-1,113.820694,22.675346,1
22-1,113.820877,22.675207,0
23-2,113.823395,22.674913,1
23-2,113.820732,22.675463,0
23-5,113.842529,22.630228,1
23-5,113.842529,22.630228,0
23-5,113.842529,22.630228,1
23-5,113.842529,22.630228,0
23-6,113.854721,22.613977,1
23-6,113.854721,22.613977,0
23-6,113.854721,22.613977,1
23-6,113.854721,22.613977,0
23-6,113.854721,22.613977,1
23-6,113.854721,22.613977,0
23-6,113.854721,22.613977,1
23-6,113.854721,22.613977,0
23-6,113.854721,22.613977,1
23-6,113.854721,22.613977,0
23-6,113.854721,22.613977,1
23-6,113.854721,22.613977,0
23-10,113.823082,22.674402,1
23-12,113.835808,22.725407,0
24-6,113.830009,22.644596,1
24-6,113.854721,22.613899,0
