time,jd,wd,status
20-6,114.081383,22.554068,1
20-6,114.076180,22.546700,0
20-6,114.076149,22.548849,1
20-6,114.076118,22.550318,0
19-11,113.816147,22.646883,1
19-14,114.017715,22.656467,1
19-14,114.035233,22.611334,0
19-15,114.114067,22.533951,1
19-15,114.107246,22.543633,0
19-15,114.106186,22.543568,1
19-15,114.113647,22.540100,0
19-15,114.113884,22.534300,1
20-13,113.927650,22.637033,0
20-17,114.016464,22.657883,1
20-18,113.959717,22.543699,0
20-18,113.962486,22.533667,1
20-19,113.914482,22.524517,0
20-20,113.949715,22.586166,1
20-21,113.920715,22.511467,0
20-21,113.920853,22.511517,1
20-21,113.911682,22.506067,0
20-21,113.913071,22.504618,1
20-21,113.928436,22.489050,0
20-21,113.945999,22.507401,1
20-21,113.959183,22.528200,0
20-21,113.947899,22.543600,1
20-22,113.873703,22.586250,0
