time,jd,wd,status
23-18-29,114.113571,22.534201,1
23-21-25,114.119011,22.596697,0
