time,jd,wd,status
23-12-25,113.883972,22.572376,0
