time,jd,wd,status
24-18,113.821609,22.658442,1
24-19,113.819237,22.674265,0
