time,jd,wd,status
21-18,114.079453,22.540367,1
