time,jd,wd,status
18-20,114.137886,22.575867,1
18-21,114.111946,22.531231,0
21-20,114.137901,22.575930,1
21-20,114.137840,22.575905,0
22-20,114.137817,22.575970,1
22-21,114.137230,22.577494,0
24-14,114.164345,22.565920,1
24-19,114.084549,22.563280,0
