time,jd,wd,status
20-15-41,114.089485,22.543568,1
