time,jd,wd,status
19-8-15,114.119820,22.566202,1
19-8-17,114.119911,22.566221,0
20-21-40,114.031364,22.558533,1
20-22-31,114.101448,22.612326,0
21-22-57,114.126221,22.545095,1
21-22-59,114.126114,22.545038,0
23-16-10,114.241638,22.733425,1
23-18-34,114.100060,22.615805,0
24-4-59,114.120155,22.545397,1
24-5-46,114.101791,22.562248,0
