time,jd,wd,status
20-21,113.833328,22.905153,1
21-6,114.026459,22.661512,0
24-23,114.006866,22.654613,1
24-23,114.006805,22.654688,0
