time,jd,wd,status
24-16,114.017075,22.540125,1
24-16,114.017075,22.540125,0
24-16,114.017075,22.540127,1
24-16,114.000694,22.535744,0
