time,jd,wd,status
19-3,114.042068,22.560099,1
19-3,114.042068,22.560099,0
19-18,114.010880,22.546257,1
19-18,114.010872,22.546259,0
19-18,114.010872,22.546259,1
19-22,114.069496,22.532583,0
21-2,114.041687,22.560047,1
21-2,114.041687,22.560047,0
21-6,114.110535,22.629152,1
21-6,114.110535,22.629152,0
22-3,114.042061,22.560207,1
22-3,114.042061,22.560207,0
22-16,113.835144,22.616379,1
22-18,114.108986,22.628510,0
