time,jd,wd,status
20-0-36,114.106110,22.616247,0
