time,jd,wd,status
19-0-0,113.918854,22.519966,1
