time,jd,wd,status
21-13-12,114.118752,22.566248,1
21-16-54,114.129890,22.613377,0
