time,jd,wd,status
22-0,114.118401,22.553284,1
22-0,114.115349,22.557617,0
22-0,114.116333,22.548349,1
22-0,114.157997,22.612551,0
22-7,114.100967,22.608067,1
22-7,114.058868,22.564432,0
22-7,114.051636,22.562668,1
22-8,114.082550,22.540751,0
22-8,114.073715,22.537216,1
22-8,114.079231,22.544468,0
22-8,114.070885,22.544649,1
22-9,114.114830,22.531584,0
22-9,114.113564,22.540100,1
22-9,114.118248,22.541050,0
22-9,114.117683,22.540716,1
22-9,114.068535,22.523832,0
22-9,114.067635,22.523899,1
22-9,113.919815,22.570883,0
22-11,113.816566,22.649767,1
22-11,113.908470,22.479433,0
22-12,113.913918,22.511633,1
22-12,113.895081,22.508400,0
22-13,113.925735,22.535667,1
22-13,113.902802,22.563316,0
22-13,113.906952,22.553034,1
22-13,113.929802,22.554684,0
22-13,113.949615,22.571983,1
22-13,113.918503,22.530634,0
22-13,113.918800,22.527267,1
22-14,113.915382,22.542667,0
22-14,113.918533,22.543083,1
22-14,113.933517,22.547750,0
22-14,113.962036,22.541550,1
22-14,113.963615,22.531033,0
22-14,113.962151,22.534950,1
22-14,113.915916,22.533283,0
22-14,113.916016,22.535450,1
22-14,113.904930,22.537933,0
22-15,113.914352,22.535851,1
22-15,113.943634,22.539717,0
22-15,113.948586,22.541983,1
22-15,113.934586,22.544533,0
22-15,113.934570,22.543682,1
22-15,114.100967,22.543600,0
22-15,114.110970,22.533916,1
22-16,114.113632,22.538633,0
22-16,113.924553,22.567383,1
22-16,113.881020,22.609699,0
22-21,114.017616,22.541317,1
22-21,114.042381,22.531134,0
22-21,114.046669,22.528334,1
22-22,114.043365,22.601217,0
22-22,114.084633,22.551683,1
22-22,114.099586,22.543934,0
22-22,114.115715,22.543100,1
22-23,114.043785,22.556633,0
22-23,114.031914,22.558968,1
22-23,114.008949,22.552616,0
22-23,114.021385,22.555567,1
22-23,114.034981,22.559683,0
22-23,114.094582,22.558451,1
22-23,114.125870,22.550550,0
