time,jd,wd,status
23-8,114.123001,22.549000,1
23-8,114.107903,22.571899,0
