time,jd,wd,status
21-22,114.106194,22.545116,1
21-23,114.049202,22.591911,0
22-15,114.305519,22.600138,1
22-18,114.063217,22.524332,0
22-20,114.034615,22.548267,1
23-0,114.105110,22.541323,0
23-4,114.113228,22.544163,1
23-5,114.065056,22.523638,0
23-7,114.009392,22.533752,1
23-13,114.071861,22.538006,0
23-19,114.033813,22.528259,1
23-19,114.073715,22.536806,0
23-22,114.106651,22.542059,1
23-22,114.105156,22.541962,0
24-5,114.055695,22.624912,1
24-5,114.057426,22.640751,0
