time,jd,wd,status
19-3-5,114.141853,22.548256,0
19-5-56,114.010384,22.533918,1
19-6-22,113.914154,22.522156,0
19-23-25,114.091499,22.541958,1
19-23-43,114.067863,22.528744,0
20-16-54,113.912102,22.553755,1
20-22-26,114.221054,22.555050,0
22-0-31,114.125519,22.546497,1
22-0-45,114.116409,22.536079,0
22-1-7,114.068459,22.523924,1
22-1-22,114.064484,22.531384,0
24-17-3,113.912003,22.519258,1
24-17-5,113.912132,22.519367,0
