time,jd,wd,status
22-21-33,113.897682,22.561548,1
