time,jd,wd,status
18-21-1,114.112457,22.548300,1
