time,jd,wd,status
22-0,113.814735,22.650200,1
22-0,114.044952,22.525667,0
22-0,114.058296,22.525900,1
22-0,114.134933,22.568466,0
22-1,114.134033,22.564617,1
22-1,114.123764,22.574867,0
22-3,114.128754,22.550350,1
22-3,114.065483,22.525368,0
22-4,114.059631,22.523701,1
22-4,114.067368,22.519234,0
22-4,114.120415,22.556601,1
22-4,114.102699,22.552650,0
22-5,114.102966,22.552868,1
22-5,114.105270,22.541050,0
22-5,114.117783,22.543768,1
22-5,114.068420,22.523800,0
19-7,114.138084,22.552099,1
19-7,114.113197,22.603399,0
19-7,114.112419,22.601717,1
19-8,114.120720,22.563467,0
19-8,114.120781,22.565166,1
19-8,114.061050,22.543367,0
19-8,114.060333,22.543501,1
19-9,114.073700,22.542933,0
19-9,114.084549,22.540882,1
19-9,114.101898,22.543667,0
19-9,114.104698,22.540684,1
19-9,114.114037,22.531982,0
19-9,114.120651,22.538834,1
19-10,113.929886,22.489218,0
19-10,113.928780,22.488899,1
19-10,113.916031,22.528233,0
19-10,113.916229,22.531116,1
19-10,113.927650,22.535900,0
19-10,113.927681,22.535917,1
19-11,113.861282,22.570618,0
19-11,113.876900,22.582100,1
22-11,114.041565,22.551817,0
22-11,114.078171,22.533033,1
22-11,114.114166,22.531549,0
22-11,114.119934,22.538717,1
22-12,114.094620,22.557234,0
22-12,114.104034,22.557667,1
22-12,114.106133,22.543516,0
22-12,114.105919,22.543867,1
22-12,114.113899,22.534651,0
22-12,114.113617,22.534018,1
22-12,114.133568,22.566833,0
22-12,114.134102,22.565201,1
22-12,114.125198,22.553534,0
22-12,114.130135,22.544184,1
22-13,114.121719,22.655132,0
22-13,114.121269,22.652750,1
22-14,114.104614,22.542633,0
22-14,114.104698,22.542566,1
22-14,114.114265,22.531166,0
22-19,114.143616,22.544250,1
22-20,113.816071,22.647150,0
22-20,113.814568,22.649733,1
22-21,113.978897,22.560667,0
22-21,113.991600,22.541451,1
22-21,113.991936,22.539133,0
22-21,113.991486,22.542032,1
22-21,113.921532,22.520983,0
22-21,113.926033,22.522066,1
22-21,113.904732,22.515699,0
22-22,113.909431,22.517933,1
22-22,113.910316,22.529966,0
22-22,113.916168,22.531151,1
22-22,114.048569,22.537283,0
22-22,114.048683,22.537283,1
22-22,114.080521,22.557783,0
22-22,114.081749,22.548550,1
22-23,114.028687,22.526882,0
22-23,114.026352,22.537132,1
22-23,114.052002,22.625317,0
