time,jd,wd,status
22-19-3,114.067596,22.524273,1
23-4-9,114.138100,22.546728,0
