time,jd,wd,status
21-2-49,113.963722,22.547255,0
