time,jd,wd,status
19-5-27,114.119377,22.539694,0
19-20-59,114.107285,22.536947,1
19-23-8,113.814598,22.650990,0
20-10-22,114.119034,22.566109,1
20-10-27,114.119415,22.566254,0
21-13-9,114.145157,22.544333,1
21-19-18,114.142700,22.549795,0
22-4-18,114.109154,22.545050,1
22-4-43,114.123482,22.545074,0
