time,jd,wd,status
20-0,114.097435,22.558399,1
20-0,114.125633,22.550568,0
20-0,114.062965,22.525499,1
20-0,114.057434,22.514418,0
20-1,113.919983,22.533367,1
20-1,113.913567,22.531483,0
20-1,113.915581,22.543100,1
20-1,113.883286,22.564768,0
20-1,113.894600,22.564568,1
20-2,114.116516,22.558817,0
20-4,114.088135,22.543301,1
20-4,114.103180,22.544701,0
20-7,113.893982,22.571899,1
20-7,113.913986,22.532682,0
20-7,113.916267,22.531000,1
20-8,114.101936,22.541416,0
20-8,114.107765,22.540617,1
20-8,114.114304,22.531517,0
20-8,114.113335,22.534599,1
20-8,114.100281,22.542084,0
20-8,114.105202,22.537567,1
20-9,114.104752,22.573833,0
20-9,114.100502,22.571383,1
20-9,113.997200,22.555849,0
20-9,113.967567,22.562567,1
20-10,113.949348,22.556450,0
19-13,113.817032,22.649450,1
19-13,114.114883,22.534950,0
19-13,114.113434,22.534134,1
19-13,114.120087,22.541267,0
19-13,114.113503,22.534267,1
19-14,114.226280,22.681749,0
19-14,114.222534,22.682432,1
19-14,114.215431,22.667833,0
19-15,114.109070,22.590767,1
19-15,114.114349,22.531834,0
19-15,114.113464,22.534416,1
19-15,114.138000,22.580017,0
19-15,114.136864,22.580000,1
19-16,114.129700,22.571951,0
19-16,114.134399,22.571234,1
19-16,114.140686,22.559784,0
19-16,114.134636,22.565367,1
19-16,114.157166,22.562883,0
19-16,114.157234,22.562416,1
19-16,114.169098,22.565634,0
19-16,114.158249,22.566683,1
19-17,114.077950,22.558117,0
19-17,114.081200,22.558783,1
19-18,114.108833,22.617968,0
19-19,114.063766,22.558018,1
19-19,114.081482,22.549101,0
19-19,114.081398,22.547234,1
19-19,114.046715,22.541100,0
19-19,114.047867,22.537483,1
19-19,114.043633,22.554701,0
19-20,114.081902,22.549000,1
19-20,114.110268,22.613701,0
19-21,114.099152,22.564867,1
19-21,114.104118,22.555767,0
19-21,114.104164,22.554382,1
19-21,114.106033,22.559750,0
19-21,114.090981,22.549417,1
19-21,114.050453,22.589550,0
19-22,114.055214,22.623751,1
19-22,114.099434,22.549732,0
19-22,114.099434,22.556316,1
19-23,114.079185,22.532749,0
19-23,114.040604,22.609217,1
19-23,114.065987,22.551201,0
19-23,114.081169,22.551550,1
