time,jd,wd,status
18-0,113.924332,22.503317,1
18-23,114.115517,22.556299,0
18-23,114.115517,22.556299,1
18-23,114.115517,22.556299,0
20-0,113.814667,22.651199,1
20-14,114.099564,22.542334,0
20-14,114.099548,22.542732,1
