time,jd,wd,status
19-6-28,114.026466,22.661425,1
19-6-29,114.026505,22.661938,0
