time,jd,wd,status
18-0,114.025780,22.618183,1
