time,jd,wd,status
21-0,114.129242,22.555677,1
21-0,114.170753,22.565926,0
21-2,114.100868,22.538244,1
21-2,114.019287,22.529175,0
21-2,114.031219,22.530041,1
21-2,114.046822,22.530907,0
21-3,114.054298,22.531483,1
21-3,114.118423,22.539997,0
21-7,114.030243,22.555878,1
21-7,114.034492,22.542313,0
21-7,114.039841,22.551989,1
21-8,114.031532,22.543383,0
21-8,114.037186,22.548727,1
21-8,114.057938,22.537313,0
21-8,114.057945,22.551428,1
21-9,113.935699,22.557316,0
21-9,114.031273,22.561842,1
21-9,114.054916,22.549370,0
21-10,114.060295,22.543617,1
21-10,114.040993,22.543158,0
21-11,114.047775,22.539677,1
21-11,114.062004,22.537447,0
21-12,114.047516,22.539940,1
21-12,114.049767,22.562508,0
21-12,114.044167,22.551435,1
21-13,114.037216,22.612440,0
21-13,114.047211,22.571314,1
21-13,114.079254,22.550655,0
21-14,114.042427,22.531267,1
21-14,114.027054,22.537443,0
21-14,113.998550,22.529734,1
21-14,113.919754,22.514601,0
21-14,113.914337,22.517982,1
21-14,113.914223,22.531187,0
21-14,113.915703,22.535534,1
21-15,113.916786,22.558210,0
21-15,113.940666,22.542233,1
21-15,113.927986,22.545582,0
21-15,113.937149,22.544098,1
21-15,113.918945,22.542530,0
21-15,113.924385,22.542725,1
21-16,113.929955,22.493483,0
21-17,114.035561,22.541992,1
21-17,114.125801,22.546461,0
21-18,114.108780,22.576279,1
21-18,114.084221,22.571413,0
21-18,114.093880,22.572372,1
21-18,114.031464,22.554794,0
21-18,114.034561,22.547829,1
21-19,114.031097,22.558378,0
21-19,114.068230,22.542782,1
21-19,114.113503,22.544743,0
21-19,114.115166,22.546143,1
19-20,114.097816,22.561552,0
19-21,114.106827,22.562363,1
19-21,114.114372,22.582840,0
19-21,114.124664,22.558737,1
19-21,114.134705,22.565468,0
19-21,114.120155,22.559795,1
19-22,114.130173,22.574804,0
19-22,114.124695,22.564344,1
19-22,114.119698,22.540819,0
19-22,114.121460,22.543596,1
19-22,114.120468,22.558601,0
19-22,114.120346,22.542242,1
19-22,114.120415,22.558588,0
19-22,114.118279,22.543215,1
19-22,114.120430,22.558556,0
19-22,114.117264,22.545313,1
19-22,114.120346,22.558495,0
19-22,114.116402,22.549862,1
19-22,114.121002,22.557575,0
19-22,114.117867,22.552490,1
19-22,114.120323,22.556520,0
19-22,114.119461,22.554985,1
19-22,114.122375,22.556122,0
19-22,114.120049,22.555717,1
19-22,114.123550,22.555172,0
19-22,114.122292,22.557440,1
19-22,114.125290,22.553289,0
19-23,114.125778,22.549698,1
19-23,114.113647,22.541283,0
19-23,114.124908,22.552452,1
19-23,114.118347,22.540827,0
19-23,114.123642,22.548817,1
19-23,114.106926,22.537802,0
