time,jd,wd,status
19-11,114.072075,22.529299,1
19-11,114.072090,22.529297,0
22-2,114.034470,22.524857,1
22-3,113.933617,22.521330,0
