time,jd,wd,status
21-13-39,113.889549,22.563593,0
