time,jd,wd,status
18-0,113.817253,22.648867,1
