time,jd,wd,status
19-23,114.027664,22.529488,1
20-0,114.114815,22.582888,0
21-8,114.021820,22.533400,1
21-11,114.112183,22.565859,0
21-23,114.039833,22.547777,1
22-1,114.114647,22.585907,0
