time,jd,wd,status
20-13-24,114.025269,22.672197,0
23-12-2,114.025185,22.672527,1
23-12-6,114.025108,22.672527,0
23-12-7,114.025070,22.672541,1
23-13-15,114.025162,22.672432,0
23-13-17,114.025131,22.672543,1
23-15-40,114.023811,22.658869,0
24-5-59,113.998848,22.655657,1
24-11-12,114.003883,22.680681,0
24-18-0,114.012222,22.677589,1
24-21-53,114.025314,22.672213,0
