time,jd,wd,status
23-9,113.956490,22.573114,1
23-23,114.115013,22.533356,0
23-23,114.115044,22.533350,1
24-0,114.067375,22.519880,0
24-1,114.062805,22.572523,1
24-1,114.062805,22.572523,0
24-1,114.062805,22.572523,1
24-1,114.063507,22.572563,0
24-1,114.063507,22.572563,1
24-1,114.063507,22.572563,0
24-1,114.063507,22.572563,1
24-1,114.063507,22.572563,0
24-1,114.063507,22.572563,1
24-1,114.063507,22.572563,0
24-1,114.063507,22.572563,1
24-1,114.063507,22.572563,0
24-1,114.067429,22.519375,1
