time,jd,wd,status
20-23-49,114.108955,22.591045,0
24-16-38,114.128365,22.560600,1
24-19-9,114.128105,22.586273,0
