time,jd,wd,status
22-21,114.129463,22.558229,1
22-21,114.129456,22.558237,0
