time,jd,wd,status
19-21,114.150558,22.636787,1
19-22,114.088135,22.702147,0
21-8,114.026215,22.672333,1
21-8,114.026215,22.672333,0
21-8,114.026215,22.672333,1
21-8,114.026215,22.672333,0
21-8,114.026215,22.672333,1
21-8,114.026215,22.672333,0
21-8,114.026215,22.672333,1
21-8,114.026215,22.672333,0
21-8,114.026215,22.672333,1
21-8,114.026215,22.672333,0
21-8,114.026215,22.672333,1
21-8,114.026215,22.672333,0
21-8,114.026215,22.672333,1
21-8,114.026215,22.672333,0
21-8,114.026215,22.672333,1
21-8,114.026215,22.672333,0
21-11,114.014793,22.747923,1
21-11,114.015701,22.748468,0
22-8,114.044868,22.598497,1
22-8,114.045364,22.598364,0
22-8,114.005714,22.734953,1
22-12,114.062828,22.719778,0
22-20,113.815102,22.651545,1
22-20,113.814461,22.651398,0
23-20,114.023201,22.657339,1
23-23,114.016838,22.659576,0
24-1,114.027901,22.667484,1
24-1,114.000854,22.685055,0
24-2,114.004799,22.680258,1
24-2,114.026978,22.673018,0
24-17,114.051041,22.718769,1
24-20,114.120239,22.698250,0
