time,jd,wd,status
24-7,114.059891,22.536234,1
24-7,114.051445,22.528368,0
