time,jd,wd,status
23-16,114.111832,22.586893,1
23-16,114.111862,22.586887,0
24-1,114.136383,22.560980,1
24-1,114.151405,22.612246,0
