time,jd,wd,status
19-11-49,114.026016,22.651302,1
19-18-21,114.026649,22.661695,0
20-7-22,114.024269,22.665197,1
20-7-32,114.024529,22.665142,0
21-16-46,114.044823,22.598524,1
21-18-32,114.011269,22.667294,0
