time,jd,wd,status
24-19-55,114.064339,22.531963,0
