time,jd,wd,status
19-13-56,114.225189,22.699408,0
19-17-0,114.224747,22.701969,1
19-19-16,114.234215,22.702269,0
