time,jd,wd,status
19-5,114.157722,22.613010,1
19-5,114.157722,22.613010,0
19-5,114.157722,22.613010,1
20-5,114.164726,22.606306,0
20-5,114.164726,22.606306,1
24-21,114.111931,22.531322,0
