time,jd,wd,status
22-15-53,114.103600,22.609438,0
