time,jd,wd,status
21-2,114.016533,22.639925,1
21-2,114.013680,22.665039,0
21-19,113.862282,22.660183,1
