time,jd,wd,status
23-19-22,114.179276,22.557800,1
23-19-22,114.179276,22.557800,0
23-19-24,114.179230,22.557848,1
23-19-25,114.179230,22.557848,0
23-19-26,114.179230,22.557848,1
23-19-27,114.179321,22.557648,0
