time,jd,wd,status
21-16-54,114.129890,22.613377,0
