time,jd,wd,status
21-19-50,114.129181,22.600103,1
21-19-51,114.129204,22.600115,0
23-23-34,114.118210,22.539923,1
23-23-34,114.118210,22.539923,0
