time,jd,wd,status
24-21-10,113.905022,22.555742,0
