time,jd,wd,status
19-19,114.062721,22.524286,1
19-19,114.062759,22.524302,0
20-13,114.116501,22.547024,1
20-13,114.116501,22.547029,0
21-19,114.062752,22.524345,1
21-19,114.055679,22.525963,0
22-18,113.930290,22.504578,1
22-19,114.062813,22.524530,0
22-19,114.055634,22.525928,1
22-19,114.055634,22.525928,0
22-21,114.035202,22.554447,1
22-21,114.035202,22.554447,0
