time,jd,wd,status
18-0,114.123169,22.580299,1
