time,jd,wd,status
19-23-50,114.110069,22.598232,1
20-0-36,114.106110,22.616247,0
