time,jd,wd,status
18-22,114.009712,22.733150,1
18-22,114.009712,22.733150,0
19-7,114.084976,22.703457,1
19-7,114.050095,22.718327,0
19-12,114.016304,22.658842,1
19-13,114.044556,22.712566,0
19-15,114.060165,22.708094,1
19-15,114.060165,22.708094,0
19-15,114.060165,22.708094,1
19-15,114.060165,22.708094,0
19-15,114.060165,22.708094,1
19-16,114.044548,22.694307,0
19-17,114.041496,22.715240,1
19-17,114.043343,22.713417,0
19-21,113.814186,22.650888,1
19-23,114.085129,22.703398,0
20-0,114.017746,22.658722,1
20-0,114.018196,22.661798,0
20-10,114.043968,22.728716,1
20-12,113.843315,22.771835,0
20-14,114.065849,22.723928,1
20-18,114.044769,22.712824,0
21-11,114.088661,22.701817,1
21-12,114.041512,22.715267,0
21-14,114.081070,22.699940,1
21-16,114.071106,22.714388,0
21-23,114.027031,22.661858,1
21-23,114.024872,22.672253,0
22-14,114.290863,22.720907,1
22-15,114.411324,22.696505,0
22-16,114.186745,22.724625,1
22-17,114.050316,22.718468,0
23-0,114.024879,22.672308,1
23-7,114.014755,22.747801,0
23-15,113.881821,22.580673,1
23-16,114.060173,22.708126,0
