time,jd,wd,status
21-21,114.066223,22.534746,1
22-9,114.021301,22.526587,0
