time,jd,wd,status
19-3-34,114.037262,22.527418,0
19-18-57,114.106766,22.553976,1
19-20-28,114.063393,22.517412,0
20-18-10,114.122009,22.546642,1
20-22-49,114.114777,22.550606,0
24-19-28,114.132317,22.554754,1
24-21-26,114.059067,22.562508,0
