time,jd,wd,status
19-8,114.249031,22.742123,1
19-13,114.225189,22.699408,0
19-17,114.224747,22.701969,1
19-19,114.234215,22.702269,0
