time,jd,wd,status
21-22-27,114.113869,22.587729,0
