time,jd,wd,status
19-6,114.037689,22.653097,1
19-8,113.994423,22.668036,0
20-3,114.040894,22.604359,1
20-4,114.032585,22.633259,0
20-14,114.086838,22.648148,1
20-16,114.048241,22.670427,0
21-16,114.025337,22.672329,1
21-16,114.025352,22.672291,0
21-19,114.016029,22.666744,1
21-22,114.058014,22.663242,0
22-8,113.858673,22.656811,1
22-9,113.932838,22.683033,0
24-1,113.987854,22.677591,1
24-3,114.027031,22.661835,0
24-12,114.010201,22.652515,1
