time,jd,wd,status
23-14,113.836494,22.743093,1
23-17,113.831963,22.741159,0
