time,jd,wd,status
23-2-53,114.130714,22.579048,0
24-4-39,114.126862,22.543880,1
24-5-0,114.114067,22.533815,0
