time,jd,wd,status
18-11,113.940804,22.528748,1
24-21,113.919144,22.488817,0
