time,jd,wd,status
21-12-15,114.071877,22.537790,0
23-5-23,114.055717,22.515820,1
23-6-26,114.050179,22.525770,0
