time,jd,wd,status
18-21,114.128845,22.603548,1
18-21,114.128853,22.603561,0
20-17,114.111526,22.540752,1
20-19,113.814735,22.651142,0
21-19,114.034103,22.553911,1
21-21,114.045013,22.533407,0
22-0,114.127731,22.560097,1
22-0,114.078613,22.533678,0
22-19,114.007233,22.548948,1
22-22,114.115120,22.582123,0
23-0,114.138145,22.606697,1
23-1,114.116356,22.543037,0
