time,jd,wd,status
21-0,113.974083,22.537750,1
21-0,113.999901,22.535732,0
21-0,113.939514,22.542717,1
21-1,113.944832,22.547318,0
21-7,113.903183,22.562717,1
21-7,113.940666,22.539850,0
21-8,113.940735,22.524433,1
21-8,114.079453,22.536234,0
21-8,114.050049,22.532383,1
21-8,114.050331,22.518084,0
21-9,114.062820,22.550068,1
21-9,114.055634,22.628500,0
21-9,114.054085,22.608467,1
21-10,114.062752,22.535784,0
21-10,114.044998,22.540649,1
21-10,114.009781,22.553900,0
21-11,114.006599,22.549368,1
21-11,113.973450,22.546717,0
21-12,113.925568,22.532801,1
21-12,113.918587,22.508034,0
21-12,113.919563,22.509333,1
21-12,113.940331,22.552067,0
21-12,113.926918,22.541483,1
21-12,113.919518,22.531000,0
21-13,113.932236,22.521049,1
21-13,113.920616,22.530184,0
21-13,113.916397,22.537718,1
21-14,113.991417,22.534901,0
21-14,113.953064,22.543516,1
21-15,113.919632,22.532118,0
21-15,113.925949,22.524982,1
21-15,113.962036,22.522717,0
21-16,113.925385,22.535549,1
21-17,113.936050,22.547216,0
21-18,113.922386,22.539850,1
21-18,113.923233,22.532967,0
21-18,113.946251,22.541668,1
21-18,113.980049,22.537001,0
21-19,113.972153,22.538918,1
21-19,113.926353,22.524000,0
21-19,113.925301,22.532433,1
21-19,113.915733,22.535566,0
21-20,113.915581,22.531082,1
21-20,113.930634,22.520599,0
21-20,113.929604,22.502832,1
21-21,113.930252,22.527733,0
21-21,113.939720,22.536783,1
21-21,113.929283,22.528233,0
21-21,113.916901,22.538567,1
21-21,113.926865,22.546118,0
21-22,113.922501,22.538549,1
21-22,113.920319,22.526817,0
21-22,113.926552,22.575050,1
21-22,113.925980,22.544250,0
21-22,113.929115,22.565216,1
21-23,113.940636,22.559233,0
21-23,113.936501,22.542967,1
21-23,113.909882,22.542316,0
21-23,113.918449,22.552099,1
21-23,113.917252,22.503433,0
