time,jd,wd,status
23-19-50,114.116081,22.536867,1
