time,jd,wd,status
21-20-17,114.012566,22.554731,1
21-21-24,113.814301,22.650984,0
22-13-35,114.058640,22.530567,1
22-14-21,114.054260,22.522053,0
