time,jd,wd,status
20-0,114.108467,22.575800,1
20-0,114.038620,22.556150,0
20-0,114.044235,22.553833,1
20-0,114.040497,22.562483,0
20-1,114.056931,22.527451,1
20-1,114.052780,22.525900,0
20-1,114.063217,22.528517,1
20-1,114.081947,22.535032,0
20-1,114.081436,22.548901,1
20-1,114.081619,22.549150,0
20-2,114.078979,22.540300,1
20-2,114.064201,22.537317,0
20-6,114.127182,22.560301,1
20-6,114.119514,22.539351,0
20-6,114.117920,22.539917,1
20-7,113.946503,22.564768,0
20-8,113.895065,22.564068,1
20-9,114.015251,22.622917,0
20-9,114.008270,22.613899,1
20-10,113.963882,22.544600,0
20-10,113.967667,22.557249,1
20-10,114.061516,22.571966,0
20-11,114.015282,22.556299,1
20-11,113.994049,22.534317,0
20-11,114.014565,22.530649,1
20-12,114.054466,22.531668,0
20-13,113.932320,22.555468,1
20-13,113.831352,22.629766,0
20-14,113.840103,22.607683,1
20-14,113.917732,22.543133,0
20-15,114.110252,22.547033,1
20-16,114.106682,22.542116,0
20-16,114.125748,22.559450,1
20-17,114.101868,22.543350,0
20-17,114.099419,22.551416,1
20-17,114.100647,22.555250,0
20-17,114.120331,22.558666,1
20-18,114.073349,22.570467,0
20-19,113.976265,22.559700,1
20-19,113.885864,22.563601,0
20-20,113.904770,22.556116,1
20-21,114.191551,22.645082,0
20-21,114.134735,22.618816,1
20-22,114.110786,22.587017,0
20-22,114.125153,22.559349,1
20-22,114.118599,22.553551,0
20-23,114.116852,22.540016,1
20-23,114.105118,22.541967,0
20-23,114.086746,22.537483,1
20-23,114.043434,22.600849,0
