time,jd,wd,status
21-14,114.054169,22.567793,1
21-14,114.054169,22.567793,0
21-14,114.054169,22.567734,1
21-14,114.054169,22.567734,0
21-14,114.054169,22.567734,1
21-14,114.054169,22.567734,0
21-14,114.054169,22.567734,1
21-14,114.054169,22.567734,0
21-14,114.054169,22.567734,1
21-14,114.054169,22.567734,0
21-14,114.054169,22.567734,1
21-14,114.054169,22.567734,0
21-14,114.054169,22.567734,1
21-14,114.054169,22.567734,0
22-0,113.919724,22.531097,1
22-0,113.919724,22.531097,0
22-0,113.919670,22.531202,1
22-0,113.919670,22.531202,0
22-19,114.046608,22.604832,1
22-19,114.046532,22.604942,0
24-18,113.922401,22.517859,1
24-18,113.912506,22.495216,0
