time,jd,wd,status
21-7-32,114.063438,22.517426,0
