time,jd,wd,status
19-2,114.046173,22.644382,1
19-3,114.006828,22.650661,0
19-9,114.043434,22.704437,1
19-10,114.056244,22.623249,0
21-23,114.017151,22.642944,1
22-1,114.024345,22.659060,0
24-14,114.024986,22.659742,1
24-18,114.006630,22.650801,0
