time,jd,wd,status
19-12-21,113.815422,22.651632,0
