time,jd,wd,status
20-0-17,114.051659,22.531628,1
20-5-30,114.062408,22.533897,0
