time,jd,wd,status
19-3,113.886902,22.502182,1
19-4,113.920570,22.529984,0
19-20,114.091011,22.558035,1
20-2,113.920670,22.529922,0
21-21,114.125603,22.547831,1
21-21,114.134766,22.549652,0
22-5,114.049240,22.533155,1
22-5,114.001633,22.537254,0
22-21,113.914101,22.533566,1
23-0,114.130539,22.578920,0
