time,jd,wd,status
24-19-50,113.819237,22.674265,0
