time,jd,wd,status
18-20,114.029816,22.522200,1
18-20,114.026215,22.523367,0
18-20,114.025352,22.523867,1
18-20,114.061165,22.525967,0
18-20,114.061119,22.525650,1
18-20,114.068382,22.523767,0
18-20,114.074234,22.535217,1
18-21,114.090782,22.545334,0
18-21,114.082336,22.543150,1
18-21,114.117653,22.544800,0
18-21,114.113533,22.543800,1
18-21,114.118370,22.539949,0
18-21,114.113701,22.540083,1
18-21,114.122147,22.552183,0
18-21,114.122200,22.551968,1
18-22,114.087814,22.561449,0
18-22,114.102715,22.555683,1
18-22,114.087402,22.549316,0
18-22,114.087433,22.549368,1
18-22,114.113586,22.544067,0
18-22,114.115166,22.545933,1
18-22,114.138084,22.580067,0
18-22,114.138031,22.579933,1
18-23,114.122704,22.549116,0
18-23,114.118484,22.542067,1
18-23,114.113953,22.546867,0
18-23,114.111954,22.543768,1
18-23,114.128586,22.618017,0
