time,jd,wd,status
18-6-34,114.111786,22.602983,1
18-6-36,114.111320,22.601299,0
18-6-55,114.117180,22.568451,1
18-7-9,114.114120,22.531517,0
18-7-12,114.117531,22.538483,1
18-7-17,114.129601,22.546499,0
18-7-21,114.135201,22.548349,1
18-7-28,114.115067,22.534950,0
18-7-46,114.107468,22.567368,1
18-8-1,114.111534,22.531733,0
18-8-7,114.110764,22.541782,1
18-8-15,114.104118,22.555283,0
18-8-17,114.103996,22.556467,1
18-8-50,114.055748,22.531767,0
