time,jd,wd,status
20-6-50,114.150970,22.610788,1
20-11-27,113.814728,22.650923,0
21-13-13,113.949242,22.581465,1
