time,jd,wd,status
19-3-42,114.114838,22.546677,0
19-22-12,114.041862,22.521635,1
19-22-55,114.126328,22.547621,0
19-22-58,114.126328,22.547598,1
19-23-55,114.066498,22.526274,0
21-4-55,114.104156,22.564795,1
21-5-25,114.110374,22.576744,0
22-19-18,114.137955,22.552734,1
23-1-5,114.124603,22.552769,0
23-17-17,113.925491,22.482983,1
