time,jd,wd,status
22-20-8,114.020386,22.526587,1
23-13-33,114.002335,22.550617,0
