time,jd,wd,status
21-17,114.050278,22.530781,1
24-8,113.445602,23.112186,0
