time,jd,wd,status
22-19-32,114.020454,22.527376,1
24-1-54,113.914177,22.522142,0
