time,jd,wd,status
19-15-48,114.061646,22.573467,1
