time,jd,wd,status
20-1-18,114.113380,22.543514,0
20-12-48,114.111763,22.540190,1
20-15-4,114.043671,22.521725,0
