time,jd,wd,status
20-2-21,114.101563,22.558041,1
