time,jd,wd,status
18-22,113.822342,22.676336,1
18-22,113.814941,22.651423,0
19-0,113.816444,22.653805,1
19-0,113.815041,22.651545,0
19-4,113.878471,22.593782,1
19-5,113.821556,22.658312,0
21-16,113.888161,22.779671,1
21-19,113.823982,22.673910,0
22-14,114.015160,22.665890,1
22-20,113.691711,22.832632,0
23-1,113.797203,22.675041,1
23-1,113.814285,22.650787,0
24-10,113.814301,22.651325,1
24-10,113.814301,22.651325,0
