time,jd,wd,status
22-23,114.116203,22.546309,1
22-23,114.134903,22.565639,0
