time,jd,wd,status
18-11-58,114.016670,22.537767,1
