time,jd,wd,status
24-22-47,113.938454,22.543049,0
