time,jd,wd,status
19-16,114.138794,22.579439,1
19-17,114.134872,22.565708,0
19-20,114.121315,22.547323,1
20-0,114.051086,22.533287,0
21-16,114.137665,22.568933,1
21-16,114.137650,22.568926,0
22-6,114.114082,22.535603,1
22-6,114.114136,22.535643,0
22-22,114.071640,22.548019,1
24-1,114.116394,22.560804,0
