time,jd,wd,status
20-22,114.025398,22.562344,1
20-22,114.036736,22.558384,0
23-10,114.141884,22.555473,1
23-10,114.141884,22.555473,0
24-2,114.062798,22.529423,1
24-2,114.063210,22.526768,0
