time,jd,wd,status
18-20-7,114.115730,22.538933,1
