time,jd,wd,status
20-3-21,114.064331,22.537533,0
20-4-55,114.058983,22.528482,1
20-4-59,114.044716,22.512432,0
20-5-42,114.058800,22.528933,1
20-5-55,114.135201,22.575451,0
20-6-9,114.116898,22.539301,1
20-8-2,114.046669,22.545668,0
20-8-16,114.037033,22.548866,1
20-8-25,114.008186,22.548866,0
20-8-32,114.035500,22.555183,1
20-9-3,114.138298,22.602949,0
20-9-4,114.138214,22.603533,1
20-9-12,114.133018,22.616100,0
20-9-25,114.132080,22.603533,1
