time,jd,wd,status
18-0,113.923553,22.535418,1
