time,jd,wd,status
20-7,114.083359,22.554228,1
