time,jd,wd,status
24-14,114.016479,22.532204,1
24-14,114.016479,22.532204,0
