time,jd,wd,status
19-17-39,114.062294,22.629858,0
22-18-21,114.106567,22.546562,1
22-18-21,114.106491,22.546560,0
