time,jd,wd,status
24-1,114.026833,22.532772,1
24-2,113.915680,22.532047,0
24-2,113.915680,22.532047,1
