time,jd,wd,status
24-7-41,114.051445,22.528368,0
