time,jd,wd,status
21-21-23,114.042130,22.530954,0
