time,jd,wd,status
18-0-0,114.074249,22.539383,1
