time,jd,wd,status
19-6,114.084000,22.549618,1
19-7,113.879181,22.568176,0
19-20,113.921852,22.552731,1
19-20,113.921700,22.552731,0
22-0,113.988594,22.529964,1
22-0,113.988586,22.529951,0
22-9,113.943611,22.532635,1
22-13,114.123749,22.542940,0
22-16,114.055435,22.627117,1
22-19,113.878990,22.568295,0
23-2,114.118324,22.541170,1
23-2,114.118301,22.541227,0
24-7,113.963234,22.542408,1
24-8,113.879158,22.568117,0
24-11,113.884041,22.563772,1
24-12,113.874321,22.571608,0
