time,jd,wd,status
19-17,114.032524,22.633593,1
19-17,114.032509,22.633617,0
21-13,114.037468,22.653170,1
21-13,114.024109,22.654078,0
