time,jd,wd,status
23-22,114.020622,22.532349,1
23-22,114.020622,22.532349,0
