time,jd,wd,status
18-18-54,113.925232,22.519297,0
