time,jd,wd,status
23-12-27,114.362579,22.612654,1
