time,jd,wd,status
19-20,113.919289,22.507811,1
