time,jd,wd,status
21-16-13,114.088226,22.629322,1
21-16-14,114.088226,22.629322,0
21-16-14,114.088226,22.629322,1
