time,jd,wd,status
18-20,114.125481,22.547770,1
18-20,114.125801,22.547848,0
19-3,114.120956,22.557566,1
19-3,114.120956,22.557566,0
19-3,114.120956,22.557566,1
19-3,114.120956,22.557566,0
24-0,114.057533,22.514399,1
24-0,114.057533,22.514399,0
24-21,114.126129,22.547918,1
24-21,114.126129,22.547918,0
24-21,114.126160,22.547930,1
24-21,114.111412,22.538048,0
