time,jd,wd,status
20-14,114.107666,22.574238,1
20-19,114.061554,22.573563,0
21-15,114.047562,22.601948,1
21-18,114.009171,22.548677,0
21-19,114.061562,22.573561,1
21-19,114.044327,22.598221,0
22-18,114.063011,22.551411,1
24-1,114.050461,22.535446,0
24-17,113.919258,22.542103,1
24-19,114.061623,22.573538,0
