time,jd,wd,status
19-5,114.040733,22.561083,1
19-5,113.919785,22.548468,0
19-6,113.913666,22.511900,1
19-6,113.814766,22.649500,0
19-6,113.816216,22.653749,1
19-6,113.814919,22.649218,0
19-7,113.819351,22.649532,1
19-7,113.819351,22.649532,0
19-7,113.943199,22.526983,1
19-7,113.917580,22.513433,0
19-7,113.923248,22.522484,1
19-8,113.919785,22.534100,0
19-8,113.918701,22.527718,1
19-8,113.943985,22.532583,0
19-8,113.941566,22.527317,1
19-8,113.932632,22.523399,0
19-8,113.932732,22.523701,1
19-8,113.943047,22.506468,0
19-8,113.945480,22.506533,1
19-9,113.930832,22.545050,0
19-9,113.920547,22.536051,1
19-9,113.920601,22.549383,0
19-9,113.921783,22.497583,1
19-10,113.816399,22.646517,0
19-10,113.820099,22.643032,1
19-11,113.820099,22.643032,0
22-12,114.032982,22.566517,1
22-12,114.032982,22.566517,0
22-12,114.032982,22.566517,1
22-12,114.032982,22.566517,0
22-12,114.032982,22.566517,1
22-13,114.032982,22.566517,0
22-13,114.032982,22.566517,1
22-13,114.032982,22.566517,0
22-13,114.032982,22.566517,1
22-13,114.032982,22.566517,0
22-13,113.945236,22.527866,1
22-13,113.947403,22.541651,0
22-13,113.945015,22.540768,1
22-13,113.948196,22.543034,0
22-13,113.949097,22.543283,1
22-13,113.935585,22.549999,0
22-14,113.940567,22.539133,1
22-14,113.920952,22.530184,0
22-14,113.919815,22.519617,1
22-14,113.919098,22.543900,0
22-14,113.919098,22.543917,1
22-14,113.934502,22.545532,0
22-14,113.938332,22.546118,1
22-14,113.941368,22.546167,0
22-14,113.941368,22.546167,1
22-14,114.017914,22.532700,0
22-14,114.019279,22.537149,1
22-15,114.105202,22.551367,0
22-15,114.105080,22.551434,1
22-15,114.156219,22.563032,0
22-15,114.154297,22.558750,1
22-16,114.054634,22.562500,0
22-16,114.038765,22.569250,1
22-16,114.041634,22.570417,0
22-17,114.008453,22.548401,1
22-17,113.991814,22.534184,0
22-17,113.992920,22.532967,1
22-17,114.038734,22.524683,0
22-17,114.037582,22.524799,1
22-17,114.026634,22.532967,0
22-17,114.026665,22.533001,1
22-18,113.939453,22.529699,0
22-18,113.940903,22.531282,1
22-18,113.934937,22.524950,0
22-18,113.934937,22.524950,1
22-19,113.934937,22.524950,0
22-20,113.934937,22.524950,1
22-21,113.934937,22.524950,0
22-21,113.934937,22.524950,1
22-21,113.934937,22.524950,0
22-21,113.934937,22.524950,1
22-22,113.934937,22.524950,0
22-22,113.934937,22.524950,1
