time,jd,wd,status
24-9,114.094666,22.556099,1
