time,jd,wd,status
18-0,114.057915,22.534384,1
