time,jd,wd,status
19-6,113.842354,22.743303,1
19-6,113.842377,22.743370,0
19-6,113.840843,22.750162,1
19-6,113.840927,22.750137,0
19-7,113.832954,22.731068,1
19-8,113.824020,22.724060,0
19-13,113.831558,22.772097,1
19-13,113.831558,22.772095,0
22-18,113.822052,22.731768,1
22-22,113.837540,22.729147,0
23-0,113.851631,22.733624,1
23-3,113.838043,22.732288,0
23-11,113.831696,22.730412,1
23-11,113.837524,22.729221,0
23-12,113.851601,22.733568,1
23-12,113.851601,22.733568,0
23-13,113.831551,22.772163,1
23-13,113.831543,22.772158,0
