time,jd,wd,status
21-17,114.102219,22.625772,1
23-7,114.118439,22.575064,0
