time,jd,wd,status
23-19,114.179276,22.557800,1
23-19,114.179276,22.557800,0
23-19,114.179230,22.557848,1
23-19,114.179230,22.557848,0
23-19,114.179230,22.557848,1
23-19,114.179321,22.557648,0
