time,jd,wd,status
19-10,114.139351,22.546774,1
19-10,114.139366,22.546776,0
21-2,114.016319,22.531466,1
21-3,114.113716,22.534622,0
21-19,114.137711,22.570311,1
21-23,114.113693,22.544085,0
22-19,114.126129,22.547707,1
22-19,114.133690,22.556732,0
23-17,114.124619,22.554470,1
24-0,114.129372,22.579622,0
