time,jd,wd,status
24-0-29,114.021606,22.529493,0
24-0-30,114.021606,22.529493,1
24-0-31,114.021606,22.529493,0
24-0-32,114.021606,22.529493,1
24-0-35,114.025291,22.530964,0
24-19-23,113.912392,22.513802,1
24-19-23,113.912392,22.513802,0
24-22-5,113.929710,22.554092,1
24-22-17,114.064102,22.568604,0
