time,jd,wd,status
19-18,114.005577,22.683060,1
19-19,114.026321,22.672857,0
20-11,114.025223,22.672434,1
20-11,114.025230,22.672422,0
23-18,114.005394,22.682896,1
