time,jd,wd,status
19-19-25,114.055069,22.518126,0
22-2-21,114.054375,22.527218,1
22-2-22,114.054375,22.527218,0
22-19-42,114.054230,22.522062,1
24-1-5,114.019318,22.536196,0
