time,jd,wd,status
19-8,114.228302,22.698549,1
19-8,114.203285,22.650784,0
19-8,114.060997,22.649366,1
19-8,114.056450,22.636700,0
19-9,114.026947,22.643450,1
19-9,114.033279,22.642401,0
19-10,113.999283,22.660566,1
19-11,114.004265,22.680500,0
24-7,113.997650,22.681433,1
24-7,114.021080,22.672466,0
24-8,114.020782,22.652067,1
24-8,114.016602,22.659733,0
24-8,114.054398,22.635967,1
24-9,114.047249,22.604267,0
24-9,114.024681,22.635817,1
24-9,114.022003,22.640766,0
24-11,114.045753,22.639000,1
24-11,114.061363,22.649099,0
24-12,114.040031,22.640867,1
24-12,114.028915,22.623684,0
24-12,114.014748,22.659950,1
24-12,114.013786,22.665300,0
24-13,114.052116,22.625366,1
24-13,114.034668,22.624233,0
24-13,114.024750,22.655001,1
24-13,114.026871,22.656700,0
24-18,114.017586,22.644251,1
24-18,114.014198,22.660566,0
24-18,114.014252,22.665600,1
24-19,114.040749,22.674500,0
24-19,114.040398,22.672132,1
24-19,114.007004,22.735332,0
24-19,114.035614,22.694584,1
24-19,114.036880,22.646833,0
24-19,114.037270,22.666300,1
24-19,114.040436,22.672083,0
24-20,114.061050,22.645267,1
24-20,114.016220,22.638149,0
24-20,114.022285,22.636732,1
24-20,114.026367,22.627466,0
24-20,114.017914,22.656418,1
24-20,114.016769,22.657717,0
24-20,114.014832,22.659849,1
24-20,114.013466,22.661301,0
24-21,114.017937,22.666500,1
24-21,114.026154,22.672800,0
24-21,114.012901,22.671717,1
24-21,113.990669,22.677401,0
24-22,114.052200,22.625401,1
24-22,114.037086,22.617567,0
24-22,114.032097,22.634501,1
24-22,114.029182,22.644449,0
24-22,114.018303,22.661766,1
24-22,114.017632,22.670401,0
24-22,114.018417,22.663267,1
24-22,114.016319,22.660366,0
24-22,114.017967,22.656250,1
24-23,114.030350,22.664083,0
24-23,114.032516,22.657383,1
24-23,114.034416,22.647867,0
24-23,113.994202,22.672182,1
24-23,113.997353,22.669451,0
