time,jd,wd,status
19-19-33,113.837914,22.729931,0
21-6-26,113.837029,22.729666,1
21-7-11,113.837029,22.729666,0
21-8-5,113.804977,22.727922,1
21-8-39,113.842163,22.771515,0
22-6-3,113.841484,22.744537,1
22-6-9,113.841515,22.744581,0
22-6-27,113.836983,22.729645,1
22-6-32,113.836975,22.729637,0
23-12-2,113.802238,22.730957,1
23-12-8,113.802216,22.730953,0
24-6-53,113.808281,22.728891,1
24-8-57,113.805351,22.732393,0
