time,jd,wd,status
20-2,114.074211,22.539858,1
20-3,114.029846,22.522284,0
20-5,114.029846,22.522284,1
20-5,114.036781,22.522921,0
22-0,114.077980,22.534931,1
23-5,114.066544,22.532316,0
