time,jd,wd,status
21-17,114.037628,22.560980,1
