time,jd,wd,status
22-19,114.055733,22.515491,1
22-20,113.260048,23.161631,0
24-20,114.273361,22.732307,1
24-20,114.273399,22.732294,0
