time,jd,wd,status
20-7-33,113.833908,22.739759,0
20-9-43,113.840195,22.750620,1
21-7-24,113.840919,22.750193,0
