time,jd,wd,status
24-13-49,114.227470,22.697517,0
