time,jd,wd,status
20-7-5,114.020844,22.532404,0
20-7-5,114.020844,22.532404,1
