time,jd,wd,status
18-0-6,114.136749,22.569401,0
18-0-8,114.134064,22.564667,1
18-0-26,114.118629,22.540333,0
18-0-33,114.113716,22.545433,1
18-0-35,114.112999,22.546516,0
18-1-24,114.056396,22.523216,1
18-1-26,114.059898,22.525084,0
18-1-29,114.059097,22.527901,1
18-1-35,114.047531,22.518566,0
18-1-40,114.057114,22.523684,1
18-1-49,114.097282,22.541149,0
22-13-25,114.050865,22.550318,1
22-13-56,114.054520,22.532700,1
22-14-17,114.021500,22.657200,0
