time,jd,wd,status
19-8,114.085251,22.776030,1
19-9,114.048225,22.670374,0
19-16,114.040276,22.714363,1
19-17,114.044670,22.712852,0
20-8,114.007080,22.732634,1
20-15,114.011642,22.745962,0
20-22,114.044022,22.712818,1
20-23,114.024963,22.672281,0
21-6,114.036674,22.704939,1
21-7,114.014183,22.746172,0
21-8,114.001678,22.734446,1
21-8,114.006737,22.735020,0
21-9,113.823189,22.647802,1
21-11,114.044678,22.712925,0
22-11,114.044579,22.712660,1
22-14,114.006554,22.734987,0
22-16,114.079750,22.707422,1
22-22,114.059929,22.723103,0
