time,jd,wd,status
24-20,114.125427,22.552486,1
24-22,114.044090,22.558115,0
