time,jd,wd,status
18-0,114.113800,22.544050,1
