time,jd,wd,status
19-5,114.119148,22.613583,1
19-6,114.150948,22.611067,0
20-8,114.118416,22.588966,1
20-9,114.063133,22.517450,0
21-6,114.133102,22.616882,1
21-7,114.068100,22.524418,0
21-13,114.118820,22.579884,1
21-14,114.110847,22.587833,0
21-14,114.113220,22.583633,1
21-16,114.122734,22.556383,0
21-16,114.102966,22.553801,1
21-16,114.135017,22.565083,0
23-8,114.226616,22.548901,1
23-10,114.049721,22.526466,0
23-13,114.094467,22.543516,1
23-18,113.929398,22.496651,0
24-9,114.055969,22.531834,1
24-9,114.053764,22.530533,0
24-12,114.134102,22.571466,1
24-14,114.055733,22.530268,0
24-14,114.090981,22.550934,1
24-20,114.035286,22.518066,0
