time,jd,wd,status
23-16-56,114.149315,22.547344,1
23-16-57,114.149307,22.547295,0
