time,jd,wd,status
24-20-51,113.814209,22.651203,0
