time,jd,wd,status
18-20,113.814911,22.651085,1
