time,jd,wd,status
22-1-42,114.121239,22.539553,0
