time,jd,wd,status
18-0-0,114.083633,22.549074,1
