time,jd,wd,status
18-9,114.024544,22.636913,1
18-9,114.038376,22.632950,0
19-17,114.028900,22.621447,1
19-17,114.028915,22.621450,0
21-2,114.029015,22.621847,1
21-2,114.029015,22.621847,0
21-2,114.029015,22.621847,1
21-2,114.029015,22.621847,0
21-7,114.136635,22.611515,1
21-7,114.136635,22.611515,0
21-7,114.136673,22.611412,1
21-7,114.136673,22.611412,0
21-7,114.136673,22.611412,1
21-7,114.136673,22.611412,0
21-7,114.136673,22.611412,1
21-7,114.136673,22.611412,0
21-20,114.037514,22.653152,1
21-20,114.037514,22.653152,0
21-21,114.038994,22.653248,1
21-21,114.038612,22.652517,0
21-22,114.016769,22.665819,1
21-23,114.024818,22.671476,0
22-15,114.217445,22.750813,1
22-15,114.217461,22.750813,0
22-15,114.217461,22.750813,1
22-15,114.217461,22.750813,0
22-15,114.217461,22.750813,1
22-16,114.217461,22.750813,0
22-16,114.217461,22.750813,1
22-16,114.217461,22.750813,0
22-16,114.217461,22.750813,1
22-16,114.217461,22.750813,0
22-16,114.217461,22.750813,1
22-16,114.217461,22.750813,0
22-16,114.217461,22.750813,1
22-16,114.217461,22.750813,0
22-16,114.217461,22.750813,1
22-16,114.217461,22.750813,0
22-16,114.217461,22.750813,1
22-16,114.217461,22.750813,0
22-16,114.217461,22.750813,1
22-16,114.217461,22.750813,0
22-16,114.217461,22.750813,1
22-16,114.217461,22.750813,0
22-16,114.217461,22.750813,1
22-16,114.217461,22.750813,0
22-16,114.217461,22.750813,1
22-16,114.217461,22.750813,0
22-16,114.217461,22.750813,1
22-16,114.217461,22.750813,0
22-16,114.217461,22.750813,1
22-16,114.217461,22.750813,0
22-16,114.217461,22.750813,1
22-16,114.217461,22.750813,0
22-16,114.217461,22.750813,1
22-16,114.217461,22.750813,0
22-16,114.217461,22.750813,1
22-16,114.217461,22.750813,0
22-16,114.217461,22.750813,1
22-16,114.217461,22.750813,0
22-16,114.217461,22.750813,1
22-16,114.217461,22.750813,0
22-16,114.217461,22.750813,1
22-16,114.217461,22.750813,0
22-16,114.217461,22.750813,1
22-16,114.217461,22.750813,0
22-16,114.217461,22.750813,1
22-16,114.217461,22.750813,0
22-18,114.029106,22.621487,1
22-18,114.032890,22.627153,0
