time,jd,wd,status
18-22-4,114.043045,22.567617,1
18-23-32,114.057838,22.532915,0
