time,jd,wd,status
18-22,114.058907,22.534815,1
18-23,114.058037,22.536892,0
19-21,114.122749,22.615757,1
20-0,114.225487,22.695669,0
