time,jd,wd,status
21-18-56,114.076942,22.540165,1
21-20-10,113.966095,22.560345,0
22-17-43,114.041977,22.545652,1
22-20-2,114.112404,22.603968,0
22-23-40,114.038933,22.524319,1
23-0-9,114.067879,22.529846,0
23-1-58,114.038841,22.517925,1
23-2-17,114.129684,22.545197,0
24-1-36,114.128380,22.561213,1
24-3-8,114.128334,22.561203,0
