time,jd,wd,status
23-18-18,114.046333,22.710667,1
23-18-23,114.068665,22.716017,0
23-18-28,114.071404,22.714117,1
23-18-44,114.041435,22.715250,0
23-21-19,114.042168,22.706066,1
23-22-0,114.050201,22.718399,0
23-22-10,114.041466,22.715282,1
23-22-20,114.041000,22.715017,0
23-22-35,114.062080,22.720800,1
23-23-5,114.058296,22.637934,0
23-23-15,114.062302,22.638918,1
23-23-35,114.044403,22.700317,0
