time,jd,wd,status
24-0,113.993347,22.532084,1
24-0,114.003403,22.535784,0
24-0,114.044151,22.547150,1
24-0,114.058434,22.519367,0
24-0,114.051552,22.525299,1
24-0,114.103348,22.602367,0
24-1,114.068184,22.530916,1
24-1,114.068451,22.523617,0
24-2,114.041733,22.544533,1
24-2,114.019936,22.531733,0
22-6,114.035431,22.543249,1
22-6,113.815880,22.647232,0
22-7,113.880630,22.581484,1
22-7,113.879730,22.593117,0
22-7,113.884682,22.580982,1
22-8,113.917480,22.543068,0
22-8,114.017647,22.528366,1
22-8,114.021683,22.531683,0
22-9,114.021629,22.529367,1
22-9,114.039520,22.554283,0
22-9,114.039803,22.551933,1
22-9,114.054466,22.545200,0
22-9,114.058220,22.546217,1
22-9,114.049149,22.541018,0
22-9,114.048782,22.539383,1
22-10,114.052521,22.531233,0
22-10,114.060051,22.531366,1
22-10,114.063004,22.542500,0
22-10,114.063271,22.532534,1
22-10,113.843567,22.634632,0
22-12,113.816132,22.648001,1
22-12,113.875549,22.616533,0
22-12,114.094765,22.555067,1
22-13,114.105049,22.545950,0
22-13,114.102837,22.544750,1
18-15,113.816368,22.650734,0
18-16,113.816200,22.647034,1
18-16,113.830437,22.650101,0
18-16,114.077583,22.543467,1
18-17,113.925766,22.495350,0
18-18,113.908081,22.480633,1
18-18,113.927231,22.485901,0
18-18,114.055130,22.525967,1
18-19,113.919800,22.531450,0
18-19,113.913483,22.544149,1
18-19,113.828384,22.647900,0
18-20,113.816216,22.647249,1
18-21,114.052299,22.538218,0
18-21,114.048134,22.537466,1
18-22,113.894615,22.593700,0
18-23,113.816780,22.646950,1
