time,jd,wd,status
20-14-57,114.105286,22.551165,1
21-12-45,114.128410,22.545685,0
