time,jd,wd,status
21-0,113.845634,22.632000,1
21-0,114.116570,22.550667,0
21-7,114.062485,22.527849,1
21-7,114.062599,22.517532,0
21-7,114.063698,22.517550,1
21-8,113.816002,22.647249,0
21-8,113.904968,22.555782,1
21-9,114.024231,22.535383,0
21-9,114.028114,22.526434,1
21-9,114.081902,22.535217,0
21-9,114.100266,22.537901,1
21-9,114.082199,22.543034,0
21-9,114.083748,22.547083,1
21-9,114.053101,22.539482,0
21-9,114.053085,22.539482,1
21-10,114.054199,22.547283,0
21-10,114.071999,22.530300,1
21-10,114.110298,22.537733,0
21-10,114.109482,22.537533,1
21-10,114.113983,22.531866,0
21-10,114.113266,22.534349,1
21-10,114.128532,22.550484,0
21-10,114.127335,22.550016,1
21-11,114.083618,22.540550,0
21-11,114.099083,22.549583,1
21-11,113.971451,22.539400,0
21-11,114.008080,22.536568,1
21-12,113.968651,22.562149,0
21-12,114.050880,22.548933,1
21-12,114.049080,22.540234,0
21-12,114.039146,22.543333,1
21-12,114.042366,22.544300,0
21-13,114.063103,22.528334,1
21-13,114.117752,22.540951,0
21-13,114.113747,22.534250,1
21-13,114.129768,22.571951,0
21-13,114.115234,22.559050,1
21-14,114.121353,22.547251,0
21-14,114.121353,22.547251,1
21-15,113.814529,22.649933,0
21-15,113.816032,22.647432,1
21-16,113.911034,22.504601,0
21-16,113.914864,22.504101,1
21-16,113.906319,22.519333,0
21-16,113.915352,22.527100,1
21-16,113.975418,22.563601,0
21-17,114.007683,22.548767,1
21-17,114.027420,22.538782,0
21-17,114.039413,22.541933,1
21-17,114.039635,22.546000,0
21-17,114.041702,22.544468,1
21-17,114.037781,22.547068,0
21-18,114.029770,22.522200,1
21-18,114.059868,22.525551,0
21-19,114.021652,22.532351,1
21-19,113.932816,22.522284,0
21-19,113.945053,22.540234,1
21-19,113.945435,22.558832,0
21-19,113.944664,22.558867,1
21-19,113.961784,22.547001,0
21-19,113.961586,22.542933,1
21-20,113.922470,22.519150,0
21-20,113.924797,22.522100,1
21-20,113.962166,22.533983,0
21-20,113.961929,22.536417,1
21-20,113.932251,22.542850,0
21-20,113.931702,22.542784,1
21-21,113.822449,22.777599,0
21-22,113.814415,22.650084,1
21-23,114.052620,22.528650,0
21-23,114.026581,22.537233,1
21-23,114.020020,22.532433,0
21-23,114.011551,22.534517,1
21-23,114.020668,22.531717,0
21-23,114.020668,22.531717,1
21-23,114.086464,22.540600,0
21-23,114.047981,22.535133,1
