time,jd,wd,status
22-22-50,114.039169,22.524162,0
23-7-39,114.032387,22.525852,1
23-8-7,114.046021,22.533924,0
23-12-17,113.926720,22.507887,1
23-16-0,114.067642,22.524067,0
23-18-42,113.918602,22.526840,1
23-19-29,114.030815,22.523977,0
