time,jd,wd,status
22-15-54,113.921135,22.536461,1
