time,jd,wd,status
18-0-0,114.054634,22.525818,1
