time,jd,wd,status
21-18,114.099533,22.613157,1
21-18,114.099541,22.613136,0
22-18,114.100960,22.615135,1
22-20,114.043236,22.601524,0
23-12,113.922920,22.520727,1
23-13,114.031593,22.523533,0
23-20,114.135292,22.574028,1
23-21,114.111992,22.538458,0
