time,jd,wd,status
20-11-17,114.249626,22.705782,0
20-17-13,114.272232,22.731165,1
20-23-5,114.268639,22.744162,0
21-16-13,114.274246,22.747988,1
21-16-35,114.272087,22.731092,0
23-17-49,114.272232,22.731129,1
24-0-24,114.232841,22.727858,0
24-17-16,114.272186,22.731062,1
24-21-14,114.272194,22.731186,0
