time,jd,wd,status
19-18-56,113.891975,22.566586,0
20-18-52,113.891975,22.566586,1
20-19-0,113.891975,22.566586,0
20-21-56,113.891975,22.566586,1
20-23-6,113.891975,22.566586,0
21-10-24,113.891975,22.566586,1
21-13-7,113.891975,22.566586,0
21-18-51,113.891975,22.566586,1
21-19-1,113.891975,22.566586,0
22-18-56,113.891975,22.566586,1
22-19-1,113.891975,22.566586,0
23-16-40,113.891975,22.566586,1
23-18-52,113.891975,22.566586,0
