time,jd,wd,status
19-18-30,114.057968,22.536592,1
20-10-47,114.104012,22.572346,0
