time,jd,wd,status
19-7,113.837379,22.729122,1
19-7,113.837387,22.729122,0
19-8,113.837547,22.729179,1
19-8,113.837540,22.729197,0
24-6,113.842110,22.743320,1
24-7,113.840866,22.750238,0
24-8,113.837578,22.729256,1
