time,jd,wd,status
21-0,114.103729,22.572599,1
21-0,114.219269,22.556482,0
21-0,114.221619,22.554283,1
21-0,114.272850,22.587116,0
21-1,114.116318,22.577284,1
21-1,114.121216,22.581333,0
21-1,114.114883,22.580717,1
21-1,114.112518,22.608232,0
21-1,114.117035,22.575951,1
21-1,114.125130,22.560101,0
21-2,114.114281,22.582150,1
21-2,114.054085,22.570601,0
21-3,114.112465,22.585684,1
21-3,114.128799,22.614267,0
21-3,114.115616,22.578667,1
21-3,114.135918,22.578733,0
21-3,114.115402,22.579018,1
21-4,114.117729,22.541317,0
21-6,114.040031,22.527283,1
21-6,114.173103,22.566851,0
21-7,114.030617,22.523300,1
21-7,114.062820,22.517633,0
21-7,114.062233,22.520117,1
21-7,114.081230,22.558800,0
21-7,114.021347,22.529383,1
21-8,114.075279,22.542482,0
23-6,114.064331,22.531883,1
23-7,114.038399,22.528633,0
23-7,114.007286,22.538082,1
23-7,113.816269,22.646334,0
23-8,113.873001,22.573282,1
23-8,113.927650,22.519850,0
23-9,113.930420,22.512800,1
23-9,113.928833,22.498318,0
23-9,113.930252,22.503366,1
23-9,113.957550,22.522882,0
23-10,114.110916,22.537518,1
23-10,114.044464,22.511017,0
23-10,114.033653,22.525801,1
23-10,114.075371,22.540016,0
23-11,114.075851,22.540216,1
23-11,114.081635,22.544767,0
23-11,114.015053,22.538168,1
23-11,113.927269,22.528633,0
23-11,113.927582,22.528549,1
23-12,114.034164,22.557768,0
23-12,114.034264,22.548717,1
23-12,114.048615,22.537233,0
23-12,114.051003,22.537382,1
23-13,113.939163,22.547783,0
23-13,113.937233,22.535233,1
23-13,113.943130,22.506468,0
23-13,113.945297,22.506582,1
23-13,113.953835,22.541067,0
22-12,113.814400,22.649467,1
22-12,114.040352,22.514168,0
22-12,114.104965,22.542868,1
22-13,114.135368,22.548117,0
22-13,114.163368,22.566732,1
22-13,114.106133,22.539351,0
22-13,114.105019,22.541834,1
22-13,114.129700,22.547882,0
22-13,114.129784,22.548599,1
22-14,114.087784,22.570900,0
22-14,114.082481,22.575518,1
22-14,114.068184,22.530100,0
22-14,114.066002,22.525517,1
22-14,114.038383,22.528767,0
22-14,114.038696,22.526632,1
22-14,114.044136,22.556133,0
22-14,114.033615,22.567167,1
22-15,113.988747,22.539034,0
22-15,113.992981,22.532400,1
22-15,113.946053,22.573601,0
22-15,113.945084,22.571533,1
22-15,113.906685,22.553667,0
22-15,113.906616,22.553551,1
22-16,113.922279,22.518818,0
