{"min": 0, "max": 11.791569912126878, "pieData": [[5.247927513443585, 3.807354922057604, 3.700439718141092, 3.584962500721156, 3.9068905956085187, 2.584962500721156, 4.087462841250339, 6.044394119358453, 6.475733430966398, 6.066089190457772, 5.672425341971495, 5.584962500721156, 5.832890014164741, 5.459431618637297, 5.584962500721156, 5.584962500721156, 5.523561956057013, 5.129283016944966, 5.044394119358453, 4.807354922057604, 4.459431618637297, 5.643856189774724, 5.0, 4.321928094887363], [4.321928094887363, 3.4594316186372973, 3.584962500721156, 2.807354922057604, 2.0, 3.584962500721156, 3.807354922057604, 6.022367813028454, 6.20945336562895, 5.977279923499917, 5.700439718141093, 5.614709844115208, 4.459431618637297, 4.807354922057604, 5.169925001442312, 5.523561956057013, 4.857980995127572, 5.20945336562895, 5.20945336562895, 5.807354922057604, 5.321928094887363, 5.614709844115208, 4.584962500721156, 5.20945336562895], [3.700439718141092, 2.807354922057604, 3.700439718141092, 1.584962500721156, 1.584962500721156, 2.807354922057604, 4.0, 6.129283016944966, 6.22881869049588, 5.129283016944966, 5.426264754702098, 5.321928094887363, 5.087462841250339, 5.247927513443585, 5.169925001442312, 4.906890595608519, 4.321928094887363, 4.643856189774724, 5.169925001442312, 5.044394119358453, 4.247927513443585, 5.285402218862249, 4.523561956057013, 4.392317422778761], [4.392317422778761, 3.0, 3.169925001442312, 3.169925001442312, 2.584962500721156, 3.0, 3.9068905956085187, 6.169925001442312, 6.149747119504682, 5.906890595608519, 5.832890014164741, 4.807354922057604, 5.321928094887363, 4.906890595608519, 5.643856189774724, 5.700439718141093, 5.20945336562895, 5.20945336562895, 5.087462841250339, 5.554588851677638, 5.930737337562887, 5.285402218862249, 4.857980995127572, 4.700439718141093], [3.169925001442312, 2.321928094887362, 2.0, 2.321928094887362, 2.0, 2.584962500721156, 4.087462841250339, 6.491853096329675, 5.930737337562887, 5.857980995127572, 5.832890014164741, 5.20945336562895, 5.129283016944966, 5.20945336562895, 5.459431618637297, 5.357552004618084, 3.9068905956085187, 5.169925001442312, 5.087462841250339, 5.357552004618084, 5.169925001442312, 5.614709844115208, 5.20945336562895, 4.857980995127572], [3.4594316186372973, 3.807354922057604, 2.807354922057604, 2.0, 3.4594316186372973, 3.4594316186372973, 3.700439718141092, 6.189824558880018, 6.22881869049588, 6.149747119504682, 5.491853096329675, 5.491853096329675, 4.807354922057604, 5.169925001442312, 5.357552004618084, 5.129283016944966, 4.954196310386875, 4.754887502163468, 5.044394119358453, 5.247927513443585, 5.321928094887363, 4.392317422778761, 5.087462841250339, 4.906890595608519], [4.169925001442312, 4.247927513443585, 3.4594316186372973, 3.0, 3.169925001442312, 3.321928094887362, 3.807354922057604, 5.0, 5.523561956057013, 5.523561956057013, 5.321928094887363, 4.584962500721156, 4.392317422778761, 5.129283016944966, 4.523561956057013, 4.700439718141093, 5.523561956057013, 5.247927513443585, 5.285402218862249, 5.426264754702098, 4.954196310386875, 4.700439718141093, 5.392317422778761, 4.754887502163468]]}