{"min": 0, "max": 11.791569912126878, "pieData": [[6.965784284662087, 6.6865005271832185, 5.700439718141093, 5.643856189774724, 5.129283016944966, 4.643856189774724, 6.442943495848728, 7.189824558880018, 7.312882955284356, 7.60733031374961, 7.839203788096944, 7.409390936137702, 7.392317422778761, 7.6293566200796095, 7.507794640198696, 7.483815777264256, 7.066089190457772, 7.022367813028454, 7.409390936137702, 6.066089190457772, 6.614709844115208, 7.257387842692652, 7.294620748891627, 7.098032082960526], [6.754887502163468, 6.754887502163468, 6.442943495848728, 5.78135971352466, 5.087462841250339, 5.672425341971495, 6.087462841250339, 6.845490050944376, 7.312882955284356, 7.562242424221073, 7.409390936137702, 6.9886846867721655, 7.392317422778761, 7.266786540694901, 7.303780748177103, 6.906890595608519, 6.339850002884624, 7.011227255423254, 7.330916878114617, 7.011227255423254, 7.247927513443585, 7.199672344836364, 7.409390936137702, 7.011227255423254], [7.066089190457772, 6.339850002884624, 6.266786540694901, 5.754887502163468, 4.754887502163468, 5.672425341971495, 5.906890595608519, 6.832890014164741, 6.857980995127572, 7.066089190457772, 6.94251450533924, 7.05528243550119, 6.977279923499917, 6.768184324776926, 7.05528243550119, 6.954196310386875, 6.807354922057604, 6.807354922057604, 6.965784284662087, 6.6293566200796095, 3.700439718141092, 7.339850002884624, 7.0, 7.044394119358453], [6.94251450533924, 6.569855608330948, 6.066089190457772, 6.087462841250339, 5.491853096329675, 5.20945336562895, 6.189824558880018, 6.614709844115208, 6.768184324776926, 7.044394119358453, 7.022367813028454, 6.894817763307944, 6.965784284662087, 6.507794640198696, 7.169925001442312, 7.1799090900149345, 6.599912842187128, 6.894817763307944, 7.118941072723508, 7.118941072723508, 7.22881869049588, 7.139551352398794, 7.303780748177103, 7.022367813028454], [6.954196310386875, 6.700439718141093, 6.066089190457772, 5.78135971352466, 5.459431618637297, 5.0, 6.357552004618084, 7.044394119358453, 7.20945336562895, 6.954196310386875, 7.392317422778761, 7.129283016944966, 6.820178962415188, 6.954196310386875, 7.247927513443585, 6.965784284662087, 6.700439718141093, 6.700439718141093, 6.94251450533924, 6.807354922057604, 7.1799090900149345, 7.2761244052742375, 7.321928094887363, 7.139551352398794], [6.845490050944376, 6.584962500721156, 6.303780748177103, 6.022367813028454, 5.426264754702098, 5.357552004618084, 6.339850002884624, 6.614709844115208, 6.954196310386875, 7.20945336562895, 7.366322214245816, 7.087462841250339, 7.044394119358453, 7.2384047393250786, 7.20945336562895, 7.189824558880018, 6.599912842187128, 7.087462841250339, 6.977279923499917, 6.954196310386875, 7.044394119358453, 7.266786540694901, 6.9886846867721655, 7.2384047393250786], [7.257387842692652, 6.906890595608519, 6.614709844115208, 6.129283016944966, 5.977279923499917, 5.523561956057013, 6.409390936137702, 6.672425341971495, 7.011227255423254, 7.400879436282184, 6.954196310386875, 6.954196310386875, 7.05528243550119, 7.0, 7.189824558880018, 6.672425341971495, 6.700439718141093, 6.714245517666122, 7.05528243550119, 6.832890014164741, 7.0, 7.0, 7.339850002884624, 7.2384047393250786]]}