{"min": 0, "max": 11.791569912126878, "pieData": [[5.285402218862249, 4.087462841250339, 4.169925001442312, 3.0, 2.807354922057604, 3.4594316186372973, 4.392317422778761, 5.977279923499917, 6.20945336562895, 6.20945336562895, 5.554588851677638, 5.426264754702098, 5.247927513443585, 5.727920454563199, 5.459431618637297, 5.0, 5.087462841250339, 5.0, 5.20945336562895, 4.321928094887363, 4.954196310386875, 5.169925001442312, 5.832890014164741, 5.392317422778761], [4.523561956057013, 3.584962500721156, 3.0, 2.584962500721156, 2.0, 4.0, 2.807354922057604, 5.584962500721156, 6.087462841250339, 5.700439718141093, 5.426264754702098, 5.426264754702098, 5.20945336562895, 5.0, 4.321928094887363, 4.523561956057013, 5.087462841250339, 4.857980995127572, 5.285402218862249, 4.643856189774724, 5.0, 5.044394119358453, 5.129283016944966, 5.247927513443585], [4.321928094887363, 3.700439718141092, 4.0, 2.584962500721156, 2.807354922057604, 1.0, 3.4594316186372973, 5.087462841250339, 5.882643049361842, 5.285402218862249, 4.754887502163468, 5.20945336562895, 5.044394119358453, 4.807354922057604, 5.169925001442312, 4.584962500721156, 4.321928094887363, 4.523561956057013, 5.554588851677638, 5.523561956057013, 2.584962500721156, 5.129283016944966, 5.807354922057604, 4.643856189774724], [5.321928094887363, 4.247927513443585, 3.807354922057604, 3.321928094887362, 2.584962500721156, 1.584962500721156, 4.169925001442312, 4.954196310386875, 6.108524456778169, 5.754887502163468, 5.523561956057013, 5.247927513443585, 4.0, 5.285402218862249, 5.523561956057013, 5.087462841250339, 4.643856189774724, 4.954196310386875, 4.807354922057604, 5.285402218862249, 4.954196310386875, 4.754887502163468, 5.087462841250339, 5.087462841250339], [4.643856189774724, 4.321928094887363, 3.321928094887362, 3.321928094887362, 2.0, 2.321928094887362, 3.0, 5.491853096329675, 6.044394119358453, 5.523561956057013, 5.169925001442312, 5.0, 5.523561956057013, 5.285402218862249, 5.087462841250339, 4.700439718141093, 5.426264754702098, 5.357552004618084, 4.321928094887363, 5.169925001442312, 4.906890595608519, 5.0, 5.0, 5.247927513443585], [4.857980995127572, 4.700439718141093, 3.321928094887362, 3.4594316186372973, 2.0, 3.700439718141092, 3.584962500721156, 5.169925001442312, 6.087462841250339, 5.614709844115208, 5.044394119358453, 5.285402218862249, 4.906890595608519, 5.044394119358453, 4.754887502163468, 4.906890595608519, 4.392317422778761, 4.321928094887363, 5.0, 5.0, 5.614709844115208, 5.087462841250339, 5.523561956057013, 5.523561956057013], [5.523561956057013, 4.643856189774724, 4.392317422778761, 3.4594316186372973, 3.169925001442312, 3.169925001442312, 4.0, 5.0, 4.754887502163468, 5.426264754702098, 4.807354922057604, 5.129283016944966, 4.954196310386875, 5.0, 5.169925001442312, 5.0, 5.426264754702098, 4.754887502163468, 5.426264754702098, 4.754887502163468, 5.727920454563199, 5.727920454563199, 5.954196310386875, 5.20945336562895]]}