{"min": 0, "max": 11.791569912126878, "pieData": [[5.20945336562895, 3.584962500721156, 3.584962500721156, 4.087462841250339, 4.0, 4.169925001442312, 3.0, 4.954196310386875, 4.954196310386875, 4.906890595608519, 5.087462841250339, 4.807354922057604, 4.857980995127572, 4.857980995127572, 4.807354922057604, 5.129283016944966, 4.857980995127572, 4.906890595608519, 4.954196310386875, 4.169925001442312, 5.392317422778761, 5.321928094887363, 4.807354922057604, 5.247927513443585], [5.129283016944966, 4.459431618637297, 3.700439718141092, 2.807354922057604, 2.0, 2.584962500721156, 3.700439718141092, 3.584962500721156, 4.584962500721156, 4.321928094887363, 5.129283016944966, 3.807354922057604, 4.954196310386875, 4.954196310386875, 4.700439718141093, 4.754887502163468, 4.906890595608519, 5.357552004618084, 4.700439718141093, 5.643856189774724, 5.285402218862249, 4.807354922057604, 4.459431618637297, 4.643856189774724], [4.584962500721156, 4.321928094887363, 4.087462841250339, 3.169925001442312, 3.4594316186372973, 3.4594316186372973, 2.584962500721156, 4.247927513443585, 4.321928094887363, 4.459431618637297, 4.584962500721156, 4.700439718141093, 5.087462841250339, 4.087462841250339, 4.392317422778761, 3.584962500721156, 4.643856189774724, 5.0, 4.321928094887363, 4.169925001442312, 3.0, 4.906890595608519, 4.087462841250339, 4.169925001442312], [4.169925001442312, 4.392317422778761, 4.169925001442312, 3.0, 3.321928094887362, 2.321928094887362, 4.0, 4.523561956057013, 4.643856189774724, 4.954196310386875, 4.700439718141093, 4.954196310386875, 3.9068905956085187, 4.087462841250339, 4.169925001442312, 4.807354922057604, 3.700439718141092, 4.643856189774724, 4.906890595608519, 4.954196310386875, 4.754887502163468, 4.643856189774724, 4.087462841250339, 4.906890595608519], [4.584962500721156, 4.169925001442312, 3.700439718141092, 4.0, 3.169925001442312, 3.321928094887362, 3.4594316186372973, 3.700439718141092, 4.643856189774724, 4.169925001442312, 4.247927513443585, 4.754887502163468, 4.0, 4.087462841250339, 4.857980995127572, 5.0, 4.523561956057013, 4.643856189774724, 5.169925001442312, 5.0, 4.700439718141093, 4.643856189774724, 4.857980995127572, 4.700439718141093], [4.700439718141093, 4.321928094887363, 4.247927513443585, 3.0, 3.584962500721156, 2.807354922057604, 3.4594316186372973, 4.459431618637297, 4.584962500721156, 4.459431618637297, 4.954196310386875, 4.087462841250339, 4.954196310386875, 4.700439718141093, 4.169925001442312, 4.643856189774724, 4.906890595608519, 4.247927513443585, 4.700439718141093, 4.169925001442312, 4.392317422778761, 5.044394119358453, 4.459431618637297, 4.807354922057604], [4.584962500721156, 4.643856189774724, 4.523561956057013, 3.807354922057604, 3.4594316186372973, 4.0, 4.247927513443585, 4.0, 4.169925001442312, 4.523561956057013, 5.0, 4.700439718141093, 4.584962500721156, 3.700439718141092, 4.523561956057013, 4.754887502163468, 4.247927513443585, 4.906890595608519, 4.459431618637297, 4.754887502163468, 4.459431618637297, 4.857980995127572, 5.169925001442312, 4.906890595608519]]}