{"min": 0, "max": 11.791569912126878, "pieData": [[7.159871336778389, 6.658211482751795, 6.672425341971495, 6.129283016944966, 5.584962500721156, 5.247927513443585, 6.539158811108031, 7.189824558880018, 7.599912842187128, 8.294620748891628, 8.092757140919852, 7.434628227636725, 7.159871336778389, 7.339850002884624, 7.672425341971495, 7.475733430966398, 7.199672344836364, 7.129283016944966, 7.409390936137702, 6.189824558880018, 7.20945336562895, 7.727920454563199, 7.577428828035749, 7.257387842692652], [7.118941072723508, 6.832890014164741, 6.321928094887363, 6.189824558880018, 5.643856189774724, 5.321928094887363, 6.066089190457772, 7.499845887083206, 7.584962500721156, 7.303780748177103, 7.599912842187128, 7.247927513443585, 7.05528243550119, 6.918863237274595, 7.139551352398794, 7.357552004618084, 6.857980995127572, 6.906890595608519, 7.515699838284043, 7.569855608330948, 7.651051691178928, 7.693486957499325, 7.774787059601174, 7.599912842187128], [7.159871336778389, 6.599912842187128, 6.426264754702098, 6.0, 4.906890595608519, 5.169925001442312, 6.022367813028454, 7.011227255423254, 7.357552004618084, 7.483815777264256, 7.392317422778761, 7.011227255423254, 6.714245517666122, 6.977279923499917, 7.339850002884624, 7.303780748177103, 6.794415866350106, 6.9886846867721655, 7.321928094887363, 7.321928094887363, 4.700439718141093, 7.459431618637297, 7.434628227636725, 7.1799090900149345], [7.0, 6.845490050944376, 6.507794640198696, 6.087462841250339, 6.409390936137702, 6.266786540694901, 5.906890595608519, 7.098032082960526, 7.721099188707186, 7.149747119504682, 7.05528243550119, 7.011227255423254, 6.832890014164741, 6.7414669864011465, 7.098032082960526, 7.366322214245816, 6.832890014164741, 7.159871336778389, 7.531381460516312, 7.577428828035749, 7.930737337562887, 7.622051819456376, 7.467605550082998, 7.400879436282184], [6.857980995127572, 6.918863237274595, 6.714245517666122, 6.303780748177103, 5.129283016944966, 4.857980995127572, 5.78135971352466, 7.357552004618084, 7.339850002884624, 7.383704292474052, 7.321928094887363, 7.087462841250339, 7.076815597050831, 7.339850002884624, 7.434628227636725, 7.312882955284356, 7.285402218862249, 6.977279923499917, 7.159871336778389, 7.734709620225838, 7.7481928495894605, 7.622051819456376, 7.539158811108031, 7.219168520462161], [7.392317422778761, 7.03342300153745, 6.7414669864011465, 6.189824558880018, 5.672425341971495, 4.857980995127572, 6.108524456778169, 7.108524456778169, 7.569855608330948, 7.78135971352466, 7.6865005271832185, 7.303780748177103, 7.339850002884624, 7.3750394313469245, 7.426264754702098, 7.357552004618084, 7.348728154231077, 7.6865005271832185, 7.584962500721156, 7.330916878114617, 7.7073591320808825, 7.7414669864011465, 7.774787059601174, 7.523561956057013], [7.442943495848728, 7.199672344836364, 6.930737337562887, 6.6293566200796095, 5.672425341971495, 5.954196310386875, 5.700439718141093, 6.3750394313469245, 7.247927513443585, 7.266786540694901, 7.434628227636725, 7.392317422778761, 7.348728154231077, 7.303780748177103, 7.562242424221073, 7.303780748177103, 7.139551352398794, 7.189824558880018, 7.658211482751795, 7.2761244052742375, 7.584962500721156, 7.6865005271832185, 7.409390936137702, 7.366322214245816]]}