{"min": 0, "max": 11.791569912126878, "pieData": [[7.1799090900149345, 6.643856189774724, 5.930737337562887, 5.78135971352466, 4.857980995127572, 4.857980995127572, 6.087462841250339, 6.845490050944376, 6.930737337562887, 7.451211111832329, 7.366322214245816, 7.247927513443585, 7.247927513443585, 7.584962500721156, 7.426264754702098, 7.2761244052742375, 6.954196310386875, 7.129283016944966, 7.189824558880018, 6.044394119358453, 6.794415866350106, 7.721099188707186, 7.714245517666122, 7.247927513443585], [7.05528243550119, 6.672425341971495, 6.189824558880018, 5.357552004618084, 5.0, 5.044394119358453, 5.584962500721156, 7.066089190457772, 6.9886846867721655, 7.189824558880018, 6.94251450533924, 6.845490050944376, 6.977279923499917, 7.139551352398794, 7.022367813028454, 6.94251450533924, 6.78135971352466, 7.392317422778761, 7.312882955284356, 7.515699838284043, 7.839203788096944, 7.7073591320808825, 7.6293566200796095, 7.294620748891627], [7.108524456778169, 6.475733430966398, 6.409390936137702, 5.523561956057013, 4.247927513443585, 4.169925001442312, 5.321928094887363, 6.6293566200796095, 6.78135971352466, 6.820178962415188, 6.7414669864011465, 6.820178962415188, 6.727920454563199, 7.0, 7.011227255423254, 6.965784284662087, 6.78135971352466, 6.870364719583405, 6.965784284662087, 6.906890595608519, 4.523561956057013, 7.614709844115208, 7.357552004618084, 7.1799090900149345], [7.03342300153745, 6.727920454563199, 6.321928094887363, 5.807354922057604, 5.044394119358453, 4.754887502163468, 5.857980995127572, 6.599912842187128, 7.108524456778169, 6.894817763307944, 7.022367813028454, 7.199672344836364, 7.22881869049588, 7.507794640198696, 7.499845887083206, 7.118941072723508, 7.339850002884624, 7.159871336778389, 7.087462841250339, 7.475733430966398, 7.531381460516312, 7.700439718141093, 7.400879436282184, 7.066089190457772], [7.159871336778389, 6.768184324776926, 5.857980995127572, 5.977279923499917, 5.20945336562895, 5.0, 5.672425341971495, 7.266786540694901, 7.118941072723508, 7.303780748177103, 7.257387842692652, 6.906890595608519, 6.78135971352466, 7.05528243550119, 6.918863237274595, 7.011227255423254, 6.906890595608519, 6.954196310386875, 7.219168520462161, 6.965784284662087, 7.569855608330948, 7.507794640198696, 7.459431618637297, 7.108524456778169], [7.409390936137702, 7.129283016944966, 6.672425341971495, 6.339850002884624, 5.459431618637297, 5.129283016944966, 5.672425341971495, 6.643856189774724, 7.076815597050831, 7.159871336778389, 7.139551352398794, 7.189824558880018, 7.22881869049588, 7.1799090900149345, 7.022367813028454, 6.977279923499917, 6.807354922057604, 7.066089190457772, 7.294620748891627, 7.247927513443585, 7.614709844115208, 7.383704292474052, 7.118941072723508, 7.219168520462161], [7.303780748177103, 7.169925001442312, 6.832890014164741, 6.22881869049588, 5.523561956057013, 5.357552004618084, 5.392317422778761, 6.0, 7.0, 6.954196310386875, 7.03342300153745, 6.870364719583405, 7.066089190457772, 7.05528243550119, 7.2761244052742375, 7.066089190457772, 6.930737337562887, 6.857980995127572, 7.0, 7.05528243550119, 7.118941072723508, 7.257387842692652, 7.339850002884624, 7.357552004618084]]}