{"min": 0, "max": 11.791569912126878, "pieData": [[4.906890595608519, 3.9068905956085187, 4.584962500721156, 4.0, 1.0, 3.321928094887362, 4.584962500721156, 5.247927513443585, 5.392317422778761, 4.954196310386875, 5.087462841250339, 4.523561956057013, 5.169925001442312, 5.044394119358453, 5.0, 5.247927513443585, 4.857980995127572, 5.882643049361842, 5.930737337562887, 4.643856189774724, 4.247927513443585, 5.459431618637297, 5.129283016944966, 5.357552004618084], [5.247927513443585, 4.754887502163468, 4.523561956057013, 4.459431618637297, 4.0, 2.807354922057604, 4.523561956057013, 4.643856189774724, 5.357552004618084, 5.247927513443585, 5.20945336562895, 4.700439718141093, 5.087462841250339, 5.584962500721156, 5.357552004618084, 5.0, 4.700439718141093, 5.832890014164741, 5.643856189774724, 6.0, 5.672425341971495, 5.20945336562895, 5.169925001442312, 5.459431618637297], [4.807354922057604, 5.392317422778761, 4.087462841250339, 3.584962500721156, 3.0, 3.9068905956085187, 4.700439718141093, 5.285402218862249, 5.087462841250339, 4.807354922057604, 5.459431618637297, 5.247927513443585, 5.247927513443585, 5.20945336562895, 4.906890595608519, 5.285402218862249, 4.392317422778761, 5.614709844115208, 5.672425341971495, 5.357552004618084, 2.0, 5.0, 5.672425341971495, 5.247927513443585], [5.20945336562895, 5.321928094887363, 4.321928094887363, 3.700439718141092, 4.321928094887363, 4.247927513443585, 4.807354922057604, 5.643856189774724, 5.459431618637297, 5.285402218862249, 5.459431618637297, 4.954196310386875, 5.285402218862249, 5.20945336562895, 5.285402218862249, 5.392317422778761, 5.392317422778761, 5.459431618637297, 5.700439718141093, 5.727920454563199, 5.672425341971495, 5.491853096329675, 5.392317422778761, 5.392317422778761], [4.857980995127572, 4.857980995127572, 3.9068905956085187, 4.169925001442312, 4.584962500721156, 5.129283016944966, 3.9068905956085187, 5.044394119358453, 5.044394119358453, 5.129283016944966, 5.523561956057013, 5.087462841250339, 4.643856189774724, 4.643856189774724, 5.169925001442312, 5.321928094887363, 5.247927513443585, 6.129283016944966, 5.754887502163468, 5.672425341971495, 5.754887502163468, 5.614709844115208, 5.554588851677638, 5.087462841250339], [4.807354922057604, 4.954196310386875, 4.321928094887363, 4.247927513443585, 2.0, 4.247927513443585, 4.0, 4.169925001442312, 4.954196310386875, 4.857980995127572, 5.357552004618084, 5.672425341971495, 5.129283016944966, 5.357552004618084, 4.700439718141093, 5.044394119358453, 5.0, 6.0, 6.285402218862249, 5.882643049361842, 5.426264754702098, 5.169925001442312, 5.930737337562887, 5.832890014164741], [5.321928094887363, 5.523561956057013, 5.044394119358453, 4.807354922057604, 3.321928094887362, 4.087462841250339, 4.392317422778761, 5.357552004618084, 4.584962500721156, 5.321928094887363, 5.20945336562895, 5.087462841250339, 5.247927513443585, 5.614709844115208, 5.554588851677638, 5.643856189774724, 5.169925001442312, 6.087462841250339, 5.357552004618084, 5.392317422778761, 5.20945336562895, 5.20945336562895, 5.930737337562887, 5.727920454563199]]}