{"min": 0, "max": 11.791569912126878, "pieData": [[6.6293566200796095, 6.149747119504682, 5.807354922057604, 5.523561956057013, 5.0, 4.643856189774724, 5.523561956057013, 7.199672344836364, 6.930737337562887, 7.483815777264256, 7.312882955284356, 7.2761244052742375, 6.9886846867721655, 7.022367813028454, 7.383704292474052, 7.108524456778169, 6.857980995127572, 6.554588851677638, 7.199672344836364, 5.906890595608519, 6.714245517666122, 7.285402218862249, 7.066089190457772, 7.05528243550119], [6.569855608330948, 6.022367813028454, 5.672425341971495, 4.643856189774724, 4.584962500721156, 4.247927513443585, 5.857980995127572, 7.409390936137702, 7.199672344836364, 6.894817763307944, 6.832890014164741, 7.011227255423254, 6.918863237274595, 6.870364719583405, 6.9886846867721655, 6.584962500721156, 6.658211482751795, 6.554588851677638, 7.0, 7.199672344836364, 7.098032082960526, 7.451211111832329, 7.022367813028454, 6.714245517666122], [6.554588851677638, 5.700439718141093, 5.285402218862249, 4.857980995127572, 4.807354922057604, 4.087462841250339, 4.643856189774724, 6.9886846867721655, 6.94251450533924, 6.643856189774724, 6.820178962415188, 6.870364719583405, 6.643856189774724, 6.768184324776926, 6.714245517666122, 6.794415866350106, 6.584962500721156, 6.569855608330948, 6.9886846867721655, 6.857980995127572, 3.807354922057604, 7.348728154231077, 6.807354922057604, 6.507794640198696], [6.599912842187128, 5.700439718141093, 5.285402218862249, 5.321928094887363, 4.247927513443585, 5.087462841250339, 5.554588851677638, 7.247927513443585, 7.409390936137702, 7.1799090900149345, 6.857980995127572, 6.491853096329675, 6.554588851677638, 6.554588851677638, 6.965784284662087, 6.7414669864011465, 7.03342300153745, 6.754887502163468, 6.845490050944376, 7.1799090900149345, 7.2384047393250786, 6.918863237274595, 7.159871336778389, 6.857980995127572], [5.807354922057604, 5.882643049361842, 5.672425341971495, 4.459431618637297, 4.087462841250339, 4.321928094887363, 5.0, 7.189824558880018, 7.05528243550119, 7.169925001442312, 7.044394119358453, 6.832890014164741, 6.569855608330948, 6.714245517666122, 6.954196310386875, 6.820178962415188, 6.554588851677638, 6.754887502163468, 6.714245517666122, 7.2384047393250786, 7.247927513443585, 7.139551352398794, 7.108524456778169, 7.0], [6.768184324776926, 6.303780748177103, 5.614709844115208, 4.700439718141093, 4.754887502163468, 4.392317422778761, 5.285402218862249, 7.139551352398794, 7.303780748177103, 7.257387842692652, 7.169925001442312, 7.149747119504682, 6.845490050944376, 6.794415866350106, 7.044394119358453, 6.977279923499917, 6.906890595608519, 7.577428828035749, 6.845490050944376, 7.392317422778761, 7.257387842692652, 7.05528243550119, 7.087462841250339, 6.94251450533924], [6.714245517666122, 6.491853096329675, 6.0, 4.954196310386875, 4.584962500721156, 4.954196310386875, 5.614709844115208, 6.044394119358453, 7.076815597050831, 7.285402218862249, 6.906890595608519, 6.820178962415188, 6.845490050944376, 6.614709844115208, 6.7414669864011465, 6.807354922057604, 6.870364719583405, 6.584962500721156, 6.794415866350106, 7.169925001442312, 7.321928094887363, 6.882643049361842, 7.044394119358453, 7.098032082960526]]}