{"min": 0, "max": 11.791569912126878, "pieData": [[5.491853096329675, 4.523561956057013, 3.584962500721156, 3.4594316186372973, 1.584962500721156, 4.0, 5.0, 6.169925001442312, 6.475733430966398, 5.643856189774724, 5.169925001442312, 5.700439718141093, 5.523561956057013, 5.392317422778761, 5.614709844115208, 5.554588851677638, 5.321928094887363, 5.700439718141093, 5.906890595608519, 4.906890595608519, 5.392317422778761, 6.20945336562895, 6.475733430966398, 6.357552004618084], [5.20945336562895, 4.523561956057013, 4.169925001442312, 3.9068905956085187, 1.0, 4.0, 4.087462841250339, 5.754887502163468, 6.303780748177103, 6.321928094887363, 5.357552004618084, 5.906890595608519, 5.882643049361842, 5.321928094887363, 5.672425341971495, 5.643856189774724, 5.614709844115208, 5.20945336562895, 5.554588851677638, 5.807354922057604, 5.882643049361842, 6.426264754702098, 6.087462841250339, 6.189824558880018], [5.754887502163468, 4.247927513443585, 3.584962500721156, 3.169925001442312, 3.169925001442312, 3.169925001442312, 3.700439718141092, 5.321928094887363, 5.807354922057604, 5.643856189774724, 5.523561956057013, 5.491853096329675, 5.643856189774724, 5.392317422778761, 5.857980995127572, 5.044394119358453, 5.20945336562895, 5.044394119358453, 5.554588851677638, 5.169925001442312, 3.807354922057604, 6.266786540694901, 6.22881869049588, 5.807354922057604], [5.247927513443585, 5.491853096329675, 3.4594316186372973, 3.700439718141092, 2.321928094887362, 2.0, 4.0, 5.930737337562887, 6.321928094887363, 5.672425341971495, 5.247927513443585, 5.426264754702098, 5.129283016944966, 4.954196310386875, 5.523561956057013, 5.044394119358453, 5.0, 5.321928094887363, 5.523561956057013, 5.614709844115208, 5.643856189774724, 6.066089190457772, 6.321928094887363, 6.339850002884624], [5.700439718141093, 4.807354922057604, 4.754887502163468, 4.247927513443585, 2.584962500721156, 3.169925001442312, 4.247927513443585, 5.087462841250339, 6.0, 5.832890014164741, 5.882643049361842, 6.0, 5.672425341971495, 5.672425341971495, 5.930737337562887, 6.022367813028454, 5.523561956057013, 5.832890014164741, 5.491853096329675, 5.672425341971495, 5.727920454563199, 6.321928094887363, 6.285402218862249, 6.303780748177103], [5.882643049361842, 5.247927513443585, 4.754887502163468, 4.247927513443585, 3.169925001442312, 3.807354922057604, 4.584962500721156, 5.426264754702098, 6.149747119504682, 5.491853096329675, 5.392317422778761, 5.754887502163468, 5.044394119358453, 5.523561956057013, 4.857980995127572, 4.754887502163468, 4.459431618637297, 5.0, 5.78135971352466, 5.807354922057604, 5.459431618637297, 6.044394119358453, 6.044394119358453, 6.247927513443585], [6.022367813028454, 5.392317422778761, 4.754887502163468, 4.321928094887363, 3.807354922057604, 2.584962500721156, 4.0, 4.807354922057604, 5.700439718141093, 5.906890595608519, 5.754887502163468, 5.643856189774724, 5.554588851677638, 5.727920454563199, 5.426264754702098, 5.554588851677638, 5.832890014164741, 5.754887502163468, 5.584962500721156, 6.129283016944966, 6.0, 6.442943495848728, 6.357552004618084, 6.491853096329675]]}