{"min": 0, "max": 11.791569912126878, "pieData": [[4.392317422778761, 3.584962500721156, 4.0, 2.807354922057604, 2.321928094887362, 3.584962500721156, 4.392317422778761, 4.857980995127572, 5.129283016944966, 5.20945336562895, 5.129283016944966, 5.426264754702098, 5.087462841250339, 5.087462841250339, 4.954196310386875, 5.523561956057013, 4.954196310386875, 5.426264754702098, 5.0, 2.584962500721156, 3.807354922057604, 5.20945336562895, 5.169925001442312, 5.20945336562895], [5.20945336562895, 4.087462841250339, 4.0, 3.584962500721156, 3.0, 3.169925001442312, 4.321928094887363, 4.087462841250339, 5.044394119358453, 5.169925001442312, 5.614709844115208, 4.523561956057013, 4.807354922057604, 4.392317422778761, 5.129283016944966, 5.087462841250339, 5.392317422778761, 5.087462841250339, 5.700439718141093, 4.169925001442312, 4.954196310386875, 5.321928094887363, 4.906890595608519, 4.584962500721156], [4.807354922057604, 4.0, 4.087462841250339, 3.169925001442312, 2.584962500721156, 2.584962500721156, 3.4594316186372973, 4.523561956057013, 4.523561956057013, 4.700439718141093, 5.321928094887363, 5.20945336562895, 5.357552004618084, 5.700439718141093, 4.321928094887363, 4.754887502163468, 5.129283016944966, 4.906890595608519, 5.0, 4.523561956057013, 2.807354922057604, 4.523561956057013, 4.700439718141093, 5.129283016944966], [4.754887502163468, 3.9068905956085187, 4.0, 3.700439718141092, 3.321928094887362, 3.584962500721156, 4.0, 4.087462841250339, 4.954196310386875, 5.321928094887363, 5.129283016944966, 5.044394119358453, 4.392317422778761, 5.20945336562895, 5.357552004618084, 5.0, 4.857980995127572, 4.087462841250339, 4.807354922057604, 4.459431618637297, 4.0, 4.087462841250339, 4.857980995127572, 4.700439718141093], [4.584962500721156, 4.169925001442312, 3.9068905956085187, 3.4594316186372973, 1.584962500721156, 2.807354922057604, 3.584962500721156, 4.523561956057013, 4.584962500721156, 4.523561956057013, 5.584962500721156, 5.285402218862249, 5.169925001442312, 5.392317422778761, 5.247927513443585, 5.20945336562895, 4.247927513443585, 4.807354922057604, 4.954196310386875, 4.584962500721156, 4.700439718141093, 4.700439718141093, 4.906890595608519, 4.807354922057604], [4.321928094887363, 4.0, 3.169925001442312, 1.584962500721156, 2.584962500721156, 3.169925001442312, 3.321928094887362, 4.459431618637297, 5.0, 4.807354922057604, 5.357552004618084, 4.807354922057604, 5.129283016944966, 4.700439718141093, 4.584962500721156, 4.584962500721156, 4.906890595608519, 3.9068905956085187, 4.459431618637297, 3.4594316186372973, 4.247927513443585, 3.9068905956085187, 5.285402218862249, 4.754887502163468], [4.0, 3.169925001442312, 4.169925001442312, 3.169925001442312, 3.4594316186372973, 2.807354922057604, 3.9068905956085187, 3.807354922057604, 5.285402218862249, 4.523561956057013, 4.857980995127572, 4.857980995127572, 4.523561956057013, 4.906890595608519, 4.807354922057604, 5.0, 4.459431618637297, 4.392317422778761, 5.169925001442312, 4.087462841250339, 4.643856189774724, 4.807354922057604, 4.807354922057604, 4.087462841250339]]}