{"min": 0, "max": 11.791569912126878, "pieData": [[3.700439718141092, 2.0, 2.807354922057604, 3.0, 1.0, 1.0, 2.321928094887362, 3.807354922057604, 4.643856189774724, 4.459431618637297, 3.9068905956085187, 3.0, 4.0, 4.321928094887363, 4.087462841250339, 4.459431618637297, 3.9068905956085187, 3.9068905956085187, 3.169925001442312, 2.321928094887362, 3.321928094887362, 4.247927513443585, 3.584962500721156, 4.0], [3.700439718141092, 3.169925001442312, 3.169925001442312, 1.0, 2.0, 2.321928094887362, 1.584962500721156, 4.169925001442312, 4.807354922057604, 4.321928094887363, 4.0, 5.247927513443585, 4.169925001442312, 3.4594316186372973, 4.087462841250339, 4.700439718141093, 4.087462841250339, 4.169925001442312, 3.321928094887362, 3.321928094887362, 3.584962500721156, 3.321928094887362, 3.4594316186372973, 4.392317422778761], [4.087462841250339, 2.321928094887362, 2.584962500721156, 3.0, 0.0, 1.0, 1.0, 2.807354922057604, 3.9068905956085187, 4.459431618637297, 3.584962500721156, 3.807354922057604, 3.807354922057604, 4.643856189774724, 4.0, 3.4594316186372973, 4.247927513443585, 3.169925001442312, 3.700439718141092, 3.169925001442312, 1.0, 4.321928094887363, 3.9068905956085187, 3.4594316186372973], [3.0, 3.700439718141092, 2.321928094887362, 2.584962500721156, 2.0, 2.0, 1.0, 3.4594316186372973, 4.087462841250339, 4.754887502163468, 4.392317422778761, 4.321928094887363, 3.700439718141092, 4.087462841250339, 3.700439718141092, 3.584962500721156, 3.807354922057604, 3.169925001442312, 0.0, 2.807354922057604, 3.700439718141092, 4.087462841250339, 3.807354922057604, 3.807354922057604], [3.169925001442312, 2.0, 3.321928094887362, 2.0, 2.0, 1.0, 2.0, 3.4594316186372973, 3.169925001442312, 4.584962500721156, 4.0, 4.700439718141093, 3.169925001442312, 4.321928094887363, 3.9068905956085187, 3.700439718141092, 4.0, 3.807354922057604, 3.0, 3.0, 3.321928094887362, 2.807354922057604, 4.087462841250339, 3.807354922057604], [3.9068905956085187, 3.9068905956085187, 2.321928094887362, 2.321928094887362, 1.584962500721156, 2.321928094887362, 1.584962500721156, 3.169925001442312, 4.247927513443585, 4.169925001442312, 3.807354922057604, 4.321928094887363, 3.0, 2.584962500721156, 3.321928094887362, 2.807354922057604, 3.807354922057604, 3.4594316186372973, 3.321928094887362, 3.4594316186372973, 3.700439718141092, 3.584962500721156, 4.087462841250339, 5.129283016944966], [3.584962500721156, 3.807354922057604, 3.584962500721156, 3.0, 2.584962500721156, 2.584962500721156, 1.0, 3.321928094887362, 2.807354922057604, 3.584962500721156, 3.0, 3.700439718141092, 3.4594316186372973, 3.169925001442312, 2.584962500721156, 3.4594316186372973, 2.807354922057604, 3.169925001442312, 4.0, 3.4594316186372973, 3.9068905956085187, 3.4594316186372973, 4.392317422778761, 4.0]]}