{"min": 0, "max": 11.791569912126878, "pieData": [[4.321928094887363, 3.700439718141092, 3.321928094887362, 4.459431618637297, 2.0, 3.169925001442312, 4.247927513443585, 4.0, 4.459431618637297, 5.169925001442312, 5.0, 4.584962500721156, 4.857980995127572, 4.857980995127572, 5.087462841250339, 4.954196310386875, 4.906890595608519, 3.9068905956085187, 4.906890595608519, 3.700439718141092, 3.807354922057604, 4.321928094887363, 5.169925001442312, 4.321928094887363], [4.392317422778761, 2.807354922057604, 3.0, 2.807354922057604, 3.321928094887362, 2.321928094887362, 3.807354922057604, 4.523561956057013, 5.321928094887363, 3.9068905956085187, 3.9068905956085187, 4.321928094887363, 3.700439718141092, 4.321928094887363, 4.700439718141093, 5.0, 5.285402218862249, 4.906890595608519, 5.285402218862249, 4.0, 5.087462841250339, 4.906890595608519, 4.523561956057013, 4.0], [3.9068905956085187, 4.0, 2.584962500721156, 3.321928094887362, 2.584962500721156, 5.087462841250339, 6.044394119358453, 6.066089190457772, 5.459431618637297, 4.0, 4.906890595608519, 4.321928094887363, 4.584962500721156, 4.169925001442312, 5.0, 5.20945336562895, 5.044394119358453, 5.0, 4.392317422778761, 4.321928094887363, 1.584962500721156, 3.9068905956085187, 4.643856189774724, 4.857980995127572], [4.392317422778761, 3.584962500721156, 4.247927513443585, 5.491853096329675, 5.954196310386875, 5.832890014164741, 5.906890595608519, 6.303780748177103, 5.087462841250339, 4.169925001442312, 4.087462841250339, 4.857980995127572, 4.584962500721156, 4.392317422778761, 5.321928094887363, 5.285402218862249, 5.129283016944966, 5.129283016944966, 4.523561956057013, 4.643856189774724, 4.087462841250339, 4.247927513443585, 3.169925001442312, 4.700439718141093], [4.321928094887363, 3.584962500721156, 3.4594316186372973, 3.4594316186372973, 6.108524456778169, 5.906890595608519, 6.0, 5.584962500721156, 4.643856189774724, 4.906890595608519, 4.807354922057604, 4.754887502163468, 4.321928094887363, 4.857980995127572, 5.0, 5.0, 4.857980995127572, 4.247927513443585, 4.247927513443585, 4.0, 3.807354922057604, 4.906890595608519, 4.169925001442312, 4.584962500721156], [4.247927513443585, 4.0, 3.0, 5.614709844115208, 5.857980995127572, 5.700439718141093, 5.807354922057604, 4.906890595608519, 3.9068905956085187, 3.584962500721156, 4.392317422778761, 4.0, 3.584962500721156, 3.700439718141092, 4.392317422778761, 4.643856189774724, 3.9068905956085187, 4.087462841250339, 3.9068905956085187, 3.807354922057604, 3.807354922057604, 3.807354922057604, 4.459431618637297, 4.087462841250339], [4.321928094887363, 4.247927513443585, 3.700439718141092, 4.392317422778761, 4.169925001442312, 4.169925001442312, 4.392317422778761, 4.392317422778761, 4.807354922057604, 4.584962500721156, 4.523561956057013, 4.087462841250339, 4.643856189774724, 3.4594316186372973, 4.392317422778761, 4.857980995127572, 4.807354922057604, 4.247927513443585, 5.129283016944966, 4.584962500721156, 4.754887502163468, 4.523561956057013, 3.9068905956085187, 4.807354922057604]]}