{"min": 0, "max": 11.791569912126878, "pieData": [[8.791162888555018, 7.807354922057604, 7.2384047393250786, 7.20945336562895, 6.357552004618084, 6.918863237274595, 8.842350343413807, 9.019590728357882, 8.194756854422248, 8.285402218862249, 8.794415866350105, 8.768184324776927, 8.900866807980748, 8.447083226209653, 8.870364719583405, 8.839203788096944, 8.927777962082342, 8.78135971352466, 8.60733031374961, 7.303780748177103, 8.611024797307353, 8.741466986401146, 8.353146825498083, 8.721099188707186], [8.290018846932618, 7.149747119504682, 4.459431618637297, 2.584962500721156, 3.700439718141092, 6.954196310386875, 8.791162888555018, 8.997179480937621, 8.011227255423254, 8.243173983472952, 8.73809225962049, 8.842350343413807, 8.897845456005511, 8.839203788096944, 8.968666793195208, 8.76487159073609, 8.829722735086058, 9.025139562278508, 8.566054038171092, 8.813781191217037, 8.483815777264256, 8.651051691178928, 8.066089190457772, 8.396604781181859], [8.451211111832329, 6.754887502163468, 5.392317422778761, 4.0, 3.169925001442312, 7.022367813028454, 8.693486957499324, 8.668884984266247, 7.857980995127572, 7.994353436858858, 8.539158811108031, 8.832890014164741, 8.63662462054365, 8.426264754702098, 8.550746785383243, 8.442943495848729, 8.618385502258606, 8.59618975614441, 8.344295907915816, 8.159871336778389, 5.614709844115208, 8.689997971419446, 8.038918989292302, 8.339850002884624], [8.430452551665532, 7.6865005271832185, 6.044394119358453, 2.584962500721156, 3.321928094887362, 6.672425341971495, 8.672425341971495, 8.487840033823051, 7.7615512324444795, 7.900866807980749, 8.285402218862249, 8.483815777264256, 8.519636252843213, 8.280770770130603, 8.370687406807217, 8.479780264029099, 8.546894459887637, 8.731319031025064, 8.599912842187127, 8.335390354693924, 8.29920801838728, 8.252665432450248, 8.280770770130603, 8.515699838284043], [8.507794640198696, 6.9886846867721655, 5.754887502163468, 3.321928094887362, 3.584962500721156, 6.7414669864011465, 8.531381460516313, 8.348728154231077, 7.622051819456376, 7.918863237274595, 7.9886846867721655, 8.413627929024173, 8.569855608330947, 8.46352437327118, 8.794415866350105, 8.696967526234287, 8.63662462054365, 8.562242424221072, 8.546894459887637, 8.388017285345136, 8.618385502258606, 8.370687406807217, 7.948367231584678, 8.31741261376487], [8.169925001442312, 8.129283016944967, 6.321928094887363, 5.954196310386875, 4.523561956057013, 6.491853096329675, 8.290018846932618, 8.276124405274238, 7.800899899920305, 7.876516946564999, 8.194756854422248, 8.330916878114618, 7.977279923499917, 7.6653359171851765, 8.092757140919852, 8.049848549450562, 8.344295907915816, 7.794415866350106, 8.0, 7.965784284662087, 7.882643049361842, 7.794415866350106, 7.451211111832329, 7.714245517666122], [7.721099188707186, 7.257387842692652, 5.426264754702098, 2.807354922057604, 2.584962500721156, 5.930737337562887, 7.900866807980749, 7.826548487290915, 7.434628227636725, 7.820178962415188, 8.139551352398794, 8.087462841250339, 8.285402218862249, 8.238404739325079, 8.487840033823051, 8.379378367071261, 8.479780264029099, 8.055282435501189, 8.361943773735241, 8.618385502258606, 8.483815777264256, 8.159871336778389, 7.9600019320680815, 8.370687406807217]]}