{"min": 0, "max": 11.791569912126878, "pieData": [[5.285402218862249, 4.857980995127572, 4.321928094887363, 3.807354922057604, 3.0, 3.169925001442312, 4.954196310386875, 5.0, 4.754887502163468, 4.087462841250339, 4.754887502163468, 4.857980995127572, 4.754887502163468, 4.643856189774724, 5.321928094887363, 5.247927513443585, 4.700439718141093, 5.247927513443585, 5.392317422778761, 3.9068905956085187, 4.643856189774724, 5.0, 5.044394119358453, 5.247927513443585], [3.700439718141092, 3.321928094887362, 2.321928094887362, 1.0, 2.0, 2.807354922057604, 4.321928094887363, 4.392317422778761, 3.584962500721156, 3.9068905956085187, 4.087462841250339, 4.954196310386875, 5.169925001442312, 4.807354922057604, 4.459431618637297, 4.807354922057604, 4.087462841250339, 4.169925001442312, 5.20945336562895, 4.321928094887363, 4.247927513443585, 4.906890595608519, 4.392317422778761, 5.0], [4.523561956057013, 4.0, 2.0, 2.321928094887362, 1.584962500721156, 2.321928094887362, 4.857980995127572, 4.459431618637297, 4.087462841250339, 4.321928094887363, 4.754887502163468, 4.857980995127572, 5.129283016944966, 4.643856189774724, 4.643856189774724, 4.523561956057013, 4.087462841250339, 5.044394119358453, 4.584962500721156, 4.459431618637297, 2.584962500721156, 5.044394119358453, 4.392317422778761, 5.087462841250339], [4.321928094887363, 3.4594316186372973, 1.584962500721156, 0.0, 0.0, 3.169925001442312, 4.169925001442312, 4.169925001442312, 4.169925001442312, 3.169925001442312, 3.9068905956085187, 4.247927513443585, 4.392317422778761, 3.9068905956085187, 4.321928094887363, 4.523561956057013, 4.523561956057013, 4.087462841250339, 5.087462841250339, 4.643856189774724, 4.247927513443585, 4.584962500721156, 4.392317422778761, 4.459431618637297], [4.643856189774724, 3.169925001442312, 3.4594316186372973, 3.321928094887362, 1.0, 3.700439718141092, 4.754887502163468, 3.700439718141092, 3.169925001442312, 3.4594316186372973, 3.584962500721156, 4.392317422778761, 5.044394119358453, 3.807354922057604, 4.247927513443585, 4.523561956057013, 4.807354922057604, 4.643856189774724, 5.169925001442312, 4.700439718141093, 5.087462841250339, 4.392317422778761, 3.700439718141092, 4.247927513443585], [3.700439718141092, 3.807354922057604, 2.0, 2.321928094887362, 1.584962500721156, 1.584962500721156, 3.9068905956085187, 3.9068905956085187, 3.4594316186372973, 3.807354922057604, 3.584962500721156, 3.807354922057604, 3.807354922057604, 3.807354922057604, 3.9068905956085187, 4.459431618637297, 4.321928094887363, 4.321928094887363, 4.087462841250339, 4.459431618637297, 4.392317422778761, 4.0, 4.169925001442312, 4.857980995127572], [4.087462841250339, 3.169925001442312, 2.321928094887362, 1.584962500721156, 0.0, 2.321928094887362, 3.807354922057604, 2.807354922057604, 3.321928094887362, 3.321928094887362, 4.0, 3.700439718141092, 4.643856189774724, 3.584962500721156, 4.459431618637297, 4.857980995127572, 4.584962500721156, 4.087462841250339, 4.169925001442312, 4.700439718141093, 4.0, 4.247927513443585, 4.087462841250339, 4.087462841250339]]}