{"min": 0, "max": 11.791569912126878, "pieData": [[7.20945336562895, 6.169925001442312, 5.754887502163468, 5.426264754702098, 4.954196310386875, 4.523561956057013, 6.569855608330948, 7.2384047393250786, 6.954196310386875, 7.22881869049588, 7.2384047393250786, 7.20945336562895, 7.266786540694901, 7.475733430966398, 7.303780748177103, 7.05528243550119, 7.357552004618084, 7.339850002884624, 7.491853096329675, 6.700439718141093, 7.247927513443585, 8.087462841250339, 7.851749041416058, 7.7615512324444795], [7.22881869049588, 6.794415866350106, 6.7414669864011465, 5.882643049361842, 4.807354922057604, 4.954196310386875, 6.22881869049588, 7.149747119504682, 7.22881869049588, 7.087462841250339, 7.499845887083206, 7.044394119358453, 7.2761244052742375, 6.9886846867721655, 7.357552004618084, 7.577428828035749, 7.400879436282184, 7.584962500721156, 7.467605550082998, 7.721099188707186, 7.700439718141093, 7.6865005271832185, 7.6293566200796095, 7.546894459887636], [7.169925001442312, 6.845490050944376, 6.189824558880018, 5.426264754702098, 4.459431618637297, 4.523561956057013, 5.727920454563199, 6.906890595608519, 6.94251450533924, 7.022367813028454, 7.330916878114617, 7.0, 6.820178962415188, 7.139551352398794, 7.2384047393250786, 7.569855608330948, 7.491853096329675, 7.129283016944966, 7.312882955284356, 7.366322214245816, 5.129283016944966, 7.592457037268081, 7.442943495848728, 7.257387842692652], [7.266786540694901, 6.78135971352466, 6.357552004618084, 5.857980995127572, 5.129283016944966, 5.0, 6.539158811108031, 7.011227255423254, 7.199672344836364, 7.2384047393250786, 6.918863237274595, 6.954196310386875, 6.754887502163468, 6.977279923499917, 7.383704292474052, 7.219168520462161, 7.531381460516312, 7.108524456778169, 7.714245517666122, 7.6653359171851765, 7.800899899920305, 7.531381460516312, 7.546894459887636, 7.531381460516312], [7.1799090900149345, 6.599912842187128, 6.169925001442312, 5.321928094887363, 4.754887502163468, 4.523561956057013, 6.149747119504682, 7.1799090900149345, 7.20945336562895, 7.266786540694901, 7.294620748891627, 7.3750394313469245, 7.0, 7.321928094887363, 7.2761244052742375, 7.247927513443585, 7.294620748891627, 7.066089190457772, 7.614709844115208, 7.383704292474052, 7.622051819456376, 7.7615512324444795, 7.592457037268081, 7.523561956057013], [7.2761244052742375, 7.0, 6.266786540694901, 5.584962500721156, 5.247927513443585, 5.523561956057013, 6.0, 6.754887502163468, 7.294620748891627, 7.03342300153745, 7.219168520462161, 7.2761244052742375, 6.820178962415188, 7.2384047393250786, 7.118941072723508, 7.247927513443585, 6.954196310386875, 7.467605550082998, 7.672425341971495, 7.491853096329675, 7.539158811108031, 7.6293566200796095, 7.515699838284043, 7.189824558880018], [7.011227255423254, 6.672425341971495, 6.554588851677638, 6.247927513443585, 5.087462841250339, 5.169925001442312, 5.807354922057604, 6.392317422778761, 6.794415866350106, 7.03342300153745, 7.05528243550119, 7.159871336778389, 7.321928094887363, 7.066089190457772, 7.076815597050831, 7.199672344836364, 7.139551352398794, 7.321928094887363, 7.357552004618084, 7.2384047393250786, 7.679480099505446, 7.417852514885898, 7.6293566200796095, 7.599912842187128]]}