{"min": 0, "max": 11.791569912126878, "pieData": [[6.768184324776926, 5.754887502163468, 6.129283016944966, 5.169925001442312, 4.700439718141093, 4.906890595608519, 5.523561956057013, 6.108524456778169, 6.714245517666122, 6.6293566200796095, 6.672425341971495, 6.599912842187128, 6.303780748177103, 6.20945336562895, 6.599912842187128, 6.643856189774724, 6.614709844115208, 6.189824558880018, 6.794415866350106, 5.78135971352466, 6.614709844115208, 7.22881869049588, 7.03342300153745, 7.303780748177103], [6.727920454563199, 6.303780748177103, 6.108524456778169, 5.614709844115208, 4.459431618637297, 4.392317422778761, 5.554588851677638, 6.303780748177103, 6.475733430966398, 6.539158811108031, 6.169925001442312, 6.643856189774724, 6.087462841250339, 6.614709844115208, 6.727920454563199, 6.321928094887363, 6.507794640198696, 6.189824558880018, 6.475733430966398, 6.794415866350106, 6.754887502163468, 6.894817763307944, 7.20945336562895, 7.1799090900149345], [6.392317422778761, 6.087462841250339, 6.303780748177103, 4.954196310386875, 4.247927513443585, 4.392317422778761, 4.954196310386875, 5.977279923499917, 6.247927513443585, 6.768184324776926, 6.022367813028454, 6.614709844115208, 6.087462841250339, 6.614709844115208, 6.768184324776926, 6.459431618637297, 6.247927513443585, 6.285402218862249, 6.7414669864011465, 6.507794640198696, 3.700439718141092, 6.870364719583405, 6.820178962415188, 7.011227255423254], [7.076815597050831, 6.491853096329675, 5.754887502163468, 5.129283016944966, 5.0, 4.584962500721156, 5.044394119358453, 6.22881869049588, 6.658211482751795, 6.643856189774724, 6.614709844115208, 6.339850002884624, 6.426264754702098, 6.409390936137702, 6.491853096329675, 6.189824558880018, 6.108524456778169, 6.285402218862249, 6.169925001442312, 6.906890595608519, 6.6865005271832185, 6.807354922057604, 7.118941072723508, 7.03342300153745], [6.832890014164741, 6.539158811108031, 6.169925001442312, 5.392317422778761, 4.459431618637297, 3.9068905956085187, 4.906890595608519, 6.0, 6.426264754702098, 6.599912842187128, 6.507794640198696, 6.321928094887363, 6.643856189774724, 6.539158811108031, 6.539158811108031, 6.169925001442312, 6.507794640198696, 6.22881869049588, 6.189824558880018, 6.569855608330948, 6.658211482751795, 6.807354922057604, 6.78135971352466, 7.312882955284356], [7.076815597050831, 6.614709844115208, 6.22881869049588, 5.20945336562895, 4.321928094887363, 4.643856189774724, 5.392317422778761, 5.857980995127572, 6.339850002884624, 6.189824558880018, 6.357552004618084, 6.247927513443585, 5.643856189774724, 5.672425341971495, 6.108524456778169, 6.285402218862249, 5.832890014164741, 6.169925001442312, 6.044394119358453, 6.6865005271832185, 6.6865005271832185, 6.768184324776926, 6.768184324776926, 7.05528243550119], [7.098032082960526, 7.044394119358453, 6.554588851677638, 5.882643049361842, 4.643856189774724, 4.754887502163468, 5.285402218862249, 5.247927513443585, 5.754887502163468, 6.066089190457772, 6.459431618637297, 6.20945336562895, 6.539158811108031, 6.507794640198696, 6.523561956057013, 6.285402218862249, 6.643856189774724, 6.507794640198696, 6.3750394313469245, 6.357552004618084, 6.6865005271832185, 7.247927513443585, 7.149747119504682, 7.285402218862249]]}