{"min": 0, "max": 11.791569912126878, "pieData": [[6.303780748177103, 5.857980995127572, 5.459431618637297, 4.169925001442312, 4.169925001442312, 4.321928094887363, 4.906890595608519, 5.807354922057604, 6.129283016944966, 6.285402218862249, 6.129283016944966, 5.977279923499917, 5.700439718141093, 6.0, 6.149747119504682, 6.022367813028454, 6.20945336562895, 6.149747119504682, 6.554588851677638, 5.285402218862249, 6.129283016944966, 6.614709844115208, 6.409390936137702, 6.475733430966398], [6.044394119358453, 5.554588851677638, 5.807354922057604, 5.044394119358453, 4.321928094887363, 3.584962500721156, 5.169925001442312, 5.321928094887363, 6.066089190457772, 5.882643049361842, 5.906890595608519, 5.930737337562887, 5.954196310386875, 5.392317422778761, 5.977279923499917, 5.754887502163468, 6.022367813028454, 5.882643049361842, 6.022367813028454, 6.169925001442312, 6.247927513443585, 6.0, 6.614709844115208, 6.321928094887363], [5.807354922057604, 5.643856189774724, 5.727920454563199, 5.20945336562895, 4.523561956057013, 3.700439718141092, 4.906890595608519, 5.392317422778761, 5.977279923499917, 5.906890595608519, 5.700439718141093, 5.882643049361842, 5.727920454563199, 5.78135971352466, 5.930737337562887, 5.832890014164741, 5.906890595608519, 5.700439718141093, 6.022367813028454, 6.22881869049588, 3.807354922057604, 6.044394119358453, 6.22881869049588, 5.807354922057604], [5.906890595608519, 5.614709844115208, 5.357552004618084, 5.20945336562895, 3.807354922057604, 3.321928094887362, 3.9068905956085187, 5.807354922057604, 5.643856189774724, 5.882643049361842, 5.614709844115208, 5.832890014164741, 5.554588851677638, 5.832890014164741, 5.906890595608519, 6.108524456778169, 5.977279923499917, 5.807354922057604, 6.129283016944966, 6.794415866350106, 6.266786540694901, 6.129283016944966, 6.22881869049588, 6.6865005271832185], [5.906890595608519, 6.426264754702098, 6.599912842187128, 4.643856189774724, 4.392317422778761, 3.9068905956085187, 4.754887502163468, 5.614709844115208, 6.189824558880018, 6.3750394313469245, 6.0, 5.857980995127572, 5.977279923499917, 5.832890014164741, 5.930737337562887, 5.643856189774724, 6.022367813028454, 5.614709844115208, 6.0, 6.022367813028454, 6.129283016944966, 6.066089190457772, 6.3750394313469245, 6.409390936137702], [6.491853096329675, 5.906890595608519, 6.22881869049588, 5.392317422778761, 4.392317422778761, 3.9068905956085187, 4.906890595608519, 5.20945336562895, 6.20945336562895, 5.700439718141093, 5.727920454563199, 5.954196310386875, 5.857980995127572, 5.554588851677638, 5.459431618637297, 5.700439718141093, 5.700439718141093, 6.507794640198696, 6.189824558880018, 6.189824558880018, 6.189824558880018, 6.599912842187128, 6.475733430966398, 6.321928094887363], [6.475733430966398, 6.845490050944376, 6.247927513443585, 5.392317422778761, 4.700439718141093, 4.087462841250339, 4.807354922057604, 4.954196310386875, 5.285402218862249, 5.930737337562887, 6.129283016944966, 6.266786540694901, 5.906890595608519, 5.78135971352466, 5.832890014164741, 5.930737337562887, 6.022367813028454, 5.357552004618084, 6.129283016944966, 6.22881869049588, 6.392317422778761, 6.087462841250339, 6.044394119358453, 5.906890595608519]]}