{"min": 0, "max": 11.791569912126878, "pieData": [[5.129283016944966, 3.807354922057604, 2.584962500721156, 2.584962500721156, 2.807354922057604, 2.584962500721156, 4.523561956057013, 4.0, 4.807354922057604, 4.0, 4.523561956057013, 4.643856189774724, 4.523561956057013, 4.321928094887363, 4.700439718141093, 4.584962500721156, 3.9068905956085187, 4.523561956057013, 4.392317422778761, 2.584962500721156, 5.0, 5.321928094887363, 5.247927513443585, 5.169925001442312], [5.0, 3.4594316186372973, 3.700439718141092, 3.321928094887362, 2.321928094887362, 3.169925001442312, 3.0, 4.321928094887363, 4.392317422778761, 4.807354922057604, 5.044394119358453, 5.044394119358453, 4.754887502163468, 4.807354922057604, 4.906890595608519, 4.584962500721156, 4.954196310386875, 4.906890595608519, 5.044394119358453, 4.321928094887363, 5.044394119358453, 5.087462841250339, 5.906890595608519, 5.087462841250339], [4.523561956057013, 4.392317422778761, 3.321928094887362, 3.0, 1.584962500721156, 1.0, 2.807354922057604, 3.584962500721156, 4.247927513443585, 4.459431618637297, 4.247927513443585, 3.700439718141092, 3.9068905956085187, 4.754887502163468, 4.247927513443585, 4.247927513443585, 4.0, 4.321928094887363, 4.321928094887363, 4.169925001442312, 2.0, 4.584962500721156, 5.285402218862249, 5.832890014164741], [4.857980995127572, 3.700439718141092, 3.807354922057604, 2.321928094887362, 2.321928094887362, 2.807354922057604, 3.700439718141092, 3.169925001442312, 4.857980995127572, 4.906890595608519, 4.392317422778761, 3.807354922057604, 4.643856189774724, 4.459431618637297, 4.807354922057604, 4.857980995127572, 4.807354922057604, 4.857980995127572, 4.321928094887363, 4.321928094887363, 5.554588851677638, 4.954196310386875, 5.554588851677638, 5.584962500721156], [4.754887502163468, 4.523561956057013, 2.584962500721156, 2.584962500721156, 2.807354922057604, 2.0, 3.807354922057604, 3.4594316186372973, 4.321928094887363, 4.087462841250339, 4.857980995127572, 5.20945336562895, 4.169925001442312, 4.459431618637297, 4.754887502163468, 4.584962500721156, 4.700439718141093, 4.523561956057013, 4.0, 4.392317422778761, 5.0, 5.044394119358453, 5.643856189774724, 4.807354922057604], [4.643856189774724, 4.584962500721156, 4.169925001442312, 3.700439718141092, 1.584962500721156, 3.0, 3.700439718141092, 4.169925001442312, 4.954196310386875, 3.584962500721156, 4.643856189774724, 4.0, 4.169925001442312, 5.0, 4.087462841250339, 4.169925001442312, 4.523561956057013, 4.459431618637297, 4.584962500721156, 4.523561956057013, 4.857980995127572, 4.906890595608519, 5.169925001442312, 5.169925001442312], [4.700439718141093, 4.807354922057604, 3.584962500721156, 3.584962500721156, 3.0, 2.321928094887362, 2.584962500721156, 3.807354922057604, 3.4594316186372973, 3.584962500721156, 4.321928094887363, 4.247927513443585, 3.700439718141092, 4.392317422778761, 3.807354922057604, 4.392317422778761, 4.807354922057604, 4.643856189774724, 4.459431618637297, 4.754887502163468, 5.129283016944966, 5.169925001442312, 5.169925001442312, 5.044394119358453]]}