{"min": 0, "max": 11.791569912126878, "pieData": [[6.807354922057604, 6.321928094887363, 6.044394119358453, 4.906890595608519, 5.247927513443585, 5.0, 5.882643049361842, 5.882643049361842, 5.459431618637297, 6.7414669864011465, 6.523561956057013, 6.357552004618084, 6.672425341971495, 6.459431618637297, 6.754887502163468, 6.491853096329675, 6.643856189774724, 6.894817763307944, 6.78135971352466, 5.643856189774724, 6.6293566200796095, 7.539158811108031, 7.584962500721156, 7.426264754702098], [7.087462841250339, 6.6865005271832185, 5.882643049361842, 5.727920454563199, 4.584962500721156, 5.129283016944966, 6.247927513443585, 6.189824558880018, 6.022367813028454, 6.442943495848728, 6.954196310386875, 6.539158811108031, 6.459431618637297, 6.339850002884624, 6.845490050944376, 6.807354922057604, 6.714245517666122, 6.906890595608519, 6.965784284662087, 6.918863237274595, 7.22881869049588, 7.491853096329675, 7.584962500721156, 7.539158811108031], [6.918863237274595, 6.303780748177103, 5.977279923499917, 5.357552004618084, 4.954196310386875, 5.285402218862249, 5.247927513443585, 5.700439718141093, 5.672425341971495, 6.129283016944966, 6.247927513443585, 6.357552004618084, 6.3750394313469245, 6.022367813028454, 6.247927513443585, 6.3750394313469245, 6.882643049361842, 6.643856189774724, 6.584962500721156, 6.475733430966398, 4.169925001442312, 7.219168520462161, 7.383704292474052, 7.321928094887363], [7.076815597050831, 6.357552004618084, 5.882643049361842, 5.426264754702098, 5.357552004618084, 5.459431618637297, 5.727920454563199, 6.321928094887363, 6.066089190457772, 6.614709844115208, 6.357552004618084, 6.266786540694901, 6.20945336562895, 6.285402218862249, 6.569855608330948, 6.857980995127572, 6.727920454563199, 7.108524456778169, 6.475733430966398, 6.930737337562887, 7.159871336778389, 7.108524456778169, 7.2761244052742375, 7.20945336562895], [7.189824558880018, 6.768184324776926, 6.044394119358453, 5.78135971352466, 4.807354922057604, 4.700439718141093, 5.672425341971495, 6.266786540694901, 6.169925001442312, 6.672425341971495, 6.6293566200796095, 6.569855608330948, 6.392317422778761, 6.658211482751795, 6.6293566200796095, 6.169925001442312, 6.845490050944376, 6.820178962415188, 6.832890014164741, 6.754887502163468, 7.149747119504682, 7.294620748891627, 7.339850002884624, 7.515699838284043], [7.339850002884624, 6.870364719583405, 6.845490050944376, 6.303780748177103, 5.754887502163468, 5.643856189774724, 5.727920454563199, 6.189824558880018, 6.0, 5.977279923499917, 6.285402218862249, 6.6293566200796095, 6.426264754702098, 6.108524456778169, 6.22881869049588, 6.426264754702098, 6.569855608330948, 6.6293566200796095, 6.614709844115208, 6.459431618637297, 6.672425341971495, 7.0, 6.832890014164741, 7.169925001442312], [7.20945336562895, 6.6293566200796095, 6.554588851677638, 6.044394119358453, 5.727920454563199, 4.321928094887363, 5.672425341971495, 5.584962500721156, 6.087462841250339, 5.78135971352466, 6.409390936137702, 6.643856189774724, 7.022367813028454, 6.357552004618084, 6.442943495848728, 6.614709844115208, 6.614709844115208, 6.643856189774724, 6.6293566200796095, 6.658211482751795, 6.672425341971495, 7.219168520462161, 7.257387842692652, 7.417852514885898]]}