{"min": 0, "max": 11.791569912126878, "pieData": [[6.339850002884624, 5.700439718141093, 5.20945336562895, 4.459431618637297, 4.392317422778761, 4.392317422778761, 5.78135971352466, 6.321928094887363, 6.599912842187128, 6.339850002884624, 6.459431618637297, 6.247927513443585, 6.189824558880018, 6.129283016944966, 6.266786540694901, 6.599912842187128, 6.832890014164741, 6.266786540694901, 6.285402218862249, 5.459431618637297, 6.507794640198696, 7.2761244052742375, 7.257387842692652, 7.219168520462161], [6.392317422778761, 6.149747119504682, 5.247927513443585, 5.20945336562895, 3.584962500721156, 4.700439718141093, 5.169925001442312, 6.409390936137702, 6.807354922057604, 6.584962500721156, 6.614709844115208, 6.569855608330948, 6.3750394313469245, 6.22881869049588, 6.247927513443585, 6.3750394313469245, 6.6293566200796095, 6.459431618637297, 6.3750394313469245, 6.3750394313469245, 7.108524456778169, 7.357552004618084, 7.139551352398794, 7.1799090900149345], [6.614709844115208, 5.857980995127572, 5.426264754702098, 5.087462841250339, 4.523561956057013, 4.321928094887363, 5.491853096329675, 6.643856189774724, 6.569855608330948, 6.491853096329675, 6.044394119358453, 6.459431618637297, 6.189824558880018, 6.22881869049588, 6.189824558880018, 6.247927513443585, 6.614709844115208, 6.247927513443585, 6.321928094887363, 6.507794640198696, 3.4594316186372973, 7.087462841250339, 7.2761244052742375, 6.491853096329675], [6.339850002884624, 5.614709844115208, 5.554588851677638, 4.459431618637297, 4.169925001442312, 3.169925001442312, 5.392317422778761, 6.599912842187128, 6.820178962415188, 6.507794640198696, 6.339850002884624, 6.426264754702098, 5.977279923499917, 5.954196310386875, 5.954196310386875, 6.409390936137702, 6.285402218862249, 6.303780748177103, 6.285402218862249, 6.554588851677638, 6.870364719583405, 7.011227255423254, 7.1799090900149345, 6.857980995127572], [6.392317422778761, 6.044394119358453, 5.459431618637297, 4.754887502163468, 4.392317422778761, 4.169925001442312, 5.392317422778761, 6.285402218862249, 6.459431618637297, 6.768184324776926, 6.20945336562895, 6.426264754702098, 6.426264754702098, 6.357552004618084, 6.266786540694901, 6.442943495848728, 6.507794640198696, 6.554588851677638, 6.303780748177103, 6.426264754702098, 6.965784284662087, 7.076815597050831, 6.882643049361842, 7.108524456778169], [6.807354922057604, 6.357552004618084, 5.977279923499917, 5.0, 4.584962500721156, 4.754887502163468, 5.20945336562895, 6.658211482751795, 6.507794640198696, 6.339850002884624, 6.845490050944376, 6.554588851677638, 5.832890014164741, 6.087462841250339, 6.247927513443585, 6.20945336562895, 6.087462841250339, 6.554588851677638, 6.266786540694901, 6.6865005271832185, 6.700439718141093, 7.044394119358453, 6.6865005271832185, 6.882643049361842], [6.539158811108031, 6.169925001442312, 5.754887502163468, 5.247927513443585, 4.169925001442312, 4.247927513443585, 5.0, 5.584962500721156, 5.584962500721156, 5.977279923499917, 6.459431618637297, 6.247927513443585, 6.392317422778761, 6.523561956057013, 6.303780748177103, 6.523561956057013, 6.357552004618084, 6.507794640198696, 5.977279923499917, 6.491853096329675, 6.930737337562887, 7.0, 7.159871336778389, 6.930737337562887]]}