{"min": 0, "max": 11.791569912126878, "pieData": [[5.357552004618084, 4.584962500721156, 4.169925001442312, 3.700439718141092, 3.9068905956085187, 3.807354922057604, 4.584962500721156, 4.954196310386875, 5.584962500721156, 5.700439718141093, 5.247927513443585, 5.247927513443585, 5.169925001442312, 5.727920454563199, 5.044394119358453, 5.523561956057013, 5.0, 5.087462841250339, 5.392317422778761, 3.169925001442312, 5.459431618637297, 6.087462841250339, 6.169925001442312, 6.149747119504682], [5.643856189774724, 4.954196310386875, 4.247927513443585, 3.700439718141092, 3.584962500721156, 2.584962500721156, 4.087462841250339, 5.247927513443585, 5.614709844115208, 5.672425341971495, 5.523561956057013, 5.20945336562895, 5.584962500721156, 5.0, 5.20945336562895, 5.392317422778761, 5.169925001442312, 5.977279923499917, 5.459431618637297, 5.20945336562895, 5.78135971352466, 6.149747119504682, 6.321928094887363, 6.044394119358453], [6.087462841250339, 5.285402218862249, 4.459431618637297, 3.700439718141092, 1.0, 3.0, 3.700439718141092, 4.392317422778761, 5.392317422778761, 5.0, 5.129283016944966, 5.20945336562895, 4.523561956057013, 5.321928094887363, 5.169925001442312, 5.129283016944966, 5.247927513443585, 5.169925001442312, 5.491853096329675, 5.20945336562895, 2.0, 6.321928094887363, 6.066089190457772, 5.906890595608519], [5.491853096329675, 5.321928094887363, 4.584962500721156, 4.087462841250339, 3.321928094887362, 3.4594316186372973, 4.247927513443585, 4.584962500721156, 5.954196310386875, 5.392317422778761, 5.129283016944966, 5.727920454563199, 5.0, 5.754887502163468, 5.0, 5.426264754702098, 5.491853096329675, 4.906890595608519, 5.491853096329675, 5.087462841250339, 5.832890014164741, 6.321928094887363, 5.954196310386875, 5.78135971352466], [5.523561956057013, 4.954196310386875, 4.523561956057013, 4.169925001442312, 3.4594316186372973, 3.321928094887362, 4.392317422778761, 5.087462841250339, 5.977279923499917, 5.584962500721156, 5.614709844115208, 5.321928094887363, 5.426264754702098, 5.614709844115208, 5.672425341971495, 5.392317422778761, 5.643856189774724, 5.247927513443585, 5.523561956057013, 5.285402218862249, 5.857980995127572, 6.169925001442312, 5.906890595608519, 6.22881869049588], [5.930737337562887, 5.459431618637297, 4.643856189774724, 4.584962500721156, 3.584962500721156, 3.584962500721156, 4.584962500721156, 5.0, 5.643856189774724, 5.247927513443585, 5.321928094887363, 5.491853096329675, 5.129283016944966, 5.554588851677638, 5.087462841250339, 5.129283016944966, 4.954196310386875, 5.129283016944966, 5.392317422778761, 5.169925001442312, 5.20945336562895, 5.491853096329675, 5.727920454563199, 6.20945336562895], [5.614709844115208, 5.247927513443585, 4.807354922057604, 4.0, 3.700439718141092, 3.584962500721156, 3.807354922057604, 4.807354922057604, 4.754887502163468, 5.044394119358453, 5.357552004618084, 5.459431618637297, 5.0, 5.0, 4.700439718141093, 5.321928094887363, 5.285402218862249, 5.491853096329675, 5.285402218862249, 5.129283016944966, 5.727920454563199, 6.108524456778169, 6.087462841250339, 6.129283016944966]]}