{"min": 0, "max": 11.791569912126878, "pieData": [[5.392317422778761, 4.857980995127572, 4.754887502163468, 4.247927513443585, 2.584962500721156, 3.4594316186372973, 4.459431618637297, 5.247927513443585, 5.807354922057604, 6.0, 5.554588851677638, 5.247927513443585, 4.807354922057604, 4.954196310386875, 5.247927513443585, 5.930737337562887, 5.614709844115208, 5.044394119358453, 5.643856189774724, 2.321928094887362, 4.700439718141093, 5.977279923499917, 6.022367813028454, 6.066089190457772], [5.357552004618084, 5.129283016944966, 4.169925001442312, 4.392317422778761, 3.321928094887362, 2.807354922057604, 4.523561956057013, 4.906890595608519, 5.459431618637297, 5.832890014164741, 5.614709844115208, 5.321928094887363, 5.129283016944966, 5.044394119358453, 5.20945336562895, 5.977279923499917, 5.523561956057013, 5.247927513443585, 5.044394119358453, 5.523561956057013, 5.672425341971495, 5.554588851677638, 6.044394119358453, 5.857980995127572], [5.357552004618084, 4.807354922057604, 4.087462841250339, 3.584962500721156, 3.169925001442312, 3.169925001442312, 4.087462841250339, 4.807354922057604, 5.087462841250339, 5.169925001442312, 4.906890595608519, 4.906890595608519, 4.0, 4.643856189774724, 4.807354922057604, 4.754887502163468, 5.087462841250339, 5.087462841250339, 5.087462841250339, 4.807354922057604, 2.0, 6.149747119504682, 5.727920454563199, 6.0], [5.357552004618084, 5.20945336562895, 4.700439718141093, 4.584962500721156, 2.0, 3.0, 3.9068905956085187, 5.129283016944966, 5.614709844115208, 5.247927513443585, 5.129283016944966, 5.392317422778761, 4.700439718141093, 5.554588851677638, 5.247927513443585, 5.169925001442312, 5.247927513443585, 5.321928094887363, 4.954196310386875, 5.523561956057013, 5.954196310386875, 5.727920454563199, 6.108524456778169, 6.087462841250339], [5.754887502163468, 4.857980995127572, 3.9068905956085187, 4.247927513443585, 3.169925001442312, 3.0, 4.392317422778761, 5.0, 5.614709844115208, 5.426264754702098, 5.643856189774724, 5.357552004618084, 5.459431618637297, 5.392317422778761, 5.129283016944966, 5.087462841250339, 5.129283016944966, 5.392317422778761, 5.0, 5.285402218862249, 5.643856189774724, 5.672425341971495, 6.0, 6.066089190457772], [5.954196310386875, 4.807354922057604, 4.954196310386875, 4.0, 4.169925001442312, 2.584962500721156, 3.9068905956085187, 5.087462841250339, 5.426264754702098, 5.087462841250339, 5.700439718141093, 5.392317422778761, 5.285402218862249, 5.426264754702098, 5.357552004618084, 5.129283016944966, 4.459431618637297, 5.20945336562895, 5.643856189774724, 5.0, 5.0, 5.832890014164741, 6.321928094887363, 5.321928094887363], [5.807354922057604, 5.857980995127572, 5.169925001442312, 4.321928094887363, 4.392317422778761, 3.169925001442312, 3.321928094887362, 4.247927513443585, 4.459431618637297, 5.20945336562895, 4.807354922057604, 5.426264754702098, 4.754887502163468, 4.954196310386875, 5.20945336562895, 5.285402218862249, 5.523561956057013, 5.087462841250339, 5.459431618637297, 5.459431618637297, 5.727920454563199, 6.169925001442312, 5.584962500721156, 5.523561956057013]]}