{"min": 0, "max": 11.791569912126878, "pieData": [[5.977279923499917, 5.247927513443585, 4.643856189774724, 4.584962500721156, 4.247927513443585, 4.392317422778761, 5.392317422778761, 5.459431618637297, 5.643856189774724, 5.554588851677638, 4.954196310386875, 5.523561956057013, 5.672425341971495, 5.672425341971495, 5.321928094887363, 5.523561956057013, 6.022367813028454, 5.954196310386875, 5.754887502163468, 4.584962500721156, 6.0, 6.20945336562895, 6.321928094887363, 6.087462841250339], [6.129283016944966, 5.78135971352466, 5.459431618637297, 4.0, 3.9068905956085187, 4.087462841250339, 4.807354922057604, 4.954196310386875, 5.584962500721156, 5.357552004618084, 5.700439718141093, 5.247927513443585, 5.882643049361842, 5.643856189774724, 5.614709844115208, 6.066089190457772, 5.727920454563199, 5.954196310386875, 5.357552004618084, 6.108524456778169, 6.022367813028454, 6.066089190457772, 6.475733430966398, 6.108524456778169], [5.857980995127572, 5.392317422778761, 4.700439718141093, 3.9068905956085187, 4.523561956057013, 2.584962500721156, 4.807354922057604, 5.0, 5.087462841250339, 5.044394119358453, 5.426264754702098, 5.247927513443585, 5.20945336562895, 5.523561956057013, 5.426264754702098, 5.285402218862249, 5.247927513443585, 5.857980995127572, 5.285402218862249, 5.087462841250339, 3.584962500721156, 6.303780748177103, 6.169925001442312, 5.977279923499917], [5.906890595608519, 6.189824558880018, 5.321928094887363, 4.087462841250339, 4.523561956057013, 4.169925001442312, 5.554588851677638, 5.643856189774724, 5.169925001442312, 5.285402218862249, 5.78135971352466, 5.754887502163468, 5.459431618637297, 5.857980995127572, 5.832890014164741, 5.700439718141093, 5.857980995127572, 5.459431618637297, 5.832890014164741, 5.78135971352466, 6.0, 6.599912842187128, 6.554588851677638, 6.459431618637297], [5.977279923499917, 5.754887502163468, 5.357552004618084, 4.247927513443585, 3.807354922057604, 4.169925001442312, 5.169925001442312, 5.584962500721156, 5.426264754702098, 5.614709844115208, 5.426264754702098, 5.727920454563199, 5.321928094887363, 6.0, 6.044394119358453, 6.247927513443585, 5.977279923499917, 5.832890014164741, 6.426264754702098, 5.614709844115208, 6.321928094887363, 6.20945336562895, 6.087462841250339, 6.409390936137702], [6.247927513443585, 5.807354922057604, 5.882643049361842, 4.523561956057013, 4.247927513443585, 4.523561956057013, 5.247927513443585, 5.807354922057604, 5.321928094887363, 5.459431618637297, 5.807354922057604, 5.906890595608519, 5.700439718141093, 5.807354922057604, 5.426264754702098, 5.426264754702098, 5.700439718141093, 6.266786540694901, 5.754887502163468, 5.857980995127572, 5.882643049361842, 6.266786540694901, 6.285402218862249, 6.108524456778169], [6.022367813028454, 6.189824558880018, 5.727920454563199, 4.321928094887363, 4.754887502163468, 4.321928094887363, 4.700439718141093, 5.426264754702098, 5.906890595608519, 5.584962500721156, 5.643856189774724, 5.857980995127572, 5.169925001442312, 5.672425341971495, 5.285402218862249, 5.807354922057604, 5.672425341971495, 5.882643049361842, 5.857980995127572, 5.700439718141093, 6.066089190457772, 6.20945336562895, 6.409390936137702, 6.129283016944966]]}