{"min": 0, "max": 11.791569912126878, "pieData": [[5.20945336562895, 4.0, 3.807354922057604, 3.321928094887362, 2.807354922057604, 4.169925001442312, 4.459431618637297, 5.459431618637297, 5.700439718141093, 5.727920454563199, 5.78135971352466, 5.129283016944966, 5.285402218862249, 5.523561956057013, 5.523561956057013, 5.426264754702098, 5.285402218862249, 5.643856189774724, 5.554588851677638, 4.857980995127572, 5.0, 6.022367813028454, 5.614709844115208, 5.20945336562895], [5.087462841250339, 4.643856189774724, 4.087462841250339, 3.169925001442312, 2.0, 3.9068905956085187, 3.700439718141092, 5.044394119358453, 5.357552004618084, 5.169925001442312, 5.20945336562895, 5.554588851677638, 5.426264754702098, 5.087462841250339, 5.523561956057013, 5.491853096329675, 5.321928094887363, 5.321928094887363, 5.523561956057013, 5.321928094887363, 5.087462841250339, 5.285402218862249, 5.169925001442312, 4.807354922057604], [4.584962500721156, 4.0, 4.0, 2.807354922057604, 3.169925001442312, 3.321928094887362, 4.0, 4.0, 5.0, 4.700439718141093, 5.392317422778761, 5.169925001442312, 4.857980995127572, 4.700439718141093, 5.321928094887363, 4.857980995127572, 5.727920454563199, 5.169925001442312, 4.954196310386875, 5.357552004618084, 3.700439718141092, 5.554588851677638, 5.0, 5.20945336562895], [5.044394119358453, 4.087462841250339, 4.247927513443585, 3.169925001442312, 3.169925001442312, 4.087462841250339, 2.807354922057604, 4.392317422778761, 4.392317422778761, 4.754887502163468, 4.700439718141093, 4.906890595608519, 4.584962500721156, 4.247927513443585, 4.700439718141093, 5.247927513443585, 4.643856189774724, 5.087462841250339, 5.357552004618084, 4.754887502163468, 4.700439718141093, 5.392317422778761, 5.584962500721156, 4.906890595608519], [4.906890595608519, 4.584962500721156, 4.247927513443585, 3.9068905956085187, 2.321928094887362, 3.4594316186372973, 3.4594316186372973, 5.044394119358453, 5.392317422778761, 5.727920454563199, 5.392317422778761, 5.426264754702098, 5.087462841250339, 5.357552004618084, 5.426264754702098, 5.321928094887363, 5.700439718141093, 5.357552004618084, 5.129283016944966, 5.357552004618084, 5.584962500721156, 5.523561956057013, 5.0, 5.169925001442312], [4.247927513443585, 4.857980995127572, 4.392317422778761, 3.584962500721156, 3.169925001442312, 3.0, 4.087462841250339, 4.459431618637297, 4.906890595608519, 5.087462841250339, 5.727920454563199, 5.0, 5.459431618637297, 4.954196310386875, 5.523561956057013, 5.459431618637297, 5.044394119358453, 5.491853096329675, 5.459431618637297, 5.392317422778761, 5.357552004618084, 5.700439718141093, 5.754887502163468, 5.20945336562895], [5.554588851677638, 5.087462841250339, 4.584962500721156, 3.807354922057604, 3.321928094887362, 3.584962500721156, 3.0, 4.459431618637297, 4.584962500721156, 5.321928094887363, 4.954196310386875, 5.491853096329675, 5.129283016944966, 5.584962500721156, 5.754887502163468, 5.78135971352466, 5.614709844115208, 5.169925001442312, 5.20945336562895, 5.554588851677638, 5.614709844115208, 5.459431618637297, 5.285402218862249, 5.087462841250339]]}