{"min": 0, "max": 11.791569912126878, "pieData": [[5.044394119358453, 4.584962500721156, 5.087462841250339, 3.4594316186372973, 3.321928094887362, 3.807354922057604, 4.0, 3.700439718141092, 4.0, 5.044394119358453, 4.087462841250339, 3.9068905956085187, 4.954196310386875, 4.169925001442312, 4.0, 4.169925001442312, 5.0, 3.9068905956085187, 4.392317422778761, 3.321928094887362, 4.584962500721156, 5.672425341971495, 6.392317422778761, 5.727920454563199], [5.584962500721156, 5.392317422778761, 5.0, 4.247927513443585, 3.169925001442312, 2.0, 3.700439718141092, 4.0, 3.4594316186372973, 4.247927513443585, 4.087462841250339, 4.247927513443585, 4.584962500721156, 4.523561956057013, 4.247927513443585, 4.321928094887363, 4.392317422778761, 4.0, 4.906890595608519, 5.459431618637297, 4.643856189774724, 5.78135971352466, 6.129283016944966, 5.977279923499917], [5.832890014164741, 5.285402218862249, 4.459431618637297, 3.9068905956085187, 3.700439718141092, 3.9068905956085187, 3.169925001442312, 3.169925001442312, 3.700439718141092, 4.321928094887363, 4.087462841250339, 3.321928094887362, 3.321928094887362, 4.087462841250339, 4.643856189774724, 4.584962500721156, 4.0, 4.321928094887363, 4.523561956057013, 4.087462841250339, 2.321928094887362, 5.584962500721156, 6.129283016944966, 5.930737337562887], [5.426264754702098, 5.169925001442312, 4.523561956057013, 3.321928094887362, 4.321928094887363, 3.4594316186372973, 3.807354922057604, 4.247927513443585, 4.169925001442312, 4.0, 3.807354922057604, 4.0, 3.9068905956085187, 3.9068905956085187, 4.523561956057013, 4.169925001442312, 4.584962500721156, 4.0, 4.321928094887363, 4.807354922057604, 5.169925001442312, 5.614709844115208, 5.491853096329675, 5.977279923499917], [5.857980995127572, 5.285402218862249, 3.9068905956085187, 4.321928094887363, 3.807354922057604, 2.807354922057604, 3.169925001442312, 4.392317422778761, 3.9068905956085187, 3.700439718141092, 4.523561956057013, 3.321928094887362, 3.9068905956085187, 4.247927513443585, 3.807354922057604, 4.754887502163468, 3.9068905956085187, 4.754887502163468, 4.247927513443585, 4.392317422778761, 5.247927513443585, 5.285402218862249, 5.754887502163468, 5.882643049361842], [5.643856189774724, 5.044394119358453, 4.857980995127572, 4.643856189774724, 4.247927513443585, 3.321928094887362, 4.321928094887363, 3.321928094887362, 4.247927513443585, 4.247927513443585, 3.9068905956085187, 4.087462841250339, 3.584962500721156, 4.321928094887363, 4.0, 3.807354922057604, 3.9068905956085187, 4.169925001442312, 4.807354922057604, 4.643856189774724, 5.129283016944966, 5.321928094887363, 5.0, 6.247927513443585], [5.78135971352466, 5.129283016944966, 4.700439718141093, 4.584962500721156, 4.0, 3.0, 4.169925001442312, 3.321928094887362, 3.584962500721156, 3.4594316186372973, 4.087462841250339, 4.584962500721156, 4.523561956057013, 4.459431618637297, 4.700439718141093, 4.807354922057604, 4.0, 4.459431618637297, 4.523561956057013, 3.700439718141092, 4.906890595608519, 5.20945336562895, 5.78135971352466, 5.954196310386875]]}