{"min": 0, "max": 11.791569912126878, "pieData": [[7.011227255423254, 6.169925001442312, 5.700439718141093, 5.20945336562895, 4.643856189774724, 5.20945336562895, 6.108524456778169, 6.930737337562887, 6.266786540694901, 6.845490050944376, 6.832890014164741, 6.392317422778761, 6.672425341971495, 6.714245517666122, 6.870364719583405, 6.857980995127572, 6.78135971352466, 6.954196310386875, 6.807354922057604, 5.832890014164741, 7.03342300153745, 7.592457037268081, 7.948367231584678, 7.622051819456376], [6.9886846867721655, 6.807354922057604, 5.930737337562887, 5.807354922057604, 4.087462841250339, 5.321928094887363, 6.189824558880018, 6.906890595608519, 6.3750394313469245, 6.6865005271832185, 6.714245517666122, 6.672425341971495, 6.794415866350106, 6.894817763307944, 6.754887502163468, 6.807354922057604, 6.820178962415188, 6.832890014164741, 7.011227255423254, 7.0, 7.507794640198696, 7.7414669864011465, 7.882643049361842, 7.672425341971495], [6.78135971352466, 6.339850002884624, 5.930737337562887, 5.426264754702098, 4.857980995127572, 4.906890595608519, 5.754887502163468, 6.643856189774724, 6.507794640198696, 6.409390936137702, 6.754887502163468, 6.339850002884624, 6.409390936137702, 6.321928094887363, 6.392317422778761, 6.820178962415188, 6.700439718141093, 6.6293566200796095, 6.845490050944376, 6.845490050944376, 4.247927513443585, 7.400879436282184, 7.882643049361842, 7.330916878114617], [7.257387842692652, 6.845490050944376, 6.392317422778761, 5.491853096329675, 4.954196310386875, 4.321928094887363, 5.954196310386875, 6.700439718141093, 6.475733430966398, 6.700439718141093, 6.569855608330948, 6.392317422778761, 6.7414669864011465, 6.339850002884624, 6.882643049361842, 6.768184324776926, 6.700439718141093, 6.857980995127572, 6.7414669864011465, 7.066089190457772, 7.592457037268081, 7.569855608330948, 7.679480099505446, 7.409390936137702], [7.139551352398794, 6.6293566200796095, 6.189824558880018, 5.832890014164741, 4.857980995127572, 5.285402218862249, 5.977279923499917, 6.459431618637297, 6.643856189774724, 6.845490050944376, 7.05528243550119, 6.475733430966398, 6.714245517666122, 7.03342300153745, 6.754887502163468, 6.7414669864011465, 6.321928094887363, 6.918863237274595, 6.832890014164741, 6.894817763307944, 7.417852514885898, 7.679480099505446, 7.60733031374961, 7.906890595608519], [7.417852514885898, 6.894817763307944, 6.820178962415188, 6.339850002884624, 5.044394119358453, 5.087462841250339, 5.426264754702098, 6.442943495848728, 6.754887502163468, 6.321928094887363, 6.491853096329675, 6.832890014164741, 6.569855608330948, 6.768184324776926, 6.491853096329675, 6.614709844115208, 6.714245517666122, 7.011227255423254, 6.930737337562887, 7.219168520462161, 7.118941072723508, 7.294620748891627, 7.539158811108031, 7.562242424221073], [7.189824558880018, 6.930737337562887, 6.392317422778761, 6.044394119358453, 5.20945336562895, 5.285402218862249, 5.584962500721156, 6.20945336562895, 6.569855608330948, 6.554588851677638, 6.6293566200796095, 6.857980995127572, 6.882643049361842, 6.954196310386875, 7.098032082960526, 7.139551352398794, 6.714245517666122, 6.599912842187128, 7.22881869049588, 6.857980995127572, 7.475733430966398, 7.357552004618084, 7.693486957499325, 7.467605550082998]]}