{"min": 0, "max": 11.791569912126878, "pieData": [[6.754887502163468, 6.442943495848728, 6.426264754702098, 5.643856189774724, 5.169925001442312, 5.321928094887363, 6.321928094887363, 6.409390936137702, 5.807354922057604, 6.087462841250339, 6.266786540694901, 6.022367813028454, 6.303780748177103, 6.643856189774724, 6.426264754702098, 6.459431618637297, 6.614709844115208, 6.554588851677638, 6.303780748177103, 5.129283016944966, 6.459431618637297, 7.011227255423254, 7.199672344836364, 7.285402218862249], [6.9886846867721655, 7.03342300153745, 6.507794640198696, 5.930737337562887, 4.906890595608519, 5.392317422778761, 6.066089190457772, 5.954196310386875, 6.087462841250339, 5.672425341971495, 5.977279923499917, 5.954196310386875, 6.426264754702098, 6.339850002884624, 6.768184324776926, 6.599912842187128, 6.7414669864011465, 6.442943495848728, 6.882643049361842, 6.599912842187128, 7.022367813028454, 6.820178962415188, 7.312882955284356, 7.1799090900149345], [7.108524456778169, 6.807354922057604, 6.303780748177103, 5.78135971352466, 5.087462841250339, 5.357552004618084, 5.954196310386875, 5.857980995127572, 5.930737337562887, 5.857980995127572, 5.977279923499917, 5.857980995127572, 5.78135971352466, 6.022367813028454, 6.303780748177103, 6.392317422778761, 6.714245517666122, 6.714245517666122, 6.20945336562895, 6.266786540694901, 4.247927513443585, 6.870364719583405, 7.139551352398794, 7.2761244052742375], [7.483815777264256, 7.149747119504682, 6.584962500721156, 6.727920454563199, 6.7414669864011465, 6.108524456778169, 5.832890014164741, 6.044394119358453, 5.614709844115208, 5.614709844115208, 6.20945336562895, 6.169925001442312, 5.832890014164741, 6.569855608330948, 6.22881869049588, 6.303780748177103, 6.569855608330948, 6.409390936137702, 6.672425341971495, 6.727920454563199, 7.312882955284356, 7.366322214245816, 7.348728154231077, 7.562242424221073], [7.20945336562895, 7.087462841250339, 6.714245517666122, 6.169925001442312, 5.523561956057013, 5.247927513443585, 5.584962500721156, 6.066089190457772, 5.882643049361842, 6.0, 6.442943495848728, 6.599912842187128, 5.584962500721156, 6.754887502163468, 6.599912842187128, 6.870364719583405, 6.584962500721156, 6.78135971352466, 6.672425341971495, 7.011227255423254, 7.383704292474052, 7.139551352398794, 7.219168520462161, 7.475733430966398], [7.312882955284356, 7.2761244052742375, 7.20945336562895, 6.20945336562895, 5.426264754702098, 5.700439718141093, 5.882643049361842, 5.754887502163468, 5.807354922057604, 5.930737337562887, 6.044394119358453, 6.0, 6.247927513443585, 6.303780748177103, 6.459431618637297, 6.3750394313469245, 6.491853096329675, 6.491853096329675, 6.614709844115208, 7.0, 7.20945336562895, 7.491853096329675, 7.392317422778761, 7.451211111832329], [7.169925001442312, 7.219168520462161, 6.894817763307944, 6.672425341971495, 6.066089190457772, 5.643856189774724, 5.584962500721156, 4.906890595608519, 5.523561956057013, 5.832890014164741, 6.087462841250339, 6.247927513443585, 5.78135971352466, 6.700439718141093, 6.426264754702098, 6.20945336562895, 6.6293566200796095, 6.768184324776926, 6.409390936137702, 6.930737337562887, 7.339850002884624, 7.357552004618084, 7.426264754702098, 7.2384047393250786]]}