{"min": 0, "max": 11.791569912126878, "pieData": [[8.252665432450248, 7.98299357469431, 7.507794640198696, 6.894817763307944, 6.285402218862249, 6.108524456778169, 7.366322214245816, 7.672425341971495, 6.9886846867721655, 7.417852514885898, 7.199672344836364, 7.330916878114617, 7.400879436282184, 7.392317422778761, 7.6653359171851765, 7.303780748177103, 7.348728154231077, 7.409390936137702, 7.383704292474052, 6.303780748177103, 7.149747119504682, 8.118941072723507, 8.214319120800766, 8.467605550082997], [8.290018846932618, 8.194756854422248, 7.7481928495894605, 7.087462841250339, 6.78135971352466, 6.189824558880018, 6.930737337562887, 7.451211111832329, 7.2384047393250786, 6.807354922057604, 7.1799090900149345, 7.2761244052742375, 7.2761244052742375, 7.523561956057013, 7.523561956057013, 7.20945336562895, 7.417852514885898, 7.330916878114617, 7.20945336562895, 7.515699838284043, 8.027905996569885, 7.882643049361842, 8.29920801838728, 8.361943773735241], [8.011227255423254, 7.98299357469431, 7.622051819456376, 7.20945336562895, 6.285402218862249, 6.189824558880018, 7.139551352398794, 6.894817763307944, 6.599912842187128, 7.2384047393250786, 7.03342300153745, 7.0, 7.20945336562895, 7.400879436282184, 7.499845887083206, 7.409390936137702, 7.1799090900149345, 7.20945336562895, 7.149747119504682, 6.930737337562887, 5.0, 7.9600019320680815, 8.199672344836364, 8.169925001442312], [8.247927513443585, 7.78135971352466, 7.523561956057013, 7.1799090900149345, 6.22881869049588, 5.832890014164741, 7.0, 7.499845887083206, 7.087462841250339, 7.303780748177103, 7.22881869049588, 7.539158811108031, 7.139551352398794, 7.169925001442312, 7.417852514885898, 7.475733430966398, 7.400879436282184, 7.312882955284356, 7.483815777264256, 7.60733031374961, 8.011227255423254, 8.060695931687555, 8.361943773735241, 8.507794640198696], [8.252665432450248, 8.0, 7.622051819456376, 7.199672344836364, 6.539158811108031, 6.20945336562895, 6.954196310386875, 7.523561956057013, 6.965784284662087, 7.118941072723508, 7.523561956057013, 7.451211111832329, 7.442943495848728, 7.515699838284043, 7.467605550082998, 7.599912842187128, 7.400879436282184, 7.129283016944966, 7.076815597050831, 7.392317422778761, 7.826548487290915, 8.233619676759702, 8.280770770130603, 8.243173983472952], [8.507794640198696, 8.169925001442312, 7.98299357469431, 7.599912842187128, 6.930737337562887, 6.0, 6.614709844115208, 7.348728154231077, 7.459431618637297, 7.3750394313469245, 7.199672344836364, 7.247927513443585, 7.044394119358453, 7.2384047393250786, 7.011227255423254, 7.129283016944966, 7.169925001442312, 7.087462841250339, 6.954196310386875, 7.257387842692652, 7.312882955284356, 7.832890014164741, 8.179909090014934, 8.219168520462162], [8.422064766172813, 8.087462841250339, 7.977279923499917, 7.330916878114617, 6.714245517666122, 6.087462841250339, 6.832890014164741, 6.845490050944376, 6.832890014164741, 7.189824558880018, 7.087462841250339, 6.906890595608519, 7.219168520462161, 7.219168520462161, 6.857980995127572, 7.348728154231077, 7.247927513443585, 7.03342300153745, 6.832890014164741, 7.2761244052742375, 7.813781191217037, 7.92481250360578, 8.055282435501189, 8.20945336562895]]}