{"min": 0, "max": 11.791569912126878, "pieData": [[7.139551352398794, 6.459431618637297, 5.78135971352466, 5.614709844115208, 4.643856189774724, 5.357552004618084, 6.614709844115208, 6.857980995127572, 6.794415866350106, 7.531381460516312, 7.383704292474052, 7.330916878114617, 7.066089190457772, 7.584962500721156, 7.417852514885898, 7.2761244052742375, 7.459431618637297, 7.20945336562895, 7.339850002884624, 5.977279923499917, 6.7414669864011465, 7.857980995127572, 7.787902559391432, 7.592457037268081], [7.189824558880018, 6.6865005271832185, 6.357552004618084, 5.954196310386875, 5.169925001442312, 5.169925001442312, 6.700439718141093, 6.894817763307944, 6.965784284662087, 7.285402218862249, 7.312882955284356, 6.794415866350106, 7.330916878114617, 7.554588851677638, 7.491853096329675, 7.417852514885898, 7.6865005271832185, 7.451211111832329, 7.312882955284356, 7.383704292474052, 7.562242424221073, 7.86418614465428, 7.562242424221073, 7.475733430966398], [6.832890014164741, 6.523561956057013, 6.087462841250339, 5.285402218862249, 5.247927513443585, 4.523561956057013, 5.78135971352466, 6.794415866350106, 6.954196310386875, 7.076815597050831, 7.383704292474052, 6.870364719583405, 6.906890595608519, 7.022367813028454, 6.857980995127572, 7.2761244052742375, 7.247927513443585, 7.129283016944966, 6.906890595608519, 6.965784284662087, 4.906890595608519, 7.7414669864011465, 7.539158811108031, 7.383704292474052], [7.312882955284356, 6.845490050944376, 6.321928094887363, 5.491853096329675, 4.643856189774724, 4.906890595608519, 5.906890595608519, 6.894817763307944, 7.011227255423254, 7.03342300153745, 7.294620748891627, 6.977279923499917, 7.129283016944966, 7.507794640198696, 7.087462841250339, 7.247927513443585, 7.20945336562895, 7.118941072723508, 7.076815597050831, 7.348728154231077, 7.554588851677638, 8.092757140919852, 7.86418614465428, 7.507794640198696], [7.257387842692652, 6.6293566200796095, 6.20945336562895, 6.0, 5.129283016944966, 5.392317422778761, 5.554588851677638, 6.9886846867721655, 7.199672344836364, 7.2384047393250786, 7.189824558880018, 7.569855608330948, 7.0, 7.330916878114617, 7.330916878114617, 7.467605550082998, 7.467605550082998, 7.149747119504682, 7.339850002884624, 7.2384047393250786, 7.539158811108031, 7.813781191217037, 7.918863237274595, 7.7481928495894605], [7.442943495848728, 7.0, 6.409390936137702, 5.906890595608519, 5.491853096329675, 4.857980995127572, 5.906890595608519, 6.807354922057604, 6.78135971352466, 7.129283016944966, 7.139551352398794, 7.22881869049588, 6.965784284662087, 7.066089190457772, 7.400879436282184, 7.339850002884624, 7.366322214245816, 6.9886846867721655, 7.348728154231077, 7.339850002884624, 7.348728154231077, 7.807354922057604, 7.614709844115208, 7.679480099505446], [7.499845887083206, 7.247927513443585, 6.977279923499917, 6.491853096329675, 5.78135971352466, 4.906890595608519, 5.247927513443585, 6.087462841250339, 6.9886846867721655, 6.807354922057604, 7.339850002884624, 7.169925001442312, 7.366322214245816, 6.930737337562887, 7.011227255423254, 7.339850002884624, 7.2761244052742375, 7.554588851677638, 7.1799090900149345, 7.159871336778389, 7.721099188707186, 7.876516946564999, 7.936637939002571, 7.78135971352466]]}