{"min": 0, "max": 11.791569912126878, "pieData": [[7.584962500721156, 6.9886846867721655, 6.442943495848728, 5.78135971352466, 5.523561956057013, 5.78135971352466, 6.523561956057013, 6.658211482751795, 7.129283016944966, 6.894817763307944, 7.321928094887363, 7.22881869049588, 6.754887502163468, 7.266786540694901, 7.562242424221073, 7.257387842692652, 7.3750394313469245, 7.087462841250339, 6.9886846867721655, 5.700439718141093, 7.22881869049588, 7.78135971352466, 7.714245517666122, 7.700439718141093], [7.475733430966398, 7.257387842692652, 7.05528243550119, 6.108524456778169, 5.247927513443585, 5.087462841250339, 6.066089190457772, 6.768184324776926, 6.965784284662087, 7.129283016944966, 7.108524456778169, 6.794415866350106, 7.2384047393250786, 7.357552004618084, 7.651051691178928, 7.285402218862249, 7.348728154231077, 7.1799090900149345, 6.672425341971495, 7.357552004618084, 7.592457037268081, 7.562242424221073, 7.800899899920305, 7.845490050944376], [7.539158811108031, 7.139551352398794, 6.569855608330948, 6.066089190457772, 5.459431618637297, 5.044394119358453, 5.807354922057604, 6.459431618637297, 6.584962500721156, 7.098032082960526, 7.312882955284356, 7.087462841250339, 6.9886846867721655, 6.954196310386875, 7.442943495848728, 7.20945336562895, 7.366322214245816, 7.05528243550119, 6.977279923499917, 6.727920454563199, 4.459431618637297, 7.672425341971495, 7.467605550082998, 7.539158811108031], [7.400879436282184, 7.066089190457772, 6.894817763307944, 6.285402218862249, 5.169925001442312, 4.700439718141093, 6.129283016944966, 6.599912842187128, 6.832890014164741, 7.118941072723508, 7.321928094887363, 7.20945336562895, 6.832890014164741, 7.05528243550119, 7.554588851677638, 7.491853096329675, 7.0, 7.066089190457772, 7.22881869049588, 7.076815597050831, 7.321928094887363, 7.774787059601174, 8.044394119358454, 7.794415866350106], [7.577428828035749, 7.189824558880018, 6.807354922057604, 5.857980995127572, 4.754887502163468, 5.0, 6.129283016944966, 6.554588851677638, 6.614709844115208, 7.129283016944966, 7.22881869049588, 7.491853096329675, 6.807354922057604, 7.400879436282184, 7.531381460516312, 7.577428828035749, 7.409390936137702, 6.78135971352466, 7.149747119504682, 7.022367813028454, 7.357552004618084, 7.569855608330948, 7.7073591320808825, 7.651051691178928], [7.60733031374961, 7.475733430966398, 6.930737337562887, 6.807354922057604, 5.832890014164741, 4.857980995127572, 5.754887502163468, 6.20945336562895, 7.087462841250339, 6.6293566200796095, 7.0, 7.087462841250339, 7.03342300153745, 6.965784284662087, 6.894817763307944, 6.845490050944376, 7.159871336778389, 7.076815597050831, 7.1799090900149345, 7.05528243550119, 7.285402218862249, 7.285402218862249, 7.539158811108031, 7.442943495848728], [7.643856189774724, 7.257387842692652, 7.1799090900149345, 6.491853096329675, 5.700439718141093, 5.357552004618084, 5.857980995127572, 6.022367813028454, 6.523561956057013, 6.794415866350106, 7.0, 7.108524456778169, 6.918863237274595, 6.6293566200796095, 6.78135971352466, 6.807354922057604, 7.0, 7.087462841250339, 6.894817763307944, 7.011227255423254, 7.159871336778389, 7.851749041416058, 7.870364719583405, 7.60733031374961]]}