{"min": 0, "max": 11.791569912126878, "pieData": [[3.807354922057604, 3.4594316186372973, 3.0, 1.0, 2.0, 2.0, 1.584962500721156, 3.807354922057604, 4.0, 4.857980995127572, 4.459431618637297, 4.392317422778761, 3.584962500721156, 4.247927513443585, 4.700439718141093, 4.523561956057013, 4.321928094887363, 4.857980995127572, 4.643856189774724, 2.584962500721156, 2.584962500721156, 4.087462841250339, 4.247927513443585, 4.321928094887363], [3.9068905956085187, 3.4594316186372973, 2.321928094887362, 2.584962500721156, 1.584962500721156, 3.0, 1.584962500721156, 3.807354922057604, 4.247927513443585, 4.392317422778761, 4.169925001442312, 4.247927513443585, 4.087462841250339, 4.087462841250339, 4.754887502163468, 4.643856189774724, 5.0, 4.392317422778761, 3.0, 4.247927513443585, 3.807354922057604, 4.459431618637297, 4.459431618637297, 4.247927513443585], [3.807354922057604, 3.321928094887362, 1.584962500721156, 2.0, 1.584962500721156, 1.584962500721156, 3.0, 3.0, 3.169925001442312, 4.459431618637297, 4.169925001442312, 3.9068905956085187, 3.321928094887362, 4.0, 4.392317422778761, 4.0, 4.584962500721156, 4.169925001442312, 3.9068905956085187, 3.584962500721156, 1.584962500721156, 3.807354922057604, 3.584962500721156, 4.087462841250339], [3.584962500721156, 3.807354922057604, 3.0, 2.321928094887362, 1.0, 2.0, 2.0, 3.0, 4.0, 3.807354922057604, 3.4594316186372973, 2.807354922057604, 2.584962500721156, 3.700439718141092, 4.0, 4.169925001442312, 4.087462841250339, 4.247927513443585, 3.700439718141092, 3.700439718141092, 4.0, 3.700439718141092, 4.169925001442312, 4.169925001442312], [3.9068905956085187, 3.807354922057604, 2.807354922057604, 2.321928094887362, 1.584962500721156, 2.0, 3.0, 3.4594316186372973, 4.392317422778761, 4.169925001442312, 4.169925001442312, 4.247927513443585, 3.584962500721156, 4.321928094887363, 4.584962500721156, 4.169925001442312, 4.523561956057013, 4.700439718141093, 3.169925001442312, 3.321928094887362, 4.459431618637297, 4.087462841250339, 3.807354922057604, 4.087462841250339], [3.169925001442312, 3.584962500721156, 3.0, 2.321928094887362, 2.584962500721156, 2.807354922057604, 2.584962500721156, 3.0, 4.459431618637297, 4.0, 3.700439718141092, 4.0, 4.247927513443585, 4.643856189774724, 4.392317422778761, 4.247927513443585, 3.4594316186372973, 4.247927513443585, 3.4594316186372973, 3.169925001442312, 3.700439718141092, 4.584962500721156, 4.169925001442312, 4.459431618637297], [4.0, 4.087462841250339, 4.169925001442312, 2.321928094887362, 1.584962500721156, 1.584962500721156, 2.584962500721156, 2.584962500721156, 3.700439718141092, 3.700439718141092, 3.9068905956085187, 4.247927513443585, 3.4594316186372973, 4.584962500721156, 4.321928094887363, 4.459431618637297, 4.321928094887363, 4.857980995127572, 4.643856189774724, 4.700439718141093, 4.392317422778761, 4.523561956057013, 4.700439718141093, 3.700439718141092]]}