{"min": 0, "max": 11.791569912126878, "pieData": [[5.643856189774724, 5.247927513443585, 4.523561956057013, 3.700439718141092, 3.321928094887362, 2.807354922057604, 3.321928094887362, 5.700439718141093, 6.321928094887363, 6.7414669864011465, 5.882643049361842, 5.672425341971495, 5.672425341971495, 5.459431618637297, 5.357552004618084, 5.321928094887363, 5.754887502163468, 5.832890014164741, 5.930737337562887, 4.754887502163468, 4.584962500721156, 5.906890595608519, 5.491853096329675, 5.20945336562895], [4.523561956057013, 4.247927513443585, 3.9068905956085187, 3.807354922057604, 3.584962500721156, 3.321928094887362, 3.169925001442312, 4.700439718141093, 5.906890595608519, 5.954196310386875, 5.643856189774724, 5.727920454563199, 4.754887502163468, 5.491853096329675, 5.643856189774724, 5.930737337562887, 5.78135971352466, 5.554588851677638, 4.906890595608519, 5.614709844115208, 5.247927513443585, 5.321928094887363, 5.321928094887363, 5.20945336562895], [5.554588851677638, 5.0, 3.9068905956085187, 3.4594316186372973, 2.584962500721156, 2.807354922057604, 3.700439718141092, 5.285402218862249, 5.857980995127572, 5.554588851677638, 5.882643049361842, 5.285402218862249, 4.459431618637297, 5.129283016944966, 5.087462841250339, 5.321928094887363, 5.20945336562895, 5.554588851677638, 5.087462841250339, 5.643856189774724, 3.4594316186372973, 5.523561956057013, 5.247927513443585, 5.044394119358453], [5.20945336562895, 4.807354922057604, 4.247927513443585, 3.9068905956085187, 3.169925001442312, 3.4594316186372973, 3.321928094887362, 5.426264754702098, 5.930737337562887, 5.044394119358453, 5.169925001442312, 4.643856189774724, 5.20945336562895, 4.584962500721156, 5.044394119358453, 5.554588851677638, 5.491853096329675, 5.169925001442312, 5.247927513443585, 5.614709844115208, 5.357552004618084, 5.169925001442312, 5.285402218862249, 5.321928094887363], [4.906890595608519, 4.754887502163468, 4.247927513443585, 2.321928094887362, 3.4594316186372973, 2.584962500721156, 3.169925001442312, 5.0, 6.129283016944966, 6.087462841250339, 5.614709844115208, 5.523561956057013, 4.523561956057013, 5.672425341971495, 5.614709844115208, 5.643856189774724, 5.554588851677638, 5.954196310386875, 5.727920454563199, 5.754887502163468, 5.247927513443585, 5.392317422778761, 5.459431618637297, 4.643856189774724], [5.087462841250339, 5.20945336562895, 4.643856189774724, 3.9068905956085187, 4.169925001442312, 3.0, 4.392317422778761, 5.357552004618084, 5.357552004618084, 5.700439718141093, 5.882643049361842, 5.129283016944966, 5.491853096329675, 5.554588851677638, 5.832890014164741, 5.459431618637297, 5.169925001442312, 5.672425341971495, 5.700439718141093, 5.700439718141093, 5.882643049361842, 5.700439718141093, 5.614709844115208, 5.169925001442312], [4.954196310386875, 4.754887502163468, 4.954196310386875, 4.0, 3.169925001442312, 2.321928094887362, 3.4594316186372973, 4.643856189774724, 5.247927513443585, 5.459431618637297, 5.832890014164741, 5.247927513443585, 5.392317422778761, 5.977279923499917, 5.78135971352466, 5.807354922057604, 5.614709844115208, 6.066089190457772, 5.523561956057013, 5.643856189774724, 5.754887502163468, 5.832890014164741, 5.0, 5.20945336562895]]}