{"min": 0, "max": 11.791569912126878, "pieData": [[6.459431618637297, 4.857980995127572, 5.169925001442312, 4.321928094887363, 4.321928094887363, 5.044394119358453, 6.584962500721156, 7.189824558880018, 6.409390936137702, 6.523561956057013, 6.584962500721156, 6.845490050944376, 6.807354922057604, 6.599912842187128, 6.658211482751795, 6.321928094887363, 7.139551352398794, 6.7414669864011465, 7.417852514885898, 5.672425341971495, 6.845490050944376, 7.312882955284356, 7.108524456778169, 7.05528243550119], [6.266786540694901, 5.554588851677638, 5.129283016944966, 4.523561956057013, 4.643856189774724, 4.700439718141093, 5.882643049361842, 7.0, 6.977279923499917, 6.714245517666122, 6.409390936137702, 6.584962500721156, 6.727920454563199, 6.807354922057604, 6.832890014164741, 6.754887502163468, 7.321928094887363, 7.108524456778169, 7.2761244052742375, 7.087462841250339, 7.139551352398794, 7.087462841250339, 7.149747119504682, 6.954196310386875], [6.149747119504682, 5.554588851677638, 4.321928094887363, 4.643856189774724, 3.584962500721156, 4.643856189774724, 5.857980995127572, 6.78135971352466, 6.507794640198696, 6.442943495848728, 6.3750394313469245, 6.247927513443585, 6.442943495848728, 6.108524456778169, 6.554588851677638, 6.714245517666122, 6.894817763307944, 6.94251450533924, 7.348728154231077, 6.754887502163468, 3.700439718141092, 6.845490050944376, 7.03342300153745, 6.794415866350106], [6.409390936137702, 5.643856189774724, 5.321928094887363, 5.20945336562895, 4.321928094887363, 4.584962500721156, 6.0, 6.554588851677638, 6.768184324776926, 6.6293566200796095, 6.768184324776926, 6.554588851677638, 6.303780748177103, 6.584962500721156, 6.507794640198696, 6.94251450533924, 7.05528243550119, 6.94251450533924, 7.483815777264256, 7.149747119504682, 6.832890014164741, 7.03342300153745, 7.149747119504682, 6.832890014164741], [6.3750394313469245, 5.614709844115208, 4.321928094887363, 4.459431618637297, 4.087462841250339, 4.523561956057013, 5.700439718141093, 6.820178962415188, 6.807354922057604, 6.523561956057013, 6.930737337562887, 6.807354922057604, 6.3750394313469245, 6.7414669864011465, 6.820178962415188, 6.845490050944376, 6.882643049361842, 7.257387842692652, 7.392317422778761, 7.515699838284043, 7.03342300153745, 6.882643049361842, 7.285402218862249, 7.011227255423254], [6.539158811108031, 6.066089190457772, 5.247927513443585, 5.044394119358453, 3.700439718141092, 5.044394119358453, 6.357552004618084, 6.78135971352466, 7.1799090900149345, 6.768184324776926, 6.584962500721156, 6.475733430966398, 6.459431618637297, 6.426264754702098, 6.807354922057604, 6.491853096329675, 6.794415866350106, 6.507794640198696, 6.700439718141093, 6.832890014164741, 6.918863237274595, 6.845490050944376, 6.930737337562887, 6.906890595608519], [6.6865005271832185, 5.614709844115208, 5.523561956057013, 5.357552004618084, 4.321928094887363, 5.0, 5.643856189774724, 6.285402218862249, 6.906890595608519, 6.820178962415188, 6.78135971352466, 6.672425341971495, 6.539158811108031, 6.247927513443585, 6.491853096329675, 6.768184324776926, 6.658211482751795, 6.6865005271832185, 6.882643049361842, 6.78135971352466, 7.0, 7.169925001442312, 7.199672344836364, 6.882643049361842]]}