{"min": 0, "max": 11.791569912126878, "pieData": [[4.857980995127572, 3.584962500721156, 2.807354922057604, 3.0, 2.584962500721156, 3.584962500721156, 4.906890595608519, 4.459431618637297, 3.584962500721156, 4.169925001442312, 4.459431618637297, 4.321928094887363, 4.584962500721156, 4.643856189774724, 4.523561956057013, 4.906890595608519, 4.906890595608519, 4.754887502163468, 4.807354922057604, 4.0, 5.321928094887363, 4.857980995127572, 5.807354922057604, 5.0], [4.807354922057604, 4.247927513443585, 3.807354922057604, 2.807354922057604, 2.807354922057604, 3.0, 3.584962500721156, 4.169925001442312, 4.523561956057013, 3.807354922057604, 4.700439718141093, 4.523561956057013, 4.643856189774724, 4.523561956057013, 4.321928094887363, 5.321928094887363, 5.129283016944966, 5.169925001442312, 5.169925001442312, 4.807354922057604, 5.554588851677638, 5.584962500721156, 5.554588851677638, 5.459431618637297], [5.20945336562895, 4.523561956057013, 4.0, 3.321928094887362, 2.0, 1.584962500721156, 4.0, 4.321928094887363, 3.807354922057604, 4.247927513443585, 4.087462841250339, 4.087462841250339, 4.754887502163468, 4.0, 3.584962500721156, 4.459431618637297, 5.20945336562895, 4.459431618637297, 5.459431618637297, 4.459431618637297, 2.0, 5.426264754702098, 5.426264754702098, 5.357552004618084], [4.321928094887363, 4.321928094887363, 4.169925001442312, 3.700439718141092, 3.4594316186372973, 2.807354922057604, 3.4594316186372973, 5.0, 4.321928094887363, 4.087462841250339, 4.584962500721156, 4.0, 4.459431618637297, 4.087462841250339, 4.392317422778761, 4.754887502163468, 4.857980995127572, 4.459431618637297, 5.321928094887363, 4.857980995127572, 5.754887502163468, 5.643856189774724, 5.491853096329675, 5.857980995127572], [5.044394119358453, 4.857980995127572, 3.169925001442312, 3.321928094887362, 3.321928094887362, 2.807354922057604, 3.807354922057604, 4.523561956057013, 4.0, 3.700439718141092, 4.857980995127572, 3.9068905956085187, 4.906890595608519, 4.169925001442312, 4.584962500721156, 4.906890595608519, 4.906890595608519, 4.643856189774724, 4.906890595608519, 4.807354922057604, 5.392317422778761, 5.459431618637297, 5.459431618637297, 5.672425341971495], [5.357552004618084, 4.754887502163468, 5.087462841250339, 4.169925001442312, 5.0, 4.087462841250339, 4.321928094887363, 4.169925001442312, 4.169925001442312, 4.584962500721156, 4.643856189774724, 4.807354922057604, 4.0, 4.247927513443585, 4.0, 4.643856189774724, 4.584962500721156, 4.247927513443585, 5.20945336562895, 4.954196310386875, 5.044394119358453, 5.044394119358453, 5.087462841250339, 4.954196310386875], [5.044394119358453, 4.459431618637297, 4.087462841250339, 3.4594316186372973, 2.584962500721156, 2.584962500721156, 3.700439718141092, 4.087462841250339, 4.247927513443585, 3.9068905956085187, 3.700439718141092, 4.954196310386875, 4.459431618637297, 4.087462841250339, 4.459431618637297, 5.321928094887363, 4.954196310386875, 4.087462841250339, 4.584962500721156, 4.754887502163468, 5.392317422778761, 5.426264754702098, 5.700439718141093, 5.087462841250339]]}