{"min": 0, "max": 11.791569912126878, "pieData": [[4.169925001442312, 4.392317422778761, 3.700439718141092, 3.4594316186372973, 2.321928094887362, 3.169925001442312, 4.321928094887363, 4.584962500721156, 3.807354922057604, 3.169925001442312, 3.807354922057604, 3.807354922057604, 3.169925001442312, 3.4594316186372973, 4.087462841250339, 4.087462841250339, 4.0, 4.087462841250339, 4.247927513443585, 2.584962500721156, 4.247927513443585, 4.807354922057604, 5.321928094887363, 5.392317422778761], [5.392317422778761, 4.087462841250339, 3.4594316186372973, 3.0, 3.0, 2.584962500721156, 3.9068905956085187, 4.087462841250339, 3.4594316186372973, 3.584962500721156, 3.700439718141092, 3.169925001442312, 3.169925001442312, 4.321928094887363, 4.0, 2.584962500721156, 4.169925001442312, 3.169925001442312, 4.643856189774724, 3.807354922057604, 5.0, 5.0, 5.727920454563199, 5.321928094887363], [4.523561956057013, 4.643856189774724, 4.087462841250339, 3.321928094887362, 3.321928094887362, 2.0, 3.169925001442312, 2.807354922057604, 3.0, 3.0, 3.700439718141092, 3.807354922057604, 4.321928094887363, 3.700439718141092, 4.247927513443585, 3.9068905956085187, 4.087462841250339, 3.169925001442312, 4.0, 3.584962500721156, 0.0, 4.523561956057013, 5.523561956057013, 5.491853096329675], [5.247927513443585, 4.807354922057604, 3.584962500721156, 3.321928094887362, 3.4594316186372973, 2.807354922057604, 3.700439718141092, 4.954196310386875, 3.4594316186372973, 3.700439718141092, 4.0, 4.643856189774724, 3.584962500721156, 4.523561956057013, 3.700439718141092, 4.0, 4.643856189774724, 4.0, 5.087462841250339, 4.857980995127572, 5.285402218862249, 5.087462841250339, 5.247927513443585, 5.357552004618084], [5.044394119358453, 4.247927513443585, 3.9068905956085187, 3.169925001442312, 3.0, 2.321928094887362, 4.247927513443585, 4.0, 4.643856189774724, 4.523561956057013, 3.700439718141092, 4.807354922057604, 4.392317422778761, 4.0, 4.643856189774724, 4.807354922057604, 4.700439718141093, 4.169925001442312, 4.0, 3.584962500721156, 4.523561956057013, 4.906890595608519, 5.285402218862249, 5.285402218862249], [5.426264754702098, 4.954196310386875, 5.129283016944966, 3.807354922057604, 3.169925001442312, 2.584962500721156, 2.807354922057604, 3.4594316186372973, 4.321928094887363, 3.4594316186372973, 4.700439718141093, 4.087462841250339, 3.584962500721156, 4.0, 3.0, 4.169925001442312, 4.0, 3.807354922057604, 4.459431618637297, 4.0, 4.087462841250339, 4.700439718141093, 4.807354922057604, 5.357552004618084], [5.459431618637297, 4.247927513443585, 5.129283016944966, 3.9068905956085187, 1.584962500721156, 2.584962500721156, 3.169925001442312, 2.0, 4.247927513443585, 2.807354922057604, 3.0, 3.9068905956085187, 4.169925001442312, 3.9068905956085187, 3.700439718141092, 3.700439718141092, 3.700439718141092, 4.321928094887363, 4.247927513443585, 3.584962500721156, 4.807354922057604, 5.0, 5.357552004618084, 5.20945336562895]]}