{"min": 0, "max": 11.791569912126878, "pieData": [[5.044394119358453, 4.321928094887363, 4.392317422778761, 3.700439718141092, 3.321928094887362, 3.700439718141092, 5.554588851677638, 5.857980995127572, 4.754887502163468, 5.523561956057013, 4.807354922057604, 5.247927513443585, 5.0, 5.523561956057013, 5.321928094887363, 5.584962500721156, 5.392317422778761, 5.491853096329675, 5.169925001442312, 4.247927513443585, 5.459431618637297, 5.930737337562887, 5.977279923499917, 5.672425341971495], [5.643856189774724, 4.857980995127572, 4.247927513443585, 3.700439718141092, 2.584962500721156, 2.321928094887362, 5.247927513443585, 5.807354922057604, 4.906890595608519, 5.643856189774724, 5.754887502163468, 5.882643049361842, 5.392317422778761, 5.882643049361842, 5.906890595608519, 5.523561956057013, 5.807354922057604, 5.78135971352466, 5.129283016944966, 5.426264754702098, 5.906890595608519, 6.108524456778169, 6.409390936137702, 5.906890595608519], [5.643856189774724, 4.954196310386875, 3.9068905956085187, 3.9068905956085187, 2.321928094887362, 3.0, 4.857980995127572, 5.044394119358453, 4.807354922057604, 5.20945336562895, 5.0, 4.459431618637297, 4.392317422778761, 4.906890595608519, 5.169925001442312, 5.20945336562895, 5.807354922057604, 4.700439718141093, 4.754887502163468, 4.247927513443585, 2.584962500721156, 5.857980995127572, 5.977279923499917, 5.554588851677638], [5.321928094887363, 4.906890595608519, 4.392317422778761, 4.0, 3.700439718141092, 1.584962500721156, 4.754887502163468, 5.321928094887363, 5.285402218862249, 5.20945336562895, 5.392317422778761, 5.044394119358453, 4.954196310386875, 5.0, 5.321928094887363, 5.426264754702098, 5.0, 4.754887502163468, 4.392317422778761, 5.491853096329675, 5.614709844115208, 5.584962500721156, 6.20945336562895, 5.906890595608519], [5.357552004618084, 4.700439718141093, 4.807354922057604, 3.807354922057604, 2.584962500721156, 3.0, 4.807354922057604, 5.392317422778761, 5.129283016944966, 5.554588851677638, 5.584962500721156, 5.584962500721156, 5.357552004618084, 5.392317422778761, 5.614709844115208, 4.906890595608519, 5.554588851677638, 5.20945336562895, 4.857980995127572, 5.554588851677638, 6.0, 6.20945336562895, 6.20945336562895, 6.108524456778169], [5.392317422778761, 4.954196310386875, 4.643856189774724, 4.700439718141093, 4.0, 3.0, 4.807354922057604, 4.584962500721156, 5.554588851677638, 4.523561956057013, 5.169925001442312, 4.906890595608519, 4.247927513443585, 4.857980995127572, 4.392317422778761, 5.129283016944966, 4.954196310386875, 4.857980995127572, 5.169925001442312, 4.169925001442312, 5.20945336562895, 5.459431618637297, 5.954196310386875, 5.906890595608519], [5.614709844115208, 5.357552004618084, 5.285402218862249, 4.392317422778761, 4.0, 1.584962500721156, 3.9068905956085187, 4.807354922057604, 5.169925001442312, 5.044394119358453, 5.0, 4.643856189774724, 4.857980995127572, 4.643856189774724, 4.954196310386875, 4.754887502163468, 4.584962500721156, 5.0, 5.087462841250339, 4.954196310386875, 5.882643049361842, 5.954196310386875, 6.087462841250339, 6.189824558880018]]}