{"min": 0, "max": 11.791569912126878, "pieData": [[8.546894459887637, 7.977279923499917, 7.845490050944376, 7.044394119358453, 6.672425341971495, 6.426264754702098, 7.515699838284043, 7.577428828035749, 7.149747119504682, 7.7615512324444795, 7.813781191217037, 7.9600019320680815, 7.734709620225838, 8.092757140919852, 8.071462362556623, 8.087462841250339, 7.912889336229962, 7.813781191217037, 7.78135971352466, 6.700439718141093, 8.016808287686555, 9.036173612553485, 9.090112419664289, 8.954196310386875], [8.727920454563199, 8.294620748891628, 7.94251450533924, 7.499845887083206, 6.491853096329675, 6.321928094887363, 7.312882955284356, 7.569855608330948, 7.357552004618084, 7.693486957499325, 7.636624620543649, 8.144658242831882, 7.7481928495894605, 8.113742166049189, 8.224001674198105, 8.060695931687555, 7.994353436858858, 7.672425341971495, 7.7615512324444795, 7.727920454563199, 8.447083226209653, 8.569855608330947, 8.927777962082342, 8.784634845557521], [8.426264754702098, 8.174925682500678, 7.714245517666122, 6.918863237274595, 6.78135971352466, 6.066089190457772, 7.0, 7.554588851677638, 7.199672344836364, 7.339850002884624, 7.546894459887636, 7.7414669864011465, 7.832890014164741, 7.794415866350106, 7.714245517666122, 8.038918989292302, 7.6653359171851765, 7.6865005271832185, 7.787902559391432, 7.6865005271832185, 5.129283016944966, 8.430452551665532, 8.74819284958946, 8.546894459887637], [8.599912842187127, 8.134426320220927, 7.918863237274595, 7.392317422778761, 6.539158811108031, 6.169925001442312, 7.321928094887363, 7.614709844115208, 7.169925001442312, 7.734709620225838, 7.839203788096944, 7.7414669864011465, 7.693486957499325, 8.016808287686555, 8.049848549450562, 7.965784284662087, 7.977279923499917, 7.7414669864011465, 7.7414669864011465, 7.948367231584678, 8.573647187493322, 8.665335917185176, 8.888743248898258, 8.665335917185176], [8.611024797307353, 8.194756854422248, 7.86418614465428, 7.139551352398794, 6.523561956057013, 6.658211482751795, 7.467605550082998, 7.592457037268081, 7.672425341971495, 7.643856189774724, 8.005624549193879, 8.154818109052105, 7.768184324776926, 7.954196310386875, 7.936637939002571, 8.118941072723507, 8.0, 7.7073591320808825, 7.636624620543649, 8.005624549193879, 8.409390936137703, 8.515699838284043, 8.81698362325538, 8.791162888555018], [8.727920454563199, 8.43879185257826, 8.071462362556623, 7.700439718141093, 6.94251450533924, 6.426264754702098, 7.149747119504682, 7.614709844115208, 7.9600019320680815, 7.584962500721156, 7.918863237274595, 7.888743248898259, 7.734709620225838, 8.154818109052105, 7.636624620543649, 7.807354922057604, 7.693486957499325, 7.820178962415188, 7.813781191217037, 7.9600019320680815, 8.375039431346925, 8.430452551665532, 8.794415866350105, 8.823367240046235], [8.573647187493322, 8.519636252843213, 8.321928094887362, 7.60733031374961, 6.94251450533924, 6.285402218862249, 6.857980995127572, 7.266786540694901, 7.554588851677638, 7.569855608330948, 7.826548487290915, 8.038918989292302, 7.906890595608519, 7.851749041416058, 7.882643049361842, 7.86418614465428, 7.794415866350106, 7.98299357469431, 7.900866807980749, 8.199672344836364, 8.417852514885897, 8.761551232444479, 8.965784284662087, 8.81698362325538]]}