{"min": 0, "max": 11.791569912126878, "pieData": [[2.0, 1.584962500721156, 3.0, 2.0, 0.0, 1.0, 1.0, 3.0, 2.321928094887362, 4.247927513443585, 3.321928094887362, 4.584962500721156, 5.0, 3.9068905956085187, 4.584962500721156, 5.044394119358453, 3.9068905956085187, 3.169925001442312, 3.584962500721156, 1.584962500721156, 3.4594316186372973, 4.0, 4.0, 4.643856189774724], [3.321928094887362, 3.321928094887362, 3.321928094887362, 2.584962500721156, 1.0, 1.584962500721156, 1.0, 2.584962500721156, 3.321928094887362, 4.584962500721156, 3.9068905956085187, 4.906890595608519, 4.584962500721156, 4.754887502163468, 4.643856189774724, 4.169925001442312, 4.087462841250339, 4.906890595608519, 3.9068905956085187, 4.459431618637297, 3.584962500721156, 3.700439718141092, 3.700439718141092, 4.392317422778761], [4.087462841250339, 3.9068905956085187, 2.584962500721156, 0.0, 1.584962500721156, 0.0, 1.584962500721156, 2.321928094887362, 4.169925001442312, 3.807354922057604, 3.807354922057604, 4.247927513443585, 4.321928094887363, 4.087462841250339, 4.321928094887363, 4.584962500721156, 4.954196310386875, 4.321928094887363, 3.700439718141092, 3.169925001442312, 1.584962500721156, 3.9068905956085187, 4.0, 2.807354922057604], [3.321928094887362, 2.321928094887362, 2.321928094887362, 1.584962500721156, 1.584962500721156, 2.321928094887362, 2.0, 0.0, 3.584962500721156, 3.9068905956085187, 4.459431618637297, 4.169925001442312, 4.643856189774724, 4.0, 5.0, 4.643856189774724, 4.700439718141093, 4.087462841250339, 3.584962500721156, 4.0, 4.954196310386875, 4.392317422778761, 4.643856189774724, 4.321928094887363], [2.321928094887362, 1.584962500721156, 1.584962500721156, 1.584962500721156, 1.0, 0.0, 1.0, 2.584962500721156, 3.169925001442312, 3.700439718141092, 3.700439718141092, 4.906890595608519, 5.20945336562895, 5.285402218862249, 5.087462841250339, 5.129283016944966, 4.523561956057013, 4.459431618637297, 4.321928094887363, 4.087462841250339, 3.4594316186372973, 4.906890595608519, 3.700439718141092, 3.4594316186372973], [4.087462841250339, 3.169925001442312, 1.584962500721156, 2.0, 1.0, 1.0, 1.0, 3.321928094887362, 3.9068905956085187, 4.247927513443585, 5.169925001442312, 4.857980995127572, 5.044394119358453, 4.459431618637297, 4.523561956057013, 4.906890595608519, 4.392317422778761, 3.4594316186372973, 3.321928094887362, 2.321928094887362, 2.321928094887362, 3.169925001442312, 4.321928094887363, 3.0], [2.807354922057604, 3.4594316186372973, 1.584962500721156, 2.0, 2.0, 2.321928094887362, 2.0, 1.584962500721156, 2.321928094887362, 4.321928094887363, 5.459431618637297, 5.129283016944966, 5.459431618637297, 5.700439718141093, 5.247927513443585, 5.0, 4.523561956057013, 4.906890595608519, 4.247927513443585, 4.087462841250339, 4.700439718141093, 5.169925001442312, 3.9068905956085187, 4.087462841250339]]}