{"min": 0, "max": 11.791569912126878, "pieData": [[5.285402218862249, 4.459431618637297, 4.643856189774724, 3.9068905956085187, 3.321928094887362, 2.807354922057604, 3.9068905956085187, 5.129283016944966, 5.357552004618084, 4.584962500721156, 4.954196310386875, 5.321928094887363, 4.754887502163468, 5.20945336562895, 5.554588851677638, 4.807354922057604, 4.906890595608519, 5.459431618637297, 4.584962500721156, 3.9068905956085187, 4.0, 4.807354922057604, 4.954196310386875, 4.807354922057604], [4.459431618637297, 5.169925001442312, 3.9068905956085187, 3.321928094887362, 2.584962500721156, 2.584962500721156, 3.4594316186372973, 4.247927513443585, 4.857980995127572, 4.857980995127572, 4.954196310386875, 4.643856189774724, 4.169925001442312, 5.491853096329675, 4.954196310386875, 5.491853096329675, 5.20945336562895, 4.807354922057604, 4.954196310386875, 5.087462841250339, 5.087462841250339, 5.357552004618084, 5.20945336562895, 5.087462841250339], [5.044394119358453, 4.643856189774724, 4.700439718141093, 3.169925001442312, 1.584962500721156, 3.0, 2.321928094887362, 4.0, 4.643856189774724, 5.285402218862249, 4.754887502163468, 5.0, 4.754887502163468, 4.584962500721156, 5.0, 5.523561956057013, 5.044394119358453, 5.20945336562895, 4.523561956057013, 4.643856189774724, 2.0, 5.169925001442312, 5.169925001442312, 5.491853096329675], [4.700439718141093, 4.700439718141093, 3.700439718141092, 3.4594316186372973, 2.0, 3.321928094887362, 2.584962500721156, 4.0, 4.906890595608519, 4.321928094887363, 4.392317422778761, 4.087462841250339, 3.584962500721156, 3.169925001442312, 5.20945336562895, 5.247927513443585, 4.700439718141093, 5.285402218862249, 4.392317422778761, 5.044394119358453, 5.129283016944966, 5.285402218862249, 5.321928094887363, 5.044394119358453], [4.954196310386875, 4.459431618637297, 4.321928094887363, 3.0, 1.584962500721156, 2.807354922057604, 3.169925001442312, 4.392317422778761, 4.906890595608519, 5.357552004618084, 4.857980995127572, 4.807354922057604, 4.169925001442312, 4.857980995127572, 5.0, 5.129283016944966, 5.426264754702098, 5.129283016944966, 4.523561956057013, 5.247927513443585, 5.044394119358453, 4.700439718141093, 5.044394119358453, 4.584962500721156], [4.754887502163468, 4.857980995127572, 4.247927513443585, 4.169925001442312, 3.169925001442312, 3.0, 3.321928094887362, 4.087462841250339, 5.129283016944966, 4.807354922057604, 4.700439718141093, 4.906890595608519, 5.044394119358453, 4.954196310386875, 4.807354922057604, 4.857980995127572, 4.169925001442312, 4.954196310386875, 4.857980995127572, 4.906890595608519, 5.554588851677638, 5.426264754702098, 5.247927513443585, 5.523561956057013], [5.285402218862249, 4.584962500721156, 5.20945336562895, 4.247927513443585, 3.807354922057604, 2.321928094887362, 3.700439718141092, 4.087462841250339, 4.169925001442312, 4.321928094887363, 4.700439718141093, 4.906890595608519, 4.954196310386875, 4.700439718141093, 5.357552004618084, 5.357552004618084, 4.754887502163468, 5.285402218862249, 5.285402218862249, 5.044394119358453, 5.247927513443585, 5.247927513443585, 4.954196310386875, 4.857980995127572]]}