{"min": 0, "max": 11.791569912126878, "pieData": [[6.087462841250339, 5.357552004618084, 5.459431618637297, 4.754887502163468, 4.700439718141093, 4.857980995127572, 5.672425341971495, 6.584962500721156, 6.714245517666122, 7.22881869049588, 7.066089190457772, 6.523561956057013, 6.392317422778761, 6.321928094887363, 6.491853096329675, 6.475733430966398, 6.569855608330948, 6.700439718141093, 6.700439718141093, 5.78135971352466, 5.129283016944966, 6.22881869049588, 6.599912842187128, 6.169925001442312], [5.78135971352466, 5.807354922057604, 5.882643049361842, 4.754887502163468, 4.392317422778761, 4.392317422778761, 5.169925001442312, 5.954196310386875, 6.392317422778761, 6.044394119358453, 6.643856189774724, 6.357552004618084, 6.3750394313469245, 6.3750394313469245, 6.129283016944966, 6.169925001442312, 6.22881869049588, 6.321928094887363, 6.475733430966398, 6.6865005271832185, 6.523561956057013, 5.832890014164741, 6.507794640198696, 5.857980995127572], [5.882643049361842, 5.491853096329675, 5.247927513443585, 4.857980995127572, 4.643856189774724, 4.247927513443585, 4.584962500721156, 6.044394119358453, 6.442943495848728, 5.857980995127572, 6.507794640198696, 6.539158811108031, 6.087462841250339, 6.303780748177103, 6.108524456778169, 6.066089190457772, 5.807354922057604, 6.285402218862249, 6.491853096329675, 6.507794640198696, 4.321928094887363, 6.3750394313469245, 6.087462841250339, 6.044394119358453], [5.491853096329675, 5.614709844115208, 5.491853096329675, 5.044394119358453, 4.169925001442312, 4.321928094887363, 5.129283016944966, 5.882643049361842, 6.426264754702098, 6.087462841250339, 5.614709844115208, 5.129283016944966, 5.491853096329675, 5.491853096329675, 5.906890595608519, 6.459431618637297, 6.303780748177103, 6.303780748177103, 6.882643049361842, 6.78135971352466, 6.491853096329675, 6.475733430966398, 6.442943495848728, 6.022367813028454], [5.643856189774724, 5.727920454563199, 5.857980995127572, 4.954196310386875, 4.0, 3.9068905956085187, 5.087462841250339, 6.169925001442312, 6.357552004618084, 6.714245517666122, 6.392317422778761, 6.066089190457772, 5.954196310386875, 6.475733430966398, 6.357552004618084, 6.321928094887363, 5.807354922057604, 6.266786540694901, 7.0, 7.0, 6.7414669864011465, 6.554588851677638, 6.169925001442312, 6.044394119358453], [6.169925001442312, 5.700439718141093, 5.357552004618084, 5.044394119358453, 4.459431618637297, 5.044394119358453, 5.169925001442312, 6.321928094887363, 6.066089190457772, 6.409390936137702, 6.409390936137702, 6.459431618637297, 6.357552004618084, 6.247927513443585, 6.507794640198696, 6.426264754702098, 6.0, 6.507794640198696, 6.965784284662087, 6.554588851677638, 6.614709844115208, 6.491853096329675, 6.321928094887363, 6.409390936137702], [6.149747119504682, 5.906890595608519, 5.700439718141093, 5.392317422778761, 4.0, 5.044394119358453, 5.20945336562895, 5.321928094887363, 6.044394119358453, 6.392317422778761, 6.339850002884624, 6.22881869049588, 6.247927513443585, 6.266786540694901, 6.3750394313469245, 6.700439718141093, 6.554588851677638, 6.78135971352466, 6.832890014164741, 6.700439718141093, 6.491853096329675, 6.20945336562895, 6.321928094887363, 6.266786540694901]]}