{"min": 0, "max": 11.791569912126878, "pieData": [[5.977279923499917, 5.321928094887363, 5.129283016944966, 3.9068905956085187, 3.584962500721156, 3.9068905956085187, 5.357552004618084, 5.78135971352466, 6.523561956057013, 6.614709844115208, 6.643856189774724, 6.491853096329675, 6.087462841250339, 6.22881869049588, 6.870364719583405, 6.569855608330948, 6.266786540694901, 6.599912842187128, 6.459431618637297, 4.954196310386875, 5.584962500721156, 6.94251450533924, 6.714245517666122, 6.507794640198696], [6.189824558880018, 5.426264754702098, 5.169925001442312, 4.087462841250339, 3.584962500721156, 3.807354922057604, 4.954196310386875, 5.906890595608519, 6.614709844115208, 6.658211482751795, 6.614709844115208, 6.584962500721156, 6.087462841250339, 6.584962500721156, 6.6293566200796095, 6.321928094887363, 6.6865005271832185, 6.554588851677638, 6.491853096329675, 6.303780748177103, 6.794415866350106, 6.906890595608519, 7.044394119358453, 6.78135971352466], [6.108524456778169, 5.20945336562895, 4.807354922057604, 4.321928094887363, 3.700439718141092, 3.4594316186372973, 5.129283016944966, 5.523561956057013, 6.554588851677638, 6.426264754702098, 6.539158811108031, 6.189824558880018, 5.977279923499917, 6.044394119358453, 6.321928094887363, 6.285402218862249, 6.754887502163468, 6.321928094887363, 6.087462841250339, 5.882643049361842, 3.169925001442312, 6.94251450533924, 6.882643049361842, 6.20945336562895], [6.20945336562895, 5.754887502163468, 4.584962500721156, 4.807354922057604, 3.9068905956085187, 4.0, 5.672425341971495, 6.044394119358453, 6.459431618637297, 6.539158811108031, 6.584962500721156, 6.0, 6.129283016944966, 6.066089190457772, 6.303780748177103, 6.321928094887363, 6.6293566200796095, 6.554588851677638, 6.129283016944966, 6.285402218862249, 6.569855608330948, 7.022367813028454, 6.870364719583405, 6.409390936137702], [5.672425341971495, 5.129283016944966, 4.857980995127572, 3.169925001442312, 3.0, 3.584962500721156, 4.906890595608519, 6.044394119358453, 6.321928094887363, 6.807354922057604, 6.768184324776926, 6.409390936137702, 6.022367813028454, 6.022367813028454, 6.727920454563199, 6.392317422778761, 6.554588851677638, 6.714245517666122, 6.491853096329675, 6.189824558880018, 6.357552004618084, 6.78135971352466, 6.794415866350106, 6.614709844115208], [6.169925001442312, 6.108524456778169, 5.459431618637297, 4.392317422778761, 3.584962500721156, 4.523561956057013, 4.906890595608519, 6.321928094887363, 6.149747119504682, 6.22881869049588, 6.266786540694901, 6.78135971352466, 6.129283016944966, 6.507794640198696, 6.066089190457772, 5.807354922057604, 5.882643049361842, 6.442943495848728, 6.339850002884624, 6.285402218862249, 6.066089190457772, 6.459431618637297, 6.700439718141093, 6.658211482751795], [5.930737337562887, 5.700439718141093, 5.321928094887363, 4.087462841250339, 4.169925001442312, 3.807354922057604, 4.459431618637297, 5.459431618637297, 5.554588851677638, 5.727920454563199, 5.906890595608519, 6.066089190457772, 6.409390936137702, 5.954196310386875, 6.189824558880018, 6.022367813028454, 6.20945336562895, 6.3750394313469245, 6.409390936137702, 6.409390936137702, 6.714245517666122, 6.658211482751795, 7.0, 6.658211482751795]]}