{"min": 0, "max": 11.791569912126878, "pieData": [[4.087462841250339, 3.321928094887362, 3.4594316186372973, 2.584962500721156, 2.0, 2.321928094887362, 4.523561956057013, 5.357552004618084, 6.169925001442312, 5.357552004618084, 5.129283016944966, 4.906890595608519, 4.459431618637297, 4.807354922057604, 5.044394119358453, 5.044394119358453, 4.906890595608519, 5.20945336562895, 3.9068905956085187, 3.9068905956085187, 3.9068905956085187, 4.643856189774724, 4.643856189774724, 4.321928094887363], [3.584962500721156, 3.584962500721156, 3.321928094887362, 1.584962500721156, 2.584962500721156, 3.0, 3.321928094887362, 4.954196310386875, 6.339850002884624, 5.20945336562895, 5.392317422778761, 4.169925001442312, 4.459431618637297, 4.754887502163468, 4.807354922057604, 5.491853096329675, 4.754887502163468, 3.700439718141092, 4.523561956057013, 5.0, 5.169925001442312, 5.20945336562895, 4.087462841250339, 4.0], [4.321928094887363, 3.4594316186372973, 2.584962500721156, 2.807354922057604, 2.584962500721156, 2.321928094887362, 3.4594316186372973, 3.9068905956085187, 5.426264754702098, 4.754887502163468, 4.954196310386875, 4.754887502163468, 4.523561956057013, 4.643856189774724, 5.129283016944966, 5.129283016944966, 4.807354922057604, 4.754887502163468, 4.584962500721156, 5.087462841250339, 2.584962500721156, 4.321928094887363, 4.754887502163468, 3.807354922057604], [4.087462841250339, 2.807354922057604, 3.4594316186372973, 3.0, 1.0, 1.584962500721156, 3.321928094887362, 4.392317422778761, 5.672425341971495, 4.906890595608519, 5.20945336562895, 4.247927513443585, 4.392317422778761, 4.169925001442312, 5.044394119358453, 4.906890595608519, 4.754887502163468, 4.523561956057013, 4.321928094887363, 3.700439718141092, 5.20945336562895, 4.906890595608519, 4.584962500721156, 3.584962500721156], [4.459431618637297, 3.584962500721156, 2.0, 2.807354922057604, 1.0, 2.584962500721156, 3.169925001442312, 4.459431618637297, 6.0, 5.523561956057013, 5.285402218862249, 4.906890595608519, 4.169925001442312, 5.285402218862249, 5.357552004618084, 5.20945336562895, 4.459431618637297, 4.754887502163468, 4.584962500721156, 4.754887502163468, 4.754887502163468, 4.700439718141093, 5.169925001442312, 4.523561956057013], [4.247927513443585, 4.523561956057013, 4.247927513443585, 2.584962500721156, 2.584962500721156, 3.169925001442312, 2.584962500721156, 4.857980995127572, 4.954196310386875, 4.906890595608519, 5.169925001442312, 4.643856189774724, 4.247927513443585, 4.643856189774724, 4.754887502163468, 4.754887502163468, 4.906890595608519, 4.700439718141093, 4.906890595608519, 5.0, 4.700439718141093, 5.087462841250339, 5.321928094887363, 5.087462841250339], [4.807354922057604, 3.4594316186372973, 3.9068905956085187, 3.807354922057604, 2.321928094887362, 1.584962500721156, 3.321928094887362, 3.9068905956085187, 4.392317422778761, 4.754887502163468, 4.321928094887363, 4.247927513443585, 4.857980995127572, 3.584962500721156, 4.754887502163468, 5.044394119358453, 4.392317422778761, 4.321928094887363, 4.807354922057604, 4.857980995127572, 5.129283016944966, 4.954196310386875, 5.0, 4.954196310386875]]}