{"min": 0, "max": 11.791569912126878, "pieData": [[7.554588851677638, 6.7414669864011465, 6.357552004618084, 5.700439718141093, 5.20945336562895, 5.614709844115208, 7.03342300153745, 7.118941072723508, 6.426264754702098, 6.599912842187128, 7.383704292474052, 6.977279923499917, 7.1799090900149345, 7.169925001442312, 7.417852514885898, 7.459431618637297, 7.321928094887363, 7.139551352398794, 7.312882955284356, 6.022367813028454, 7.383704292474052, 8.124121311829187, 8.280770770130603, 8.022367813028454], [7.6865005271832185, 7.199672344836364, 6.894817763307944, 6.087462841250339, 5.491853096329675, 5.087462841250339, 6.6865005271832185, 7.1799090900149345, 6.672425341971495, 7.098032082960526, 7.247927513443585, 7.20945336562895, 7.257387842692652, 7.05528243550119, 7.383704292474052, 7.459431618637297, 7.523561956057013, 7.577428828035749, 7.442943495848728, 7.584962500721156, 8.076815597050832, 8.027905996569885, 8.134426320220927, 8.03342300153745], [7.467605550082998, 6.977279923499917, 6.303780748177103, 5.459431618637297, 4.906890595608519, 5.087462841250339, 6.672425341971495, 7.149747119504682, 6.845490050944376, 6.768184324776926, 7.129283016944966, 6.977279923499917, 6.894817763307944, 6.845490050944376, 7.2384047393250786, 7.294620748891627, 6.954196310386875, 7.219168520462161, 7.129283016944966, 6.906890595608519, 4.700439718141093, 7.870364719583405, 7.994353436858858, 7.870364719583405], [7.622051819456376, 7.022367813028454, 6.857980995127572, 5.727920454563199, 5.357552004618084, 5.247927513443585, 6.475733430966398, 6.965784284662087, 6.832890014164741, 6.584962500721156, 7.139551352398794, 7.087462841250339, 6.857980995127572, 7.066089190457772, 7.562242424221073, 7.247927513443585, 7.285402218862249, 7.321928094887363, 7.219168520462161, 7.577428828035749, 7.870364719583405, 8.252665432450248, 8.092757140919852, 7.845490050944376], [7.348728154231077, 6.918863237274595, 6.78135971352466, 6.108524456778169, 5.614709844115208, 5.426264754702098, 6.554588851677638, 7.467605550082998, 6.409390936137702, 7.1799090900149345, 7.523561956057013, 7.03342300153745, 7.118941072723508, 7.20945336562895, 7.366322214245816, 7.599912842187128, 7.6293566200796095, 7.366322214245816, 7.266786540694901, 7.357552004618084, 7.9600019320680815, 8.044394119358454, 8.149747119504681, 8.134426320220927], [7.857980995127572, 7.491853096329675, 6.9886846867721655, 6.870364719583405, 5.977279923499917, 5.554588851677638, 6.189824558880018, 6.882643049361842, 6.94251450533924, 6.768184324776926, 7.459431618637297, 7.118941072723508, 7.076815597050831, 7.312882955284356, 7.2384047393250786, 7.066089190457772, 7.011227255423254, 7.1799090900149345, 7.303780748177103, 7.357552004618084, 7.483815777264256, 7.787902559391432, 8.022367813028454, 7.900866807980749], [7.787902559391432, 7.266786540694901, 6.870364719583405, 6.539158811108031, 5.459431618637297, 5.044394119358453, 5.727920454563199, 6.20945336562895, 7.139551352398794, 7.159871336778389, 7.076815597050831, 6.807354922057604, 7.294620748891627, 7.409390936137702, 7.159871336778389, 7.066089190457772, 7.139551352398794, 7.257387842692652, 7.189824558880018, 7.426264754702098, 7.900866807980749, 7.98299357469431, 8.087462841250339, 8.0]]}