{"min": 0, "max": 11.791569912126878, "pieData": [[7.9600019320680815, 7.129283016944966, 6.857980995127572, 6.392317422778761, 5.672425341971495, 6.169925001442312, 7.426264754702098, 7.515699838284043, 6.94251450533924, 7.285402218862249, 7.531381460516312, 7.294620748891627, 7.894817763307944, 7.60733031374961, 7.94251450533924, 8.066089190457772, 8.108524456778168, 7.894817763307944, 7.459431618637297, 6.807354922057604, 7.832890014164741, 8.562242424221072, 8.51175265376738, 8.184875342908283], [7.876516946564999, 7.614709844115208, 7.189824558880018, 6.7414669864011465, 6.108524456778169, 6.087462841250339, 7.392317422778761, 7.499845887083206, 6.9886846867721655, 7.569855608330948, 7.651051691178928, 7.636624620543649, 7.800899899920305, 7.6293566200796095, 7.912889336229962, 7.870364719583405, 7.9886846867721655, 8.03342300153745, 7.554588851677638, 7.754887502163468, 8.0, 8.303780748177102, 8.523561956057012, 8.266786540694902], [7.614709844115208, 6.954196310386875, 6.845490050944376, 6.169925001442312, 5.584962500721156, 5.643856189774724, 6.857980995127572, 7.409390936137702, 7.05528243550119, 6.794415866350106, 7.266786540694901, 7.546894459887636, 7.78135971352466, 7.539158811108031, 7.693486957499325, 7.94251450533924, 7.499845887083206, 7.768184324776926, 7.257387842692652, 7.459431618637297, 5.614709844115208, 8.252665432450248, 8.294620748891628, 7.92481250360578], [7.845490050944376, 7.442943495848728, 7.266786540694901, 6.714245517666122, 6.022367813028454, 5.672425341971495, 7.383704292474052, 7.507794640198696, 7.011227255423254, 7.087462841250339, 7.672425341971495, 7.734709620225838, 7.491853096329675, 7.800899899920305, 7.912889336229962, 7.754887502163468, 7.845490050944376, 7.870364719583405, 7.807354922057604, 7.954196310386875, 8.027905996569885, 8.442943495848729, 8.499845887083206, 7.98299357469431], [7.813781191217037, 7.392317422778761, 6.954196310386875, 6.599912842187128, 6.066089190457772, 6.022367813028454, 7.266786540694901, 7.700439718141093, 7.0, 7.22881869049588, 7.693486957499325, 7.807354922057604, 7.832890014164741, 7.900866807980749, 8.08214904135387, 8.0, 8.055282435501189, 7.800899899920305, 7.813781191217037, 7.912889336229962, 8.294620748891628, 8.45532722030456, 8.63662462054365, 8.266786540694902], [8.016808287686555, 7.727920454563199, 7.011227255423254, 6.768184324776926, 6.169925001442312, 6.266786540694901, 6.539158811108031, 7.366322214245816, 7.727920454563199, 7.442943495848728, 7.6653359171851765, 7.714245517666122, 7.546894459887636, 7.672425341971495, 7.721099188707186, 7.754887502163468, 7.768184324776926, 7.651051691178928, 7.714245517666122, 8.0, 8.233619676759702, 8.038918989292302, 8.326429487122303, 7.930737337562887], [7.888743248898259, 7.523561956057013, 7.2384047393250786, 6.870364719583405, 6.507794640198696, 5.954196310386875, 6.820178962415188, 6.754887502163468, 7.118941072723508, 7.700439718141093, 7.515699838284043, 7.451211111832329, 7.60733031374961, 7.6293566200796095, 7.7073591320808825, 7.768184324776926, 7.876516946564999, 7.800899899920305, 7.94251450533924, 7.813781191217037, 8.417852514885897, 8.353146825498083, 8.43879185257826, 8.027905996569885]]}