{"min": 0, "max": 11.791569912126878, "pieData": [[6.9886846867721655, 6.22881869049588, 5.554588851677638, 5.044394119358453, 4.392317422778761, 5.754887502163468, 6.6865005271832185, 6.965784284662087, 6.426264754702098, 6.845490050944376, 7.321928094887363, 7.426264754702098, 7.499845887083206, 7.622051819456376, 7.651051691178928, 7.86418614465428, 7.900866807980749, 7.584962500721156, 7.247927513443585, 6.569855608330948, 6.9886846867721655, 7.888743248898259, 7.930737337562887, 7.459431618637297], [6.930737337562887, 6.475733430966398, 6.392317422778761, 5.20945336562895, 4.954196310386875, 5.087462841250339, 6.554588851677638, 7.129283016944966, 6.442943495848728, 7.0, 7.2384047393250786, 7.475733430966398, 7.658211482751795, 7.2384047393250786, 7.584962500721156, 7.78135971352466, 7.734709620225838, 7.426264754702098, 7.257387842692652, 7.599912842187128, 7.614709844115208, 7.693486957499325, 7.98299357469431, 7.467605550082998], [6.794415866350106, 5.954196310386875, 5.584962500721156, 5.459431618637297, 5.044394119358453, 4.523561956057013, 6.507794640198696, 7.022367813028454, 6.727920454563199, 6.894817763307944, 6.9886846867721655, 7.076815597050831, 7.285402218862249, 7.169925001442312, 7.330916878114617, 7.714245517666122, 7.523561956057013, 7.434628227636725, 6.845490050944376, 7.1799090900149345, 5.20945336562895, 7.700439718141093, 7.768184324776926, 7.475733430966398], [6.857980995127572, 6.845490050944376, 6.392317422778761, 5.700439718141093, 5.044394119358453, 5.044394119358453, 6.569855608330948, 6.794415866350106, 6.321928094887363, 6.977279923499917, 7.426264754702098, 7.569855608330948, 7.409390936137702, 7.400879436282184, 7.523561956057013, 7.434628227636725, 7.820178962415188, 7.800899899920305, 7.507794640198696, 7.409390936137702, 7.6293566200796095, 7.845490050944376, 7.727920454563199, 7.392317422778761], [7.022367813028454, 6.409390936137702, 6.044394119358453, 5.321928094887363, 4.857980995127572, 5.087462841250339, 6.754887502163468, 6.882643049361842, 6.700439718141093, 6.672425341971495, 7.266786540694901, 7.6293566200796095, 7.499845887083206, 7.491853096329675, 7.426264754702098, 7.409390936137702, 8.108524456778168, 7.539158811108031, 7.087462841250339, 7.409390936137702, 7.539158811108031, 7.693486957499325, 7.734709620225838, 7.562242424221073], [7.05528243550119, 6.700439718141093, 6.303780748177103, 5.584962500721156, 5.426264754702098, 5.357552004618084, 5.977279923499917, 7.0, 7.357552004618084, 7.129283016944966, 7.554588851677638, 7.2384047393250786, 7.149747119504682, 7.539158811108031, 7.312882955284356, 7.348728154231077, 7.531381460516312, 7.294620748891627, 7.108524456778169, 7.3750394313469245, 7.426264754702098, 7.339850002884624, 7.592457037268081, 7.507794640198696], [7.011227255423254, 6.906890595608519, 6.22881869049588, 5.807354922057604, 4.643856189774724, 4.807354922057604, 6.022367813028454, 6.321928094887363, 6.794415866350106, 7.098032082960526, 7.098032082960526, 7.294620748891627, 7.03342300153745, 7.2761244052742375, 7.417852514885898, 7.139551352398794, 7.876516946564999, 7.622051819456376, 7.348728154231077, 7.348728154231077, 7.832890014164741, 7.658211482751795, 7.6653359171851765, 7.366322214245816]]}