{"min": 0, "max": 11.791569912126878, "pieData": [[6.339850002884624, 5.672425341971495, 5.523561956057013, 5.0, 4.247927513443585, 3.807354922057604, 5.129283016944966, 6.129283016944966, 6.044394119358453, 6.7414669864011465, 6.285402218862249, 6.22881869049588, 6.189824558880018, 6.149747119504682, 6.539158811108031, 6.475733430966398, 6.714245517666122, 6.507794640198696, 6.906890595608519, 5.523561956057013, 5.700439718141093, 7.0, 6.6865005271832185, 6.507794640198696], [5.807354922057604, 6.189824558880018, 5.672425341971495, 4.700439718141093, 4.321928094887363, 4.087462841250339, 5.392317422778761, 6.20945336562895, 6.539158811108031, 6.247927513443585, 6.392317422778761, 6.22881869049588, 6.169925001442312, 6.357552004618084, 6.149747119504682, 5.930737337562887, 6.614709844115208, 6.266786540694901, 6.285402218862249, 6.614709844115208, 6.442943495848728, 6.6293566200796095, 6.6293566200796095, 6.409390936137702], [5.754887502163468, 6.022367813028454, 5.20945336562895, 4.807354922057604, 4.0, 3.4594316186372973, 5.129283016944966, 6.087462841250339, 6.426264754702098, 5.832890014164741, 5.930737337562887, 5.78135971352466, 5.882643049361842, 6.108524456778169, 6.22881869049588, 6.20945336562895, 6.285402218862249, 6.3750394313469245, 6.507794640198696, 6.044394119358453, 4.392317422778761, 6.3750394313469245, 6.523561956057013, 6.108524456778169], [6.20945336562895, 5.321928094887363, 5.129283016944966, 4.954196310386875, 4.392317422778761, 4.087462841250339, 5.169925001442312, 5.906890595608519, 5.807354922057604, 5.0, 5.426264754702098, 5.087462841250339, 5.614709844115208, 4.643856189774724, 6.285402218862249, 6.303780748177103, 6.22881869049588, 6.569855608330948, 6.426264754702098, 6.442943495848728, 6.507794640198696, 6.357552004618084, 6.554588851677638, 6.321928094887363], [6.189824558880018, 6.087462841250339, 5.129283016944966, 4.807354922057604, 4.169925001442312, 4.087462841250339, 5.321928094887363, 5.954196310386875, 6.507794640198696, 6.523561956057013, 6.266786540694901, 6.247927513443585, 5.906890595608519, 5.930737337562887, 6.491853096329675, 6.266786540694901, 6.3750394313469245, 6.569855608330948, 6.714245517666122, 7.03342300153745, 6.3750394313469245, 6.672425341971495, 6.584962500721156, 6.357552004618084], [6.442943495848728, 5.857980995127572, 6.3750394313469245, 4.643856189774724, 4.584962500721156, 4.247927513443585, 4.523561956057013, 5.882643049361842, 6.442943495848728, 6.129283016944966, 6.22881869049588, 6.392317422778761, 6.20945336562895, 6.247927513443585, 6.087462841250339, 6.507794640198696, 6.459431618637297, 6.392317422778761, 6.794415866350106, 6.7414669864011465, 6.459431618637297, 6.658211482751795, 6.599912842187128, 6.7414669864011465], [6.442943495848728, 5.78135971352466, 6.3750394313469245, 5.459431618637297, 5.0, 4.643856189774724, 4.857980995127572, 5.554588851677638, 6.044394119358453, 6.303780748177103, 6.247927513443585, 6.266786540694901, 6.491853096329675, 6.426264754702098, 6.614709844115208, 6.643856189774724, 6.584962500721156, 6.523561956057013, 6.658211482751795, 6.584962500721156, 6.409390936137702, 6.569855608330948, 6.247927513443585, 6.3750394313469245]]}