{"min": 0, "max": 11.791569912126878, "pieData": [[7.658211482751795, 6.977279923499917, 7.0, 6.523561956057013, 5.906890595608519, 5.087462841250339, 6.554588851677638, 7.734709620225838, 7.483815777264256, 8.0, 7.78135971352466, 7.734709620225838, 7.754887502163468, 7.813781191217037, 7.954196310386875, 7.888743248898259, 7.643856189774724, 7.994353436858858, 7.994353436858858, 6.870364719583405, 6.930737337562887, 8.43879185257826, 8.022367813028454, 7.948367231584678], [7.562242424221073, 7.312882955284356, 7.087462841250339, 6.426264754702098, 5.321928094887363, 4.857980995127572, 5.832890014164741, 7.339850002884624, 7.754887502163468, 7.672425341971495, 7.539158811108031, 7.539158811108031, 7.592457037268081, 7.807354922057604, 7.820178962415188, 7.826548487290915, 7.912889336229962, 7.857980995127572, 7.787902559391432, 8.022367813028454, 8.022367813028454, 8.011227255423254, 7.948367231584678, 7.651051691178928], [7.266786540694901, 7.348728154231077, 6.832890014164741, 6.247927513443585, 5.459431618637297, 5.129283016944966, 6.169925001442312, 7.05528243550119, 7.357552004618084, 7.294620748891627, 7.451211111832329, 7.339850002884624, 7.357552004618084, 7.20945336562895, 7.507794640198696, 7.417852514885898, 7.357552004618084, 7.787902559391432, 7.794415866350106, 7.800899899920305, 5.321928094887363, 7.734709620225838, 7.807354922057604, 7.60733031374961], [7.451211111832329, 6.930737337562887, 7.098032082960526, 6.820178962415188, 5.169925001442312, 5.426264754702098, 6.22881869049588, 7.1799090900149345, 7.348728154231077, 6.965784284662087, 6.658211482751795, 6.727920454563199, 6.845490050944376, 6.339850002884624, 7.459431618637297, 7.577428828035749, 7.734709620225838, 7.614709844115208, 7.977279923499917, 7.7073591320808825, 7.92481250360578, 7.912889336229962, 7.9886846867721655, 7.523561956057013], [7.721099188707186, 7.1799090900149345, 7.22881869049588, 6.658211482751795, 5.614709844115208, 5.0, 5.754887502163468, 7.257387842692652, 7.459431618637297, 7.787902559391432, 7.219168520462161, 7.491853096329675, 7.339850002884624, 7.577428828035749, 7.693486957499325, 7.562242424221073, 7.800899899920305, 7.800899899920305, 7.787902559391432, 8.129283016944967, 8.129283016944967, 8.129283016944967, 8.076815597050832, 7.727920454563199], [7.7414669864011465, 7.515699838284043, 7.330916878114617, 7.22881869049588, 5.807354922057604, 5.930737337562887, 6.442943495848728, 6.882643049361842, 7.459431618637297, 7.467605550082998, 7.515699838284043, 7.774787059601174, 7.882643049361842, 7.94251450533924, 7.820178962415188, 7.971543553950772, 7.954196310386875, 7.954196310386875, 8.214319120800766, 8.049848549450562, 8.303780748177102, 8.280770770130603, 8.29920801838728, 7.870364719583405], [7.876516946564999, 7.658211482751795, 7.483815777264256, 6.954196310386875, 6.285402218862249, 5.491853096329675, 5.832890014164741, 6.569855608330948, 7.303780748177103, 7.622051819456376, 7.870364719583405, 7.857980995127572, 8.087462841250339, 7.912889336229962, 8.092757140919852, 8.214319120800766, 8.129283016944967, 8.243173983472952, 7.971543553950772, 8.08214904135387, 8.134426320220927, 8.022367813028454, 7.906890595608519, 7.507794640198696]]}