{"min": 0, "max": 11.791569912126878, "pieData": [[8.066089190457772, 7.599912842187128, 7.330916878114617, 7.129283016944966, 6.409390936137702, 6.044394119358453, 7.20945336562895, 8.134426320220927, 8.159871336778389, 8.50382573799575, 8.189824558880018, 7.948367231584678, 8.049848549450562, 8.20945336562895, 8.224001674198105, 8.179909090014934, 8.276124405274238, 8.189824558880018, 8.294620748891628, 6.894817763307944, 7.076815597050831, 8.238404739325079, 8.224001674198105, 7.936637939002571], [7.832890014164741, 7.768184324776926, 7.734709620225838, 7.169925001442312, 6.189824558880018, 6.044394119358453, 6.442943495848728, 7.6865005271832185, 8.139551352398794, 8.066089190457772, 7.900866807980749, 7.906890595608519, 7.721099188707186, 8.022367813028454, 8.03342300153745, 8.149747119504681, 8.038918989292302, 7.98299357469431, 8.159871336778389, 8.011227255423254, 8.103287808412022, 8.016808287686555, 8.108524456778168, 7.832890014164741], [7.700439718141093, 7.2384047393250786, 7.2761244052742375, 7.159871336778389, 6.189824558880018, 5.727920454563199, 6.554588851677638, 7.584962500721156, 7.754887502163468, 7.839203788096944, 7.727920454563199, 7.851749041416058, 7.768184324776926, 7.60733031374961, 7.714245517666122, 7.820178962415188, 7.734709620225838, 7.857980995127572, 8.252665432450248, 8.027905996569885, 5.087462841250339, 8.219168520462162, 8.08214904135387, 7.965784284662087], [7.851749041416058, 7.475733430966398, 7.383704292474052, 7.139551352398794, 5.977279923499917, 6.303780748177103, 6.832890014164741, 7.721099188707186, 7.94251450533924, 7.523561956057013, 7.451211111832329, 7.257387842692652, 7.011227255423254, 7.1799090900149345, 7.813781191217037, 8.103287808412022, 8.134426320220927, 7.734709620225838, 8.005624549193879, 8.049848549450562, 8.038918989292302, 8.29920801838728, 7.9886846867721655, 8.022367813028454], [8.103287808412022, 7.577428828035749, 7.366322214245816, 6.977279923499917, 6.672425341971495, 5.78135971352466, 6.832890014164741, 7.906890595608519, 7.936637939002571, 7.977279923499917, 7.94251450533924, 7.857980995127572, 7.383704292474052, 7.870364719583405, 8.092757140919852, 7.948367231584678, 7.936637939002571, 7.888743248898259, 8.46352437327118, 8.539158811108031, 8.339850002884624, 7.92481250360578, 8.238404739325079, 8.005624549193879], [7.906890595608519, 7.721099188707186, 7.672425341971495, 7.321928094887363, 6.599912842187128, 6.087462841250339, 6.78135971352466, 7.475733430966398, 7.900866807980749, 7.800899899920305, 7.857980995127572, 8.005624549193879, 7.98299357469431, 8.005624549193879, 8.129283016944967, 7.936637939002571, 8.08214904135387, 8.005624549193879, 8.417852514885897, 8.204571144249204, 8.108524456778168, 8.118941072723507, 8.179909090014934, 7.94251450533924], [7.86418614465428, 7.768184324776926, 7.9886846867721655, 7.20945336562895, 6.94251450533924, 6.303780748177103, 6.523561956057013, 6.94251450533924, 7.599912842187128, 8.038918989292302, 7.912889336229962, 8.092757140919852, 8.092757140919852, 8.060695931687555, 8.118941072723507, 8.022367813028454, 7.807354922057604, 7.94251450533924, 8.335390354693924, 8.233619676759702, 8.164906926675688, 8.113742166049189, 8.08214904135387, 7.643856189774724]]}