{"min": 0, "max": 11.791569912126878, "pieData": [[5.930737337562887, 5.584962500721156, 5.20945336562895, 5.0, 3.584962500721156, 5.0, 5.20945336562895, 6.584962500721156, 6.882643049361842, 6.870364719583405, 6.409390936137702, 6.149747119504682, 5.754887502163468, 5.832890014164741, 6.442943495848728, 6.569855608330948, 6.569855608330948, 6.066089190457772, 6.149747119504682, 5.169925001442312, 5.0, 6.066089190457772, 6.426264754702098, 5.882643049361842], [6.169925001442312, 5.643856189774724, 5.392317422778761, 4.321928094887363, 4.700439718141093, 4.087462841250339, 5.087462841250339, 6.066089190457772, 6.768184324776926, 6.409390936137702, 6.266786540694901, 5.930737337562887, 5.78135971352466, 6.189824558880018, 6.409390936137702, 6.20945336562895, 5.954196310386875, 6.108524456778169, 6.087462841250339, 6.066089190457772, 6.3750394313469245, 5.882643049361842, 5.491853096329675, 6.20945336562895], [5.285402218862249, 5.247927513443585, 5.0, 4.643856189774724, 4.523561956057013, 4.0, 4.087462841250339, 6.0, 6.149747119504682, 5.882643049361842, 6.022367813028454, 6.066089190457772, 5.857980995127572, 5.954196310386875, 5.930737337562887, 5.954196310386875, 6.169925001442312, 6.459431618637297, 6.066089190457772, 5.554588851677638, 3.169925001442312, 6.339850002884624, 6.339850002884624, 6.108524456778169], [5.672425341971495, 5.491853096329675, 5.247927513443585, 4.584962500721156, 3.4594316186372973, 4.169925001442312, 4.523561956057013, 5.247927513443585, 6.539158811108031, 6.303780748177103, 5.321928094887363, 5.614709844115208, 5.247927513443585, 4.087462841250339, 5.643856189774724, 6.247927513443585, 5.906890595608519, 5.672425341971495, 5.977279923499917, 6.672425341971495, 6.149747119504682, 6.3750394313469245, 6.189824558880018, 5.700439718141093], [6.066089190457772, 5.700439718141093, 5.087462841250339, 4.392317422778761, 4.087462841250339, 3.9068905956085187, 4.459431618637297, 5.426264754702098, 6.614709844115208, 6.614709844115208, 6.108524456778169, 6.3750394313469245, 5.882643049361842, 6.129283016944966, 6.247927513443585, 6.3750394313469245, 5.523561956057013, 5.78135971352466, 6.554588851677638, 6.569855608330948, 6.523561956057013, 6.149747119504682, 6.3750394313469245, 5.954196310386875], [5.977279923499917, 5.672425341971495, 5.807354922057604, 5.357552004618084, 5.247927513443585, 4.754887502163468, 5.044394119358453, 6.087462841250339, 6.066089190457772, 5.832890014164741, 5.857980995127572, 6.285402218862249, 5.672425341971495, 6.303780748177103, 6.303780748177103, 6.022367813028454, 5.459431618637297, 6.392317422778761, 6.149747119504682, 6.392317422778761, 6.087462841250339, 6.569855608330948, 6.392317422778761, 6.20945336562895], [6.20945336562895, 5.78135971352466, 5.321928094887363, 5.20945336562895, 4.643856189774724, 4.523561956057013, 4.754887502163468, 5.554588851677638, 6.108524456778169, 6.169925001442312, 5.672425341971495, 6.189824558880018, 6.266786540694901, 6.303780748177103, 6.392317422778761, 6.087462841250339, 6.108524456778169, 6.022367813028454, 6.426264754702098, 6.285402218862249, 6.357552004618084, 6.409390936137702, 6.357552004618084, 6.303780748177103]]}