{"min": 0, "max": 11.791569912126878, "pieData": [[6.3750394313469245, 5.672425341971495, 4.169925001442312, 3.4594316186372973, 4.584962500721156, 4.392317422778761, 5.700439718141093, 7.011227255423254, 6.894817763307944, 6.569855608330948, 6.94251450533924, 6.714245517666122, 6.845490050944376, 6.507794640198696, 7.022367813028454, 7.05528243550119, 7.2761244052742375, 7.266786540694901, 6.614709844115208, 5.906890595608519, 6.507794640198696, 7.499845887083206, 7.434628227636725, 7.118941072723508], [6.339850002884624, 5.491853096329675, 5.672425341971495, 3.9068905956085187, 4.0, 4.392317422778761, 5.169925001442312, 7.098032082960526, 6.94251450533924, 6.754887502163468, 7.1799090900149345, 7.076815597050831, 6.9886846867721655, 6.820178962415188, 7.011227255423254, 7.087462841250339, 7.044394119358453, 7.076815597050831, 6.832890014164741, 7.087462841250339, 7.554588851677638, 7.523561956057013, 7.392317422778761, 6.954196310386875], [5.857980995127572, 5.954196310386875, 5.129283016944966, 3.807354922057604, 3.321928094887362, 4.0, 5.0, 7.076815597050831, 6.727920454563199, 6.78135971352466, 6.658211482751795, 6.870364719583405, 6.523561956057013, 6.475733430966398, 6.906890595608519, 6.9886846867721655, 7.03342300153745, 6.523561956057013, 6.870364719583405, 7.044394119358453, 4.392317422778761, 7.78135971352466, 7.1799090900149345, 6.870364719583405], [6.0, 5.459431618637297, 5.614709844115208, 4.700439718141093, 3.169925001442312, 3.9068905956085187, 5.321928094887363, 6.870364719583405, 7.076815597050831, 7.2761244052742375, 7.044394119358453, 7.076815597050831, 6.906890595608519, 6.857980995127572, 6.857980995127572, 7.05528243550119, 7.076815597050831, 6.894817763307944, 6.954196310386875, 7.098032082960526, 7.0, 7.442943495848728, 7.383704292474052, 6.832890014164741], [6.539158811108031, 5.906890595608519, 5.087462841250339, 4.087462841250339, 3.584962500721156, 4.523561956057013, 5.321928094887363, 6.807354922057604, 6.9886846867721655, 7.219168520462161, 6.965784284662087, 7.108524456778169, 6.977279923499917, 7.562242424221073, 7.022367813028454, 7.348728154231077, 7.108524456778169, 6.918863237274595, 6.977279923499917, 6.554588851677638, 7.219168520462161, 7.539158811108031, 7.2384047393250786, 7.257387842692652], [6.614709844115208, 6.339850002884624, 5.700439718141093, 5.426264754702098, 4.523561956057013, 4.087462841250339, 5.392317422778761, 6.409390936137702, 7.087462841250339, 6.794415866350106, 6.491853096329675, 6.459431618637297, 6.845490050944376, 6.768184324776926, 6.539158811108031, 6.714245517666122, 6.794415866350106, 6.832890014164741, 6.965784284662087, 6.584962500721156, 6.832890014164741, 6.870364719583405, 6.9886846867721655, 6.459431618637297], [6.285402218862249, 6.247927513443585, 5.20945336562895, 4.807354922057604, 4.247927513443585, 4.169925001442312, 4.0, 5.554588851677638, 7.330916878114617, 7.087462841250339, 6.845490050944376, 6.614709844115208, 6.754887502163468, 6.614709844115208, 6.78135971352466, 6.857980995127572, 6.894817763307944, 6.832890014164741, 6.906890595608519, 6.882643049361842, 7.098032082960526, 7.139551352398794, 7.219168520462161, 6.584962500721156]]}