{"min": 0, "max": 11.791569912126878, "pieData": [[6.832890014164741, 6.169925001442312, 5.554588851677638, 4.754887502163468, 4.169925001442312, 5.0, 6.3750394313469245, 7.392317422778761, 6.599912842187128, 6.930737337562887, 7.044394119358453, 7.169925001442312, 7.044394119358453, 7.285402218862249, 7.3750394313469245, 7.434628227636725, 7.459431618637297, 7.693486957499325, 7.499845887083206, 6.189824558880018, 7.467605550082998, 8.164906926675688, 8.055282435501189, 7.523561956057013], [7.247927513443585, 6.475733430966398, 5.882643049361842, 5.426264754702098, 4.247927513443585, 5.0, 5.977279923499917, 7.348728154231077, 6.6293566200796095, 7.098032082960526, 7.118941072723508, 7.312882955284356, 7.392317422778761, 7.442943495848728, 7.426264754702098, 7.442943495848728, 7.475733430966398, 7.499845887083206, 7.523561956057013, 8.03342300153745, 7.876516946564999, 8.247927513443585, 8.0, 7.6293566200796095], [6.857980995127572, 6.523561956057013, 5.754887502163468, 5.20945336562895, 4.459431618637297, 4.392317422778761, 5.832890014164741, 7.651051691178928, 6.321928094887363, 7.2761244052742375, 7.087462841250339, 7.129283016944966, 7.189824558880018, 7.108524456778169, 7.312882955284356, 7.330916878114617, 7.087462841250339, 7.531381460516312, 7.6653359171851765, 7.554588851677638, 4.700439718141093, 8.189824558880018, 7.7615512324444795, 7.554588851677638], [7.199672344836364, 6.714245517666122, 5.491853096329675, 5.357552004618084, 4.087462841250339, 5.044394119358453, 6.20945336562895, 7.285402218862249, 6.918863237274595, 7.20945336562895, 7.383704292474052, 7.1799090900149345, 6.857980995127572, 7.339850002884624, 7.303780748177103, 7.339850002884624, 7.6653359171851765, 7.523561956057013, 7.651051691178928, 7.912889336229962, 8.038918989292302, 8.049848549450562, 8.076815597050832, 7.6865005271832185], [7.03342300153745, 6.614709844115208, 5.614709844115208, 5.129283016944966, 4.459431618637297, 3.9068905956085187, 5.930737337562887, 7.442943495848728, 6.539158811108031, 7.118941072723508, 7.169925001442312, 7.491853096329675, 7.392317422778761, 7.339850002884624, 7.507794640198696, 7.467605550082998, 7.483815777264256, 7.894817763307944, 7.800899899920305, 7.930737337562887, 7.930737337562887, 8.124121311829187, 7.98299357469431, 7.813781191217037], [7.426264754702098, 6.882643049361842, 6.491853096329675, 5.832890014164741, 5.285402218862249, 4.700439718141093, 5.672425341971495, 6.965784284662087, 7.294620748891627, 7.475733430966398, 7.577428828035749, 7.693486957499325, 7.672425341971495, 7.417852514885898, 7.348728154231077, 7.330916878114617, 7.247927513443585, 7.531381460516312, 7.614709844115208, 7.459431618637297, 7.7615512324444795, 7.60733031374961, 7.721099188707186, 7.426264754702098], [7.426264754702098, 6.459431618637297, 6.169925001442312, 5.321928094887363, 5.087462841250339, 4.087462841250339, 5.20945336562895, 6.409390936137702, 7.294620748891627, 7.2384047393250786, 7.409390936137702, 7.622051819456376, 7.577428828035749, 7.507794640198696, 7.768184324776926, 7.7414669864011465, 7.442943495848728, 7.507794640198696, 7.60733031374961, 7.6653359171851765, 7.6653359171851765, 8.016808287686555, 8.0, 7.348728154231077]]}