{"min": 0, "max": 11.791569912126878, "pieData": [[5.643856189774724, 4.807354922057604, 4.321928094887363, 3.321928094887362, 2.0, 3.321928094887362, 5.044394119358453, 5.285402218862249, 5.832890014164741, 6.108524456778169, 6.108524456778169, 6.022367813028454, 5.906890595608519, 6.339850002884624, 5.78135971352466, 6.066089190457772, 5.857980995127572, 5.614709844115208, 5.491853096329675, 4.643856189774724, 5.285402218862249, 6.044394119358453, 6.584962500721156, 6.523561956057013], [5.321928094887363, 5.20945336562895, 4.954196310386875, 3.4594316186372973, 2.321928094887362, 3.321928094887362, 4.459431618637297, 4.807354922057604, 5.459431618637297, 5.857980995127572, 5.754887502163468, 5.672425341971495, 5.807354922057604, 5.78135971352466, 5.832890014164741, 5.672425341971495, 5.614709844115208, 5.857980995127572, 5.930737337562887, 6.169925001442312, 5.832890014164741, 6.108524456778169, 6.357552004618084, 6.303780748177103], [5.554588851677638, 4.807354922057604, 4.087462841250339, 3.584962500721156, 1.584962500721156, 3.584962500721156, 4.523561956057013, 5.0, 5.426264754702098, 5.700439718141093, 6.768184324776926, 6.507794640198696, 5.727920454563199, 5.832890014164741, 6.0, 6.108524456778169, 5.700439718141093, 5.882643049361842, 5.357552004618084, 5.882643049361842, 3.169925001442312, 6.129283016944966, 6.20945336562895, 6.108524456778169], [5.700439718141093, 5.169925001442312, 4.459431618637297, 3.807354922057604, 3.4594316186372973, 3.321928094887362, 4.523561956057013, 5.0, 5.643856189774724, 5.954196310386875, 6.247927513443585, 5.044394119358453, 5.491853096329675, 5.672425341971495, 5.727920454563199, 6.149747119504682, 5.700439718141093, 5.523561956057013, 5.857980995127572, 5.727920454563199, 5.614709844115208, 6.523561956057013, 6.321928094887363, 6.475733430966398], [5.807354922057604, 5.087462841250339, 3.9068905956085187, 3.700439718141092, 3.169925001442312, 3.584962500721156, 3.807354922057604, 5.285402218862249, 5.672425341971495, 5.754887502163468, 6.087462841250339, 6.0, 5.554588851677638, 5.857980995127572, 5.321928094887363, 5.672425341971495, 5.614709844115208, 6.129283016944966, 5.930737337562887, 5.930737337562887, 5.930737337562887, 5.882643049361842, 6.442943495848728, 6.426264754702098], [6.149747119504682, 5.614709844115208, 4.857980995127572, 4.392317422778761, 3.584962500721156, 3.0, 3.700439718141092, 4.857980995127572, 5.614709844115208, 5.727920454563199, 5.700439718141093, 5.727920454563199, 5.169925001442312, 5.643856189774724, 5.554588851677638, 5.169925001442312, 5.044394119358453, 5.357552004618084, 5.321928094887363, 5.087462841250339, 5.0, 6.044394119358453, 6.022367813028454, 6.108524456778169], [5.727920454563199, 5.700439718141093, 4.584962500721156, 4.807354922057604, 2.0, 3.4594316186372973, 3.9068905956085187, 4.584962500721156, 5.087462841250339, 5.554588851677638, 5.554588851677638, 5.727920454563199, 5.807354922057604, 5.727920454563199, 5.20945336562895, 5.392317422778761, 5.554588851677638, 5.727920454563199, 4.857980995127572, 5.754887502163468, 5.78135971352466, 5.643856189774724, 6.044394119358453, 6.426264754702098]]}