{"min": 0, "max": 11.791569912126878, "pieData": [[4.906890595608519, 4.754887502163468, 4.643856189774724, 3.321928094887362, 2.584962500721156, 2.807354922057604, 4.087462841250339, 4.584962500721156, 5.0, 5.044394119358453, 5.247927513443585, 4.392317422778761, 5.044394119358453, 5.392317422778761, 5.247927513443585, 4.906890595608519, 5.20945336562895, 5.357552004618084, 4.857980995127572, 4.0, 4.643856189774724, 4.643856189774724, 5.357552004618084, 5.554588851677638], [5.044394119358453, 4.643856189774724, 4.906890595608519, 4.087462841250339, 2.321928094887362, 2.807354922057604, 3.700439718141092, 4.392317422778761, 4.169925001442312, 5.392317422778761, 5.459431618637297, 4.807354922057604, 4.954196310386875, 5.285402218862249, 4.906890595608519, 5.247927513443585, 5.129283016944966, 5.321928094887363, 5.169925001442312, 5.044394119358453, 4.700439718141093, 5.459431618637297, 5.832890014164741, 5.672425341971495], [4.643856189774724, 4.643856189774724, 4.087462841250339, 3.807354922057604, 2.807354922057604, 2.807354922057604, 3.584962500721156, 4.700439718141093, 4.584962500721156, 4.459431618637297, 5.614709844115208, 5.169925001442312, 4.954196310386875, 5.357552004618084, 5.459431618637297, 5.0, 5.20945336562895, 4.906890595608519, 5.20945336562895, 5.20945336562895, 3.4594316186372973, 6.189824558880018, 5.554588851677638, 5.426264754702098], [5.700439718141093, 4.584962500721156, 4.523561956057013, 3.9068905956085187, 2.807354922057604, 2.321928094887362, 3.4594316186372973, 4.169925001442312, 5.044394119358453, 5.0, 5.169925001442312, 4.392317422778761, 4.459431618637297, 4.754887502163468, 4.459431618637297, 5.247927513443585, 5.087462841250339, 5.0, 4.584962500721156, 5.129283016944966, 5.129283016944966, 5.285402218862249, 5.807354922057604, 5.491853096329675], [5.087462841250339, 4.954196310386875, 4.523561956057013, 4.087462841250339, 3.700439718141092, 2.807354922057604, 3.4594316186372973, 4.087462841250339, 5.247927513443585, 5.169925001442312, 5.044394119358453, 4.954196310386875, 4.906890595608519, 4.584962500721156, 4.459431618637297, 4.954196310386875, 5.0, 5.044394119358453, 5.700439718141093, 5.554588851677638, 5.357552004618084, 5.169925001442312, 5.807354922057604, 5.643856189774724], [5.20945336562895, 5.614709844115208, 4.643856189774724, 4.643856189774724, 2.807354922057604, 3.169925001442312, 2.584962500721156, 4.0, 4.321928094887363, 4.857980995127572, 4.643856189774724, 4.807354922057604, 4.0, 4.584962500721156, 4.247927513443585, 3.4594316186372973, 4.321928094887363, 4.459431618637297, 4.584962500721156, 4.857980995127572, 4.643856189774724, 4.754887502163468, 5.491853096329675, 5.044394119358453], [4.584962500721156, 4.392317422778761, 4.857980995127572, 3.169925001442312, 2.807354922057604, 3.0, 3.321928094887362, 4.087462841250339, 4.392317422778761, 4.0, 4.584962500721156, 4.0, 4.392317422778761, 4.459431618637297, 4.0, 4.321928094887363, 4.392317422778761, 4.643856189774724, 4.321928094887363, 5.044394119358453, 5.247927513443585, 5.426264754702098, 5.247927513443585, 4.954196310386875]]}