{"min": 0, "max": 11.791569912126878, "pieData": [[7.3750394313469245, 6.832890014164741, 6.20945336562895, 5.357552004618084, 5.357552004618084, 5.491853096329675, 6.554588851677638, 7.768184324776926, 7.149747119504682, 7.554588851677638, 7.499845887083206, 7.714245517666122, 7.651051691178928, 7.882643049361842, 8.139551352398794, 8.252665432450248, 8.071462362556623, 8.060695931687555, 7.794415866350106, 6.906890595608519, 7.700439718141093, 8.661778097771988, 8.584962500721156, 8.475733430966399], [7.6653359171851765, 7.011227255423254, 6.6293566200796095, 6.066089190457772, 5.459431618637297, 5.087462841250339, 6.266786540694901, 7.86418614465428, 7.592457037268081, 7.734709620225838, 7.900866807980749, 8.169925001442312, 7.851749041416058, 8.027905996569885, 8.098032082960527, 8.174925682500678, 8.194756854422248, 7.977279923499917, 7.870364719583405, 8.413627929024173, 8.50382573799575, 8.67595703294175, 8.527477006060396, 8.214319120800766], [7.467605550082998, 6.954196310386875, 6.303780748177103, 5.727920454563199, 5.087462841250339, 5.044394119358453, 5.977279923499917, 7.870364719583405, 7.531381460516312, 7.721099188707186, 7.971543553950772, 7.679480099505446, 7.584962500721156, 7.679480099505446, 7.98299357469431, 7.857980995127572, 7.813781191217037, 7.906890595608519, 7.906890595608519, 8.0, 5.129283016944966, 8.280770770130603, 8.379378367071261, 8.066089190457772], [7.727920454563199, 7.108524456778169, 6.599912842187128, 6.0, 5.321928094887363, 5.087462841250339, 6.339850002884624, 7.86418614465428, 7.348728154231077, 7.754887502163468, 7.98299357469431, 7.876516946564999, 7.6653359171851765, 7.714245517666122, 8.0, 8.049848549450562, 8.022367813028454, 7.948367231584678, 7.94251450533924, 8.442943495848729, 8.569855608330947, 8.426264754702098, 8.430452551665532, 8.027905996569885], [7.499845887083206, 7.330916878114617, 6.523561956057013, 6.3750394313469245, 5.285402218862249, 5.832890014164741, 6.189824558880018, 7.954196310386875, 7.507794640198696, 7.86418614465428, 8.139551352398794, 8.03342300153745, 7.658211482751795, 7.930737337562887, 8.134426320220927, 8.144658242831882, 8.044394119358454, 8.149747119504681, 7.754887502163468, 8.08214904135387, 8.46352437327118, 8.326429487122303, 8.62935662007961, 8.247927513443585], [8.0, 7.622051819456376, 7.076815597050831, 6.857980995127572, 5.977279923499917, 5.700439718141093, 6.339850002884624, 7.383704292474052, 7.994353436858858, 7.734709620225838, 7.6653359171851765, 7.6865005271832185, 7.592457037268081, 7.60733031374961, 7.6653359171851765, 7.383704292474052, 7.658211482751795, 7.851749041416058, 7.888743248898259, 7.7481928495894605, 7.965784284662087, 8.118941072723507, 8.290018846932618, 7.948367231584678], [7.800899899920305, 7.348728154231077, 7.05528243550119, 6.285402218862249, 5.491853096329675, 5.285402218862249, 5.857980995127572, 6.554588851677638, 7.339850002884624, 7.366322214245816, 7.459431618637297, 7.1799090900149345, 7.592457037268081, 7.906890595608519, 7.727920454563199, 7.6653359171851765, 7.734709620225838, 7.800899899920305, 7.870364719583405, 7.734709620225838, 8.257387842692651, 8.194756854422248, 8.233619676759702, 7.92481250360578]]}