{"min": 0, "max": 11.791569912126878, "pieData": [[3.9068905956085187, 1.0, 2.0, 2.807354922057604, 1.584962500721156, 2.0, 3.169925001442312, 2.584962500721156, 4.321928094887363, 6.129283016944966, 6.044394119358453, 5.977279923499917, 4.523561956057013, 5.523561956057013, 5.459431618637297, 5.523561956057013, 5.0, 4.321928094887363, 4.0, 3.0, 3.700439718141092, 4.700439718141093, 4.247927513443585, 4.247927513443585], [3.700439718141092, 1.584962500721156, 2.0, 0.0, 2.0, 1.0, 2.0, 3.700439718141092, 4.523561956057013, 5.78135971352466, 6.087462841250339, 5.614709844115208, 4.954196310386875, 5.321928094887363, 5.523561956057013, 6.22881869049588, 5.285402218862249, 4.523561956057013, 4.700439718141093, 3.9068905956085187, 4.087462841250339, 4.954196310386875, 4.0, 4.087462841250339], [3.0, 2.807354922057604, 1.584962500721156, 1.584962500721156, 1.0, 2.0, 2.321928094887362, 3.321928094887362, 5.087462841250339, 5.643856189774724, 6.169925001442312, 5.672425341971495, 3.700439718141092, 4.754887502163468, 5.044394119358453, 4.700439718141093, 4.643856189774724, 4.906890595608519, 3.321928094887362, 4.700439718141093, 2.0, 4.643856189774724, 3.807354922057604, 4.321928094887363], [3.584962500721156, 3.700439718141092, 3.169925001442312, 2.321928094887362, 0.0, 1.584962500721156, 2.584962500721156, 4.0, 4.169925001442312, 4.954196310386875, 5.357552004618084, 3.807354922057604, 4.087462841250339, 5.392317422778761, 4.169925001442312, 5.044394119358453, 4.700439718141093, 4.392317422778761, 4.169925001442312, 4.0, 4.523561956057013, 5.087462841250339, 4.392317422778761, 3.584962500721156], [3.4594316186372973, 3.321928094887362, 2.584962500721156, 1.0, 2.0, 1.584962500721156, 1.584962500721156, 3.584962500721156, 4.700439718141093, 4.392317422778761, 5.169925001442312, 4.807354922057604, 4.584962500721156, 4.087462841250339, 4.392317422778761, 5.044394119358453, 4.906890595608519, 4.169925001442312, 4.754887502163468, 3.584962500721156, 4.247927513443585, 4.0, 4.643856189774724, 4.087462841250339], [4.321928094887363, 3.807354922057604, 3.584962500721156, 2.807354922057604, 2.584962500721156, 0.0, 2.0, 3.169925001442312, 2.807354922057604, 4.169925001442312, 4.392317422778761, 3.700439718141092, 4.247927513443585, 3.807354922057604, 3.169925001442312, 3.0, 3.9068905956085187, 4.392317422778761, 3.584962500721156, 2.807354922057604, 3.807354922057604, 3.169925001442312, 4.392317422778761, 3.584962500721156], [3.584962500721156, 2.807354922057604, 3.0, 0.0, 2.321928094887362, 1.584962500721156, 1.584962500721156, 1.584962500721156, 3.700439718141092, 4.087462841250339, 3.4594316186372973, 3.9068905956085187, 3.4594316186372973, 3.321928094887362, 3.584962500721156, 4.087462841250339, 3.4594316186372973, 3.584962500721156, 3.0, 3.700439718141092, 3.584962500721156, 4.392317422778761, 4.087462841250339, 4.321928094887363]]}