{"min": 0, "max": 11.791569912126878, "pieData": [[5.700439718141093, 5.882643049361842, 4.857980995127572, 4.169925001442312, 4.459431618637297, 4.523561956057013, 6.3750394313469245, 7.247927513443585, 5.906890595608519, 6.584962500721156, 6.285402218862249, 6.672425341971495, 6.409390936137702, 6.7414669864011465, 6.930737337562887, 6.658211482751795, 6.794415866350106, 6.357552004618084, 6.475733430966398, 5.321928094887363, 6.584962500721156, 7.199672344836364, 7.087462841250339, 6.3750394313469245], [6.321928094887363, 6.0, 5.727920454563199, 4.754887502163468, 4.700439718141093, 3.807354922057604, 5.832890014164741, 6.894817763307944, 6.523561956057013, 6.3750394313469245, 6.459431618637297, 6.426264754702098, 6.584962500721156, 6.807354922057604, 6.7414669864011465, 6.857980995127572, 6.614709844115208, 6.832890014164741, 6.672425341971495, 6.768184324776926, 7.20945336562895, 7.266786540694901, 6.807354922057604, 6.672425341971495], [5.954196310386875, 5.554588851677638, 5.321928094887363, 5.044394119358453, 4.247927513443585, 4.392317422778761, 5.523561956057013, 6.906890595608519, 6.321928094887363, 6.459431618637297, 6.129283016944966, 6.523561956057013, 6.475733430966398, 6.6865005271832185, 6.714245517666122, 6.78135971352466, 6.672425341971495, 6.807354922057604, 6.507794640198696, 6.599912842187128, 4.0, 6.820178962415188, 6.894817763307944, 6.539158811108031], [6.475733430966398, 5.754887502163468, 5.523561956057013, 5.129283016944966, 4.523561956057013, 4.392317422778761, 5.643856189774724, 7.20945336562895, 6.584962500721156, 6.339850002884624, 6.392317422778761, 6.442943495848728, 6.870364719583405, 6.714245517666122, 6.78135971352466, 6.459431618637297, 6.754887502163468, 6.3750394313469245, 6.584962500721156, 6.820178962415188, 6.977279923499917, 7.219168520462161, 7.285402218862249, 6.870364719583405], [6.7414669864011465, 6.108524456778169, 5.285402218862249, 4.169925001442312, 3.807354922057604, 4.459431618637297, 5.554588851677638, 6.954196310386875, 6.044394119358453, 6.247927513443585, 6.189824558880018, 6.599912842187128, 6.459431618637297, 6.7414669864011465, 6.539158811108031, 6.870364719583405, 6.614709844115208, 6.584962500721156, 6.78135971352466, 6.977279923499917, 6.954196310386875, 6.918863237274595, 6.977279923499917, 6.658211482751795], [6.539158811108031, 6.321928094887363, 6.066089190457772, 5.357552004618084, 4.321928094887363, 4.754887502163468, 5.247927513443585, 6.3750394313469245, 6.882643049361842, 6.149747119504682, 6.6293566200796095, 6.599912842187128, 6.584962500721156, 7.022367813028454, 7.0, 6.3750394313469245, 6.539158811108031, 6.491853096329675, 6.807354922057604, 6.672425341971495, 6.442943495848728, 6.754887502163468, 6.614709844115208, 6.442943495848728], [6.569855608330948, 6.339850002884624, 5.643856189774724, 5.357552004618084, 4.321928094887363, 4.643856189774724, 4.954196310386875, 5.906890595608519, 6.584962500721156, 6.523561956057013, 6.426264754702098, 6.832890014164741, 7.0, 6.977279923499917, 7.022367813028454, 6.727920454563199, 6.727920454563199, 6.754887502163468, 6.672425341971495, 6.523561956057013, 7.20945336562895, 7.339850002884624, 6.832890014164741, 6.321928094887363]]}