{"min": 0, "max": 11.791569912126878, "pieData": [[8.087462841250339, 7.312882955284356, 6.857980995127572, 6.599912842187128, 5.882643049361842, 6.108524456778169, 7.321928094887363, 7.839203788096944, 7.098032082960526, 7.118941072723508, 7.832890014164741, 8.076815597050832, 7.971543553950772, 8.184875342908283, 8.154818109052105, 8.483815777264256, 8.20945336562895, 8.224001674198105, 7.86418614465428, 6.643856189774724, 8.103287808412022, 8.707359132080883, 8.971543553950772, 8.527477006060396], [8.252665432450248, 7.800899899920305, 7.442943495848728, 6.727920454563199, 6.108524456778169, 5.930737337562887, 7.05528243550119, 7.839203788096944, 7.651051691178928, 7.622051819456376, 7.754887502163468, 8.247927513443585, 8.118941072723507, 8.243173983472952, 8.326429487122303, 8.59618975614441, 8.08214904135387, 8.379378367071261, 8.027905996569885, 8.194756854422248, 8.50382573799575, 8.686500527183219, 8.74819284958946, 8.523561956057012], [8.060695931687555, 7.539158811108031, 6.9886846867721655, 6.303780748177103, 5.700439718141093, 5.523561956057013, 6.658211482751795, 7.6653359171851765, 7.7481928495894605, 7.7615512324444795, 7.857980995127572, 8.016808287686555, 7.86418614465428, 8.055282435501189, 8.027905996569885, 8.344295907915816, 8.184875342908283, 8.247927513443585, 7.807354922057604, 8.011227255423254, 5.643856189774724, 8.370687406807217, 8.558420713268664, 8.31741261376487], [8.139551352398794, 7.679480099505446, 7.636624620543649, 6.599912842187128, 6.108524456778169, 6.066089190457772, 6.820178962415188, 7.882643049361842, 7.636624620543649, 7.599912842187128, 7.936637939002571, 8.066089190457772, 7.930737337562887, 8.066089190457772, 8.174925682500678, 8.422064766172813, 8.335390354693924, 8.383704292474052, 7.94251450533924, 8.285402218862249, 8.507794640198696, 8.562242424221072, 8.848622940429339, 8.741466986401146], [8.087462841250339, 7.6293566200796095, 7.159871336778389, 6.754887502163468, 6.129283016944966, 6.044394119358453, 6.977279923499917, 7.734709620225838, 7.721099188707186, 7.562242424221073, 7.918863237274595, 8.129283016944967, 7.94251450533924, 8.154818109052105, 8.339850002884624, 8.189824558880018, 8.214319120800766, 8.184875342908283, 7.569855608330948, 7.92481250360578, 8.599912842187127, 8.558420713268664, 8.67595703294175, 8.618385502258606], [8.238404739325079, 7.807354922057604, 7.754887502163468, 7.03342300153745, 6.20945336562895, 6.129283016944966, 6.700439718141093, 7.442943495848728, 7.768184324776926, 7.870364719583405, 8.016808287686555, 8.03342300153745, 7.977279923499917, 8.038918989292302, 8.113742166049189, 7.9886846867721655, 8.011227255423254, 8.055282435501189, 8.011227255423254, 7.9886846867721655, 8.149747119504681, 8.271463027904375, 8.618385502258606, 8.326429487122303], [8.066089190457772, 7.7615512324444795, 7.658211482751795, 7.247927513443585, 6.22881869049588, 6.20945336562895, 6.569855608330948, 7.044394119358453, 7.658211482751795, 7.734709620225838, 7.826548487290915, 7.839203788096944, 8.022367813028454, 8.066089190457772, 8.022367813028454, 8.271463027904375, 8.08214904135387, 8.194756854422248, 8.184875342908283, 8.103287808412022, 8.535275376620802, 8.625708843064466, 8.689997971419446, 8.383704292474052]]}