{"min": 0, "max": 11.791569912126878, "pieData": [[5.672425341971495, 4.247927513443585, 4.459431618637297, 4.523561956057013, 3.321928094887362, 4.321928094887363, 5.727920454563199, 6.129283016944966, 5.584962500721156, 5.129283016944966, 5.426264754702098, 5.672425341971495, 5.882643049361842, 6.044394119358453, 6.426264754702098, 6.22881869049588, 6.539158811108031, 6.303780748177103, 6.266786540694901, 5.643856189774724, 6.247927513443585, 6.569855608330948, 6.554588851677638, 6.22881869049588], [5.672425341971495, 4.643856189774724, 4.643856189774724, 3.807354922057604, 3.9068905956085187, 4.392317422778761, 5.832890014164741, 6.022367813028454, 6.20945336562895, 6.087462841250339, 5.614709844115208, 5.672425341971495, 6.169925001442312, 6.022367813028454, 6.22881869049588, 6.066089190457772, 6.672425341971495, 6.189824558880018, 6.523561956057013, 6.169925001442312, 6.426264754702098, 7.0, 6.3750394313469245, 6.321928094887363], [5.285402218862249, 4.584962500721156, 4.392317422778761, 3.807354922057604, 3.9068905956085187, 3.0, 5.087462841250339, 6.321928094887363, 5.169925001442312, 5.807354922057604, 6.066089190457772, 5.807354922057604, 6.066089190457772, 6.129283016944966, 5.614709844115208, 6.087462841250339, 6.569855608330948, 6.3750394313469245, 6.426264754702098, 6.442943495848728, 3.584962500721156, 6.78135971352466, 6.22881869049588, 6.0], [5.321928094887363, 4.321928094887363, 5.087462841250339, 4.169925001442312, 3.700439718141092, 3.807354922057604, 5.129283016944966, 6.087462841250339, 5.643856189774724, 5.392317422778761, 5.727920454563199, 6.303780748177103, 6.266786540694901, 5.954196310386875, 5.882643049361842, 5.882643049361842, 6.409390936137702, 6.20945336562895, 6.409390936137702, 6.599912842187128, 6.266786540694901, 6.426264754702098, 6.285402218862249, 5.977279923499917], [5.614709844115208, 4.906890595608519, 4.906890595608519, 4.087462841250339, 3.321928094887362, 3.700439718141092, 5.78135971352466, 6.584962500721156, 6.3750394313469245, 6.321928094887363, 6.087462841250339, 6.189824558880018, 6.321928094887363, 6.266786540694901, 6.149747119504682, 5.977279923499917, 6.672425341971495, 6.169925001442312, 6.108524456778169, 6.409390936137702, 6.357552004618084, 6.149747119504682, 6.554588851677638, 6.022367813028454], [5.643856189774724, 5.643856189774724, 5.20945336562895, 3.9068905956085187, 3.700439718141092, 3.584962500721156, 4.754887502163468, 5.459431618637297, 5.672425341971495, 6.044394119358453, 6.189824558880018, 6.3750394313469245, 5.906890595608519, 5.954196310386875, 5.882643049361842, 5.614709844115208, 6.0, 6.285402218862249, 6.22881869049588, 6.22881869049588, 6.3750394313469245, 6.0, 6.169925001442312, 5.977279923499917], [5.857980995127572, 4.954196310386875, 4.700439718141093, 4.169925001442312, 3.807354922057604, 3.321928094887362, 4.087462841250339, 5.169925001442312, 5.857980995127572, 6.066089190457772, 6.129283016944966, 6.442943495848728, 6.599912842187128, 6.714245517666122, 6.539158811108031, 6.475733430966398, 6.820178962415188, 6.6865005271832185, 6.507794640198696, 6.426264754702098, 6.807354922057604, 6.6865005271832185, 6.539158811108031, 6.20945336562895]]}