{"min": 0, "max": 11.791569912126878, "pieData": [[7.554588851677638, 6.906890595608519, 6.169925001442312, 6.087462841250339, 5.643856189774724, 5.807354922057604, 7.0, 7.672425341971495, 8.219168520462162, 8.219168520462162, 8.262094845370179, 8.409390936137703, 8.417852514885897, 8.491853096329674, 8.73809225962049, 8.696967526234287, 8.569855608330947, 8.409390936137703, 7.86418614465428, 6.507794640198696, 7.6865005271832185, 8.535275376620802, 8.611024797307353, 8.276124405274238], [7.483815777264256, 7.076815597050831, 6.442943495848728, 5.672425341971495, 5.807354922057604, 5.087462841250339, 6.507794640198696, 7.727920454563199, 8.262094845370179, 8.294620748891628, 8.527477006060396, 8.693486957499324, 8.467605550082997, 8.45532722030456, 8.62935662007961, 8.774787059601174, 8.599912842187127, 8.422064766172813, 7.888743248898259, 8.154818109052105, 8.233619676759702, 8.447083226209653, 8.471675214392045, 7.9600019320680815], [7.459431618637297, 7.0, 6.129283016944966, 6.0, 5.459431618637297, 5.247927513443585, 6.285402218862249, 7.569855608330948, 8.144658242831882, 8.280770770130603, 8.335390354693924, 8.413627929024173, 8.184875342908283, 8.344295907915816, 8.59618975614441, 8.49585502688717, 8.442943495848729, 8.326429487122303, 7.888743248898259, 7.965784284662087, 5.285402218862249, 7.954196310386875, 8.022367813028454, 8.071462362556623], [7.614709844115208, 6.9886846867721655, 6.894817763307944, 6.066089190457772, 5.321928094887363, 5.954196310386875, 6.357552004618084, 7.7615512324444795, 8.290018846932618, 8.417852514885897, 8.43879185257826, 8.39231742277876, 8.060695931687555, 8.326429487122303, 8.689997971419446, 8.741466986401146, 8.479780264029099, 8.266786540694902, 7.876516946564999, 8.071462362556623, 8.189824558880018, 8.224001674198105, 8.383704292474052, 8.124121311829187], [7.584962500721156, 6.894817763307944, 6.459431618637297, 5.78135971352466, 5.087462841250339, 5.20945336562895, 6.3750394313469245, 7.800899899920305, 8.361943773735241, 8.375039431346925, 8.734709620225837, 8.357552004618084, 8.357552004618084, 8.43879185257826, 8.643856189774725, 8.861086905995395, 8.467605550082997, 8.262094845370179, 7.820178962415188, 7.845490050944376, 8.149747119504681, 8.228818690495881, 8.290018846932618, 8.290018846932618], [7.851749041416058, 7.442943495848728, 7.011227255423254, 6.22881869049588, 6.066089190457772, 5.807354922057604, 6.475733430966398, 7.531381460516312, 8.08214904135387, 8.129283016944967, 8.076815597050832, 8.479780264029099, 8.238404739325079, 8.388017285345136, 8.467605550082997, 8.303780748177102, 8.060695931687555, 8.027905996569885, 8.022367813028454, 7.643856189774724, 7.900866807980749, 7.92481250360578, 8.005624549193879, 7.7481928495894605], [7.658211482751795, 7.400879436282184, 6.857980995127572, 6.108524456778169, 5.426264754702098, 5.321928094887363, 5.954196310386875, 6.700439718141093, 7.679480099505446, 7.531381460516312, 7.900866807980749, 7.894817763307944, 8.189824558880018, 8.149747119504681, 8.280770770130603, 8.124121311829187, 8.285402218862249, 8.08214904135387, 7.768184324776926, 7.714245517666122, 8.149747119504681, 8.118941072723507, 8.348728154231077, 7.870364719583405]]}