{"min": 0, "max": 11.791569912126878, "pieData": [[6.129283016944966, 4.857980995127572, 4.523561956057013, 4.643856189774724, 4.857980995127572, 5.78135971352466, 6.321928094887363, 6.475733430966398, 7.149747119504682, 7.011227255423254, 7.129283016944966, 7.539158811108031, 6.768184324776926, 7.383704292474052, 7.839203788096944, 7.6653359171851765, 7.658211482751795, 7.426264754702098, 6.6865005271832185, 5.807354922057604, 6.539158811108031, 7.491853096329675, 7.247927513443585, 6.930737337562887], [6.392317422778761, 5.285402218862249, 4.459431618637297, 4.954196310386875, 4.807354922057604, 5.930737337562887, 6.754887502163468, 7.139551352398794, 7.417852514885898, 7.60733031374961, 7.523561956057013, 7.475733430966398, 7.149747119504682, 7.3750394313469245, 7.768184324776926, 7.832890014164741, 7.467605550082998, 7.339850002884624, 7.076815597050831, 7.076815597050831, 6.768184324776926, 7.189824558880018, 7.312882955284356, 6.7414669864011465], [5.977279923499917, 5.0, 5.169925001442312, 3.9068905956085187, 4.459431618637297, 5.584962500721156, 5.977279923499917, 7.266786540694901, 7.066089190457772, 7.3750394313469245, 7.459431618637297, 7.3750394313469245, 6.94251450533924, 7.22881869049588, 7.832890014164741, 7.467605550082998, 7.483815777264256, 6.6865005271832185, 6.658211482751795, 6.554588851677638, 4.392317422778761, 7.20945336562895, 7.1799090900149345, 6.807354922057604], [5.882643049361842, 5.129283016944966, 5.247927513443585, 4.247927513443585, 5.087462841250339, 5.78135971352466, 5.807354922057604, 7.189824558880018, 7.562242424221073, 7.442943495848728, 7.499845887083206, 7.400879436282184, 7.03342300153745, 7.383704292474052, 7.7615512324444795, 7.721099188707186, 7.499845887083206, 7.257387842692652, 6.807354922057604, 7.257387842692652, 7.03342300153745, 7.044394119358453, 7.285402218862249, 6.857980995127572], [6.357552004618084, 5.392317422778761, 5.357552004618084, 4.906890595608519, 4.857980995127572, 5.491853096329675, 6.266786540694901, 7.321928094887363, 7.636624620543649, 7.636624620543649, 7.826548487290915, 7.467605550082998, 7.118941072723508, 7.383704292474052, 7.948367231584678, 7.820178962415188, 7.515699838284043, 6.906890595608519, 6.78135971352466, 6.614709844115208, 6.820178962415188, 7.189824558880018, 7.451211111832329, 6.857980995127572], [6.087462841250339, 5.754887502163468, 4.906890595608519, 5.643856189774724, 5.285402218862249, 5.78135971352466, 6.475733430966398, 7.066089190457772, 6.977279923499917, 7.129283016944966, 6.820178962415188, 6.977279923499917, 7.118941072723508, 6.906890595608519, 6.7414669864011465, 7.011227255423254, 6.7414669864011465, 6.727920454563199, 6.475733430966398, 6.409390936137702, 6.523561956057013, 6.714245517666122, 6.442943495848728, 6.149747119504682], [6.066089190457772, 5.672425341971495, 5.357552004618084, 4.392317422778761, 5.044394119358453, 5.169925001442312, 6.442943495848728, 7.011227255423254, 6.643856189774724, 6.475733430966398, 6.614709844115208, 6.357552004618084, 6.700439718141093, 7.05528243550119, 6.906890595608519, 7.1799090900149345, 6.6293566200796095, 6.845490050944376, 6.918863237274595, 6.954196310386875, 7.303780748177103, 7.257387842692652, 7.044394119358453, 6.523561956057013]]}