{"min": 0, "max": 11.791569912126878, "pieData": [[8.396604781181859, 7.839203788096944, 7.507794640198696, 7.3750394313469245, 6.539158811108031, 6.339850002884624, 7.839203788096944, 8.651051691178928, 8.098032082960527, 7.936637939002571, 8.357552004618084, 8.491853096329674, 8.81698362325538, 8.974414589805527, 8.977279923499916, 8.991521846075695, 9.060695931687555, 9.08214904135387, 8.717676423066397, 7.531381460516312, 8.810571634741146, 9.49585502688717, 9.344295907915816, 8.971543553950772], [8.535275376620802, 8.361943773735241, 8.103287808412022, 7.546894459887636, 7.0, 6.459431618637297, 7.539158811108031, 8.654636028527968, 8.243173983472952, 8.285402218862249, 8.558420713268664, 8.915879378835774, 8.879583249612784, 9.084808387804362, 9.174925682500678, 9.103287808412022, 9.124121311829187, 9.211888294546004, 9.074141462752506, 9.179909090014934, 9.353146825498083, 9.413627929024173, 9.337621901992508, 9.022367813028454], [8.550746785383243, 7.888743248898259, 7.906890595608519, 7.03342300153745, 6.507794640198696, 6.507794640198696, 7.434628227636725, 8.434628227636725, 8.326429487122303, 8.357552004618084, 8.447083226209653, 8.588714635582264, 8.63662462054365, 8.829722735086058, 8.873444112515376, 9.076815597050832, 8.90388184573618, 8.845490050944376, 8.654636028527968, 8.710806433699352, 6.426264754702098, 9.400879436282183, 9.025139562278508, 8.700439718141093], [8.693486957499324, 8.294620748891628, 7.977279923499917, 7.303780748177103, 6.977279923499917, 6.22881869049588, 7.643856189774724, 8.700439718141093, 8.370687406807217, 8.43879185257826, 8.686500527183219, 8.654636028527968, 8.654636028527968, 8.939579214314692, 8.971543553950772, 8.948367231584678, 9.0, 9.068778277985412, 9.0, 8.965784284662087, 9.330916878114618, 9.194756854422248, 9.252665432450248, 9.022367813028454], [8.558420713268664, 8.262094845370179, 7.965784284662087, 7.247927513443585, 6.599912842187128, 6.169925001442312, 7.459431618637297, 8.483815777264256, 8.238404739325079, 8.285402218862249, 8.72451385311995, 8.915879378835774, 8.76487159073609, 9.144658242831882, 9.00842862207058, 9.197216693110052, 9.149747119504681, 8.936637939002571, 8.734709620225837, 8.842350343413807, 9.233619676759702, 9.30149619498255, 9.377210530388552, 9.0], [8.573647187493322, 8.396604781181859, 8.238404739325079, 7.734709620225838, 7.169925001442312, 6.442943495848728, 7.129283016944966, 7.92481250360578, 8.546894459887637, 8.603626344986193, 8.774787059601174, 8.754887502163468, 8.717676423066397, 8.927777962082342, 8.768184324776927, 8.751544059089099, 8.839203788096944, 8.829722735086058, 8.936637939002571, 8.888743248898258, 9.121533517340032, 9.147204924942228, 9.030667136246942, 8.741466986401146], [8.686500527183219, 8.426264754702098, 8.027905996569885, 7.6293566200796095, 7.044394119358453, 6.714245517666122, 6.954196310386875, 7.546894459887636, 8.31741261376487, 8.515699838284043, 8.640244936222345, 8.721099188707186, 8.92184093707449, 8.915879378835774, 8.823367240046235, 8.930737337562887, 8.751544059089099, 9.041659151637214, 9.221587121264806, 8.851749041416058, 9.221587121264806, 9.49585502688717, 9.29232163280204, 8.927777962082342]]}