{"min": 0, "max": 11.791569912126878, "pieData": [[7.507794640198696, 7.066089190457772, 6.9886846867721655, 5.954196310386875, 4.954196310386875, 5.285402218862249, 6.727920454563199, 7.954196310386875, 7.912889336229962, 7.693486957499325, 7.714245517666122, 7.584962500721156, 7.366322214245816, 7.592457037268081, 7.7414669864011465, 7.679480099505446, 7.832890014164741, 7.7414669864011465, 7.700439718141093, 6.614709844115208, 6.794415866350106, 7.894817763307944, 7.787902559391432, 7.523561956057013], [7.247927513443585, 7.066089190457772, 6.832890014164741, 6.658211482751795, 5.392317422778761, 5.285402218862249, 6.392317422778761, 7.832890014164741, 7.820178962415188, 7.912889336229962, 7.672425341971495, 7.491853096329675, 7.491853096329675, 7.426264754702098, 7.839203788096944, 7.768184324776926, 7.577428828035749, 7.577428828035749, 7.523561956057013, 7.734709620225838, 7.6865005271832185, 7.546894459887636, 7.546894459887636, 7.392317422778761], [6.94251450533924, 6.807354922057604, 6.169925001442312, 6.044394119358453, 5.523561956057013, 4.321928094887363, 5.954196310386875, 7.451211111832329, 7.467605550082998, 7.22881869049588, 7.05528243550119, 7.392317422778761, 7.312882955284356, 7.285402218862249, 7.294620748891627, 7.366322214245816, 7.417852514885898, 7.622051819456376, 7.592457037268081, 7.554588851677638, 5.0, 7.714245517666122, 7.366322214245816, 7.562242424221073], [7.129283016944966, 7.087462841250339, 6.409390936137702, 5.523561956057013, 5.129283016944966, 4.523561956057013, 6.149747119504682, 7.499845887083206, 7.507794640198696, 7.392317422778761, 6.727920454563199, 6.658211482751795, 6.6293566200796095, 6.643856189774724, 7.20945336562895, 7.599912842187128, 7.523561956057013, 7.60733031374961, 7.851749041416058, 7.721099188707186, 7.754887502163468, 7.7615512324444795, 7.820178962415188, 7.483815777264256], [7.294620748891627, 7.022367813028454, 6.672425341971495, 5.807354922057604, 5.807354922057604, 4.754887502163468, 6.044394119358453, 7.820178962415188, 7.679480099505446, 7.900866807980749, 7.614709844115208, 7.7073591320808825, 7.129283016944966, 7.149747119504682, 7.693486957499325, 7.3750394313469245, 7.562242424221073, 7.813781191217037, 7.807354922057604, 8.060695931687555, 7.954196310386875, 7.826548487290915, 7.92481250360578, 7.7073591320808825], [7.523561956057013, 7.546894459887636, 6.857980995127572, 6.658211482751795, 5.554588851677638, 5.523561956057013, 5.882643049361842, 6.94251450533924, 7.562242424221073, 7.734709620225838, 7.60733031374961, 7.546894459887636, 7.426264754702098, 7.700439718141093, 7.727920454563199, 7.2384047393250786, 7.787902559391432, 7.78135971352466, 7.672425341971495, 7.768184324776926, 7.807354922057604, 7.7481928495894605, 7.754887502163468, 7.459431618637297], [7.60733031374961, 7.266786540694901, 6.918863237274595, 6.700439718141093, 6.169925001442312, 5.491853096329675, 5.523561956057013, 6.643856189774724, 7.321928094887363, 7.303780748177103, 7.562242424221073, 7.459431618637297, 7.321928094887363, 7.6293566200796095, 7.392317422778761, 7.622051819456376, 7.6293566200796095, 7.636624620543649, 7.672425341971495, 7.807354922057604, 7.6653359171851765, 7.845490050944376, 7.734709620225838, 7.507794640198696]]}