{"min": 0, "max": 11.791569912126878, "pieData": [[8.409390936137703, 7.98299357469431, 7.442943495848728, 7.022367813028454, 6.22881869049588, 6.614709844115208, 7.807354922057604, 8.854868383260236, 9.147204924942228, 9.285402218862249, 9.131856960608793, 8.7714894695006, 8.717676423066397, 8.930737337562887, 9.124121311829187, 9.105908508571158, 8.977279923499916, 8.823367240046235, 8.682994583681683, 7.6653359171851765, 7.832890014164741, 8.813781191217037, 8.76487159073609, 8.430452551665532], [8.430452551665532, 8.092757140919852, 7.7481928495894605, 7.2384047393250786, 6.507794640198696, 6.266786540694901, 7.1799090900149345, 8.67595703294175, 9.038918989292302, 8.92481250360578, 8.654636028527968, 8.710806433699352, 8.558420713268664, 8.57742882803575, 8.957102041562287, 8.948367231584678, 8.768184324776927, 8.90388184573618, 8.665335917185176, 8.807354922057604, 8.807354922057604, 8.741466986401146, 8.679480099505446, 8.294620748891628], [8.076815597050832, 7.900866807980749, 7.679480099505446, 6.7414669864011465, 6.20945336562895, 5.882643049361842, 7.257387842692652, 8.339850002884624, 8.569855608330947, 8.689997971419446, 8.49585502688717, 8.383704292474052, 8.535275376620802, 8.531381460516313, 8.751544059089099, 8.50382573799575, 8.64745842645492, 8.661778097771988, 8.442943495848729, 8.430452551665532, 6.0, 8.654636028527968, 8.45532722030456, 8.118941072723507], [8.174925682500678, 8.055282435501189, 7.614709844115208, 7.05528243550119, 6.0, 5.930737337562887, 7.20945336562895, 8.400879436282183, 8.751544059089099, 8.451211111832329, 7.876516946564999, 7.86418614465428, 7.554588851677638, 7.7615512324444795, 8.614709844115207, 8.89178370321831, 8.813781191217037, 8.794415866350105, 8.543031820255237, 8.731319031025064, 8.727920454563199, 8.651051691178928, 8.584962500721156, 8.361943773735241], [8.348728154231077, 8.164906926675688, 7.787902559391432, 6.857980995127572, 6.339850002884624, 5.832890014164741, 7.2384047393250786, 8.46352437327118, 8.848622940429339, 8.791162888555018, 8.854868383260236, 8.417852514885897, 8.430452551665532, 8.519636252843213, 8.965784284662087, 9.016808287686555, 8.854868383260236, 8.622051819456376, 8.471675214392045, 8.74819284958946, 9.019590728357882, 8.761551232444479, 8.700439718141093, 8.558420713268664], [8.422064766172813, 8.417852514885897, 8.049848549450562, 7.169925001442312, 6.6865005271832185, 6.285402218862249, 7.139551352398794, 8.0, 8.665335917185176, 8.768184324776927, 8.823367240046235, 8.76487159073609, 8.744833837499545, 8.848622940429339, 8.832890014164741, 8.693486957499324, 8.661778097771988, 8.885696373339396, 8.689997971419446, 8.888743248898258, 8.876516946565, 8.810571634741146, 8.611024797307353, 8.59245703726808], [8.430452551665532, 8.228818690495881, 8.118941072723507, 7.651051691178928, 7.05528243550119, 6.442943495848728, 6.894817763307944, 7.86418614465428, 8.383704292474052, 8.686500527183219, 8.67595703294175, 8.62935662007961, 8.820178962415188, 8.88264304936184, 9.08214904135387, 9.025139562278508, 8.900866807980748, 8.787902559391432, 8.554588851677638, 8.826548487290914, 8.535275376620802, 8.751544059089099, 8.731319031025064, 8.294620748891628]]}