{"min": 0, "max": 11.791569912126878, "pieData": [[5.807354922057604, 4.643856189774724, 4.0, 4.392317422778761, 3.4594316186372973, 3.9068905956085187, 6.321928094887363, 7.0, 7.312882955284356, 7.546894459887636, 7.348728154231077, 6.918863237274595, 6.569855608330948, 6.727920454563199, 7.554588851677638, 6.94251450533924, 7.2761244052742375, 7.087462841250339, 6.285402218862249, 5.129283016944966, 5.554588851677638, 6.129283016944966, 5.807354922057604, 6.20945336562895], [5.392317422778761, 5.426264754702098, 4.700439718141093, 4.247927513443585, 3.321928094887362, 3.9068905956085187, 5.906890595608519, 6.459431618637297, 7.139551352398794, 7.2761244052742375, 7.312882955284356, 6.954196310386875, 6.523561956057013, 7.044394119358453, 6.977279923499917, 7.05528243550119, 7.011227255423254, 6.7414669864011465, 6.409390936137702, 6.614709844115208, 6.321928094887363, 6.087462841250339, 5.643856189774724, 6.129283016944966], [5.614709844115208, 3.9068905956085187, 4.906890595608519, 4.169925001442312, 4.0, 3.807354922057604, 5.614709844115208, 6.658211482751795, 6.768184324776926, 6.930737337562887, 6.539158811108031, 6.820178962415188, 6.584962500721156, 6.599912842187128, 7.169925001442312, 6.78135971352466, 7.011227255423254, 6.700439718141093, 6.442943495848728, 6.459431618637297, 4.0, 5.906890595608519, 5.930737337562887, 6.022367813028454], [5.491853096329675, 5.044394119358453, 4.807354922057604, 3.9068905956085187, 2.807354922057604, 3.700439718141092, 5.727920454563199, 6.087462841250339, 6.672425341971495, 6.845490050944376, 6.20945336562895, 6.108524456778169, 5.584962500721156, 5.392317422778761, 6.6865005271832185, 7.022367813028454, 7.022367813028454, 6.700439718141093, 6.3750394313469245, 6.475733430966398, 6.339850002884624, 6.247927513443585, 5.954196310386875, 5.832890014164741], [5.554588851677638, 5.357552004618084, 4.584962500721156, 4.0, 4.0, 4.087462841250339, 5.807354922057604, 6.794415866350106, 7.076815597050831, 7.066089190457772, 7.2384047393250786, 6.965784284662087, 6.321928094887363, 6.727920454563199, 7.076815597050831, 7.149747119504682, 7.044394119358453, 6.459431618637297, 6.22881869049588, 6.339850002884624, 6.569855608330948, 6.247927513443585, 5.832890014164741, 5.727920454563199], [5.523561956057013, 5.20945336562895, 4.754887502163468, 4.807354922057604, 4.169925001442312, 3.9068905956085187, 5.0, 6.149747119504682, 6.6293566200796095, 6.584962500721156, 6.7414669864011465, 6.643856189774724, 6.643856189774724, 6.066089190457772, 6.754887502163468, 6.303780748177103, 6.6865005271832185, 6.700439718141093, 6.357552004618084, 6.3750394313469245, 6.247927513443585, 6.321928094887363, 5.954196310386875, 5.906890595608519], [5.78135971352466, 5.584962500721156, 5.491853096329675, 4.700439718141093, 3.4594316186372973, 3.584962500721156, 3.700439718141092, 5.954196310386875, 6.339850002884624, 6.857980995127572, 6.727920454563199, 6.658211482751795, 6.285402218862249, 6.357552004618084, 6.918863237274595, 6.569855608330948, 6.727920454563199, 6.584962500721156, 6.339850002884624, 6.321928094887363, 6.022367813028454, 6.475733430966398, 6.149747119504682, 5.78135971352466]]}