{"min": 0, "max": 11.791569912126878, "pieData": [[5.285402218862249, 4.321928094887363, 3.584962500721156, 3.169925001442312, 2.807354922057604, 2.807354922057604, 4.247927513443585, 5.20945336562895, 5.247927513443585, 5.857980995127572, 6.129283016944966, 5.832890014164741, 5.954196310386875, 6.129283016944966, 6.066089190457772, 6.339850002884624, 6.247927513443585, 6.066089190457772, 6.149747119504682, 4.954196310386875, 5.727920454563199, 6.149747119504682, 6.169925001442312, 5.78135971352466], [4.459431618637297, 5.087462841250339, 4.247927513443585, 3.9068905956085187, 3.321928094887362, 2.321928094887362, 4.0, 5.087462841250339, 5.426264754702098, 6.357552004618084, 6.149747119504682, 6.3750394313469245, 5.977279923499917, 6.321928094887363, 6.339850002884624, 6.247927513443585, 6.357552004618084, 6.247927513443585, 6.426264754702098, 6.129283016944966, 6.0, 5.727920454563199, 6.087462841250339, 5.857980995127572], [4.954196310386875, 4.321928094887363, 3.9068905956085187, 3.321928094887362, 1.0, 3.169925001442312, 3.9068905956085187, 5.321928094887363, 5.727920454563199, 5.857980995127572, 5.930737337562887, 5.954196310386875, 5.672425341971495, 6.189824558880018, 6.149747119504682, 6.20945336562895, 6.20945336562895, 6.442943495848728, 6.189824558880018, 6.129283016944966, 3.807354922057604, 6.339850002884624, 6.409390936137702, 5.584962500721156], [5.426264754702098, 4.523561956057013, 4.584962500721156, 3.584962500721156, 3.4594316186372973, 3.0, 4.247927513443585, 4.643856189774724, 5.643856189774724, 5.857980995127572, 6.303780748177103, 5.78135971352466, 5.643856189774724, 6.044394119358453, 6.285402218862249, 6.285402218862249, 6.357552004618084, 6.321928094887363, 6.475733430966398, 5.857980995127572, 6.169925001442312, 6.169925001442312, 6.129283016944966, 5.554588851677638], [5.20945336562895, 4.392317422778761, 4.087462841250339, 2.584962500721156, 3.0, 1.584962500721156, 3.4594316186372973, 5.357552004618084, 5.321928094887363, 6.108524456778169, 6.392317422778761, 5.930737337562887, 6.285402218862249, 6.129283016944966, 6.266786540694901, 6.303780748177103, 6.392317422778761, 6.339850002884624, 6.22881869049588, 6.20945336562895, 6.285402218862249, 6.303780748177103, 5.954196310386875, 6.0], [5.426264754702098, 4.643856189774724, 4.087462841250339, 4.247927513443585, 3.169925001442312, 3.0, 2.807354922057604, 5.129283016944966, 5.426264754702098, 5.672425341971495, 5.807354922057604, 6.066089190457772, 6.3750394313469245, 6.087462841250339, 6.20945336562895, 6.321928094887363, 6.714245517666122, 6.409390936137702, 6.044394119358453, 6.339850002884624, 6.285402218862249, 6.108524456778169, 5.614709844115208, 5.584962500721156], [5.129283016944966, 4.643856189774724, 4.584962500721156, 3.807354922057604, 2.584962500721156, 2.584962500721156, 4.392317422778761, 3.9068905956085187, 5.321928094887363, 5.700439718141093, 5.727920454563199, 6.339850002884624, 6.3750394313469245, 6.475733430966398, 6.614709844115208, 6.714245517666122, 6.523561956057013, 6.357552004618084, 6.459431618637297, 6.392317422778761, 6.321928094887363, 6.285402218862249, 6.169925001442312, 5.643856189774724]]}