{"min": 0, "max": 11.791569912126878, "pieData": [[5.491853096329675, 4.643856189774724, 4.459431618637297, 3.807354922057604, 2.321928094887362, 3.584962500721156, 5.321928094887363, 7.1799090900149345, 6.906890595608519, 6.6293566200796095, 6.20945336562895, 5.954196310386875, 6.108524456778169, 6.066089190457772, 5.977279923499917, 6.22881869049588, 6.614709844115208, 6.658211482751795, 6.727920454563199, 5.247927513443585, 5.930737337562887, 6.7414669864011465, 6.6865005271832185, 5.906890595608519], [5.459431618637297, 4.700439718141093, 4.392317422778761, 3.321928094887362, 3.169925001442312, 3.169925001442312, 4.754887502163468, 7.118941072723508, 6.857980995127572, 6.700439718141093, 6.442943495848728, 6.475733430966398, 6.392317422778761, 6.129283016944966, 6.426264754702098, 6.044394119358453, 6.672425341971495, 6.672425341971495, 6.977279923499917, 6.727920454563199, 6.754887502163468, 6.7414669864011465, 6.303780748177103, 5.78135971352466], [5.882643049361842, 5.20945336562895, 4.954196310386875, 3.807354922057604, 3.0, 2.807354922057604, 5.0, 6.807354922057604, 6.807354922057604, 6.442943495848728, 6.108524456778169, 6.20945336562895, 5.906890595608519, 6.066089190457772, 6.491853096329675, 6.0, 6.426264754702098, 6.491853096329675, 6.700439718141093, 6.554588851677638, 4.087462841250339, 6.6293566200796095, 6.3750394313469245, 5.807354922057604], [5.523561956057013, 4.807354922057604, 4.247927513443585, 4.459431618637297, 3.169925001442312, 3.321928094887362, 5.044394119358453, 6.918863237274595, 6.794415866350106, 6.78135971352466, 6.507794640198696, 6.303780748177103, 6.022367813028454, 6.20945336562895, 6.285402218862249, 6.554588851677638, 6.442943495848728, 6.569855608330948, 7.129283016944966, 6.643856189774724, 6.768184324776926, 6.78135971352466, 6.857980995127572, 6.442943495848728], [6.149747119504682, 4.954196310386875, 4.321928094887363, 2.321928094887362, 3.0, 3.9068905956085187, 5.129283016944966, 6.894817763307944, 6.857980995127572, 6.918863237274595, 6.044394119358453, 6.3750394313469245, 6.0, 6.044394119358453, 6.357552004618084, 6.22881869049588, 6.3750394313469245, 6.727920454563199, 6.507794640198696, 6.569855608330948, 6.6293566200796095, 6.614709844115208, 6.845490050944376, 6.20945336562895], [5.491853096329675, 5.700439718141093, 5.321928094887363, 4.643856189774724, 3.700439718141092, 3.321928094887362, 4.169925001442312, 6.066089190457772, 6.894817763307944, 6.700439718141093, 6.409390936137702, 6.700439718141093, 6.066089190457772, 6.129283016944966, 6.554588851677638, 6.539158811108031, 6.129283016944966, 6.614709844115208, 6.3750394313469245, 6.044394119358453, 6.0, 6.247927513443585, 6.149747119504682, 5.459431618637297], [5.044394119358453, 4.459431618637297, 4.584962500721156, 4.247927513443585, 4.0, 2.807354922057604, 3.807354922057604, 5.044394119358453, 5.584962500721156, 5.727920454563199, 6.409390936137702, 5.954196310386875, 6.066089190457772, 6.129283016944966, 6.339850002884624, 6.169925001442312, 6.643856189774724, 7.108524456778169, 6.832890014164741, 6.108524456778169, 6.392317422778761, 6.614709844115208, 6.426264754702098, 5.857980995127572]]}