{"min": 0, "max": 11.791569912126878, "pieData": [[5.832890014164741, 4.392317422778761, 3.700439718141092, 3.169925001442312, 1.0, 3.0, 5.087462841250339, 4.857980995127572, 5.426264754702098, 6.22881869049588, 6.266786540694901, 5.857980995127572, 5.857980995127572, 5.882643049361842, 5.882643049361842, 6.169925001442312, 6.0, 6.409390936137702, 6.7414669864011465, 5.357552004618084, 5.857980995127572, 6.727920454563199, 6.6865005271832185, 6.599912842187128], [5.754887502163468, 5.087462841250339, 4.321928094887363, 2.584962500721156, 3.4594316186372973, 3.4594316186372973, 5.129283016944966, 5.357552004618084, 5.459431618637297, 6.247927513443585, 6.022367813028454, 6.339850002884624, 5.78135971352466, 5.882643049361842, 5.614709844115208, 5.954196310386875, 6.108524456778169, 6.20945336562895, 6.643856189774724, 6.714245517666122, 6.554588851677638, 6.523561956057013, 6.820178962415188, 6.149747119504682], [5.392317422778761, 4.906890595608519, 3.9068905956085187, 2.321928094887362, 2.584962500721156, 3.4594316186372973, 4.857980995127572, 5.523561956057013, 6.149747119504682, 6.22881869049588, 6.022367813028454, 6.129283016944966, 5.584962500721156, 5.807354922057604, 5.459431618637297, 5.672425341971495, 5.672425341971495, 6.169925001442312, 6.584962500721156, 5.930737337562887, 3.169925001442312, 5.882643049361842, 6.20945336562895, 6.0], [5.459431618637297, 4.754887502163468, 4.321928094887363, 5.459431618637297, 2.807354922057604, 2.807354922057604, 4.087462841250339, 5.426264754702098, 5.672425341971495, 6.569855608330948, 6.266786540694901, 6.022367813028454, 5.321928094887363, 5.700439718141093, 6.285402218862249, 6.149747119504682, 6.189824558880018, 6.149747119504682, 6.426264754702098, 6.285402218862249, 6.3750394313469245, 6.266786540694901, 6.285402218862249, 6.149747119504682], [6.108524456778169, 5.0, 5.087462841250339, 3.807354922057604, 3.321928094887362, 3.0, 5.044394119358453, 5.727920454563199, 5.78135971352466, 6.442943495848728, 6.022367813028454, 6.392317422778761, 6.339850002884624, 5.930737337562887, 6.087462841250339, 5.882643049361842, 5.882643049361842, 6.339850002884624, 6.523561956057013, 6.20945336562895, 6.6293566200796095, 6.523561956057013, 6.870364719583405, 6.3750394313469245], [5.954196310386875, 5.169925001442312, 5.044394119358453, 4.807354922057604, 3.584962500721156, 3.0, 4.321928094887363, 5.044394119358453, 5.807354922057604, 6.303780748177103, 5.700439718141093, 6.066089190457772, 6.22881869049588, 5.20945336562895, 5.754887502163468, 5.491853096329675, 5.832890014164741, 5.906890595608519, 5.614709844115208, 5.954196310386875, 5.906890595608519, 6.149747119504682, 5.930737337562887, 6.022367813028454], [5.285402218862249, 5.321928094887363, 4.584962500721156, 4.392317422778761, 3.321928094887362, 3.700439718141092, 4.459431618637297, 4.906890595608519, 5.392317422778761, 5.727920454563199, 5.554588851677638, 6.044394119358453, 5.832890014164741, 5.554588851677638, 5.857980995127572, 5.672425341971495, 5.554588851677638, 5.426264754702098, 5.882643049361842, 5.977279923499917, 5.954196310386875, 6.491853096329675, 6.459431618637297, 6.169925001442312]]}