{"min": 0, "max": 11.791569912126878, "pieData": [[5.129283016944966, 3.700439718141092, 4.169925001442312, 3.584962500721156, 3.169925001442312, 3.584962500721156, 4.459431618637297, 5.285402218862249, 6.584962500721156, 6.6865005271832185, 6.3750394313469245, 5.977279923499917, 5.882643049361842, 6.066089190457772, 6.523561956057013, 6.22881869049588, 6.169925001442312, 6.169925001442312, 6.066089190457772, 5.087462841250339, 5.321928094887363, 6.3750394313469245, 6.599912842187128, 6.169925001442312], [5.392317422778761, 4.459431618637297, 4.247927513443585, 3.584962500721156, 1.0, 2.321928094887362, 4.392317422778761, 5.727920454563199, 7.0, 6.965784284662087, 6.965784284662087, 6.149747119504682, 6.442943495848728, 7.022367813028454, 6.507794640198696, 6.3750394313469245, 6.149747119504682, 6.554588851677638, 6.303780748177103, 6.285402218862249, 6.247927513443585, 6.339850002884624, 6.426264754702098, 6.066089190457772], [5.169925001442312, 4.247927513443585, 3.9068905956085187, 3.584962500721156, 3.584962500721156, 2.807354922057604, 3.321928094887362, 5.727920454563199, 6.584962500721156, 6.977279923499917, 6.845490050944376, 6.22881869049588, 5.954196310386875, 6.0, 6.459431618637297, 6.108524456778169, 5.857980995127572, 6.20945336562895, 6.129283016944966, 6.108524456778169, 3.321928094887362, 6.6865005271832185, 6.459431618637297, 6.108524456778169], [5.129283016944966, 4.247927513443585, 3.169925001442312, 2.321928094887362, 2.0, 2.0, 4.169925001442312, 5.78135971352466, 6.857980995127572, 6.906890595608519, 6.475733430966398, 6.022367813028454, 6.285402218862249, 6.409390936137702, 6.6865005271832185, 6.459431618637297, 6.20945336562895, 5.954196310386875, 6.044394119358453, 6.357552004618084, 6.044394119358453, 6.339850002884624, 6.507794640198696, 6.409390936137702], [4.643856189774724, 4.392317422778761, 3.9068905956085187, 3.584962500721156, 2.321928094887362, 3.0, 3.9068905956085187, 5.459431618637297, 6.930737337562887, 6.672425341971495, 6.266786540694901, 6.475733430966398, 5.906890595608519, 6.189824558880018, 6.475733430966398, 6.189824558880018, 6.285402218862249, 6.129283016944966, 5.906890595608519, 6.321928094887363, 6.044394119358453, 6.357552004618084, 6.303780748177103, 5.977279923499917], [5.392317422778761, 5.321928094887363, 4.459431618637297, 3.807354922057604, 2.807354922057604, 2.0, 4.087462841250339, 5.20945336562895, 6.129283016944966, 5.727920454563199, 6.022367813028454, 5.857980995127572, 5.882643049361842, 5.491853096329675, 5.672425341971495, 5.044394119358453, 5.491853096329675, 5.906890595608519, 5.672425341971495, 6.022367813028454, 5.459431618637297, 5.614709844115208, 6.22881869049588, 6.044394119358453], [5.357552004618084, 4.754887502163468, 4.584962500721156, 3.321928094887362, 3.0, 2.807354922057604, 3.584962500721156, 4.087462841250339, 5.357552004618084, 5.426264754702098, 5.392317422778761, 5.357552004618084, 5.727920454563199, 5.584962500721156, 5.727920454563199, 5.672425341971495, 5.321928094887363, 5.357552004618084, 5.523561956057013, 5.78135971352466, 6.20945336562895, 5.857980995127572, 6.022367813028454, 5.357552004618084]]}