{"min": 0, "max": 11.791569912126878, "pieData": [[6.129283016944966, 5.672425341971495, 4.459431618637297, 4.643856189774724, 3.700439718141092, 4.169925001442312, 5.832890014164741, 7.813781191217037, 7.159871336778389, 7.357552004618084, 7.330916878114617, 7.044394119358453, 6.807354922057604, 6.906890595608519, 7.3750394313469245, 7.562242424221073, 7.266786540694901, 7.219168520462161, 6.918863237274595, 5.754887502163468, 6.78135971352466, 7.693486957499325, 7.515699838284043, 6.894817763307944], [6.022367813028454, 5.882643049361842, 4.954196310386875, 4.0, 4.169925001442312, 3.807354922057604, 5.426264754702098, 7.554588851677638, 7.475733430966398, 7.515699838284043, 7.285402218862249, 7.129283016944966, 7.199672344836364, 7.108524456778169, 7.357552004618084, 7.357552004618084, 7.321928094887363, 7.321928094887363, 7.066089190457772, 7.22881869049588, 7.475733430966398, 7.383704292474052, 7.531381460516312, 6.882643049361842], [6.3750394313469245, 5.832890014164741, 4.754887502163468, 4.169925001442312, 3.169925001442312, 2.584962500721156, 5.459431618637297, 7.392317422778761, 7.569855608330948, 7.483815777264256, 7.05528243550119, 7.22881869049588, 7.0, 6.820178962415188, 7.475733430966398, 7.417852514885898, 7.03342300153745, 7.011227255423254, 6.9886846867721655, 6.807354922057604, 4.321928094887363, 7.643856189774724, 7.266786540694901, 6.584962500721156], [6.507794640198696, 5.700439718141093, 4.954196310386875, 4.392317422778761, 2.807354922057604, 3.807354922057604, 5.727920454563199, 7.622051819456376, 7.754887502163468, 7.562242424221073, 7.434628227636725, 7.285402218862249, 6.977279923499917, 6.78135971352466, 7.426264754702098, 7.417852514885898, 7.076815597050831, 7.321928094887363, 6.857980995127572, 7.330916878114617, 7.330916878114617, 7.294620748891627, 7.357552004618084, 7.0], [6.523561956057013, 5.491853096329675, 4.700439718141093, 4.857980995127572, 3.584962500721156, 4.0, 5.392317422778761, 7.491853096329675, 7.523561956057013, 7.714245517666122, 7.357552004618084, 7.076815597050831, 7.2384047393250786, 7.129283016944966, 7.539158811108031, 7.434628227636725, 7.321928094887363, 7.219168520462161, 6.78135971352466, 7.129283016944966, 7.392317422778761, 7.189824558880018, 7.546894459887636, 7.022367813028454], [6.754887502163468, 6.129283016944966, 5.523561956057013, 5.491853096329675, 4.087462841250339, 3.700439718141092, 5.044394119358453, 6.584962500721156, 7.491853096329675, 7.266786540694901, 7.499845887083206, 7.03342300153745, 6.930737337562887, 6.94251450533924, 7.257387842692652, 7.348728154231077, 7.219168520462161, 7.139551352398794, 7.149747119504682, 6.807354922057604, 6.6293566200796095, 7.129283016944966, 7.189824558880018, 6.658211482751795], [6.108524456778169, 5.672425341971495, 5.357552004618084, 4.754887502163468, 4.0, 4.169925001442312, 5.129283016944966, 5.727920454563199, 7.118941072723508, 6.965784284662087, 7.285402218862249, 7.247927513443585, 7.169925001442312, 7.20945336562895, 7.022367813028454, 7.330916878114617, 7.2384047393250786, 7.011227255423254, 7.03342300153745, 6.930737337562887, 7.219168520462161, 7.219168520462161, 6.977279923499917, 6.584962500721156]]}