{"min": 0, "max": 11.791569912126878, "pieData": [[7.348728154231077, 6.845490050944376, 6.459431618637297, 5.614709844115208, 5.087462841250339, 5.643856189774724, 7.451211111832329, 8.741466986401146, 8.566054038171092, 9.030667136246942, 8.83605035505807, 8.741466986401146, 8.682994583681683, 8.614709844115207, 8.906890595608518, 8.820178962415188, 8.791162888555018, 8.49585502688717, 8.228818690495881, 7.3750394313469245, 8.20945336562895, 8.754887502163468, 8.700439718141093, 8.280770770130603], [7.826548487290915, 7.451211111832329, 6.7414669864011465, 5.857980995127572, 5.321928094887363, 5.832890014164741, 7.044394119358453, 8.7714894695006, 8.78135971352466, 9.236014191900084, 9.014020470314934, 8.945443836377912, 8.467605550082997, 8.761551232444479, 8.794415866350105, 8.92184093707449, 8.820178962415188, 8.820178962415188, 8.43879185257826, 8.768184324776927, 8.727920454563199, 8.686500527183219, 8.761551232444479, 8.233619676759702], [7.636624620543649, 7.044394119358453, 6.266786540694901, 5.672425341971495, 4.169925001442312, 6.044394119358453, 7.400879436282184, 8.754887502163468, 8.784634845557521, 9.179909090014934, 8.768184324776927, 8.848622940429339, 8.39231742277876, 8.339850002884624, 8.768184324776927, 8.94251450533924, 8.679480099505446, 8.491853096329674, 8.219168520462162, 8.330916878114618, 6.169925001442312, 8.654636028527968, 8.588714635582264, 8.038918989292302], [7.754887502163468, 7.149747119504682, 6.442943495848728, 6.149747119504682, 5.129283016944966, 5.643856189774724, 7.303780748177103, 8.945443836377912, 8.888743248898258, 9.147204924942228, 9.118941072723507, 8.906890595608518, 8.361943773735241, 8.396604781181859, 8.915879378835774, 8.851749041416058, 8.707359132080883, 8.632995197142957, 8.243173983472952, 8.800899899920305, 8.813781191217037, 8.761551232444479, 8.754887502163468, 8.144658242831882], [7.6293566200796095, 7.149747119504682, 6.599912842187128, 6.066089190457772, 5.554588851677638, 5.857980995127572, 7.076815597050831, 8.710806433699352, 8.879583249612784, 9.090112419664289, 8.96289600533726, 8.784634845557521, 8.400879436282183, 8.654636028527968, 8.930737337562887, 8.86418614465428, 8.59618975614441, 8.558420713268664, 7.845490050944376, 8.290018846932618, 8.479780264029099, 8.60733031374961, 8.778077129535358, 8.361943773735241], [7.794415866350106, 7.554588851677638, 7.098032082960526, 6.3750394313469245, 5.78135971352466, 5.357552004618084, 6.870364719583405, 8.134426320220927, 8.761551232444479, 8.78135971352466, 8.64745842645492, 8.59245703726808, 8.471675214392045, 8.348728154231077, 8.654636028527968, 8.471675214392045, 8.353146825498083, 8.396604781181859, 8.280770770130603, 7.971543553950772, 8.339850002884624, 8.339850002884624, 8.487840033823051, 7.832890014164741], [7.6865005271832185, 7.339850002884624, 6.832890014164741, 6.0, 5.321928094887363, 5.491853096329675, 6.672425341971495, 7.693486957499325, 8.276124405274238, 8.515699838284043, 8.679480099505446, 8.422064766172813, 8.515699838284043, 8.483815777264256, 8.672425341971495, 8.573647187493322, 8.60733031374961, 8.654636028527968, 8.238404739325079, 8.233619676759702, 8.625708843064466, 8.599912842187127, 8.409390936137703, 7.971543553950772]]}