{"min": 0, "max": 11.791569912126878, "pieData": [[4.584962500721156, 3.4594316186372973, 1.584962500721156, 2.584962500721156, 2.807354922057604, 2.807354922057604, 4.321928094887363, 6.087462841250339, 7.257387842692652, 7.392317422778761, 6.754887502163468, 6.285402218862249, 6.20945336562895, 6.507794640198696, 7.03342300153745, 6.700439718141093, 6.066089190457772, 6.569855608330948, 5.906890595608519, 4.700439718141093, 5.169925001442312, 5.906890595608519, 6.409390936137702, 5.954196310386875], [5.459431618637297, 4.169925001442312, 3.321928094887362, 2.584962500721156, 0.0, 3.0, 3.584962500721156, 5.700439718141093, 7.499845887083206, 7.400879436282184, 7.011227255423254, 6.7414669864011465, 6.599912842187128, 7.20945336562895, 7.169925001442312, 6.832890014164741, 6.022367813028454, 6.643856189774724, 5.78135971352466, 5.754887502163468, 6.20945336562895, 6.3750394313469245, 6.22881869049588, 5.491853096329675], [5.285402218862249, 3.807354922057604, 3.584962500721156, 2.0, 1.0, 3.169925001442312, 3.700439718141092, 5.491853096329675, 7.139551352398794, 7.03342300153745, 7.044394119358453, 6.658211482751795, 6.169925001442312, 6.392317422778761, 6.754887502163468, 6.643856189774724, 6.426264754702098, 6.266786540694901, 5.643856189774724, 5.392317422778761, 3.321928094887362, 6.285402218862249, 6.20945336562895, 5.523561956057013], [5.392317422778761, 3.321928094887362, 3.4594316186372973, 2.584962500721156, 2.321928094887362, 2.321928094887362, 4.087462841250339, 5.643856189774724, 7.189824558880018, 7.169925001442312, 6.820178962415188, 6.6293566200796095, 6.321928094887363, 6.523561956057013, 6.599912842187128, 6.882643049361842, 6.554588851677638, 6.3750394313469245, 5.321928094887363, 5.491853096329675, 5.882643049361842, 5.727920454563199, 6.459431618637297, 5.882643049361842], [5.523561956057013, 3.9068905956085187, 3.321928094887362, 2.584962500721156, 2.807354922057604, 3.321928094887362, 4.087462841250339, 5.727920454563199, 7.2384047393250786, 7.03342300153745, 6.727920454563199, 6.614709844115208, 6.303780748177103, 6.794415866350106, 6.768184324776926, 6.643856189774724, 6.129283016944966, 6.357552004618084, 5.044394119358453, 5.285402218862249, 5.906890595608519, 5.554588851677638, 6.169925001442312, 5.614709844115208], [5.523561956057013, 4.523561956057013, 3.584962500721156, 3.321928094887362, 3.0, 3.169925001442312, 3.321928094887362, 5.087462841250339, 6.339850002884624, 6.285402218862249, 5.78135971352466, 5.700439718141093, 5.459431618637297, 5.247927513443585, 4.700439718141093, 5.392317422778761, 4.459431618637297, 4.857980995127572, 4.700439718141093, 5.20945336562895, 4.523561956057013, 5.321928094887363, 5.247927513443585, 4.643856189774724], [4.392317422778761, 3.169925001442312, 3.169925001442312, 3.0, 1.0, 2.584962500721156, 3.4594316186372973, 3.4594316186372973, 5.087462841250339, 4.857980995127572, 4.392317422778761, 4.584962500721156, 4.584962500721156, 4.584962500721156, 4.247927513443585, 5.321928094887363, 4.523561956057013, 3.807354922057604, 4.584962500721156, 4.906890595608519, 4.807354922057604, 4.857980995127572, 5.0, 4.643856189774724]]}