{"min": 0, "max": 11.791569912126878, "pieData": [[6.6293566200796095, 5.672425341971495, 5.321928094887363, 5.0, 4.0, 5.169925001442312, 6.442943495848728, 7.882643049361842, 7.2761244052742375, 7.832890014164741, 7.247927513443585, 7.149747119504682, 7.599912842187128, 7.312882955284356, 7.434628227636725, 7.483815777264256, 7.6293566200796095, 7.714245517666122, 7.774787059601174, 6.523561956057013, 7.20945336562895, 7.954196310386875, 7.894817763307944, 7.312882955284356], [7.05528243550119, 6.554588851677638, 5.357552004618084, 4.954196310386875, 4.807354922057604, 4.700439718141093, 6.044394119358453, 7.562242424221073, 7.870364719583405, 7.693486957499325, 7.584962500721156, 7.491853096329675, 7.257387842692652, 7.554588851677638, 7.467605550082998, 7.577428828035749, 7.409390936137702, 7.845490050944376, 7.679480099505446, 7.9886846867721655, 8.044394119358454, 8.144658242831882, 7.882643049361842, 7.2761244052742375], [6.807354922057604, 6.169925001442312, 5.321928094887363, 4.169925001442312, 4.247927513443585, 3.807354922057604, 5.832890014164741, 7.714245517666122, 7.658211482751795, 7.6293566200796095, 7.294620748891627, 7.531381460516312, 7.348728154231077, 7.219168520462161, 7.357552004618084, 7.451211111832329, 7.658211482751795, 7.672425341971495, 7.807354922057604, 7.499845887083206, 4.700439718141093, 7.7414669864011465, 7.426264754702098, 7.22881869049588], [6.523561956057013, 5.930737337562887, 5.459431618637297, 4.523561956057013, 3.584962500721156, 3.9068905956085187, 6.066089190457772, 7.700439718141093, 7.768184324776926, 7.800899899920305, 7.442943495848728, 7.451211111832329, 7.257387842692652, 7.491853096329675, 7.6293566200796095, 7.499845887083206, 7.6293566200796095, 7.876516946564999, 7.813781191217037, 8.0, 7.870364719583405, 7.948367231584678, 7.918863237274595, 7.294620748891627], [6.426264754702098, 6.247927513443585, 5.754887502163468, 5.20945336562895, 4.700439718141093, 4.392317422778761, 5.584962500721156, 7.672425341971495, 7.794415866350106, 7.569855608330948, 7.3750394313469245, 7.400879436282184, 7.357552004618084, 7.383704292474052, 7.672425341971495, 7.672425341971495, 7.643856189774724, 8.005624549193879, 7.727920454563199, 7.954196310386875, 7.679480099505446, 7.876516946564999, 8.08214904135387, 7.312882955284356], [7.05528243550119, 6.906890595608519, 6.643856189774724, 5.727920454563199, 5.491853096329675, 4.643856189774724, 5.832890014164741, 6.894817763307944, 7.584962500721156, 7.6293566200796095, 7.523561956057013, 7.3750394313469245, 7.636624620543649, 7.118941072723508, 7.507794640198696, 7.569855608330948, 7.159871336778389, 7.554588851677638, 7.714245517666122, 7.6293566200796095, 7.2761244052742375, 7.515699838284043, 7.339850002884624, 6.930737337562887], [6.807354922057604, 6.426264754702098, 6.087462841250339, 5.523561956057013, 4.906890595608519, 4.643856189774724, 5.392317422778761, 6.321928094887363, 6.9886846867721655, 7.076815597050831, 7.20945336562895, 7.1799090900149345, 7.392317422778761, 7.22881869049588, 7.515699838284043, 7.409390936137702, 7.05528243550119, 7.7615512324444795, 7.832890014164741, 7.499845887083206, 7.614709844115208, 7.870364719583405, 7.774787059601174, 7.247927513443585]]}