{"min": 0, "max": 11.791569912126878, "pieData": [[8.640244936222345, 8.280770770130603, 7.86418614465428, 7.20945336562895, 6.930737337562887, 6.768184324776926, 7.643856189774724, 8.804131021183318, 8.810571634741146, 8.832890014164741, 8.78135971352466, 9.192292814470767, 9.278449458220482, 9.324180546618742, 9.430452551665532, 9.451211111832329, 9.06339508128851, 9.147204924942228, 9.184875342908283, 7.6865005271832185, 8.870364719583405, 9.72451385311995, 9.451211111832329, 9.379378367071261], [8.791162888555018, 8.539158811108031, 8.103287808412022, 7.643856189774724, 7.076815597050831, 6.794415866350106, 7.622051819456376, 8.76487159073609, 9.131856960608793, 8.918863237274595, 9.041659151637214, 9.250298417906333, 9.221587121264806, 9.344295907915816, 9.489847960439297, 9.541096615349524, 9.187352073200497, 9.271463027904375, 9.129283016944967, 9.036173612553485, 9.372865060112588, 9.451211111832329, 9.552669097514272, 9.231221180711186], [8.622051819456376, 8.396604781181859, 8.044394119358454, 7.651051691178928, 6.94251450533924, 6.807354922057604, 7.434628227636725, 8.326429487122303, 9.055282435501189, 9.079484783826816, 9.071462362556623, 9.259743263690781, 9.060695931687555, 9.245552706255681, 9.294620748891628, 9.310612781659529, 9.174925682500678, 8.888743248898258, 8.92481250360578, 8.682994583681683, 6.6865005271832185, 9.285402218862249, 9.252665432450248, 8.957102041562287], [8.92481250360578, 8.566054038171092, 8.0, 7.348728154231077, 7.022367813028454, 6.672425341971495, 7.515699838284043, 8.696967526234287, 9.296916206879288, 9.068778277985412, 9.25502856981873, 9.14210705730255, 9.124121311829187, 9.184875342908283, 9.409390936137703, 9.513727595952437, 9.276124405274238, 9.076815597050832, 8.968666793195208, 9.116343961237469, 9.31741261376487, 9.276124405274238, 9.517669388133811, 9.06339508128851], [8.845490050944376, 8.599912842187127, 8.139551352398794, 7.515699838284043, 7.066089190457772, 6.475733430966398, 7.1799090900149345, 8.523561956057012, 9.105908508571158, 9.118941072723507, 9.116343961237469, 9.172427508645482, 8.977279923499916, 9.296916206879288, 9.52552080909507, 9.471675214392045, 8.906890595608518, 8.845490050944376, 8.562242424221072, 8.62935662007961, 9.269126679149418, 9.620219825507487, 9.64745842645492, 9.419960177847889], [8.930737337562887, 8.845490050944376, 8.640244936222345, 8.092757140919852, 7.2761244052742375, 6.727920454563199, 7.339850002884624, 8.076815597050832, 8.741466986401146, 8.876516946565, 8.965784284662087, 9.041659151637214, 9.027905996569885, 9.03342300153745, 9.390168956200183, 9.172427508645482, 8.957102041562287, 8.915879378835774, 9.014020470314934, 8.954196310386875, 9.179909090014934, 9.18239435340453, 9.290018846932618, 9.036173612553485], [8.867278739709661, 8.507794640198696, 8.434628227636725, 7.92481250360578, 7.2761244052742375, 6.894817763307944, 6.965784284662087, 7.562242424221073, 8.59245703726808, 8.558420713268664, 8.640244936222345, 8.960001932068081, 9.014020470314934, 9.100662339005199, 8.92481250360578, 9.092757140919852, 8.851749041416058, 9.00842862207058, 8.761551232444479, 8.89178370321831, 9.319672120946995, 9.41574176829009, 9.383704292474052, 9.005624549193879]]}