{"min": 0, "max": 11.791569912126878, "pieData": [[8.199672344836364, 7.562242424221073, 7.2761244052742375, 6.882643049361842, 6.491853096329675, 6.247927513443585, 7.577428828035749, 8.49585502688717, 7.714245517666122, 7.658211482751795, 7.499845887083206, 8.055282435501189, 8.285402218862249, 8.499845887083206, 8.62935662007961, 8.531381460516313, 8.413627929024173, 8.303780748177102, 8.228818690495881, 7.087462841250339, 8.308339030139408, 9.025139562278508, 8.826548487290914, 8.672425341971495], [8.154818109052105, 7.851749041416058, 7.599912842187128, 7.118941072723508, 6.672425341971495, 6.539158811108031, 7.475733430966398, 8.562242424221072, 7.9600019320680815, 7.523561956057013, 7.6865005271832185, 8.184875342908283, 8.330916878114618, 8.51175265376738, 8.581200581924957, 8.632995197142957, 8.430452551665532, 8.654636028527968, 8.539158811108031, 8.784634845557521, 8.83605035505807, 8.721099188707186, 8.870364719583405, 8.413627929024173], [8.005624549193879, 7.6865005271832185, 7.491853096329675, 6.894817763307944, 6.6293566200796095, 5.857980995127572, 7.475733430966398, 8.271463027904375, 7.787902559391432, 8.066089190457772, 7.826548487290915, 8.055282435501189, 8.257387842692651, 8.326429487122303, 8.321928094887362, 8.294620748891628, 8.321928094887362, 8.361943773735241, 8.29920801838728, 8.335390354693924, 5.700439718141093, 8.658211482751796, 8.700439718141093, 8.558420713268664], [8.330916878114618, 7.768184324776926, 7.426264754702098, 7.108524456778169, 6.584962500721156, 6.303780748177103, 7.294620748891627, 8.507794640198696, 8.011227255423254, 7.554588851677638, 7.845490050944376, 8.189824558880018, 8.262094845370179, 8.361943773735241, 8.519636252843213, 8.396604781181859, 8.43879185257826, 8.45532722030456, 8.405141463136344, 8.654636028527968, 8.625708843064466, 8.581200581924957, 8.727920454563199, 8.59245703726808], [8.233619676759702, 7.813781191217037, 7.515699838284043, 7.087462841250339, 6.870364719583405, 6.3750394313469245, 7.459431618637297, 8.280770770130603, 8.066089190457772, 7.727920454563199, 7.787902559391432, 8.189824558880018, 8.20945336562895, 8.632995197142957, 8.271463027904375, 8.375039431346925, 8.430452551665532, 8.400879436282183, 8.016808287686555, 8.554588851677638, 8.651051691178928, 9.047123912114026, 8.861086905995395, 8.654636028527968], [8.154818109052105, 8.164906926675688, 7.794415866350106, 7.357552004618084, 6.7414669864011465, 6.507794640198696, 7.011227255423254, 7.539158811108031, 8.049848549450562, 7.900866807980749, 8.113742166049189, 8.238404739325079, 8.219168520462162, 8.266786540694902, 8.348728154231077, 8.308339030139408, 8.262094845370179, 8.276124405274238, 8.379378367071261, 8.539158811108031, 8.43879185257826, 8.543031820255237, 8.335390354693924, 8.39231742277876], [8.164906926675688, 8.005624549193879, 7.794415866350106, 7.442943495848728, 7.011227255423254, 6.807354922057604, 6.857980995127572, 7.577428828035749, 8.247927513443585, 8.144658242831882, 8.005624549193879, 8.214319120800766, 8.426264754702098, 8.353146825498083, 8.59245703726808, 8.519636252843213, 8.379378367071261, 8.271463027904375, 8.562242424221072, 8.67595703294175, 8.731319031025064, 8.832890014164741, 8.682994583681683, 8.51175265376738]]}