{"min": 0, "max": 11.791569912126878, "pieData": [[8.308339030139408, 7.7615512324444795, 7.434628227636725, 6.894817763307944, 6.357552004618084, 6.20945336562895, 7.491853096329675, 8.894817763307943, 9.005624549193879, 8.851749041416058, 8.980139577639157, 9.00842862207058, 8.848622940429339, 8.826548487290914, 9.092757140919852, 9.057991722759176, 8.86418614465428, 8.751544059089099, 8.459431618637296, 7.294620748891627, 8.654636028527968, 9.342074667999139, 9.231221180711186, 8.977279923499916], [8.471675214392045, 8.280770770130603, 7.870364719583405, 6.832890014164741, 5.643856189774724, 5.977279923499917, 7.2384047393250786, 8.980139577639157, 9.113742166049189, 9.177419537989236, 9.269126679149418, 9.100662339005199, 8.92481250360578, 9.049848549450562, 9.245552706255681, 9.090112419664289, 8.88264304936184, 8.888743248898258, 8.535275376620802, 8.761551232444479, 9.152284842306582, 9.147204924942228, 9.269126679149418, 8.951284714966972], [8.483815777264256, 7.826548487290915, 7.357552004618084, 6.78135971352466, 5.584962500721156, 5.700439718141093, 7.169925001442312, 8.761551232444479, 9.100662339005199, 9.019590728357882, 8.977279923499916, 9.002815015607053, 8.774787059601174, 8.758223214726724, 8.96289600533726, 9.019590728357882, 8.823367240046235, 8.599912842187127, 8.584962500721156, 8.51175265376738, 6.357552004618084, 9.03342300153745, 9.066089190457772, 8.912889336229961], [8.396604781181859, 7.9886846867721655, 7.599912842187128, 6.285402218862249, 5.882643049361842, 5.807354922057604, 7.321928094887363, 8.83605035505807, 9.025139562278508, 9.172427508645482, 9.12670447284319, 9.057991722759176, 8.845490050944376, 8.977279923499916, 9.118941072723507, 8.96289600533726, 8.888743248898258, 8.689997971419446, 8.614709844115207, 8.867278739709661, 9.068778277985412, 9.118941072723507, 9.131856960608793, 8.703903573444663], [8.366322214245816, 8.055282435501189, 7.3750394313469245, 6.7414669864011465, 5.285402218862249, 5.906890595608519, 6.794415866350106, 9.002815015607053, 9.194756854422248, 9.139551352398794, 9.095397022792557, 8.997179480937621, 8.794415866350105, 8.86418614465428, 9.105908508571158, 9.221587121264806, 8.758223214726724, 8.588714635582264, 7.9600019320680815, 8.696967526234287, 8.879583249612784, 9.262094845370179, 9.509775004326936, 9.111135670234708], [8.625708843064466, 8.417852514885897, 8.326429487122303, 7.426264754702098, 6.266786540694901, 5.672425341971495, 6.954196310386875, 8.400879436282183, 9.098032082960527, 8.851749041416058, 8.988684686772165, 8.98299357469431, 8.90388184573618, 8.78135971352466, 9.025139562278508, 8.707359132080883, 8.479780264029099, 8.79766152585376, 8.499845887083206, 8.79766152585376, 8.707359132080883, 8.933690654952233, 9.092757140919852, 8.714245517666123], [8.49585502688717, 8.366322214245816, 8.022367813028454, 7.303780748177103, 6.022367813028454, 5.832890014164741, 6.584962500721156, 8.03342300153745, 8.751544059089099, 8.640244936222345, 8.59618975614441, 8.689997971419446, 8.930737337562887, 8.954196310386875, 8.581200581924957, 8.686500527183219, 8.344295907915816, 8.573647187493322, 8.67595703294175, 8.483815777264256, 9.066089190457772, 9.124121311829187, 9.047123912114026, 8.79766152585376]]}