{"min": 0, "max": 11.791569912126878, "pieData": [[5.321928094887363, 4.700439718141093, 4.087462841250339, 3.321928094887362, 2.584962500721156, 4.169925001442312, 5.584962500721156, 6.845490050944376, 6.475733430966398, 6.285402218862249, 5.20945336562895, 5.727920454563199, 5.357552004618084, 5.643856189774724, 5.754887502163468, 5.426264754702098, 5.672425341971495, 5.643856189774724, 6.339850002884624, 5.087462841250339, 5.087462841250339, 6.022367813028454, 6.108524456778169, 5.832890014164741], [5.20945336562895, 4.906890595608519, 4.321928094887363, 3.9068905956085187, 3.321928094887362, 4.087462841250339, 5.247927513443585, 6.807354922057604, 6.554588851677638, 6.189824558880018, 5.491853096329675, 5.169925001442312, 5.169925001442312, 5.584962500721156, 5.700439718141093, 5.169925001442312, 5.930737337562887, 5.643856189774724, 6.357552004618084, 6.584962500721156, 5.584962500721156, 6.20945336562895, 6.044394119358453, 5.614709844115208], [5.087462841250339, 4.087462841250339, 4.247927513443585, 3.4594316186372973, 3.584962500721156, 3.584962500721156, 5.357552004618084, 6.20945336562895, 6.044394119358453, 5.727920454563199, 5.129283016944966, 5.357552004618084, 5.614709844115208, 5.614709844115208, 5.426264754702098, 5.321928094887363, 5.807354922057604, 5.672425341971495, 5.754887502163468, 6.108524456778169, 3.700439718141092, 6.247927513443585, 5.906890595608519, 5.882643049361842], [5.426264754702098, 4.321928094887363, 4.321928094887363, 3.584962500721156, 3.169925001442312, 3.4594316186372973, 5.321928094887363, 6.357552004618084, 6.794415866350106, 6.169925001442312, 5.857980995127572, 5.643856189774724, 5.554588851677638, 5.614709844115208, 5.700439718141093, 5.672425341971495, 5.523561956057013, 5.727920454563199, 6.022367813028454, 6.714245517666122, 5.930737337562887, 5.857980995127572, 6.022367813028454, 5.78135971352466], [5.614709844115208, 4.954196310386875, 4.584962500721156, 4.0, 3.169925001442312, 3.700439718141092, 4.906890595608519, 6.727920454563199, 6.584962500721156, 5.584962500721156, 5.672425341971495, 5.554588851677638, 5.491853096329675, 5.882643049361842, 5.882643049361842, 6.087462841250339, 5.754887502163468, 5.672425341971495, 6.554588851677638, 6.523561956057013, 6.339850002884624, 6.321928094887363, 6.189824558880018, 6.0], [5.129283016944966, 5.584962500721156, 4.392317422778761, 3.584962500721156, 3.584962500721156, 4.169925001442312, 5.087462841250339, 5.614709844115208, 6.409390936137702, 6.044394119358453, 5.672425341971495, 5.426264754702098, 5.643856189774724, 5.491853096329675, 5.954196310386875, 5.129283016944966, 5.169925001442312, 5.247927513443585, 5.930737337562887, 5.930737337562887, 5.754887502163468, 5.807354922057604, 5.954196310386875, 5.554588851677638], [4.754887502163468, 4.857980995127572, 4.584962500721156, 3.807354922057604, 3.0, 3.700439718141092, 4.700439718141093, 4.754887502163468, 5.459431618637297, 5.523561956057013, 4.954196310386875, 5.044394119358453, 5.392317422778761, 5.426264754702098, 5.672425341971495, 5.523561956057013, 5.857980995127572, 5.672425341971495, 6.087462841250339, 6.459431618637297, 5.832890014164741, 6.189824558880018, 6.0, 5.754887502163468]]}