{"min": 0, "max": 11.791569912126878, "pieData": [[5.459431618637297, 4.523561956057013, 3.321928094887362, 4.0, 3.0, 3.700439718141092, 5.285402218862249, 6.0, 5.643856189774724, 5.807354922057604, 5.832890014164741, 5.906890595608519, 5.491853096329675, 5.554588851677638, 6.189824558880018, 6.022367813028454, 5.700439718141093, 6.266786540694901, 6.266786540694901, 5.247927513443585, 5.832890014164741, 6.247927513443585, 6.169925001442312, 5.906890595608519], [5.169925001442312, 5.285402218862249, 4.087462841250339, 4.392317422778761, 3.584962500721156, 3.321928094887362, 5.169925001442312, 5.523561956057013, 5.672425341971495, 5.491853096329675, 5.357552004618084, 5.584962500721156, 5.643856189774724, 5.977279923499917, 5.977279923499917, 6.303780748177103, 6.321928094887363, 6.20945336562895, 6.247927513443585, 6.22881869049588, 6.392317422778761, 6.189824558880018, 6.044394119358453, 5.832890014164741], [5.357552004618084, 4.954196310386875, 4.087462841250339, 4.0, 3.321928094887362, 2.807354922057604, 4.857980995127572, 5.643856189774724, 5.321928094887363, 5.614709844115208, 5.20945336562895, 5.727920454563199, 5.321928094887363, 5.906890595608519, 5.832890014164741, 6.022367813028454, 5.857980995127572, 5.930737337562887, 6.108524456778169, 5.954196310386875, 2.807354922057604, 6.285402218862249, 6.044394119358453, 5.554588851677638], [5.426264754702098, 4.954196310386875, 4.523561956057013, 4.247927513443585, 3.700439718141092, 3.4594316186372973, 4.954196310386875, 5.614709844115208, 5.700439718141093, 5.392317422778761, 5.614709844115208, 6.087462841250339, 6.22881869049588, 5.857980995127572, 5.643856189774724, 5.754887502163468, 6.149747119504682, 5.614709844115208, 6.087462841250339, 6.426264754702098, 5.977279923499917, 6.189824558880018, 6.442943495848728, 5.807354922057604], [5.321928094887363, 4.754887502163468, 4.087462841250339, 3.807354922057604, 3.169925001442312, 3.169925001442312, 5.285402218862249, 5.727920454563199, 5.426264754702098, 5.392317422778761, 5.426264754702098, 5.807354922057604, 5.807354922057604, 5.754887502163468, 5.700439718141093, 5.554588851677638, 5.727920454563199, 5.523561956057013, 6.129283016944966, 6.22881869049588, 5.832890014164741, 6.491853096329675, 6.303780748177103, 5.727920454563199], [5.459431618637297, 5.285402218862249, 4.169925001442312, 3.9068905956085187, 4.087462841250339, 3.584962500721156, 4.169925001442312, 5.129283016944966, 6.149747119504682, 5.672425341971495, 5.977279923499917, 5.459431618637297, 5.977279923499917, 5.954196310386875, 5.882643049361842, 5.459431618637297, 5.554588851677638, 6.149747119504682, 5.78135971352466, 6.022367813028454, 5.672425341971495, 5.930737337562887, 5.459431618637297, 5.727920454563199], [5.392317422778761, 4.807354922057604, 4.954196310386875, 3.9068905956085187, 3.0, 4.0, 4.087462841250339, 4.523561956057013, 5.584962500721156, 5.321928094887363, 5.523561956057013, 5.78135971352466, 5.78135971352466, 5.906890595608519, 5.906890595608519, 6.066089190457772, 6.169925001442312, 5.857980995127572, 6.20945336562895, 6.285402218862249, 6.459431618637297, 5.882643049361842, 6.169925001442312, 5.614709844115208]]}