{"min": 0, "max": 11.791569912126878, "pieData": [[7.392317422778761, 6.569855608330948, 6.108524456778169, 5.459431618637297, 4.754887502163468, 5.129283016944966, 5.906890595608519, 7.826548487290915, 7.94251450533924, 8.238404739325079, 8.370687406807217, 8.344295907915816, 8.005624549193879, 8.149747119504681, 8.507794640198696, 8.451211111832329, 8.344295907915816, 8.087462841250339, 7.199672344836364, 6.339850002884624, 7.651051691178928, 8.233619676759702, 8.199672344836364, 7.900866807980749], [7.483815777264256, 7.05528243550119, 6.539158811108031, 5.954196310386875, 4.954196310386875, 4.523561956057013, 6.3750394313469245, 7.60733031374961, 8.233619676759702, 8.539158811108031, 8.515699838284043, 8.668884984266247, 8.174925682500678, 8.238404739325079, 8.62935662007961, 8.50382573799575, 8.357552004618084, 8.266786540694902, 7.714245517666122, 7.851749041416058, 8.0, 8.233619676759702, 8.426264754702098, 7.882643049361842], [7.507794640198696, 6.965784284662087, 6.409390936137702, 5.426264754702098, 5.426264754702098, 4.459431618637297, 6.066089190457772, 7.7481928495894605, 8.238404739325079, 8.348728154231077, 8.353146825498083, 8.348728154231077, 7.888743248898259, 8.060695931687555, 8.409390936137703, 8.46352437327118, 8.139551352398794, 7.954196310386875, 7.651051691178928, 7.467605550082998, 5.357552004618084, 8.044394119358454, 8.060695931687555, 7.727920454563199], [7.459431618637297, 7.022367813028454, 6.285402218862249, 5.459431618637297, 4.754887502163468, 5.169925001442312, 6.303780748177103, 7.651051691178928, 8.20945336562895, 8.499845887083206, 8.483815777264256, 8.426264754702098, 7.948367231584678, 8.113742166049189, 8.519636252843213, 8.566054038171092, 8.357552004618084, 7.965784284662087, 7.562242424221073, 7.882643049361842, 7.888743248898259, 8.060695931687555, 8.252665432450248, 7.9886846867721655], [7.357552004618084, 6.714245517666122, 6.285402218862249, 5.78135971352466, 4.807354922057604, 4.906890595608519, 6.0, 7.714245517666122, 8.422064766172813, 8.554588851677638, 8.714245517666123, 8.543031820255237, 7.888743248898259, 8.124121311829187, 8.483815777264256, 8.734709620225837, 7.936637939002571, 7.7414669864011465, 6.857980995127572, 7.409390936137702, 7.98299357469431, 8.262094845370179, 8.308339030139408, 8.194756854422248], [7.592457037268081, 7.149747119504682, 6.9886846867721655, 6.266786540694901, 5.672425341971495, 5.321928094887363, 5.754887502163468, 7.247927513443585, 7.876516946564999, 8.129283016944967, 8.326429487122303, 8.303780748177102, 7.936637939002571, 7.882643049361842, 8.092757140919852, 8.124121311829187, 7.658211482751795, 7.94251450533924, 7.6653359171851765, 7.459431618637297, 7.643856189774724, 7.845490050944376, 8.071462362556623, 7.86418614465428], [7.531381460516312, 7.03342300153745, 6.906890595608519, 6.20945336562895, 5.129283016944966, 5.129283016944966, 5.459431618637297, 6.930737337562887, 7.6865005271832185, 7.9886846867721655, 7.918863237274595, 7.98299357469431, 7.936637939002571, 7.918863237274595, 8.0, 8.129283016944967, 7.754887502163468, 7.857980995127572, 7.6865005271832185, 7.531381460516312, 7.912889336229962, 8.038918989292302, 8.159871336778389, 7.7615512324444795]]}