{"min": 0, "max": 11.791569912126878, "pieData": [[9.328674927327947, 8.92184093707449, 8.72451385311995, 8.271463027904375, 7.820178962415188, 7.2761244052742375, 8.459431618637296, 9.588714635582264, 8.906890595608518, 8.98299357469431, 9.174925682500678, 9.546894459887637, 9.689997971419446, 9.649256177517314, 9.78135971352466, 10.016808287686555, 9.73978060977326, 9.632995197142957, 9.442943495848729, 8.092757140919852, 9.394462694610317, 10.29920801838728, 10.134426320220927, 9.721099188707186], [9.436711542137214, 9.219168520462162, 8.960001932068081, 8.562242424221072, 8.022367813028454, 7.499845887083206, 8.554588851677638, 9.560332834212442, 9.197216693110052, 9.079484783826816, 9.264442600226602, 9.594324603924848, 9.668884984266247, 9.761551232444479, 9.92481250360578, 9.930737337562887, 9.832890014164741, 9.850186837645774, 9.499845887083206, 9.588714635582264, 10.084808387804362, 10.118941072723507, 10.030667136246942, 9.700439718141093], [9.29232163280204, 9.134426320220927, 8.73809225962049, 8.400879436282183, 7.813781191217037, 7.294620748891627, 8.098032082960527, 9.491853096329674, 9.159871336778389, 9.204571144249204, 9.447083226209653, 9.64565843240871, 9.453270634010623, 9.696967526234287, 9.634811050171718, 9.812177305514448, 9.612868497291041, 9.467605550082997, 9.290018846932618, 9.118941072723507, 7.348728154231077, 9.89178370321831, 9.857980995127573, 9.714245517666123], [9.50382573799575, 9.172427508645482, 9.074141462752506, 8.276124405274238, 7.888743248898259, 7.651051691178928, 8.400879436282183, 9.586839787961827, 9.422064766172813, 9.339850002884624, 9.533329732305834, 9.517669388133811, 9.548821908458752, 9.594324603924848, 9.79766152585376, 9.81698362325538, 9.826548487290914, 9.7431513941125, 9.417852514885897, 9.57742882803575, 9.988684686772165, 9.839203788096944, 9.89026427702111, 9.779719355143405], [9.469641817239516, 9.278449458220482, 8.915879378835774, 8.562242424221072, 8.087462841250339, 7.483815777264256, 8.224001674198105, 9.51175265376738, 9.366322214245816, 9.079484783826816, 9.328674927327947, 9.548821908458752, 9.583082767502933, 9.761551232444479, 9.792790294301064, 9.681238411777805, 9.73978060977326, 9.357552004618084, 8.832890014164741, 9.095397022792557, 9.867278739709661, 9.970105890612182, 10.056637715113201, 9.943979914343739], [9.573647187493322, 9.355351096424812, 9.31741261376487, 8.933690654952233, 8.189824558880018, 7.918863237274595, 7.936637939002571, 8.876516946565, 9.271463027904375, 9.3151495622563, 9.573647187493322, 9.436711542137214, 9.394462694610317, 9.523561956057012, 9.513727595952437, 9.543031820255237, 9.394462694610317, 9.479780264029099, 9.594324603924848, 9.643856189774725, 9.658211482751796, 9.759888183221834, 9.73809225962049, 9.659995892429977], [9.398743691938193, 9.199672344836364, 9.025139562278508, 8.632995197142957, 8.357552004618084, 7.562242424221073, 7.9600019320680815, 8.312882955284355, 8.832890014164741, 9.030667136246942, 9.383704292474052, 9.294620748891628, 9.539158811108031, 9.584962500721156, 9.548821908458752, 9.562242424221072, 9.333155350310616, 9.564149489985732, 9.571752643503546, 9.493855449240822, 10.018200178813226, 9.867278739709661, 9.839203788096944, 9.7431513941125]]}