{"min": 0, "max": 11.791569912126878, "pieData": [[5.857980995127572, 4.807354922057604, 4.523561956057013, 3.807354922057604, 3.4594316186372973, 3.584962500721156, 3.0, 4.857980995127572, 5.523561956057013, 5.357552004618084, 5.459431618637297, 5.78135971352466, 5.906890595608519, 5.78135971352466, 5.906890595608519, 6.066089190457772, 6.129283016944966, 5.321928094887363, 5.584962500721156, 4.169925001442312, 5.129283016944966, 5.727920454563199, 5.977279923499917, 5.954196310386875], [5.392317422778761, 5.426264754702098, 5.129283016944966, 5.0, 4.247927513443585, 4.087462841250339, 4.459431618637297, 4.169925001442312, 5.807354922057604, 5.857980995127572, 6.189824558880018, 5.78135971352466, 5.584962500721156, 4.954196310386875, 5.614709844115208, 5.554588851677638, 5.523561956057013, 5.491853096329675, 5.285402218862249, 5.554588851677638, 5.584962500721156, 5.700439718141093, 6.108524456778169, 6.491853096329675], [6.022367813028454, 5.672425341971495, 5.321928094887363, 4.584962500721156, 3.584962500721156, 2.807354922057604, 3.4594316186372973, 3.4594316186372973, 4.807354922057604, 5.754887502163468, 5.832890014164741, 5.247927513443585, 5.0, 5.857980995127572, 5.614709844115208, 5.392317422778761, 5.285402218862249, 4.700439718141093, 5.554588851677638, 5.392317422778761, 2.0, 5.977279923499917, 6.022367813028454, 6.044394119358453], [5.459431618637297, 5.754887502163468, 5.247927513443585, 4.0, 3.700439718141092, 3.169925001442312, 4.087462841250339, 4.584962500721156, 4.321928094887363, 5.357552004618084, 5.78135971352466, 6.149747119504682, 5.672425341971495, 5.169925001442312, 6.044394119358453, 6.044394119358453, 4.459431618637297, 5.857980995127572, 4.754887502163468, 5.554588851677638, 5.832890014164741, 5.807354922057604, 6.392317422778761, 6.321928094887363], [6.066089190457772, 5.906890595608519, 5.523561956057013, 4.247927513443585, 4.523561956057013, 2.807354922057604, 4.247927513443585, 5.392317422778761, 4.700439718141093, 5.285402218862249, 5.930737337562887, 6.3750394313469245, 5.857980995127572, 6.20945336562895, 6.0, 5.672425341971495, 5.727920454563199, 4.954196310386875, 6.108524456778169, 5.087462841250339, 6.108524456778169, 6.108524456778169, 6.22881869049588, 6.20945336562895], [5.977279923499917, 5.700439718141093, 5.392317422778761, 5.392317422778761, 4.087462841250339, 3.700439718141092, 4.0, 3.700439718141092, 5.426264754702098, 5.754887502163468, 5.554588851677638, 5.523561956057013, 5.523561956057013, 4.954196310386875, 5.247927513443585, 4.906890595608519, 5.285402218862249, 4.857980995127572, 5.169925001442312, 5.20945336562895, 5.754887502163468, 5.727920454563199, 5.614709844115208, 5.554588851677638], [6.044394119358453, 5.807354922057604, 5.523561956057013, 5.672425341971495, 4.700439718141093, 4.247927513443585, 3.807354922057604, 4.584962500721156, 4.954196310386875, 5.129283016944966, 5.459431618637297, 5.857980995127572, 5.426264754702098, 5.882643049361842, 5.832890014164741, 5.459431618637297, 5.20945336562895, 5.20945336562895, 4.643856189774724, 5.20945336562895, 6.149747119504682, 6.339850002884624, 6.6293566200796095, 6.426264754702098]]}