{"min": 0, "max": 11.791569912126878, "pieData": [[3.700439718141092, 3.0, 1.584962500721156, 2.807354922057604, 2.0, 2.0, 3.584962500721156, 5.0, 5.247927513443585, 5.247927513443585, 5.321928094887363, 5.087462841250339, 4.857980995127572, 5.20945336562895, 4.807354922057604, 5.169925001442312, 5.491853096329675, 5.523561956057013, 5.285402218862249, 3.9068905956085187, 4.321928094887363, 4.700439718141093, 4.954196310386875, 4.321928094887363], [3.807354922057604, 3.321928094887362, 2.807354922057604, 3.0, 2.0, 1.0, 3.584962500721156, 5.169925001442312, 4.954196310386875, 5.129283016944966, 4.906890595608519, 5.20945336562895, 4.459431618637297, 4.700439718141093, 5.0, 5.087462841250339, 4.754887502163468, 5.247927513443585, 4.523561956057013, 4.754887502163468, 4.643856189774724, 5.78135971352466, 4.857980995127572, 4.584962500721156], [3.700439718141092, 3.584962500721156, 3.0, 1.584962500721156, 1.584962500721156, 0.0, 2.0, 4.584962500721156, 4.857980995127572, 5.20945336562895, 4.954196310386875, 4.459431618637297, 5.129283016944966, 4.754887502163468, 4.857980995127572, 4.954196310386875, 5.392317422778761, 5.20945336562895, 3.584962500721156, 5.044394119358453, 2.807354922057604, 4.954196310386875, 4.643856189774724, 4.321928094887363], [3.584962500721156, 3.584962500721156, 2.0, 2.0, 2.807354922057604, 1.0, 3.584962500721156, 4.807354922057604, 4.643856189774724, 5.044394119358453, 4.807354922057604, 4.087462841250339, 3.584962500721156, 4.321928094887363, 4.857980995127572, 5.0, 5.523561956057013, 5.285402218862249, 4.807354922057604, 4.321928094887363, 4.807354922057604, 5.247927513443585, 5.0, 4.459431618637297], [3.9068905956085187, 2.321928094887362, 2.0, 1.0, 1.0, 1.0, 3.4594316186372973, 5.357552004618084, 5.700439718141093, 5.426264754702098, 4.700439718141093, 5.129283016944966, 4.321928094887363, 4.807354922057604, 4.700439718141093, 4.754887502163468, 5.491853096329675, 5.20945336562895, 4.700439718141093, 5.321928094887363, 5.247927513443585, 5.459431618637297, 5.0, 5.044394119358453], [4.087462841250339, 3.9068905956085187, 3.169925001442312, 2.0, 1.0, 1.0, 3.169925001442312, 3.807354922057604, 5.247927513443585, 5.044394119358453, 4.700439718141093, 4.857980995127572, 4.643856189774724, 5.0, 4.954196310386875, 4.643856189774724, 5.523561956057013, 5.321928094887363, 5.129283016944966, 5.087462841250339, 4.857980995127572, 4.643856189774724, 5.129283016944966, 4.584962500721156], [3.0, 2.807354922057604, 2.807354922057604, 3.0, 2.321928094887362, 0.0, 2.807354922057604, 3.807354922057604, 5.285402218862249, 4.584962500721156, 4.857980995127572, 5.044394119358453, 4.857980995127572, 4.392317422778761, 4.754887502163468, 5.392317422778761, 5.247927513443585, 4.807354922057604, 5.169925001442312, 5.392317422778761, 4.643856189774724, 4.700439718141093, 4.247927513443585, 4.0]]}