{"min": 0, "max": 11.791569912126878, "pieData": [[6.672425341971495, 6.339850002884624, 5.584962500721156, 5.087462841250339, 4.754887502163468, 4.523561956057013, 6.409390936137702, 7.562242424221073, 7.807354922057604, 7.531381460516312, 7.599912842187128, 7.219168520462161, 7.426264754702098, 7.569855608330948, 7.562242424221073, 7.577428828035749, 7.531381460516312, 7.727920454563199, 7.357552004618084, 6.108524456778169, 6.357552004618084, 7.7073591320808825, 7.467605550082998, 7.118941072723508], [6.754887502163468, 6.409390936137702, 6.108524456778169, 5.523561956057013, 4.643856189774724, 4.321928094887363, 6.044394119358453, 7.247927513443585, 7.467605550082998, 7.400879436282184, 7.392317422778761, 7.20945336562895, 7.22881869049588, 7.392317422778761, 7.2761244052742375, 7.321928094887363, 7.219168520462161, 7.434628227636725, 7.2384047393250786, 7.383704292474052, 7.459431618637297, 7.562242424221073, 7.266786540694901, 7.139551352398794], [6.820178962415188, 6.459431618637297, 5.357552004618084, 5.0, 4.169925001442312, 3.700439718141092, 5.78135971352466, 7.011227255423254, 7.417852514885898, 7.189824558880018, 6.832890014164741, 6.857980995127572, 7.247927513443585, 7.05528243550119, 7.011227255423254, 7.076815597050831, 7.011227255423254, 7.366322214245816, 7.087462841250339, 7.139551352398794, 5.087462841250339, 7.658211482751795, 7.087462841250339, 7.044394119358453], [6.794415866350106, 6.066089190457772, 5.930737337562887, 4.807354922057604, 4.584962500721156, 3.4594316186372973, 6.0, 7.199672344836364, 7.321928094887363, 6.882643049361842, 6.475733430966398, 6.303780748177103, 6.643856189774724, 6.459431618637297, 6.807354922057604, 7.149747119504682, 7.219168520462161, 7.22881869049588, 7.2384047393250786, 7.383704292474052, 7.499845887083206, 7.539158811108031, 7.592457037268081, 7.022367813028454], [6.7414669864011465, 6.584962500721156, 6.189824558880018, 5.20945336562895, 4.523561956057013, 4.247927513443585, 5.954196310386875, 7.2384047393250786, 7.714245517666122, 7.6293566200796095, 7.118941072723508, 7.266786540694901, 6.918863237274595, 7.400879436282184, 7.459431618637297, 7.459431618637297, 7.426264754702098, 7.491853096329675, 7.149747119504682, 7.409390936137702, 7.366322214245816, 7.409390936137702, 7.417852514885898, 7.118941072723508], [6.965784284662087, 6.523561956057013, 6.129283016944966, 6.044394119358453, 4.807354922057604, 3.700439718141092, 5.285402218862249, 6.523561956057013, 7.285402218862249, 7.366322214245816, 7.257387842692652, 7.0, 7.321928094887363, 7.409390936137702, 7.247927513443585, 7.2384047393250786, 7.507794640198696, 7.6293566200796095, 7.409390936137702, 7.491853096329675, 7.383704292474052, 7.1799090900149345, 7.20945336562895, 7.05528243550119], [7.189824558880018, 6.409390936137702, 6.321928094887363, 5.977279923499917, 5.20945336562895, 4.321928094887363, 5.247927513443585, 5.930737337562887, 7.022367813028454, 7.098032082960526, 7.22881869049588, 7.451211111832329, 7.108524456778169, 7.366322214245816, 7.366322214245816, 7.330916878114617, 7.426264754702098, 7.044394119358453, 7.05528243550119, 7.108524456778169, 7.546894459887636, 7.417852514885898, 7.321928094887363, 6.7414669864011465]]}