{"min": 0, "max": 11.791569912126878, "pieData": [[6.7414669864011465, 6.539158811108031, 5.930737337562887, 5.643856189774724, 5.129283016944966, 5.977279923499917, 7.076815597050831, 8.550746785383243, 8.658211482751796, 8.45532722030456, 8.43879185257826, 8.124121311829187, 8.219168520462162, 8.08214904135387, 8.717676423066397, 8.643856189774725, 8.459431618637296, 8.375039431346925, 8.189824558880018, 6.768184324776926, 7.076815597050831, 8.189824558880018, 7.9886846867721655, 7.499845887083206], [7.05528243550119, 6.658211482751795, 6.426264754702098, 6.129283016944966, 5.832890014164741, 5.459431618637297, 7.03342300153745, 8.326429487122303, 8.543031820255237, 8.353146825498083, 8.224001674198105, 8.189824558880018, 7.954196310386875, 8.276124405274238, 8.46352437327118, 8.266786540694902, 8.499845887083206, 8.076815597050832, 8.066089190457772, 8.199672344836364, 7.94251450533924, 7.721099188707186, 7.721099188707186, 7.7073591320808825], [6.714245517666122, 6.426264754702098, 5.78135971352466, 5.523561956057013, 5.044394119358453, 5.392317422778761, 6.658211482751795, 8.044394119358454, 8.169925001442312, 7.9886846867721655, 8.154818109052105, 8.159871336778389, 7.794415866350106, 7.936637939002571, 8.266786540694902, 8.204571144249204, 8.321928094887362, 8.247927513443585, 8.154818109052105, 7.800899899920305, 5.459431618637297, 7.9886846867721655, 7.727920454563199, 7.507794640198696], [7.044394119358453, 6.339850002884624, 6.108524456778169, 5.392317422778761, 5.129283016944966, 5.523561956057013, 6.475733430966398, 7.888743248898259, 8.243173983472952, 8.108524456778168, 7.651051691178928, 7.483815777264256, 7.426264754702098, 7.357552004618084, 7.954196310386875, 8.204571144249204, 8.326429487122303, 8.055282435501189, 7.977279923499917, 7.954196310386875, 7.94251450533924, 8.044394119358454, 7.882643049361842, 7.577428828035749], [7.05528243550119, 6.442943495848728, 5.930737337562887, 5.78135971352466, 5.20945336562895, 5.392317422778761, 6.507794640198696, 8.184875342908283, 8.396604781181859, 8.280770770130603, 8.219168520462162, 8.124121311829187, 7.888743248898259, 8.214319120800766, 8.459431618637296, 8.451211111832329, 8.233619676759702, 8.118941072723507, 7.442943495848728, 7.9600019320680815, 8.076815597050832, 8.038918989292302, 7.888743248898259, 7.679480099505446], [7.2761244052742375, 6.870364719583405, 6.426264754702098, 6.189824558880018, 5.357552004618084, 5.643856189774724, 6.845490050944376, 7.515699838284043, 8.005624549193879, 8.113742166049189, 8.0, 8.139551352398794, 8.071462362556623, 8.060695931687555, 7.894817763307944, 7.826548487290915, 8.076815597050832, 8.108524456778168, 8.066089190457772, 8.066089190457772, 8.022367813028454, 7.787902559391432, 7.794415866350106, 7.727920454563199], [7.169925001442312, 6.965784284662087, 6.523561956057013, 6.129283016944966, 5.554588851677638, 5.523561956057013, 6.442943495848728, 7.022367813028454, 7.734709620225838, 7.98299357469431, 8.060695931687555, 7.965784284662087, 8.118941072723507, 8.0, 8.022367813028454, 7.954196310386875, 8.179909090014934, 8.076815597050832, 7.930737337562887, 8.055282435501189, 7.92481250360578, 7.845490050944376, 7.679480099505446, 7.3750394313469245]]}