{"min": 0, "max": 11.791569912126878, "pieData": [[5.643856189774724, 5.087462841250339, 4.584962500721156, 3.9068905956085187, 3.0, 3.700439718141092, 6.584962500721156, 8.344295907915816, 9.084808387804362, 9.211888294546004, 8.59618975614441, 8.539158811108031, 8.519636252843213, 8.768184324776927, 8.930737337562887, 8.98584193700334, 8.654636028527968, 8.73809225962049, 8.149747119504681, 6.7414669864011465, 7.651051691178928, 8.51175265376738, 8.483815777264256, 7.826548487290915], [6.614709844115208, 5.754887502163468, 4.700439718141093, 4.459431618637297, 3.169925001442312, 4.087462841250339, 5.906890595608519, 8.164906926675688, 9.157346935362844, 9.535275376620802, 8.92481250360578, 8.774787059601174, 8.554588851677638, 8.826548487290914, 9.164906926675688, 8.951284714966972, 8.79766152585376, 8.823367240046235, 8.103287808412022, 8.174925682500678, 8.611024797307353, 8.276124405274238, 8.139551352398794, 7.826548487290915], [6.149747119504682, 5.426264754702098, 4.700439718141093, 3.584962500721156, 3.700439718141092, 3.700439718141092, 5.78135971352466, 8.027905996569885, 9.030667136246942, 9.179909090014934, 8.90388184573618, 8.584962500721156, 8.507794640198696, 8.754887502163468, 8.807354922057604, 8.851749041416058, 8.804131021183318, 8.603626344986193, 7.7073591320808825, 7.475733430966398, 5.906890595608519, 8.285402218862249, 7.977279923499917, 7.400879436282184], [6.3750394313469245, 5.807354922057604, 4.459431618637297, 3.584962500721156, 4.0, 3.321928094887362, 5.977279923499917, 8.124121311829187, 9.068778277985412, 9.290018846932618, 8.89178370321831, 8.59618975614441, 8.459431618637296, 8.81698362325538, 8.968666793195208, 8.933690654952233, 8.67595703294175, 8.800899899920305, 8.228818690495881, 7.971543553950772, 8.174925682500678, 8.169925001442312, 8.098032082960527, 7.592457037268081], [6.491853096329675, 5.832890014164741, 4.700439718141093, 3.700439718141092, 2.807354922057604, 3.4594316186372973, 5.614709844115208, 8.266786540694902, 9.011227255423254, 9.306061689428342, 8.81698362325538, 8.791162888555018, 8.57742882803575, 8.820178962415188, 9.03342300153745, 8.89178370321831, 8.651051691178928, 8.233619676759702, 7.426264754702098, 7.483815777264256, 7.86418614465428, 8.0, 8.011227255423254, 7.700439718141093], [6.672425341971495, 5.78135971352466, 4.643856189774724, 4.247927513443585, 3.0, 3.807354922057604, 6.20945336562895, 7.7481928495894605, 8.588714635582264, 8.276124405274238, 8.108524456778168, 7.857980995127572, 7.800899899920305, 7.651051691178928, 7.622051819456376, 7.7414669864011465, 7.839203788096944, 8.055282435501189, 7.442943495848728, 7.451211111832329, 7.577428828035749, 7.451211111832329, 7.6653359171851765, 7.022367813028454], [5.672425341971495, 4.643856189774724, 4.857980995127572, 3.9068905956085187, 3.807354922057604, 3.169925001442312, 5.491853096329675, 6.643856189774724, 7.392317422778761, 7.118941072723508, 7.20945336562895, 7.434628227636725, 7.400879436282184, 7.584962500721156, 7.531381460516312, 7.679480099505446, 7.266786540694901, 7.584962500721156, 7.383704292474052, 7.3750394313469245, 7.6865005271832185, 7.651051691178928, 7.839203788096944, 7.285402218862249]]}