{"min": 0, "max": 11.791569912126878, "pieData": [[6.459431618637297, 5.614709844115208, 5.129283016944966, 4.392317422778761, 3.4594316186372973, 4.392317422778761, 5.832890014164741, 7.442943495848728, 8.139551352398794, 8.129283016944967, 7.906890595608519, 7.9600019320680815, 7.700439718141093, 7.6293566200796095, 7.643856189774724, 7.918863237274595, 7.734709620225838, 7.78135971352466, 7.658211482751795, 5.754887502163468, 6.700439718141093, 7.768184324776926, 7.6653359171851765, 6.965784284662087], [6.857980995127572, 5.930737337562887, 5.285402218862249, 4.523561956057013, 4.0, 4.321928094887363, 5.857980995127572, 7.20945336562895, 8.257387842692651, 8.247927513443585, 8.20945336562895, 7.86418614465428, 7.60733031374961, 7.894817763307944, 8.03342300153745, 7.965784284662087, 7.721099188707186, 7.636624620543649, 7.523561956057013, 7.599912842187128, 7.357552004618084, 7.592457037268081, 7.426264754702098, 7.2761244052742375], [6.442943495848728, 5.459431618637297, 5.169925001442312, 4.584962500721156, 3.4594316186372973, 3.700439718141092, 5.491853096329675, 6.906890595608519, 8.233619676759702, 8.103287808412022, 7.894817763307944, 7.820178962415188, 7.20945336562895, 7.247927513443585, 7.813781191217037, 7.86418614465428, 7.6865005271832185, 7.800899899920305, 7.199672344836364, 7.366322214245816, 4.906890595608519, 7.523561956057013, 7.285402218862249, 6.906890595608519], [6.523561956057013, 5.754887502163468, 5.0, 4.459431618637297, 4.247927513443585, 4.459431618637297, 5.392317422778761, 7.426264754702098, 8.348728154231077, 8.224001674198105, 7.721099188707186, 7.754887502163468, 7.266786540694901, 7.577428828035749, 7.714245517666122, 7.643856189774724, 7.774787059601174, 7.930737337562887, 7.734709620225838, 7.6293566200796095, 7.599912842187128, 7.562242424221073, 7.507794640198696, 7.159871336778389], [6.426264754702098, 5.78135971352466, 5.129283016944966, 4.0, 2.0, 4.169925001442312, 5.491853096329675, 7.409390936137702, 8.294620748891628, 8.071462362556623, 7.7073591320808825, 7.826548487290915, 7.60733031374961, 7.7615512324444795, 7.948367231584678, 7.839203788096944, 7.6293566200796095, 7.727920454563199, 7.087462841250339, 7.357552004618084, 7.60733031374961, 7.832890014164741, 7.554588851677638, 7.257387842692652], [6.954196310386875, 6.285402218862249, 6.087462841250339, 5.426264754702098, 4.954196310386875, 4.700439718141093, 5.285402218862249, 6.820178962415188, 7.467605550082998, 7.3750394313469245, 7.22881869049588, 7.459431618637297, 7.066089190457772, 7.139551352398794, 7.451211111832329, 6.954196310386875, 7.149747119504682, 7.2761244052742375, 7.383704292474052, 7.022367813028454, 7.348728154231077, 6.965784284662087, 6.954196310386875, 6.700439718141093], [6.78135971352466, 5.614709844115208, 5.672425341971495, 5.0, 4.523561956057013, 4.584962500721156, 5.0, 6.285402218862249, 7.05528243550119, 7.044394119358453, 7.219168520462161, 7.321928094887363, 7.257387842692652, 7.20945336562895, 7.523561956057013, 7.321928094887363, 7.044394119358453, 7.434628227636725, 7.679480099505446, 7.303780748177103, 7.491853096329675, 7.483815777264256, 7.247927513443585, 6.754887502163468]]}