{"min": 0, "max": 11.791569912126878, "pieData": [[6.554588851677638, 5.614709844115208, 5.087462841250339, 4.584962500721156, 3.700439718141092, 4.459431618637297, 6.066089190457772, 7.491853096329675, 8.071462362556623, 8.658211482751796, 8.228818690495881, 8.113742166049189, 7.876516946564999, 8.060695931687555, 8.31741261376487, 8.471675214392045, 8.375039431346925, 8.011227255423254, 7.807354922057604, 6.303780748177103, 7.467605550082998, 8.262094845370179, 8.375039431346925, 7.888743248898259], [7.044394119358453, 6.169925001442312, 5.584962500721156, 4.754887502163468, 4.321928094887363, 4.169925001442312, 6.491853096329675, 7.321928094887363, 8.238404739325079, 9.0, 8.62935662007961, 8.257387842692651, 7.832890014164741, 8.092757140919852, 8.353146825498083, 8.375039431346925, 8.383704292474052, 8.243173983472952, 7.813781191217037, 7.845490050944376, 7.94251450533924, 7.965784284662087, 8.247927513443585, 7.787902559391432], [6.754887502163468, 5.954196310386875, 5.321928094887363, 3.9068905956085187, 4.247927513443585, 3.4594316186372973, 5.700439718141093, 7.189824558880018, 8.238404739325079, 8.897845456005511, 8.400879436282183, 8.055282435501189, 7.839203788096944, 7.900866807980749, 8.271463027904375, 8.330916878114618, 8.271463027904375, 8.044394119358454, 7.400879436282184, 7.483815777264256, 5.459431618637297, 8.159871336778389, 8.005624549193879, 7.820178962415188], [7.0, 5.954196310386875, 5.700439718141093, 4.169925001442312, 4.321928094887363, 4.523561956057013, 5.554588851677638, 7.257387842692652, 8.194756854422248, 8.89178370321831, 8.375039431346925, 8.103287808412022, 7.918863237274595, 8.139551352398794, 8.228818690495881, 8.344295907915816, 8.353146825498083, 7.948367231584678, 7.672425341971495, 7.285402218862249, 7.857980995127572, 8.103287808412022, 8.113742166049189, 7.754887502163468], [7.159871336778389, 6.189824558880018, 5.044394119358453, 5.0, 3.807354922057604, 3.321928094887362, 5.727920454563199, 7.357552004618084, 8.46352437327118, 8.758223214726724, 8.271463027904375, 8.049848549450562, 7.86418614465428, 7.9886846867721655, 8.303780748177102, 8.396604781181859, 8.118941072723507, 7.977279923499917, 6.930737337562887, 7.076815597050831, 7.6865005271832185, 7.870364719583405, 7.851749041416058, 7.592457037268081], [6.977279923499917, 6.507794640198696, 6.0, 5.491853096329675, 4.857980995127572, 3.584962500721156, 5.954196310386875, 7.22881869049588, 7.820178962415188, 7.7073591320808825, 7.562242424221073, 7.60733031374961, 7.507794640198696, 7.247927513443585, 7.087462841250339, 7.348728154231077, 7.459431618637297, 7.417852514885898, 6.768184324776926, 7.022367813028454, 7.169925001442312, 7.108524456778169, 7.3750394313469245, 7.011227255423254], [6.820178962415188, 5.930737337562887, 5.0, 4.954196310386875, 3.807354922057604, 4.392317422778761, 5.523561956057013, 6.426264754702098, 7.0, 6.977279923499917, 7.076815597050831, 7.087462841250339, 6.977279923499917, 7.247927513443585, 7.614709844115208, 7.383704292474052, 7.118941072723508, 7.303780748177103, 7.266786540694901, 7.149747119504682, 7.417852514885898, 7.409390936137702, 7.285402218862249, 6.768184324776926]]}