{"min": 0, "max": 11.791569912126878, "pieData": [[6.845490050944376, 6.807354922057604, 6.0, 5.614709844115208, 5.169925001442312, 5.169925001442312, 6.285402218862249, 8.290018846932618, 9.30149619498255, 9.231221180711186, 8.839203788096944, 8.774787059601174, 8.62935662007961, 8.800899899920305, 8.98299357469431, 9.03342300153745, 8.915879378835774, 8.768184324776927, 8.554588851677638, 7.459431618637297, 7.977279923499917, 8.672425341971495, 8.761551232444479, 8.0], [7.554588851677638, 6.727920454563199, 5.754887502163468, 4.754887502163468, 3.9068905956085187, 4.0, 6.285402218862249, 8.228818690495881, 9.308339030139408, 9.405141463136344, 8.971543553950772, 9.014020470314934, 8.668884984266247, 8.854868383260236, 8.86418614465428, 9.068778277985412, 8.879583249612784, 8.974414589805527, 8.832890014164741, 8.873444112515376, 8.778077129535358, 8.459431618637296, 8.566054038171092, 8.262094845370179], [7.076815597050831, 6.6293566200796095, 6.247927513443585, 4.700439718141093, 3.169925001442312, 4.523561956057013, 5.857980995127572, 7.948367231584678, 9.247927513443585, 9.278449458220482, 8.965784284662087, 8.826548487290914, 8.422064766172813, 8.614709844115207, 8.829722735086058, 8.918863237274595, 8.826548487290914, 8.758223214726724, 8.622051819456376, 8.475733430966399, 6.108524456778169, 8.59245703726808, 8.417852514885897, 7.7414669864011465], [7.483815777264256, 6.870364719583405, 6.22881869049588, 4.584962500721156, 5.044394119358453, 5.044394119358453, 6.189824558880018, 8.03342300153745, 9.409390936137703, 9.296916206879288, 8.86418614465428, 8.778077129535358, 8.550746785383243, 8.81698362325538, 9.084808387804362, 8.977279923499916, 9.002815015607053, 8.991521846075695, 8.857980995127573, 8.820178962415188, 8.686500527183219, 8.558420713268664, 8.51175265376738, 8.129283016944967], [7.636624620543649, 6.807354922057604, 5.857980995127572, 5.523561956057013, 4.0, 4.392317422778761, 5.977279923499917, 8.113742166049189, 9.400879436282183, 9.066089190457772, 8.761551232444479, 8.778077129535358, 8.447083226209653, 8.879583249612784, 8.994353436858859, 8.876516946565, 8.625708843064466, 8.562242424221072, 8.174925682500678, 8.543031820255237, 8.519636252843213, 8.519636252843213, 8.539158811108031, 8.238404739325079], [7.467605550082998, 6.965784284662087, 6.459431618637297, 5.459431618637297, 5.129283016944966, 4.754887502163468, 6.066089190457772, 7.451211111832329, 8.51175265376738, 8.467605550082997, 8.405141463136344, 8.50382573799575, 8.257387842692651, 7.906890595608519, 8.159871336778389, 7.92481250360578, 8.199672344836364, 8.471675214392045, 8.45532722030456, 7.98299357469431, 7.900866807980749, 8.066089190457772, 7.7615512324444795, 7.679480099505446], [7.2761244052742375, 6.426264754702098, 5.882643049361842, 5.087462841250339, 4.459431618637297, 4.754887502163468, 5.20945336562895, 6.714245517666122, 7.6653359171851765, 7.813781191217037, 7.78135971352466, 7.906890595608519, 7.971543553950772, 8.108524456778168, 8.29920801838728, 7.971543553950772, 7.787902559391432, 8.199672344836364, 8.339850002884624, 8.071462362556623, 8.335390354693924, 8.189824558880018, 8.224001674198105, 7.714245517666122]]}