{"min": 0, "max": 11.791569912126878, "pieData": [[7.219168520462161, 6.285402218862249, 5.554588851677638, 4.169925001442312, 4.247927513443585, 5.0, 6.20945336562895, 8.199672344836364, 8.707359132080883, 8.744833837499545, 8.098032082960527, 8.139551352398794, 8.044394119358454, 8.199672344836364, 8.370687406807217, 8.243173983472952, 8.308339030139408, 8.417852514885897, 8.400879436282183, 7.366322214245816, 8.060695931687555, 8.873444112515376, 8.731319031025064, 8.118941072723507], [7.467605550082998, 6.672425341971495, 6.0, 5.129283016944966, 4.321928094887363, 4.0, 5.954196310386875, 7.839203788096944, 8.870364719583405, 8.804131021183318, 8.413627929024173, 8.46352437327118, 8.321928094887362, 8.144658242831882, 8.426264754702098, 8.339850002884624, 8.527477006060396, 8.426264754702098, 8.479780264029099, 8.658211482751796, 8.654636028527968, 8.734709620225837, 8.603626344986193, 7.714245517666122], [7.392317422778761, 6.409390936137702, 5.754887502163468, 4.857980995127572, 4.392317422778761, 4.459431618637297, 5.614709844115208, 7.6653359171851765, 8.758223214726724, 8.622051819456376, 8.413627929024173, 8.405141463136344, 8.060695931687555, 8.20945336562895, 8.326429487122303, 8.280770770130603, 8.308339030139408, 8.224001674198105, 8.326429487122303, 8.335390354693924, 6.129283016944966, 8.550746785383243, 8.29920801838728, 7.820178962415188], [7.434628227636725, 6.658211482751795, 5.882643049361842, 5.087462841250339, 5.129283016944966, 5.672425341971495, 5.672425341971495, 8.055282435501189, 9.134426320220927, 8.768184324776927, 8.483815777264256, 8.335390354693924, 8.271463027904375, 8.29920801838728, 8.535275376620802, 8.527477006060396, 8.546894459887637, 8.64745842645492, 8.339850002884624, 8.768184324776927, 8.643856189774725, 8.603626344986193, 8.426264754702098, 8.071462362556623], [7.434628227636725, 6.584962500721156, 5.930737337562887, 5.459431618637297, 4.169925001442312, 4.584962500721156, 5.882643049361842, 8.060695931687555, 9.074141462752506, 8.813781191217037, 8.459431618637296, 8.139551352398794, 8.066089190457772, 8.308339030139408, 8.375039431346925, 8.417852514885897, 8.134426320220927, 8.124121311829187, 7.965784284662087, 8.599912842187127, 8.543031820255237, 8.546894459887637, 8.59245703726808, 8.280770770130603], [7.651051691178928, 7.139551352398794, 6.584962500721156, 5.727920454563199, 5.321928094887363, 4.754887502163468, 5.906890595608519, 7.321928094887363, 8.071462362556623, 7.906890595608519, 7.7414669864011465, 8.016808287686555, 8.179909090014934, 7.994353436858858, 7.954196310386875, 7.900866807980749, 7.693486957499325, 8.049848549450562, 8.527477006060396, 8.219168520462162, 8.124121311829187, 8.199672344836364, 8.366322214245816, 8.092757140919852], [7.451211111832329, 6.832890014164741, 6.491853096329675, 5.426264754702098, 5.169925001442312, 5.129283016944966, 5.426264754702098, 6.409390936137702, 7.357552004618084, 7.426264754702098, 7.636624620543649, 7.971543553950772, 7.714245517666122, 8.027905996569885, 7.774787059601174, 7.714245517666122, 7.918863237274595, 8.071462362556623, 8.400879436282183, 8.280770770130603, 8.361943773735241, 8.50382573799575, 8.379378367071261, 7.794415866350106]]}