{"min": 0, "max": 11.791569912126878, "pieData": [[6.965784284662087, 6.658211482751795, 5.754887502163468, 5.426264754702098, 5.087462841250339, 5.247927513443585, 6.569855608330948, 7.139551352398794, 7.787902559391432, 8.224001674198105, 7.870364719583405, 7.592457037268081, 7.400879436282184, 7.882643049361842, 7.936637939002571, 7.643856189774724, 7.459431618637297, 7.592457037268081, 7.569855608330948, 6.569855608330948, 7.294620748891627, 8.194756854422248, 8.164906926675688, 7.894817763307944], [7.459431618637297, 6.894817763307944, 6.0, 5.169925001442312, 5.357552004618084, 4.754887502163468, 5.807354922057604, 7.03342300153745, 7.672425341971495, 8.507794640198696, 7.851749041416058, 7.826548487290915, 7.467605550082998, 7.774787059601174, 8.087462841250339, 7.800899899920305, 7.434628227636725, 7.658211482751795, 7.539158811108031, 7.636624620543649, 7.900866807980749, 8.08214904135387, 8.08214904135387, 8.016808287686555], [7.22881869049588, 6.870364719583405, 6.108524456778169, 4.392317422778761, 4.087462841250339, 4.169925001442312, 5.357552004618084, 7.098032082960526, 7.839203788096944, 8.179909090014934, 7.434628227636725, 7.383704292474052, 7.118941072723508, 7.774787059601174, 7.592457037268081, 7.515699838284043, 7.118941072723508, 7.599912842187128, 7.321928094887363, 7.0, 5.247927513443585, 7.936637939002571, 7.912889336229962, 7.6293566200796095], [7.159871336778389, 6.599912842187128, 5.857980995127572, 5.044394119358453, 4.321928094887363, 4.459431618637297, 5.491853096329675, 7.0, 8.076815597050832, 8.219168520462162, 7.906890595608519, 7.592457037268081, 7.348728154231077, 7.894817763307944, 7.693486957499325, 7.483815777264256, 7.577428828035749, 7.554588851677638, 7.442943495848728, 7.451211111832329, 7.820178962415188, 8.087462841250339, 7.787902559391432, 7.820178962415188], [7.2761244052742375, 6.727920454563199, 6.266786540694901, 5.087462841250339, 4.807354922057604, 4.321928094887363, 6.0, 7.20945336562895, 7.845490050944376, 8.247927513443585, 7.658211482751795, 7.614709844115208, 7.312882955284356, 7.774787059601174, 7.734709620225838, 7.483815777264256, 7.426264754702098, 7.383704292474052, 7.087462841250339, 7.442943495848728, 7.321928094887363, 7.774787059601174, 7.888743248898259, 8.016808287686555], [7.417852514885898, 6.882643049361842, 6.918863237274595, 6.087462841250339, 5.459431618637297, 5.285402218862249, 5.614709844115208, 6.6865005271832185, 7.636624620543649, 7.60733031374961, 7.515699838284043, 7.357552004618084, 7.467605550082998, 7.044394119358453, 7.266786540694901, 7.20945336562895, 7.05528243550119, 7.442943495848728, 7.108524456778169, 7.1799090900149345, 7.366322214245816, 7.392317422778761, 7.6653359171851765, 7.523561956057013], [7.257387842692652, 7.139551352398794, 6.539158811108031, 5.700439718141093, 4.807354922057604, 4.857980995127572, 5.247927513443585, 6.066089190457772, 6.807354922057604, 6.754887502163468, 6.930737337562887, 7.108524456778169, 7.118941072723508, 7.169925001442312, 7.20945336562895, 7.2384047393250786, 7.044394119358453, 7.087462841250339, 6.857980995127572, 7.169925001442312, 7.6653359171851765, 7.651051691178928, 7.693486957499325, 7.562242424221073]]}