{"min": 0, "max": 11.791569912126878, "pieData": [[5.977279923499917, 5.169925001442312, 4.807354922057604, 3.584962500721156, 3.4594316186372973, 3.0, 4.392317422778761, 6.129283016944966, 7.531381460516312, 7.475733430966398, 7.044394119358453, 6.977279923499917, 6.918863237274595, 6.930737337562887, 7.219168520462161, 7.087462841250339, 6.754887502163468, 6.845490050944376, 6.442943495848728, 5.754887502163468, 6.442943495848728, 7.417852514885898, 7.118941072723508, 7.011227255423254], [6.066089190457772, 5.807354922057604, 5.247927513443585, 3.700439718141092, 3.169925001442312, 3.169925001442312, 4.169925001442312, 5.857980995127572, 7.383704292474052, 7.813781191217037, 7.1799090900149345, 7.05528243550119, 7.044394119358453, 7.247927513443585, 7.247927513443585, 6.754887502163468, 6.794415866350106, 7.011227255423254, 6.965784284662087, 6.857980995127572, 7.066089190457772, 7.303780748177103, 7.03342300153745, 6.643856189774724], [6.409390936137702, 5.672425341971495, 5.087462841250339, 3.321928094887362, 1.584962500721156, 2.584962500721156, 3.4594316186372973, 5.247927513443585, 7.467605550082998, 7.507794640198696, 6.9886846867721655, 6.658211482751795, 6.584962500721156, 6.614709844115208, 6.954196310386875, 7.076815597050831, 6.507794640198696, 6.918863237274595, 6.94251450533924, 6.507794640198696, 3.321928094887362, 6.643856189774724, 6.94251450533924, 6.507794640198696], [6.189824558880018, 5.700439718141093, 5.0, 4.169925001442312, 4.169925001442312, 4.0, 3.169925001442312, 5.977279923499917, 7.483815777264256, 7.636624620543649, 7.05528243550119, 6.820178962415188, 6.442943495848728, 6.870364719583405, 7.044394119358453, 6.820178962415188, 7.118941072723508, 6.918863237274595, 6.894817763307944, 6.794415866350106, 6.9886846867721655, 7.044394119358453, 6.599912842187128, 6.714245517666122], [5.882643049361842, 5.285402218862249, 5.129283016944966, 3.700439718141092, 3.321928094887362, 4.523561956057013, 4.169925001442312, 5.523561956057013, 7.392317422778761, 7.515699838284043, 6.965784284662087, 6.832890014164741, 6.569855608330948, 6.882643049361842, 7.219168520462161, 6.754887502163468, 6.6865005271832185, 6.807354922057604, 6.599912842187128, 6.247927513443585, 6.794415866350106, 7.159871336778389, 6.807354922057604, 6.459431618637297], [6.491853096329675, 6.044394119358453, 5.459431618637297, 4.807354922057604, 4.087462841250339, 4.0, 4.392317422778761, 5.357552004618084, 6.768184324776926, 6.768184324776926, 6.507794640198696, 6.78135971352466, 6.442943495848728, 6.169925001442312, 6.3750394313469245, 5.906890595608519, 5.954196310386875, 6.409390936137702, 6.321928094887363, 6.129283016944966, 6.0, 6.189824558880018, 6.149747119504682, 6.149747119504682], [5.906890595608519, 5.459431618637297, 4.857980995127572, 3.9068905956085187, 1.584962500721156, 2.584962500721156, 3.4594316186372973, 4.906890595608519, 6.169925001442312, 6.066089190457772, 6.321928094887363, 6.426264754702098, 6.409390936137702, 6.491853096329675, 6.129283016944966, 6.189824558880018, 5.977279923499917, 6.303780748177103, 6.149747119504682, 5.954196310386875, 6.794415866350106, 6.857980995127572, 6.78135971352466, 6.3750394313469245]]}