{"min": 0, "max": 11.791569912126878, "pieData": [[8.194756854422248, 7.7073591320808825, 7.366322214245816, 6.6865005271832185, 5.727920454563199, 5.491853096329675, 6.794415866350106, 8.734709620225837, 10.230020435705635, 10.210671343785622, 9.86418614465428, 9.832890014164741, 9.700439718141093, 9.843921051289035, 9.9901039638575, 9.774787059601174, 9.550746785383243, 9.364134655008051, 9.030667136246942, 8.044394119358454, 9.041659151637214, 9.73978060977326, 9.709083812550343, 9.236014191900084], [8.614709844115207, 8.011227255423254, 7.400879436282184, 6.584962500721156, 5.491853096329675, 5.0, 6.569855608330948, 8.758223214726724, 10.34318571544788, 10.452241240430817, 10.099347810403193, 10.1357092861044, 9.868822554774999, 9.948367231584678, 10.107217075591382, 10.138271800172221, 9.759888183221834, 9.744833837499545, 9.499845887083206, 9.688250309133178, 9.627533884472792, 9.588714635582264, 9.698704666770345, 9.118941072723507], [8.339850002884624, 7.813781191217037, 6.9886846867721655, 6.599912842187128, 5.169925001442312, 3.9068905956085187, 6.475733430966398, 8.57742882803575, 10.213104219641906, 10.213104219641906, 9.905387005018131, 9.826548487290914, 9.521600439723727, 9.786269627648466, 10.032045726930809, 10.00982861736811, 9.721099188707186, 9.523561956057012, 9.294620748891628, 9.379378367071261, 6.882643049361842, 9.417852514885897, 9.344295907915816, 8.918863237274595], [8.689997971419446, 8.154818109052105, 7.714245517666122, 6.569855608330948, 5.321928094887363, 5.044394119358453, 6.3750394313469245, 8.686500527183219, 10.314016703901357, 10.360847084179664, 10.022367813028454, 9.923327485419192, 9.531381460516313, 9.98299357469431, 10.151016538892248, 10.133142212400601, 9.776433032444732, 9.751544059089099, 9.355351096424812, 9.792790294301064, 9.812177305514448, 9.546894459887637, 9.411510988012072, 9.245552706255681], [8.622051819456376, 8.326429487122303, 7.491853096329675, 6.965784284662087, 6.108524456778169, 5.491853096329675, 6.392317422778761, 8.754887502163468, 10.318542809702723, 10.30720080914081, 10.023754353299417, 9.90839262077375, 9.688250309133178, 9.879583249612784, 10.117643101389092, 9.832890014164741, 9.403012023574997, 9.25502856981873, 8.754887502163468, 9.483815777264256, 9.77313920671969, 9.493855449240822, 9.851749041416058, 9.509775004326936], [9.068778277985412, 8.751544059089099, 8.280770770130603, 7.643856189774724, 7.066089190457772, 6.459431618637297, 6.643856189774724, 7.6293566200796095, 9.00842862207058, 9.0, 9.041659151637214, 9.294620748891628, 9.152284842306582, 9.194756854422248, 9.388017285345136, 9.238404739325079, 9.027905996569885, 9.379378367071261, 9.287712379549449, 9.278449458220482, 9.179909090014934, 9.379378367071261, 9.312882955284355, 9.100662339005199], [8.754887502163468, 8.348728154231077, 8.257387842692651, 7.199672344836364, 6.845490050944376, 6.303780748177103, 5.882643049361842, 6.930737337562887, 8.57742882803575, 8.72451385311995, 8.751544059089099, 8.92481250360578, 9.139551352398794, 9.240791332161956, 9.167418145831737, 9.207014320177532, 8.980139577639157, 9.111135670234708, 9.250298417906333, 8.870364719583405, 9.409390936137703, 9.35974956032233, 9.226412192788786, 8.86418614465428]]}