{"min": 0, "max": 11.791569912126878, "pieData": [[6.857980995127572, 6.285402218862249, 5.882643049361842, 5.20945336562895, 3.700439718141092, 3.584962500721156, 5.523561956057013, 6.832890014164741, 7.622051819456376, 8.066089190457772, 7.912889336229962, 7.599912842187128, 7.857980995127572, 7.92481250360578, 7.888743248898259, 7.851749041416058, 7.714245517666122, 7.92481250360578, 7.693486957499325, 6.599912842187128, 7.672425341971495, 8.344295907915816, 7.965784284662087, 7.787902559391432], [7.044394119358453, 6.78135971352466, 5.459431618637297, 4.169925001442312, 4.169925001442312, 3.807354922057604, 5.906890595608519, 6.94251450533924, 7.569855608330948, 8.20945336562895, 7.820178962415188, 7.912889336229962, 7.9886846867721655, 8.049848549450562, 8.118941072723507, 7.965784284662087, 7.6653359171851765, 8.149747119504681, 7.954196310386875, 8.027905996569885, 8.066089190457772, 8.159871336778389, 8.149747119504681, 7.599912842187128], [6.768184324776926, 6.20945336562895, 5.285402218862249, 4.392317422778761, 3.700439718141092, 4.0, 5.129283016944966, 6.930737337562887, 7.7073591320808825, 8.179909090014934, 7.7414669864011465, 7.727920454563199, 7.499845887083206, 7.6653359171851765, 7.876516946564999, 7.807354922057604, 7.813781191217037, 8.03342300153745, 7.636624620543649, 7.7481928495894605, 4.954196310386875, 8.071462362556623, 7.807354922057604, 7.679480099505446], [6.965784284662087, 6.6865005271832185, 5.321928094887363, 4.584962500721156, 4.584962500721156, 4.459431618637297, 5.554588851677638, 6.807354922057604, 7.86418614465428, 7.977279923499917, 7.7073591320808825, 7.6653359171851765, 7.622051819456376, 7.888743248898259, 7.954196310386875, 7.727920454563199, 7.870364719583405, 7.794415866350106, 7.700439718141093, 7.888743248898259, 8.113742166049189, 8.124121311829187, 7.900866807980749, 7.693486957499325], [7.087462841250339, 6.554588851677638, 5.754887502163468, 4.584962500721156, 4.700439718141093, 3.169925001442312, 5.426264754702098, 7.0, 7.734709620225838, 8.219168520462162, 8.044394119358454, 7.912889336229962, 7.918863237274595, 8.118941072723507, 8.129283016944967, 8.044394119358454, 7.894817763307944, 7.807354922057604, 7.339850002884624, 7.442943495848728, 8.228818690495881, 8.247927513443585, 8.055282435501189, 7.870364719583405], [7.118941072723508, 6.965784284662087, 6.459431618637297, 5.087462841250339, 5.169925001442312, 4.321928094887363, 5.247927513443585, 6.459431618637297, 7.303780748177103, 7.86418614465428, 7.9600019320680815, 7.870364719583405, 7.826548487290915, 7.6865005271832185, 7.845490050944376, 7.832890014164741, 7.7615512324444795, 7.918863237274595, 7.857980995127572, 7.857980995127572, 8.027905996569885, 7.714245517666122, 7.768184324776926, 7.294620748891627], [7.022367813028454, 6.714245517666122, 6.108524456778169, 5.247927513443585, 3.700439718141092, 3.700439718141092, 4.247927513443585, 6.189824558880018, 6.870364719583405, 7.442943495848728, 7.851749041416058, 8.044394119358454, 8.092757140919852, 7.971543553950772, 7.870364719583405, 7.851749041416058, 7.851749041416058, 7.7615512324444795, 7.800899899920305, 8.0, 8.179909090014934, 8.20945336562895, 7.954196310386875, 7.392317422778761]]}