{"min": 0, "max": 11.791569912126878, "pieData": [[8.679480099505446, 8.038918989292302, 7.577428828035749, 7.507794640198696, 6.189824558880018, 6.285402218862249, 7.1799090900149345, 8.857980995127573, 9.499845887083206, 9.63117705570398, 9.366322214245816, 9.271463027904375, 9.087462841250339, 9.152284842306582, 9.224001674198105, 9.005624549193879, 9.027905996569885, 8.845490050944376, 8.79766152585376, 7.658211482751795, 8.50382573799575, 9.20212382383046, 9.372865060112588, 9.207014320177532], [8.696967526234287, 8.348728154231077, 7.800899899920305, 7.467605550082998, 6.7414669864011465, 6.357552004618084, 7.348728154231077, 8.703903573444663, 9.677719641641009, 9.599912842187127, 9.409390936137703, 9.283088353024002, 9.157346935362844, 9.247927513443585, 9.233619676759702, 9.264442600226602, 9.164906926675688, 9.095397022792557, 8.710806433699352, 9.041659151637214, 9.144658242831882, 9.257387842692651, 9.339850002884624, 9.20212382383046], [8.686500527183219, 8.29920801838728, 7.794415866350106, 7.066089190457772, 6.189824558880018, 6.266786540694901, 7.011227255423254, 8.672425341971495, 9.475733430966399, 9.398743691938193, 9.134426320220927, 9.060695931687555, 8.927777962082342, 9.055282435501189, 9.283088353024002, 9.162391328756906, 8.951284714966972, 8.67595703294175, 8.573647187493322, 8.700439718141093, 6.357552004618084, 9.144658242831882, 9.071462362556623, 8.980139577639157], [8.839203788096944, 8.262094845370179, 7.954196310386875, 7.1799090900149345, 6.409390936137702, 6.066089190457772, 7.076815597050831, 8.714245517666123, 9.63117705570398, 9.550746785383243, 9.285402218862249, 9.29232163280204, 8.94251450533924, 9.105908508571158, 9.271463027904375, 9.154818109052105, 8.842350343413807, 8.810571634741146, 8.800899899920305, 9.108524456778168, 9.149747119504681, 8.994353436858859, 9.016808287686555, 9.019590728357882], [8.614709844115207, 8.238404739325079, 7.60733031374961, 7.491853096329675, 6.727920454563199, 6.442943495848728, 7.118941072723508, 8.682994583681683, 9.571752643503546, 9.564149489985732, 9.370687406807217, 9.068778277985412, 9.057991722759176, 9.139551352398794, 8.948367231584678, 9.147204924942228, 8.72451385311995, 8.72451385311995, 8.442943495848729, 8.807354922057604, 8.86418614465428, 9.060695931687555, 9.25502856981873, 9.169925001442312], [8.842350343413807, 8.625708843064466, 8.219168520462162, 7.679480099505446, 7.118941072723508, 6.459431618637297, 6.977279923499917, 7.7481928495894605, 8.710806433699352, 8.876516946565, 8.832890014164741, 8.897845456005511, 8.768184324776927, 8.854868383260236, 8.774787059601174, 8.787902559391432, 8.523561956057012, 8.7714894695006, 8.49585502688717, 8.618385502258606, 8.78135971352466, 8.823367240046235, 8.787902559391432, 8.885696373339396], [8.689997971419446, 8.252665432450248, 7.936637939002571, 7.539158811108031, 6.754887502163468, 6.539158811108031, 6.6293566200796095, 7.366322214245816, 8.59245703726808, 8.330916878114618, 8.622051819456376, 8.562242424221072, 8.651051691178928, 8.784634845557521, 8.471675214392045, 8.60733031374961, 8.184875342908283, 8.588714635582264, 8.527477006060396, 8.829722735086058, 9.139551352398794, 9.207014320177532, 9.147204924942228, 9.100662339005199]]}