{"min": 0, "max": 11.791569912126878, "pieData": [[6.129283016944966, 6.189824558880018, 5.727920454563199, 4.807354922057604, 4.857980995127572, 4.392317422778761, 6.087462841250339, 7.199672344836364, 6.700439718141093, 5.906890595608519, 6.409390936137702, 6.672425341971495, 6.754887502163468, 6.870364719583405, 7.312882955284356, 6.857980995127572, 7.0, 6.820178962415188, 6.807354922057604, 5.882643049361842, 6.491853096329675, 7.159871336778389, 7.076815597050831, 6.700439718141093], [6.339850002884624, 6.087462841250339, 5.882643049361842, 5.523561956057013, 4.807354922057604, 5.247927513443585, 5.807354922057604, 6.539158811108031, 6.78135971352466, 6.285402218862249, 6.426264754702098, 6.727920454563199, 6.700439718141093, 6.882643049361842, 7.20945336562895, 6.672425341971495, 6.507794640198696, 6.832890014164741, 6.94251450533924, 7.312882955284356, 6.9886846867721655, 7.189824558880018, 7.22881869049588, 6.584962500721156], [6.303780748177103, 5.954196310386875, 5.285402218862249, 5.285402218862249, 4.247927513443585, 4.807354922057604, 5.78135971352466, 6.339850002884624, 6.894817763307944, 6.7414669864011465, 6.044394119358453, 6.409390936137702, 6.882643049361842, 6.658211482751795, 6.965784284662087, 6.727920454563199, 6.507794640198696, 6.714245517666122, 6.894817763307944, 6.700439718141093, 3.584962500721156, 6.94251450533924, 6.918863237274595, 6.857980995127572], [6.584962500721156, 6.321928094887363, 5.700439718141093, 5.247927513443585, 5.087462841250339, 4.643856189774724, 5.754887502163468, 6.794415866350106, 6.882643049361842, 6.523561956057013, 6.475733430966398, 6.442943495848728, 6.507794640198696, 6.768184324776926, 6.539158811108031, 6.643856189774724, 6.894817763307944, 6.882643049361842, 6.894817763307944, 7.189824558880018, 7.044394119358453, 6.9886846867721655, 6.768184324776926, 6.700439718141093], [6.569855608330948, 6.189824558880018, 6.022367813028454, 5.285402218862249, 4.459431618637297, 4.392317422778761, 5.78135971352466, 6.584962500721156, 6.539158811108031, 6.285402218862249, 6.189824558880018, 6.614709844115208, 6.426264754702098, 6.754887502163468, 6.7414669864011465, 6.794415866350106, 6.614709844115208, 6.6293566200796095, 6.906890595608519, 7.1799090900149345, 7.20945336562895, 7.139551352398794, 7.0, 6.894817763307944], [6.882643049361842, 6.247927513443585, 6.189824558880018, 5.614709844115208, 5.0, 4.523561956057013, 5.78135971352466, 6.285402218862249, 6.6865005271832185, 6.3750394313469245, 6.3750394313469245, 6.599912842187128, 6.339850002884624, 6.807354922057604, 6.426264754702098, 6.614709844115208, 6.599912842187128, 6.475733430966398, 6.794415866350106, 6.672425341971495, 6.339850002884624, 6.523561956057013, 6.700439718141093, 6.523561956057013], [6.22881869049588, 5.857980995127572, 6.149747119504682, 5.977279923499917, 4.459431618637297, 4.700439718141093, 5.614709844115208, 5.523561956057013, 5.832890014164741, 6.266786540694901, 6.303780748177103, 6.523561956057013, 6.539158811108031, 6.768184324776926, 6.918863237274595, 7.022367813028454, 6.754887502163468, 6.672425341971495, 6.78135971352466, 7.285402218862249, 6.845490050944376, 6.954196310386875, 6.870364719583405, 6.285402218862249]]}