{"min": 0, "max": 11.791569912126878, "pieData": [[9.381542951184585, 8.842350343413807, 8.20945336562895, 7.714245517666122, 7.266786540694901, 7.087462841250339, 8.204571144249204, 9.216745858195306, 9.726218159332198, 9.751544059089099, 9.759888183221834, 9.885696373339396, 9.768184324776927, 9.915879378835774, 10.045759661382682, 10.088788238716907, 9.7431513941125, 9.535275376620802, 9.372865060112588, 8.308339030139408, 9.651051691178928, 10.271463027904375, 10.181152256865566, 9.961449694398196], [9.59245703726808, 9.076815597050832, 8.59245703726808, 8.027905996569885, 7.523561956057013, 7.426264754702098, 8.326429487122303, 9.172427508645482, 10.023754353299417, 9.911391987843459, 9.929258408636972, 10.12670447284319, 9.897845456005511, 9.887220615468385, 10.086136225027309, 10.140829770773001, 9.674192268145683, 9.691743519171276, 9.546894459887637, 9.758223214726724, 10.200898605038445, 10.162391328756906, 10.171176797651771, 9.977279923499916], [9.489847960439297, 9.022367813028454, 8.73809225962049, 8.03342300153745, 7.285402218862249, 6.794415866350106, 7.78135971352466, 8.991521846075695, 9.871905237659186, 9.818582177480858, 9.73978060977326, 9.915879378835774, 9.581200581924957, 9.753216749178955, 10.066089190457772, 10.002815015607053, 9.667111542075027, 9.649256177517314, 9.566054038171092, 9.544964432789238, 7.366322214245816, 9.99859042974533, 9.831307243802051, 9.876516946565], [9.523561956057012, 8.945443836377912, 8.839203788096944, 8.08214904135387, 7.219168520462161, 7.22881869049588, 8.071462362556623, 9.294620748891628, 9.94251450533924, 10.002815015607053, 9.90839262077375, 9.961449694398196, 9.717676423066397, 9.778077129535358, 10.139551352398794, 10.161131882984307, 9.76487159073609, 9.665335917185176, 9.623881490013458, 9.722807531169547, 10.163649676015824, 10.236014191900084, 10.149747119504681, 10.005624549193879], [9.649256177517314, 9.071462362556623, 8.76487159073609, 8.076815597050832, 7.409390936137702, 7.087462841250339, 8.087462841250339, 9.057991722759176, 9.968666793195208, 9.893301530860564, 9.981567281903015, 9.932214751968385, 9.714245517666123, 9.804131021183318, 9.980139577639157, 9.850186837645774, 9.564149489985732, 9.192292814470767, 8.951284714966972, 9.245552706255681, 10.007027266893969, 10.236014191900084, 10.30035256032822, 10.059344460824425], [9.709083812550343, 9.471675214392045, 9.100662339005199, 8.599912842187127, 7.672425341971495, 7.584962500721156, 8.149747119504681, 8.721099188707186, 9.124121311829187, 9.428360172704291, 9.483815777264256, 9.668884984266247, 9.560332834212442, 9.682994583681683, 9.686500527183219, 9.707359132080883, 9.453270634010623, 9.583082767502933, 9.60177078840771, 9.59618975614441, 9.897845456005511, 10.047123912114026, 9.906890595608518, 9.90388184573618], [9.548821908458752, 9.287712379549449, 8.951284714966972, 8.562242424221072, 7.807354922057604, 7.076815597050831, 7.679480099505446, 8.092757140919852, 8.744833837499545, 8.96289600533726, 9.13699111208023, 9.505811553919594, 9.59618975614441, 9.682994583681683, 9.643856189774725, 9.791162888555018, 9.403012023574997, 9.467605550082997, 9.667111542075027, 9.663558104217273, 10.178664851006472, 10.134426320220927, 10.149747119504681, 9.859534786382653]]}