{"min": 0, "max": 11.791569912126878, "pieData": [[10.896332403909941, 10.545929769085468, 10.234817431117325, 9.805743872151618, 9.377210530388552, 9.113742166049189, 9.507794640198696, 10.264442600226602, 10.60177078840771, 10.50084187955693, 10.586839787961827, 10.94178124227853, 11.149747119504681, 11.287712379549449, 11.414685235807214, 11.250298417906333, 11.011227255423254, 11.068106475858773, 10.681238411777805, 9.400879436282183, 10.922584402713664, 11.778898476008376, 11.79197682089869, 11.428360172704291], [11.047123912114026, 10.727069558023706, 10.57553924683453, 10.205793249397157, 9.584962500721156, 9.162391328756906, 9.548821908458752, 10.183635381473218, 10.774787059601174, 10.648357582009666, 10.756556322524087, 11.002815015607053, 11.173052457774116, 11.29634268469289, 11.303209948944776, 11.252665432450248, 11.099347810403193, 11.086799685623452, 10.847840355630714, 11.133784409179908, 11.543998450134541, 11.663558104217273, 11.659995892429977, 11.415213598765286], [10.922584402713664, 10.69261550169458, 10.416797527606061, 9.972979786066292, 9.319672120946995, 9.118941072723507, 9.357552004618084, 9.951284714966972, 10.703038388986418, 10.671541066711884, 10.642954223480332, 10.88264304936184, 10.900866807980748, 11.145932145820515, 11.14338321398982, 11.197216693110052, 11.066761932386909, 11.028596777067108, 10.672425341971495, 10.637530551525309, 8.813781191217037, 11.419433550705378, 11.365775635326269, 11.308907804063939], [11.049848549450562, 10.753216749178955, 10.580258567499788, 10.107217075591382, 9.52943055414615, 9.259743263690781, 9.290018846932618, 10.161131882984307, 10.806549621985962, 10.711666973564347, 10.783816759320182, 10.932952892194715, 11.00842862207058, 11.171802288682983, 11.134426320220927, 11.241387363998937, 10.954196310386875, 11.137631598235428, 10.876516946565, 11.156715144224702, 11.497851836951117, 11.605942439625368, 11.609640474436812, 11.419960177847889], [11.057314877782703, 10.829722735086058, 10.582141981658777, 10.234817431117325, 9.81698362325538, 9.296916206879288, 9.515699838284043, 10.019590728357882, 10.642051692927977, 10.656424863277781, 10.799281621521923, 10.997179480937621, 11.084144010615145, 11.282509306240836, 11.159871336778389, 11.112439506781552, 10.758223214726724, 10.653740778706569, 10.049848549450562, 10.365228849251544, 11.350939181546432, 11.66266837551754, 11.7714894695006, 11.675516044082778], [11.092096414990792, 11.066761932386909, 10.957827560833744, 10.646558710154547, 10.145932145820515, 9.758223214726724, 9.4241662888181, 9.756556322524087, 10.27262978497637, 10.401946123976536, 10.751544059089099, 10.794415866350105, 10.834471049984222, 10.94251450533924, 11.095397022792557, 11.092757140919852, 10.89178370321831, 11.027214885159834, 10.988684686772165, 11.048486873992337, 11.369597346278677, 11.410981267043796, 11.477758266443889, 11.33371442609397], [11.156083076288681, 11.029287226968245, 10.758223214726724, 10.555547771647065, 10.088788238716907, 9.614709844115207, 9.398743691938193, 9.308339030139408, 9.932214751968385, 10.197216693110052, 10.427312844134963, 10.698704666770345, 10.838416075797337, 10.967946705812707, 10.996473488733228, 11.03342300153745, 10.829722735086058, 10.97656412341533, 10.874212934830874, 11.088788238716907, 11.56652978262417, 11.559855041513625, 11.559855041513625, 11.422064766172813]]}