{"min": 0, "max": 11.791569912126878, "pieData": [[9.394462694610317, 9.100662339005199, 8.74819284958946, 8.294620748891628, 7.971543553950772, 7.60733031374961, 8.527477006060396, 9.221587121264806, 9.019590728357882, 8.413627929024173, 8.658211482751796, 9.294620748891628, 9.266786540694902, 9.422064766172813, 9.712527000439824, 9.543031820255237, 9.473705749619416, 9.50382573799575, 9.361943773735241, 8.379378367071261, 9.485829308701904, 10.358651200892886, 10.125413470483315, 9.870364719583405], [9.517669388133811, 9.390168956200183, 9.076815597050832, 8.67595703294175, 8.243173983472952, 7.971543553950772, 8.417852514885897, 9.002815015607053, 9.044394119358454, 8.714245517666123, 9.095397022792557, 9.381542951184585, 9.442943495848729, 9.552669097514272, 9.815383295813538, 9.689997971419446, 9.618385502258606, 9.61654884377899, 9.569855608330947, 9.939579214314692, 10.06339508128851, 10.18239435340453, 10.030667136246942, 9.813781191217037], [9.377210530388552, 9.071462362556623, 8.823367240046235, 8.471675214392045, 7.930737337562887, 7.569855608330948, 8.247927513443585, 8.81698362325538, 9.08214904135387, 8.977279923499916, 9.0, 9.20212382383046, 9.207014320177532, 9.411510988012072, 9.45532722030456, 9.477758266443889, 9.400879436282183, 9.554588851677638, 9.383704292474052, 9.283088353024002, 7.2761244052742375, 9.938109326219239, 9.658211482751796, 9.521600439723727], [9.411510988012072, 9.184875342908283, 9.027905996569885, 8.562242424221072, 8.228818690495881, 7.832890014164741, 8.252665432450248, 8.939579214314692, 9.184875342908283, 8.909893083770042, 9.105908508571158, 9.30149619498255, 9.273795599214264, 9.283088353024002, 9.422064766172813, 9.543031820255237, 9.38586240064146, 9.4241662888181, 9.45532722030456, 9.92035285541508, 10.068778277985412, 10.055282435501189, 10.03342300153745, 9.674192268145683], [9.497851836951117, 9.20212382383046, 8.951284714966972, 8.7714894695006, 8.294620748891628, 7.845490050944376, 8.294620748891628, 8.842350343413807, 8.918863237274595, 8.89178370321831, 8.72451385311995, 9.348728154231077, 9.192292814470767, 9.523561956057012, 9.445014845868423, 9.493855449240822, 9.243173983472952, 9.240791332161956, 8.774787059601174, 9.515699838284043, 9.995767150877802, 10.1357092861044, 10.057991722759176, 9.78953364497036], [9.505811553919594, 9.38586240064146, 9.379378367071261, 8.98584193700334, 8.566054038171092, 8.174925682500678, 8.087462841250339, 8.622051819456376, 8.912889336229961, 8.89178370321831, 9.172427508645482, 9.005624549193879, 9.087462841250339, 9.375039431346925, 9.167418145831737, 9.06339508128851, 9.071462362556623, 9.366322214245816, 9.505811553919594, 9.684748620421626, 9.955649907528374, 9.843921051289035, 9.714245517666123, 9.479780264029099], [9.426264754702098, 9.278449458220482, 9.030667136246942, 8.88264304936184, 8.413627929024173, 7.876516946564999, 7.977279923499917, 7.86418614465428, 8.361943773735241, 8.535275376620802, 8.625708843064466, 8.83605035505807, 9.079484783826816, 9.144658242831882, 9.20945336562895, 9.214319120800766, 9.095397022792557, 9.197216693110052, 9.64745842645492, 9.894817763307943, 10.152284842306582, 10.117643101389092, 9.900866807980748, 9.717676423066397]]}