{"min": 0, "max": 11.791569912126878, "pieData": [[9.94104760634058, 9.333155350310616, 8.954196310386875, 8.451211111832329, 7.754887502163468, 7.851749041416058, 8.467605550082997, 9.264442600226602, 9.79766152585376, 10.377210530388552, 10.554588851677638, 10.759888183221834, 10.696967526234287, 10.67595703294175, 10.663558104217273, 10.533329732305834, 10.256208688527387, 9.92035285541508, 9.541096615349524, 8.459431618637296, 9.997179480937621, 10.680359523513713, 10.679480099505446, 10.50084187955693], [10.133142212400601, 9.734709620225837, 9.366322214245816, 8.879583249612784, 8.08214904135387, 7.9886846867721655, 8.543031820255237, 9.134426320220927, 10.053925881531105, 10.373952655370193, 10.678600139099458, 10.838416075797337, 10.767356854125685, 10.828136484194108, 10.806549621985962, 10.684748620421626, 10.271463027904375, 10.149747119504681, 9.688250309133178, 10.174925682500678, 10.474719946526482, 10.488844346457336, 10.582141981658777, 10.45532722030456], [10.043027283594547, 9.5980525001616, 9.259743263690781, 8.707359132080883, 7.918863237274595, 7.714245517666122, 8.247927513443585, 8.957102041562287, 9.978710459106358, 10.274960472140602, 10.484822894262146, 10.51668494930961, 10.524541715035848, 10.49585502688717, 10.650154213675094, 10.583082767502933, 10.230020435705635, 9.918863237274595, 9.702172685365548, 9.679480099505446, 7.584962500721156, 10.259743263690781, 10.308339030139408, 10.324180546618742], [10.095397022792557, 9.658211482751796, 9.283088353024002, 8.668884984266247, 7.912889336229962, 7.7481928495894605, 8.219168520462162, 9.287712379549449, 9.967226258835993, 10.329796338220701, 10.484822894262146, 10.586839787961827, 10.5401280385821, 10.654636028527968, 10.747353829478062, 10.564149489985732, 10.318542809702723, 10.029287226968245, 9.807354922057604, 10.147204924942228, 10.40832974076739, 10.285402218862249, 10.430452551665532, 10.39231742277876], [9.980139577639157, 9.531381460516313, 9.095397022792557, 8.731319031025064, 7.936637939002571, 7.562242424221073, 8.228818690495881, 9.131856960608793, 10.026523442519766, 10.294620748891628, 10.536247215688128, 10.561287945164828, 10.375039431346925, 10.599912842187127, 10.62844554013718, 10.489847960439297, 10.070120944476823, 9.622051819456376, 8.885696373339396, 9.405141463136344, 10.224001674198105, 10.335390354693924, 10.512740462803498, 10.443979542601253], [10.045759661382682, 9.862637357558794, 9.614709844115207, 8.83605035505807, 8.335390354693924, 7.857980995127572, 8.266786540694902, 8.968666793195208, 9.485829308701904, 9.936637939002571, 10.225207436943503, 10.369597346278677, 10.234817431117325, 10.32755264408124, 10.243173983472952, 10.144658242831882, 9.89178370321831, 10.076815597050832, 9.69522829149575, 9.977279923499916, 10.34318571544788, 10.276124405274238, 10.27029532647204, 10.294620748891628], [9.945443836377912, 9.746514321138463, 9.312882955284355, 8.927777962082342, 8.129283016944967, 7.900866807980749, 8.066089190457772, 8.118941072723507, 9.276124405274238, 9.447083226209653, 9.722807531169547, 10.029287226968245, 10.256208688527387, 10.199672344836364, 10.243173983472952, 10.30720080914081, 9.949826710759112, 9.967226258835993, 9.727920454563199, 9.991521846075695, 10.61378946447258, 10.59898297103609, 10.581200581924957, 10.369597346278677]]}