{"min": 0, "max": 11.791569912126878, "pieData": [[7.426264754702098, 6.491853096329675, 6.066089190457772, 5.643856189774724, 4.857980995127572, 5.285402218862249, 7.199672344836364, 7.906890595608519, 7.303780748177103, 7.807354922057604, 7.839203788096944, 7.794415866350106, 7.794415866350106, 7.888743248898259, 8.174925682500678, 8.113742166049189, 8.049848549450562, 7.851749041416058, 7.800899899920305, 6.672425341971495, 7.554588851677638, 8.011227255423254, 8.005624549193879, 8.016808287686555], [7.651051691178928, 7.108524456778169, 6.539158811108031, 5.906890595608519, 4.807354922057604, 5.169925001442312, 6.554588851677638, 7.714245517666122, 8.055282435501189, 8.022367813028454, 7.807354922057604, 8.124121311829187, 7.592457037268081, 8.087462841250339, 8.271463027904375, 8.174925682500678, 8.129283016944967, 7.954196310386875, 8.022367813028454, 8.022367813028454, 8.285402218862249, 8.159871336778389, 8.103287808412022, 7.906890595608519], [7.339850002884624, 6.78135971352466, 6.392317422778761, 5.087462841250339, 5.129283016944966, 5.523561956057013, 6.672425341971495, 7.727920454563199, 7.794415866350106, 8.038918989292302, 7.851749041416058, 7.936637939002571, 7.851749041416058, 7.7414669864011465, 7.768184324776926, 7.894817763307944, 8.076815597050832, 7.882643049361842, 7.622051819456376, 7.768184324776926, 5.247927513443585, 8.076815597050832, 7.870364719583405, 7.614709844115208], [7.294620748891627, 6.870364719583405, 6.285402218862249, 5.614709844115208, 4.643856189774724, 4.906890595608519, 6.442943495848728, 7.894817763307944, 7.7481928495894605, 7.857980995127572, 7.906890595608519, 7.787902559391432, 7.7481928495894605, 7.651051691178928, 7.870364719583405, 7.918863237274595, 8.011227255423254, 7.888743248898259, 7.592457037268081, 7.734709620225838, 7.86418614465428, 8.044394119358454, 7.948367231584678, 7.7615512324444795], [7.339850002884624, 6.78135971352466, 6.475733430966398, 5.491853096329675, 5.554588851677638, 5.169925001442312, 6.266786540694901, 7.768184324776926, 7.400879436282184, 8.159871336778389, 7.7615512324444795, 7.679480099505446, 7.531381460516312, 7.734709620225838, 7.965784284662087, 7.954196310386875, 8.087462841250339, 7.906890595608519, 7.6293566200796095, 7.912889336229962, 8.129283016944967, 8.08214904135387, 8.189824558880018, 7.906890595608519], [7.754887502163468, 7.426264754702098, 7.0, 6.189824558880018, 5.426264754702098, 5.357552004618084, 6.409390936137702, 7.257387842692652, 7.807354922057604, 7.491853096329675, 7.7414669864011465, 7.794415866350106, 7.721099188707186, 7.768184324776926, 7.622051819456376, 7.727920454563199, 7.800899899920305, 7.768184324776926, 7.774787059601174, 7.569855608330948, 7.434628227636725, 7.599912842187128, 7.651051691178928, 7.679480099505446], [7.523561956057013, 6.94251450533924, 6.6865005271832185, 5.832890014164741, 5.044394119358453, 4.906890595608519, 6.087462841250339, 6.554588851677638, 7.20945336562895, 7.149747119504682, 7.199672344836364, 7.409390936137702, 7.6653359171851765, 7.672425341971495, 7.679480099505446, 7.800899899920305, 7.787902559391432, 7.7615512324444795, 7.679480099505446, 7.7073591320808825, 7.768184324776926, 7.768184324776926, 7.888743248898259, 7.599912842187128]]}