{"min": 0, "max": 11.791569912126878, "pieData": [[6.149747119504682, 5.459431618637297, 5.129283016944966, 4.247927513443585, 4.584962500721156, 5.044394119358453, 6.643856189774724, 7.330916878114617, 8.379378367071261, 8.361943773735241, 7.845490050944376, 7.754887502163468, 7.857980995127572, 7.92481250360578, 7.826548487290915, 8.011227255423254, 7.9600019320680815, 7.870364719583405, 7.523561956057013, 6.303780748177103, 7.022367813028454, 7.312882955284356, 7.417852514885898, 7.169925001442312], [6.321928094887363, 5.930737337562887, 5.523561956057013, 4.954196310386875, 4.459431618637297, 5.672425341971495, 6.459431618637297, 7.392317422778761, 8.103287808412022, 8.266786540694902, 8.164906926675688, 7.930737337562887, 7.807354922057604, 7.857980995127572, 8.144658242831882, 7.918863237274595, 7.832890014164741, 8.038918989292302, 7.754887502163468, 7.876516946564999, 7.383704292474052, 7.554588851677638, 7.118941072723508, 7.044394119358453], [6.554588851677638, 5.882643049361842, 4.857980995127572, 4.807354922057604, 3.4594316186372973, 5.0, 6.22881869049588, 6.954196310386875, 8.038918989292302, 8.049848549450562, 7.912889336229962, 7.807354922057604, 7.965784284662087, 7.7073591320808825, 7.906890595608519, 7.930737337562887, 7.800899899920305, 7.918863237274595, 7.400879436282184, 7.475733430966398, 5.321928094887363, 7.149747119504682, 7.321928094887363, 6.794415866350106], [6.554588851677638, 5.930737337562887, 4.857980995127572, 4.392317422778761, 4.0, 4.906890595608519, 6.189824558880018, 6.870364719583405, 8.038918989292302, 8.113742166049189, 7.9600019320680815, 7.870364719583405, 7.6865005271832185, 7.832890014164741, 8.027905996569885, 8.049848549450562, 7.7615512324444795, 7.948367231584678, 7.734709620225838, 7.734709620225838, 7.491853096329675, 7.392317422778761, 7.442943495848728, 7.011227255423254], [6.285402218862249, 5.807354922057604, 5.0, 4.392317422778761, 4.392317422778761, 4.807354922057604, 6.426264754702098, 7.2761244052742375, 8.174925682500678, 8.214319120800766, 8.108524456778168, 7.918863237274595, 7.622051819456376, 7.832890014164741, 8.199672344836364, 7.734709620225838, 8.055282435501189, 7.9600019320680815, 7.426264754702098, 7.515699838284043, 7.900866807980749, 7.483815777264256, 7.622051819456376, 7.247927513443585], [6.754887502163468, 6.507794640198696, 5.672425341971495, 5.044394119358453, 4.643856189774724, 5.459431618637297, 6.3750394313469245, 7.339850002884624, 7.507794640198696, 7.400879436282184, 7.3750394313469245, 7.339850002884624, 7.321928094887363, 7.339850002884624, 7.3750394313469245, 7.330916878114617, 7.189824558880018, 7.247927513443585, 7.523561956057013, 7.409390936137702, 6.9886846867721655, 7.03342300153745, 7.03342300153745, 6.714245517666122], [6.507794640198696, 6.066089190457772, 5.614709844115208, 4.857980995127572, 4.392317422778761, 4.954196310386875, 5.930737337562887, 6.491853096329675, 6.94251450533924, 7.189824558880018, 6.882643049361842, 7.303780748177103, 7.108524456778169, 7.366322214245816, 7.219168520462161, 7.442943495848728, 7.459431618637297, 7.366322214245816, 7.321928094887363, 7.426264754702098, 7.531381460516312, 7.357552004618084, 6.714245517666122, 6.475733430966398]]}