{"min": 0, "max": 11.791569912126878, "pieData": [[8.194756854422248, 8.005624549193879, 7.400879436282184, 6.857980995127572, 6.285402218862249, 6.658211482751795, 7.754887502163468, 8.59618975614441, 9.047123912114026, 9.501837184902296, 8.980139577639157, 8.927777962082342, 8.686500527183219, 8.83605035505807, 8.98584193700334, 8.960001932068081, 9.014020470314934, 8.897845456005511, 8.96289600533726, 8.066089190457772, 8.459431618637296, 9.283088353024002, 9.283088353024002, 9.03342300153745], [8.569855608330947, 7.936637939002571, 7.832890014164741, 7.434628227636725, 6.6293566200796095, 6.475733430966398, 7.643856189774724, 8.665335917185176, 9.174925682500678, 9.59245703726808, 9.111135670234708, 8.820178962415188, 8.741466986401146, 9.055282435501189, 8.980139577639157, 9.147204924942228, 9.019590728357882, 8.839203788096944, 8.994353436858859, 9.25502856981873, 9.257387842692651, 9.079484783826816, 9.20945336562895, 8.918863237274595], [8.515699838284043, 8.022367813028454, 7.714245517666122, 7.076815597050831, 6.6293566200796095, 6.409390936137702, 7.614709844115208, 8.527477006060396, 9.243173983472952, 9.194756854422248, 8.787902559391432, 8.584962500721156, 8.632995197142957, 8.611024797307353, 8.807354922057604, 8.88264304936184, 8.727920454563199, 8.784634845557521, 8.823367240046235, 8.894817763307943, 6.491853096329675, 8.851749041416058, 8.945443836377912, 8.696967526234287], [8.50382573799575, 7.832890014164741, 7.727920454563199, 7.20945336562895, 6.820178962415188, 6.303780748177103, 7.491853096329675, 8.546894459887637, 9.266786540694902, 9.434628227636725, 8.965784284662087, 8.754887502163468, 8.573647187493322, 8.665335917185176, 8.900866807980748, 8.839203788096944, 8.707359132080883, 8.754887502163468, 8.991521846075695, 9.129283016944967, 9.016808287686555, 9.100662339005199, 9.108524456778168, 8.98299357469431], [8.717676423066397, 8.169925001442312, 7.86418614465428, 7.189824558880018, 6.459431618637297, 6.459431618637297, 7.546894459887636, 8.471675214392045, 9.394462694610317, 9.517669388133811, 8.912889336229961, 8.78135971352466, 8.665335917185176, 8.79766152585376, 8.791162888555018, 8.848622940429339, 8.829722735086058, 9.016808287686555, 8.915879378835774, 9.346513733165635, 9.116343961237469, 9.071462362556623, 9.262094845370179, 9.164906926675688], [8.693486957499324, 8.426264754702098, 8.0, 7.592457037268081, 6.94251450533924, 6.7414669864011465, 7.442943495848728, 8.43879185257826, 8.89178370321831, 8.57742882803575, 8.57742882803575, 8.451211111832329, 8.507794640198696, 8.59618975614441, 8.566054038171092, 8.459431618637296, 8.569855608330947, 8.471675214392045, 8.851749041416058, 8.72451385311995, 8.744833837499545, 8.758223214726724, 8.900866807980748, 8.867278739709661], [8.714245517666123, 8.491853096329674, 8.164906926675688, 7.592457037268081, 7.169925001442312, 6.491853096329675, 7.129283016944966, 7.857980995127572, 7.977279923499917, 8.247927513443585, 8.164906926675688, 8.426264754702098, 8.379378367071261, 8.451211111832329, 8.515699838284043, 8.543031820255237, 8.238404739325079, 8.519636252843213, 8.672425341971495, 8.813781191217037, 9.03342300153745, 9.074141462752506, 8.842350343413807, 8.714245517666123]]}