{"min": 0, "max": 11.791569912126878, "pieData": [[8.569855608330947, 8.005624549193879, 7.426264754702098, 6.78135971352466, 6.087462841250339, 6.442943495848728, 7.965784284662087, 9.192292814470767, 9.749869427396844, 9.893301530860564, 9.475733430966399, 9.319672120946995, 9.342074667999139, 9.515699838284043, 9.372865060112588, 9.45532722030456, 9.375039431346925, 9.310612781659529, 9.44086916761087, 8.562242424221072, 9.147204924942228, 9.786269627648466, 9.72451385311995, 9.390168956200183], [8.761551232444479, 8.326429487122303, 7.693486957499325, 7.266786540694901, 6.7414669864011465, 6.3750394313469245, 7.912889336229962, 9.278449458220482, 9.90388184573618, 9.954196310386875, 9.519636252843213, 9.405141463136344, 9.326429487122303, 9.426264754702098, 9.411510988012072, 9.49585502688717, 9.442943495848729, 9.419960177847889, 9.383704292474052, 9.884170519108435, 9.689997971419446, 9.761551232444479, 9.702172685365548, 9.147204924942228], [8.731319031025064, 8.087462841250339, 7.383704292474052, 6.9886846867721655, 6.794415866350106, 6.285402218862249, 7.727920454563199, 9.100662339005199, 9.632995197142957, 9.599912842187127, 9.154818109052105, 9.221587121264806, 9.121533517340032, 9.177419537989236, 9.413627929024173, 9.366322214245816, 9.361943773735241, 9.164906926675688, 9.368506461507693, 9.29920801838728, 6.965784284662087, 9.634811050171718, 9.471675214392045, 8.994353436858859], [8.761551232444479, 8.139551352398794, 7.948367231584678, 7.159871336778389, 6.569855608330948, 6.303780748177103, 7.491853096329675, 9.00842862207058, 9.832890014164741, 9.843921051289035, 9.370687406807217, 9.219168520462162, 9.172427508645482, 9.405141463136344, 9.342074667999139, 9.481799431665753, 9.271463027904375, 9.38586240064146, 9.487840033823051, 9.682994583681683, 9.65284497300198, 9.620219825507487, 9.63662462054365, 9.280770770130603], [8.804131021183318, 8.434628227636725, 7.948367231584678, 7.149747119504682, 6.584962500721156, 6.491853096329675, 7.569855608330948, 9.207014320177532, 9.86573327085176, 9.734709620225837, 9.428360172704291, 9.400879436282183, 9.172427508645482, 9.159871336778389, 9.473705749619416, 9.355351096424812, 9.3151495622563, 9.330916878114618, 9.283088353024002, 9.915879378835774, 9.733015321685963, 9.691743519171276, 9.714245517666123, 9.381542951184585], [8.971543553950772, 8.658211482751796, 8.519636252843213, 7.894817763307944, 7.108524456778169, 6.882643049361842, 7.754887502163468, 8.413627929024173, 9.134426320220927, 9.207014320177532, 9.124121311829187, 9.149747119504681, 9.13699111208023, 9.179909090014934, 9.174925682500678, 9.044394119358454, 9.134426320220927, 9.240791332161956, 9.174925682500678, 9.214319120800766, 9.344295907915816, 9.49585502688717, 9.372865060112588, 9.111135670234708], [9.011227255423254, 8.689997971419446, 8.409390936137703, 7.383704292474052, 7.108524456778169, 6.285402218862249, 7.2761244052742375, 7.794415866350106, 8.885696373339396, 8.86418614465428, 8.912889336229961, 8.845490050944376, 9.247927513443585, 9.184875342908283, 9.189824558880018, 9.019590728357882, 9.00842862207058, 9.214319120800766, 9.3151495622563, 9.5980525001616, 9.638435913990472, 9.705632387361415, 9.57742882803575, 9.074141462752506]]}