{"min": 0, "max": 11.791569912126878, "pieData": [[9.310612781659529, 8.92184093707449, 8.46352437327118, 8.038918989292302, 7.523561956057013, 7.546894459887636, 8.417852514885897, 9.638435913990472, 10.521600439723727, 10.952013164889486, 10.569855608330947, 10.405141463136344, 10.43149760425805, 10.40832974076739, 10.184875342908283, 9.984418458801137, 9.689997971419446, 9.634811050171718, 9.709083812550343, 8.848622940429339, 9.204571144249204, 10.16867211813223, 10.124121311829187, 9.893301530860564], [9.41574176829009, 9.124121311829187, 8.791162888555018, 8.49585502688717, 8.247927513443585, 8.129283016944967, 8.546894459887637, 9.479780264029099, 10.5401280385821, 10.62662165235837, 10.308339030139408, 10.30720080914081, 10.044394119358454, 10.096715154488535, 9.871905237659186, 9.874981347653774, 9.768184324776927, 9.552669097514272, 9.57553924683453, 10.121533517340032, 9.829722735086058, 10.014020470314934, 10.014020470314934, 9.729620743553038], [9.364134655008051, 9.174925682500678, 8.67595703294175, 7.9886846867721655, 7.60733031374961, 7.348728154231077, 8.247927513443585, 9.238404739325079, 10.011227255423254, 9.80896417491926, 9.588714635582264, 9.60177078840771, 9.558420713268664, 9.627533884472792, 9.799281621521923, 9.802516365121223, 9.543031820255237, 9.581200581924957, 9.61654884377899, 9.78135971352466, 7.118941072723508, 9.776433032444732, 9.779719355143405, 9.665335917185176], [9.507794640198696, 9.14210705730255, 8.79766152585376, 8.308339030139408, 7.614709844115208, 7.523561956057013, 8.29920801838728, 9.319672120946995, 10.13699111208023, 10.00982861736811, 9.754887502163468, 9.667111542075027, 9.521600439723727, 9.72451385311995, 9.784634845557521, 9.753216749178955, 9.654636028527968, 9.556506054671928, 9.794415866350105, 9.98584193700334, 9.935165049603695, 9.975847968006784, 9.997179480937621, 9.923327485419192], [9.64565843240871, 9.407267764244732, 9.016808287686555, 8.515699838284043, 7.92481250360578, 7.554588851677638, 8.159871336778389, 9.169925001442312, 10.125413470483315, 9.754887502163468, 9.659995892429977, 9.665335917185176, 9.594324603924848, 9.753216749178955, 9.722807531169547, 9.560332834212442, 9.457380879072534, 9.394462694610317, 9.643856189774725, 10.149747119504681, 9.933690654952233, 9.823367240046235, 9.958552715431011, 9.820178962415188], [9.544964432789238, 9.30149619498255, 9.103287808412022, 8.83605035505807, 8.194756854422248, 7.9600019320680815, 8.087462841250339, 8.686500527183219, 9.377210530388552, 9.453270634010623, 9.426264754702098, 9.552669097514272, 9.337621901992508, 9.605479518061669, 9.560332834212442, 9.471675214392045, 9.49585502688717, 9.583082767502933, 9.741466986401146, 9.744833837499545, 9.61654884377899, 9.840777923595054, 9.859534786382653, 9.709083812550343], [9.509775004326936, 9.271463027904375, 9.13699111208023, 8.62935662007961, 8.271463027904375, 7.700439718141093, 7.86418614465428, 8.430452551665532, 9.874981347653774, 9.832890014164741, 9.583082767502933, 9.663558104217273, 9.79766152585376, 9.861086905995395, 9.821773981970567, 9.715961990255144, 9.379378367071261, 9.566054038171092, 9.603626344986193, 9.896332403909941, 10.06339508128851, 10.025139562278508, 10.00982861736811, 9.878050912728536]]}