{"min": 0, "max": 11.791569912126878, "pieData": [[8.535275376620802, 8.049848549450562, 7.672425341971495, 6.870364719583405, 6.392317422778761, 6.409390936137702, 7.467605550082998, 8.271463027904375, 8.20945336562895, 8.76487159073609, 9.027905996569885, 9.12670447284319, 9.08214904135387, 9.118941072723507, 9.375039431346925, 9.346513733165635, 9.221587121264806, 9.252665432450248, 8.968666793195208, 7.7481928495894605, 8.507794640198696, 9.52552080909507, 9.283088353024002, 9.076815597050832], [8.700439718141093, 8.388017285345136, 7.857980995127572, 7.20945336562895, 6.807354922057604, 6.507794640198696, 7.409390936137702, 8.614709844115207, 8.74819284958946, 9.162391328756906, 9.074141462752506, 9.164906926675688, 8.945443836377912, 9.076815597050832, 9.312882955284355, 9.259743263690781, 9.172427508645482, 8.948367231584678, 8.86418614465428, 9.090112419664289, 9.283088353024002, 9.355351096424812, 9.276124405274238, 8.94251450533924], [8.573647187493322, 8.290018846932618, 7.78135971352466, 7.129283016944966, 6.459431618637297, 6.20945336562895, 7.149747119504682, 8.475733430966399, 8.618385502258606, 9.079484783826816, 8.894817763307943, 8.912889336229961, 8.885696373339396, 8.90388184573618, 9.052568050804153, 9.019590728357882, 8.787902559391432, 8.857980995127573, 8.467605550082997, 8.73809225962049, 6.108524456778169, 9.247927513443585, 8.888743248898258, 8.813781191217037], [8.751544059089099, 8.113742166049189, 7.794415866350106, 7.294620748891627, 6.409390936137702, 6.189824558880018, 7.118941072723508, 8.417852514885897, 8.59618975614441, 9.172427508645482, 9.014020470314934, 8.918863237274595, 8.774787059601174, 8.927777962082342, 9.014020470314934, 9.022367813028454, 9.111135670234708, 8.968666793195208, 8.658211482751796, 8.857980995127573, 9.179909090014934, 9.116343961237469, 9.192292814470767, 8.876516946565], [8.807354922057604, 8.335390354693924, 7.876516946564999, 7.330916878114617, 6.459431618637297, 5.754887502163468, 6.965784284662087, 8.491853096329674, 8.622051819456376, 9.121533517340032, 9.118941072723507, 8.933690654952233, 8.906890595608518, 9.025139562278508, 9.14210705730255, 9.308339030139408, 9.066089190457772, 8.930737337562887, 8.422064766172813, 8.826548487290914, 9.294620748891628, 9.515699838284043, 9.400879436282183, 9.271463027904375], [9.057991722759176, 8.7714894695006, 8.43879185257826, 7.794415866350106, 6.832890014164741, 6.507794640198696, 7.400879436282184, 8.447083226209653, 8.857980995127573, 8.988684686772165, 9.019590728357882, 9.038918989292302, 8.936637939002571, 8.900866807980748, 8.832890014164741, 8.867278739709661, 8.78135971352466, 8.994353436858859, 8.654636028527968, 8.909893083770042, 8.90388184573618, 8.945443836377912, 9.002815015607053, 8.971543553950772], [8.791162888555018, 8.276124405274238, 8.076815597050832, 7.442943495848728, 6.807354922057604, 5.643856189774724, 6.539158811108031, 7.774787059601174, 8.303780748177102, 8.499845887083206, 8.734709620225837, 8.700439718141093, 8.64745842645492, 8.951284714966972, 8.7714894695006, 8.936637939002571, 8.861086905995395, 9.0, 8.98584193700334, 8.912889336229961, 9.124121311829187, 9.159871336778389, 9.12670447284319, 8.603626344986193]]}