{"min": 0, "max": 11.791569912126878, "pieData": [[5.754887502163468, 4.700439718141093, 3.700439718141092, 3.807354922057604, 3.169925001442312, 2.807354922057604, 5.357552004618084, 6.523561956057013, 7.357552004618084, 7.3750394313469245, 6.658211482751795, 6.614709844115208, 6.727920454563199, 6.832890014164741, 7.0, 7.266786540694901, 6.614709844115208, 7.087462841250339, 7.098032082960526, 5.426264754702098, 6.554588851677638, 7.285402218862249, 7.22881869049588, 6.523561956057013], [6.129283016944966, 5.426264754702098, 4.247927513443585, 4.0, 3.0, 2.321928094887362, 4.584962500721156, 6.426264754702098, 7.294620748891627, 7.3750394313469245, 7.189824558880018, 7.05528243550119, 6.523561956057013, 6.78135971352466, 7.219168520462161, 7.05528243550119, 6.820178962415188, 7.0, 6.6293566200796095, 7.169925001442312, 7.0, 7.285402218862249, 6.700439718141093, 6.7414669864011465], [5.700439718141093, 5.0, 4.392317422778761, 3.700439718141092, 3.169925001442312, 2.807354922057604, 4.754887502163468, 6.442943495848728, 6.977279923499917, 7.257387842692652, 6.977279923499917, 6.857980995127572, 7.108524456778169, 6.78135971352466, 7.189824558880018, 6.930737337562887, 6.870364719583405, 7.159871336778389, 7.098032082960526, 7.076815597050831, 4.754887502163468, 6.820178962415188, 7.348728154231077, 6.700439718141093], [5.700439718141093, 5.392317422778761, 4.807354922057604, 3.0, 2.321928094887362, 3.0, 3.700439718141092, 6.129283016944966, 7.483815777264256, 7.330916878114617, 6.794415866350106, 6.727920454563199, 6.599912842187128, 6.491853096329675, 6.845490050944376, 6.9886846867721655, 6.954196310386875, 7.011227255423254, 6.906890595608519, 7.05528243550119, 6.807354922057604, 6.94251450533924, 6.754887502163468, 6.658211482751795], [6.066089190457772, 5.392317422778761, 4.169925001442312, 4.584962500721156, 3.321928094887362, 2.0, 4.700439718141093, 6.149747119504682, 7.321928094887363, 7.426264754702098, 6.94251450533924, 6.459431618637297, 6.94251450533924, 6.930737337562887, 7.044394119358453, 6.700439718141093, 6.658211482751795, 6.857980995127572, 7.20945336562895, 6.857980995127572, 6.977279923499917, 7.257387842692652, 6.9886846867721655, 6.832890014164741], [6.339850002884624, 5.584962500721156, 4.700439718141093, 4.247927513443585, 3.321928094887362, 3.4594316186372973, 5.0, 5.930737337562887, 7.483815777264256, 7.098032082960526, 6.569855608330948, 6.977279923499917, 6.807354922057604, 6.554588851677638, 6.584962500721156, 6.599912842187128, 6.22881869049588, 6.507794640198696, 6.554588851677638, 6.409390936137702, 6.523561956057013, 6.614709844115208, 6.6293566200796095, 6.491853096329675], [6.321928094887363, 5.727920454563199, 4.523561956057013, 4.0, 3.700439718141092, 2.807354922057604, 4.906890595608519, 5.357552004618084, 6.442943495848728, 5.754887502163468, 6.426264754702098, 6.20945336562895, 6.20945336562895, 6.507794640198696, 6.22881869049588, 6.321928094887363, 6.357552004618084, 6.149747119504682, 6.321928094887363, 6.554588851677638, 6.491853096329675, 6.554588851677638, 6.475733430966398, 6.357552004618084]]}