{"min": 0, "max": 11.791569912126878, "pieData": [[5.169925001442312, 4.643856189774724, 3.9068905956085187, 3.584962500721156, 1.584962500721156, 3.0, 4.954196310386875, 4.643856189774724, 6.0, 6.022367813028454, 6.044394119358453, 5.832890014164741, 5.906890595608519, 6.087462841250339, 6.189824558880018, 6.266786540694901, 6.066089190457772, 6.022367813028454, 5.857980995127572, 4.700439718141093, 5.129283016944966, 6.459431618637297, 6.22881869049588, 6.22881869049588], [5.523561956057013, 5.247927513443585, 3.700439718141092, 2.807354922057604, 2.584962500721156, 2.807354922057604, 3.321928094887362, 5.20945336562895, 6.066089190457772, 6.285402218862249, 6.459431618637297, 5.832890014164741, 5.672425341971495, 6.189824558880018, 6.266786540694901, 6.108524456778169, 5.584962500721156, 5.857980995127572, 6.087462841250339, 6.066089190457772, 5.930737337562887, 6.044394119358453, 6.357552004618084, 5.882643049361842], [5.20945336562895, 4.584962500721156, 2.807354922057604, 1.584962500721156, 2.0, 2.321928094887362, 3.0, 4.643856189774724, 5.78135971352466, 6.108524456778169, 5.882643049361842, 6.087462841250339, 5.930737337562887, 5.807354922057604, 5.977279923499917, 6.022367813028454, 5.977279923499917, 6.087462841250339, 6.129283016944966, 5.857980995127572, 3.584962500721156, 6.357552004618084, 6.022367813028454, 5.643856189774724], [5.584962500721156, 4.0, 3.9068905956085187, 3.9068905956085187, 2.0, 1.584962500721156, 3.9068905956085187, 4.857980995127572, 5.832890014164741, 6.339850002884624, 5.930737337562887, 5.906890595608519, 5.930737337562887, 6.247927513443585, 6.285402218862249, 5.857980995127572, 6.189824558880018, 6.108524456778169, 5.954196310386875, 6.022367813028454, 6.321928094887363, 6.044394119358453, 6.285402218862249, 6.087462841250339], [5.700439718141093, 5.285402218862249, 4.247927513443585, 3.807354922057604, 2.584962500721156, 2.321928094887362, 4.321928094887363, 5.129283016944966, 5.977279923499917, 5.832890014164741, 5.857980995127572, 6.066089190457772, 5.614709844115208, 6.266786540694901, 6.569855608330948, 6.339850002884624, 5.727920454563199, 5.906890595608519, 5.584962500721156, 5.20945336562895, 5.700439718141093, 6.149747119504682, 5.882643049361842, 6.087462841250339], [4.954196310386875, 4.754887502163468, 4.523561956057013, 2.584962500721156, 2.0, 2.321928094887362, 3.807354922057604, 4.954196310386875, 5.78135971352466, 5.807354922057604, 5.882643049361842, 6.022367813028454, 5.357552004618084, 5.392317422778761, 5.523561956057013, 5.954196310386875, 5.643856189774724, 6.22881869049588, 5.954196310386875, 5.087462841250339, 5.523561956057013, 6.0, 6.129283016944966, 5.78135971352466], [5.247927513443585, 4.906890595608519, 4.0, 2.807354922057604, 2.584962500721156, 1.0, 3.0, 4.643856189774724, 5.321928094887363, 4.954196310386875, 5.672425341971495, 5.906890595608519, 5.832890014164741, 5.584962500721156, 5.977279923499917, 5.754887502163468, 5.459431618637297, 5.491853096329675, 6.044394119358453, 5.321928094887363, 6.066089190457772, 5.643856189774724, 5.426264754702098, 5.554588851677638]]}