{"min": 0, "max": 11.791569912126878, "pieData": [[6.0, 4.392317422778761, 4.247927513443585, 3.321928094887362, 3.0, 3.169925001442312, 4.954196310386875, 6.087462841250339, 7.348728154231077, 7.321928094887363, 7.285402218862249, 7.129283016944966, 6.672425341971495, 6.894817763307944, 7.044394119358453, 7.312882955284356, 6.9886846867721655, 7.285402218862249, 7.098032082960526, 5.857980995127572, 6.108524456778169, 6.614709844115208, 6.554588851677638, 6.614709844115208], [5.491853096329675, 5.044394119358453, 4.459431618637297, 4.0, 2.584962500721156, 3.4594316186372973, 4.169925001442312, 5.977279923499917, 7.539158811108031, 7.129283016944966, 7.149747119504682, 6.94251450533924, 6.727920454563199, 6.906890595608519, 6.977279923499917, 7.434628227636725, 7.22881869049588, 7.098032082960526, 6.965784284662087, 6.700439718141093, 6.569855608330948, 6.9886846867721655, 6.6865005271832185, 6.321928094887363], [5.614709844115208, 4.906890595608519, 4.700439718141093, 3.0, 2.584962500721156, 2.321928094887362, 4.169925001442312, 5.584962500721156, 7.366322214245816, 6.845490050944376, 6.882643049361842, 7.076815597050831, 6.459431618637297, 6.491853096329675, 6.857980995127572, 7.011227255423254, 6.94251450533924, 7.087462841250339, 6.94251450533924, 6.523561956057013, 4.169925001442312, 6.584962500721156, 6.459431618637297, 5.930737337562887], [6.0, 5.20945336562895, 4.906890595608519, 4.0, 3.584962500721156, 3.584962500721156, 4.459431618637297, 6.022367813028454, 7.22881869049588, 7.22881869049588, 6.754887502163468, 6.807354922057604, 6.409390936137702, 6.965784284662087, 7.011227255423254, 6.794415866350106, 6.832890014164741, 7.098032082960526, 6.94251450533924, 6.6865005271832185, 6.643856189774724, 6.426264754702098, 6.339850002884624, 6.459431618637297], [6.169925001442312, 4.857980995127572, 4.754887502163468, 3.0, 3.584962500721156, 3.169925001442312, 4.169925001442312, 5.882643049361842, 7.247927513443585, 7.189824558880018, 7.0, 7.098032082960526, 6.658211482751795, 6.977279923499917, 7.0, 6.882643049361842, 6.6865005271832185, 6.977279923499917, 6.930737337562887, 6.357552004618084, 6.189824558880018, 6.906890595608519, 6.339850002884624, 6.087462841250339], [5.930737337562887, 5.321928094887363, 4.643856189774724, 4.643856189774724, 3.4594316186372973, 3.321928094887362, 4.087462841250339, 5.554588851677638, 6.658211482751795, 6.672425341971495, 6.794415866350106, 6.672425341971495, 6.459431618637297, 6.3750394313469245, 6.569855608330948, 6.539158811108031, 6.727920454563199, 6.768184324776926, 6.507794640198696, 6.044394119358453, 6.022367813028454, 5.906890595608519, 6.247927513443585, 6.022367813028454], [5.727920454563199, 4.906890595608519, 4.523561956057013, 3.807354922057604, 3.700439718141092, 3.0, 3.584962500721156, 5.321928094887363, 6.189824558880018, 6.357552004618084, 6.658211482751795, 6.977279923499917, 6.727920454563199, 6.894817763307944, 7.294620748891627, 6.9886846867721655, 7.169925001442312, 6.857980995127572, 6.539158811108031, 6.339850002884624, 6.569855608330948, 6.643856189774724, 6.392317422778761, 5.857980995127572]]}