{"min": 0, "max": 11.791569912126878, "pieData": [[5.614709844115208, 4.459431618637297, 4.392317422778761, 3.807354922057604, 2.584962500721156, 3.321928094887362, 4.700439718141093, 6.6293566200796095, 6.22881869049588, 6.614709844115208, 6.357552004618084, 6.022367813028454, 6.285402218862249, 6.672425341971495, 6.539158811108031, 6.475733430966398, 6.523561956057013, 6.7414669864011465, 6.672425341971495, 4.954196310386875, 6.169925001442312, 7.348728154231077, 6.658211482751795, 6.539158811108031], [5.857980995127572, 5.285402218862249, 4.643856189774724, 3.9068905956085187, 2.584962500721156, 3.584962500721156, 4.523561956057013, 6.339850002884624, 6.539158811108031, 6.78135971352466, 6.285402218862249, 6.426264754702098, 6.285402218862249, 6.491853096329675, 6.7414669864011465, 6.554588851677638, 6.303780748177103, 6.700439718141093, 6.700439718141093, 6.857980995127572, 6.894817763307944, 7.066089190457772, 6.906890595608519, 5.954196310386875], [5.672425341971495, 4.954196310386875, 4.392317422778761, 3.700439718141092, 2.807354922057604, 2.584962500721156, 4.247927513443585, 6.087462841250339, 6.392317422778761, 6.700439718141093, 6.022367813028454, 6.754887502163468, 6.129283016944966, 6.409390936137702, 6.569855608330948, 6.658211482751795, 6.129283016944966, 6.584962500721156, 6.426264754702098, 6.22881869049588, 4.247927513443585, 6.857980995127572, 6.857980995127572, 5.954196310386875], [5.754887502163468, 4.700439718141093, 4.459431618637297, 4.169925001442312, 3.4594316186372973, 2.807354922057604, 4.807354922057604, 6.459431618637297, 6.700439718141093, 6.930737337562887, 6.614709844115208, 6.247927513443585, 6.22881869049588, 6.247927513443585, 6.285402218862249, 6.247927513443585, 6.266786540694901, 6.475733430966398, 6.539158811108031, 6.6293566200796095, 7.022367813028454, 6.78135971352466, 6.6293566200796095, 6.22881869049588], [5.954196310386875, 5.672425341971495, 4.643856189774724, 3.321928094887362, 3.4594316186372973, 3.4594316186372973, 4.459431618637297, 6.3750394313469245, 6.475733430966398, 6.845490050944376, 6.584962500721156, 6.569855608330948, 6.426264754702098, 6.882643049361842, 6.584962500721156, 6.539158811108031, 6.714245517666122, 6.918863237274595, 6.426264754702098, 6.491853096329675, 6.6865005271832185, 7.159871336778389, 6.918863237274595, 6.285402218862249], [6.108524456778169, 5.727920454563199, 5.285402218862249, 4.754887502163468, 4.087462841250339, 3.584962500721156, 4.584962500721156, 5.20945336562895, 6.321928094887363, 6.409390936137702, 6.882643049361842, 6.643856189774724, 6.584962500721156, 6.108524456778169, 6.523561956057013, 6.044394119358453, 6.569855608330948, 6.523561956057013, 6.426264754702098, 6.539158811108031, 6.247927513443585, 6.6293566200796095, 6.426264754702098, 5.882643049361842], [5.857980995127572, 5.20945336562895, 5.169925001442312, 3.9068905956085187, 3.321928094887362, 3.169925001442312, 4.169925001442312, 6.087462841250339, 5.977279923499917, 5.882643049361842, 6.087462841250339, 5.906890595608519, 6.392317422778761, 6.149747119504682, 6.303780748177103, 6.442943495848728, 6.491853096329675, 6.554588851677638, 6.599912842187128, 6.022367813028454, 6.599912842187128, 6.584962500721156, 6.339850002884624, 5.807354922057604]]}