{"min": 0, "max": 11.791569912126878, "pieData": [[5.357552004618084, 3.700439718141092, 3.4594316186372973, 2.584962500721156, 2.807354922057604, 3.0, 4.523561956057013, 5.882643049361842, 6.768184324776926, 7.294620748891627, 6.087462841250339, 5.906890595608519, 6.303780748177103, 6.491853096329675, 6.584962500721156, 6.392317422778761, 6.20945336562895, 6.066089190457772, 6.266786540694901, 4.087462841250339, 5.930737337562887, 6.357552004618084, 6.569855608330948, 5.954196310386875], [4.906890595608519, 3.9068905956085187, 3.9068905956085187, 2.584962500721156, 3.0, 1.584962500721156, 3.807354922057604, 6.303780748177103, 7.219168520462161, 6.906890595608519, 6.554588851677638, 6.357552004618084, 6.339850002884624, 6.614709844115208, 6.6293566200796095, 6.727920454563199, 6.266786540694901, 6.459431618637297, 6.169925001442312, 6.087462841250339, 6.3750394313469245, 6.169925001442312, 5.727920454563199, 6.149747119504682], [4.954196310386875, 4.700439718141093, 3.700439718141092, 1.0, 1.584962500721156, 1.584962500721156, 4.087462841250339, 5.930737337562887, 7.159871336778389, 7.03342300153745, 6.285402218862249, 6.0, 6.22881869049588, 6.768184324776926, 6.554588851677638, 6.169925001442312, 6.266786540694901, 6.3750394313469245, 5.882643049361842, 6.189824558880018, 3.700439718141092, 6.169925001442312, 6.426264754702098, 5.857980995127572], [4.700439718141093, 4.087462841250339, 3.584962500721156, 2.807354922057604, 1.584962500721156, 3.4594316186372973, 3.807354922057604, 6.303780748177103, 7.139551352398794, 7.219168520462161, 6.672425341971495, 6.129283016944966, 6.169925001442312, 6.442943495848728, 6.584962500721156, 6.303780748177103, 6.442943495848728, 6.614709844115208, 6.3750394313469245, 5.882643049361842, 6.554588851677638, 6.339850002884624, 5.906890595608519, 5.882643049361842], [4.857980995127572, 4.169925001442312, 4.459431618637297, 4.0, 3.321928094887362, 3.0, 4.0, 6.149747119504682, 7.066089190457772, 7.339850002884624, 6.491853096329675, 6.539158811108031, 6.321928094887363, 6.6293566200796095, 6.584962500721156, 6.491853096329675, 6.569855608330948, 6.539158811108031, 5.614709844115208, 5.584962500721156, 6.129283016944966, 6.087462841250339, 6.044394119358453, 6.149747119504682], [5.459431618637297, 4.807354922057604, 4.247927513443585, 3.169925001442312, 2.584962500721156, 3.0, 3.9068905956085187, 5.426264754702098, 7.044394119358453, 6.906890595608519, 6.442943495848728, 5.832890014164741, 5.78135971352466, 5.584962500721156, 5.882643049361842, 5.727920454563199, 5.523561956057013, 6.169925001442312, 5.643856189774724, 5.20945336562895, 5.700439718141093, 5.459431618637297, 5.727920454563199, 5.129283016944966], [4.857980995127572, 4.392317422778761, 4.087462841250339, 2.584962500721156, 2.584962500721156, 2.807354922057604, 3.4594316186372973, 4.459431618637297, 4.700439718141093, 5.643856189774724, 5.584962500721156, 5.906890595608519, 6.0, 5.044394119358453, 5.954196310386875, 5.672425341971495, 5.584962500721156, 5.882643049361842, 6.087462841250339, 5.700439718141093, 5.882643049361842, 5.954196310386875, 6.129283016944966, 4.857980995127572]]}