{"min": 0, "max": 11.791569912126878, "pieData": [[9.94104760634058, 9.709083812550343, 8.933690654952233, 8.625708843064466, 8.022367813028454, 8.651051691178928, 9.294620748891628, 9.914385132155443, 9.870364719583405, 9.905387005018131, 9.893301530860564, 9.813781191217037, 9.603626344986193, 9.756556322524087, 9.59618975614441, 9.479780264029099, 9.355351096424812, 9.243173983472952, 9.221587121264806, 8.08214904135387, 9.184875342908283, 10.025139562278508, 10.080817527608327, 10.16867211813223], [10.053925881531105, 9.861086905995395, 9.149747119504681, 8.820178962415188, 8.43879185257826, 8.405141463136344, 9.152284842306582, 9.627533884472792, 9.861086905995395, 9.879583249612784, 9.715961990255144, 9.703903573444663, 9.665335917185176, 9.791162888555018, 9.63117705570398, 9.544964432789238, 9.517669388133811, 9.505811553919594, 9.271463027904375, 9.939579214314692, 9.905387005018131, 9.977279923499916, 10.130570562805426, 10.14338321398982], [9.906890595608518, 9.614709844115207, 9.071462362556623, 8.689997971419446, 8.189824558880018, 8.257387842692651, 8.851749041416058, 9.491853096329674, 9.758223214726724, 9.734709620225837, 9.571752643503546, 9.491853096329674, 9.51175265376738, 9.622051819456376, 9.556506054671928, 9.485829308701904, 9.337621901992508, 9.481799431665753, 9.172427508645482, 9.405141463136344, 6.918863237274595, 9.77313920671969, 9.78953364497036, 9.965784284662087], [10.12670447284319, 9.870364719583405, 9.152284842306582, 8.804131021183318, 8.326429487122303, 8.285402218862249, 8.826548487290914, 9.67065624911844, 9.850186837645774, 9.778077129535358, 9.546894459887637, 9.546894459887637, 9.491853096329674, 9.623881490013458, 9.61654884377899, 9.453270634010623, 9.3151495622563, 9.310612781659529, 9.407267764244732, 9.751544059089099, 9.832890014164741, 9.90839262077375, 9.960001932068081, 10.095397022792557], [10.281930026955443, 10.118941072723507, 9.67595703294175, 9.098032082960527, 8.622051819456376, 8.569855608330947, 8.672425341971495, 9.296916206879288, 9.491853096329674, 9.50382573799575, 9.453270634010623, 9.4655664048094, 9.4655664048094, 9.659995892429977, 9.74819284958946, 9.459431618637296, 9.236014191900084, 9.262094845370179, 8.909893083770042, 9.405141463136344, 9.862637357558794, 9.915879378835774, 10.159871336778389, 10.172427508645482], [10.052568050804153, 9.927777962082342, 9.519636252843213, 8.968666793195208, 8.523561956057012, 8.405141463136344, 8.57742882803575, 9.084808387804362, 9.264442600226602, 9.405141463136344, 9.453270634010623, 9.471675214392045, 9.4241662888181, 9.372865060112588, 9.422064766172813, 9.390168956200183, 9.3151495622563, 9.287712379549449, 9.30149619498255, 9.622051819456376, 9.715961990255144, 9.861086905995395, 10.03342300153745, 9.987264012072538], [10.100662339005199, 9.911391987843459, 9.489847960439297, 9.060695931687555, 8.640244936222345, 8.491853096329674, 8.339850002884624, 8.734709620225837, 8.997179480937621, 8.960001932068081, 9.216745858195306, 9.29920801838728, 9.375039431346925, 9.350939181546432, 9.535275376620802, 9.499845887083206, 9.348728154231077, 9.308339030139408, 9.4241662888181, 9.705632387361415, 10.12670447284319, 10.210671343785622, 10.388017285345136, 10.3409627642517]]}