{"min": 0, "max": 11.791569912126878, "pieData": [[6.977279923499917, 5.672425341971495, 4.700439718141093, 4.321928094887363, 6.285402218862249, 7.169925001442312, 9.712527000439824, 10.041659151637214, 9.782998208920414, 9.715961990255144, 9.77313920671969, 9.929258408636972, 9.85642552862553, 9.818582177480858, 9.881113960675096, 9.813781191217037, 9.681238411777805, 9.489847960439297, 8.794415866350105, 7.876516946564999, 9.13699111208023, 9.758223214726724, 9.471675214392045, 9.447083226209653], [6.94251450533924, 6.0, 5.044394119358453, 4.584962500721156, 5.392317422778761, 7.285402218862249, 9.46352437327118, 9.744833837499545, 9.663558104217273, 9.83605035505807, 9.663558104217273, 9.854868383260236, 9.905387005018131, 9.894817763307943, 9.912889336229961, 9.936637939002571, 9.786269627648466, 9.651051691178928, 9.13699111208023, 9.475733430966399, 9.861086905995395, 9.661778097771988, 9.515699838284043, 9.451211111832329], [6.643856189774724, 5.426264754702098, 5.491853096329675, 5.20945336562895, 5.672425341971495, 6.507794640198696, 9.036173612553485, 9.569855608330947, 9.583082767502933, 9.684748620421626, 9.61654884377899, 9.78135971352466, 9.558420713268664, 9.620219825507487, 9.627533884472792, 9.79603960882977, 9.571752643503546, 9.632995197142957, 8.894817763307943, 8.81698362325538, 7.05528243550119, 9.41574176829009, 9.226412192788786, 9.31741261376487], [7.022367813028454, 5.857980995127572, 5.169925001442312, 4.643856189774724, 5.977279923499917, 6.768184324776926, 9.187352073200497, 9.63662462054365, 9.614709844115207, 9.73978060977326, 9.672425341971495, 9.753216749178955, 9.729620743553038, 9.812177305514448, 9.73640193131829, 9.832890014164741, 9.554588851677638, 9.719388820942083, 9.211888294546004, 9.57553924683453, 9.847057346091336, 9.659995892429977, 9.428360172704291, 9.689997971419446], [7.087462841250339, 5.584962500721156, 5.129283016944966, 4.807354922057604, 5.930737337562887, 6.820178962415188, 9.084808387804362, 9.442943495848729, 9.330916878114618, 9.531381460516313, 9.702172685365548, 9.791162888555018, 9.665335917185176, 9.791162888555018, 9.741466986401146, 9.654636028527968, 9.588714635582264, 9.328674927327947, 8.721099188707186, 9.111135670234708, 9.786269627648466, 9.753216749178955, 9.60917873814198, 9.527477006060396], [7.219168520462161, 5.672425341971495, 5.426264754702098, 4.700439718141093, 6.044394119358453, 6.820178962415188, 8.927777962082342, 9.194756854422248, 9.517669388133811, 9.60733031374961, 9.658211482751796, 9.667111542075027, 9.388017285345136, 9.537218400538595, 9.588714635582264, 9.64565843240871, 9.434628227636725, 9.447083226209653, 9.12670447284319, 9.319672120946995, 9.537218400538595, 9.485829308701904, 9.216745858195306, 9.485829308701904], [7.066089190457772, 5.169925001442312, 5.169925001442312, 4.754887502163468, 5.857980995127572, 6.392317422778761, 8.573647187493322, 8.73809225962049, 9.100662339005199, 9.379378367071261, 9.417852514885897, 9.461479447286155, 9.481799431665753, 9.611024797307353, 9.57742882803575, 9.722807531169547, 9.447083226209653, 9.569855608330947, 9.407267764244732, 9.638435913990472, 10.071462362556623, 10.004220466318195, 9.79766152585376, 9.918863237274595]]}