{"min": 0, "max": 11.791569912126878, "pieData": [[6.78135971352466, 6.087462841250339, 5.357552004618084, 5.129283016944966, 6.266786540694901, 6.507794640198696, 7.94251450533924, 8.238404739325079, 7.912889336229962, 7.6865005271832185, 7.813781191217037, 8.016808287686555, 8.321928094887362, 8.43879185257826, 8.29920801838728, 8.027905996569885, 7.936637939002571, 7.965784284662087, 6.882643049361842, 6.149747119504682, 7.569855608330948, 8.224001674198105, 8.285402218862249, 8.159871336778389], [6.491853096329675, 6.22881869049588, 5.882643049361842, 4.643856189774724, 5.357552004618084, 6.584962500721156, 7.442943495848728, 7.870364719583405, 8.169925001442312, 7.614709844115208, 8.005624549193879, 7.906890595608519, 8.280770770130603, 8.400879436282183, 8.144658242831882, 8.022367813028454, 7.882643049361842, 8.044394119358454, 7.199672344836364, 7.22881869049588, 8.113742166049189, 8.169925001442312, 7.92481250360578, 7.906890595608519], [6.569855608330948, 6.149747119504682, 5.357552004618084, 4.247927513443585, 5.247927513443585, 5.807354922057604, 7.247927513443585, 7.794415866350106, 8.08214904135387, 7.936637939002571, 7.876516946564999, 7.977279923499917, 8.027905996569885, 8.219168520462162, 8.154818109052105, 7.826548487290915, 7.936637939002571, 7.672425341971495, 7.022367813028454, 7.022367813028454, 5.247927513443585, 7.839203788096944, 7.515699838284043, 7.768184324776926], [6.832890014164741, 6.303780748177103, 5.459431618637297, 4.700439718141093, 5.523561956057013, 6.169925001442312, 7.491853096329675, 7.636624620543649, 7.906890595608519, 8.027905996569885, 8.060695931687555, 7.994353436858858, 8.174925682500678, 8.413627929024173, 8.022367813028454, 8.016808287686555, 7.845490050944376, 7.918863237274595, 7.189824558880018, 7.820178962415188, 8.308339030139408, 8.159871336778389, 7.9600019320680815, 8.049848549450562], [6.727920454563199, 6.491853096329675, 5.584962500721156, 4.807354922057604, 5.285402218862249, 5.754887502163468, 7.499845887083206, 8.038918989292302, 7.491853096329675, 7.266786540694901, 8.092757140919852, 8.184875342908283, 8.199672344836364, 8.558420713268664, 8.076815597050832, 7.965784284662087, 7.839203788096944, 7.6653359171851765, 6.6865005271832185, 7.312882955284356, 8.087462841250339, 7.977279923499917, 7.86418614465428, 7.658211482751795], [6.768184324776926, 5.523561956057013, 5.977279923499917, 4.954196310386875, 5.523561956057013, 6.22881869049588, 6.954196310386875, 7.622051819456376, 7.807354922057604, 8.092757140919852, 8.219168520462162, 7.971543553950772, 7.727920454563199, 8.049848549450562, 8.124121311829187, 8.174925682500678, 7.6653359171851765, 7.672425341971495, 7.339850002884624, 7.60733031374961, 7.994353436858858, 7.832890014164741, 7.813781191217037, 7.643856189774724], [6.409390936137702, 6.169925001442312, 5.426264754702098, 4.857980995127572, 5.882643049361842, 6.169925001442312, 6.9886846867721655, 7.303780748177103, 7.499845887083206, 7.475733430966398, 8.038918989292302, 7.813781191217037, 7.971543553950772, 8.144658242831882, 8.076815597050832, 7.965784284662087, 7.86418614465428, 7.7615512324444795, 7.554588851677638, 7.754887502163468, 8.467605550082997, 8.228818690495881, 8.379378367071261, 8.129283016944967]]}