{"min": 0, "max": 11.791569912126878, "pieData": [[6.285402218862249, 5.882643049361842, 5.247927513443585, 3.9068905956085187, 3.584962500721156, 4.523561956057013, 6.129283016944966, 6.643856189774724, 6.614709844115208, 7.257387842692652, 7.303780748177103, 7.159871336778389, 7.011227255423254, 7.169925001442312, 7.076815597050831, 7.693486957499325, 7.321928094887363, 7.392317422778761, 6.794415866350106, 5.392317422778761, 6.169925001442312, 7.499845887083206, 6.820178962415188, 6.78135971352466], [6.539158811108031, 6.22881869049588, 6.022367813028454, 5.087462841250339, 3.9068905956085187, 4.807354922057604, 5.614709844115208, 7.087462841250339, 6.78135971352466, 7.434628227636725, 7.339850002884624, 7.199672344836364, 7.044394119358453, 6.9886846867721655, 7.118941072723508, 7.426264754702098, 7.219168520462161, 7.199672344836364, 6.832890014164741, 6.599912842187128, 6.965784284662087, 6.870364719583405, 7.22881869049588, 6.672425341971495], [6.569855608330948, 5.930737337562887, 5.672425341971495, 4.584962500721156, 4.087462841250339, 5.0, 5.754887502163468, 6.794415866350106, 7.108524456778169, 7.409390936137702, 6.882643049361842, 7.066089190457772, 7.011227255423254, 6.554588851677638, 6.845490050944376, 7.149747119504682, 6.78135971352466, 6.768184324776926, 6.584962500721156, 5.643856189774724, 4.169925001442312, 6.807354922057604, 6.475733430966398, 6.672425341971495], [6.409390936137702, 5.930737337562887, 5.614709844115208, 4.392317422778761, 3.807354922057604, 3.807354922057604, 5.930737337562887, 6.614709844115208, 6.9886846867721655, 7.303780748177103, 7.076815597050831, 6.599912842187128, 6.700439718141093, 6.906890595608519, 6.768184324776926, 6.807354922057604, 7.491853096329675, 7.044394119358453, 6.832890014164741, 6.614709844115208, 6.918863237274595, 7.098032082960526, 7.044394119358453, 6.599912842187128], [6.3750394313469245, 5.78135971352466, 5.554588851677638, 4.954196310386875, 3.321928094887362, 4.523561956057013, 5.930737337562887, 6.894817763307944, 6.6865005271832185, 7.3750394313469245, 7.199672344836364, 6.554588851677638, 6.9886846867721655, 7.312882955284356, 6.7414669864011465, 7.348728154231077, 7.2384047393250786, 7.22881869049588, 6.918863237274595, 6.643856189774724, 7.011227255423254, 6.94251450533924, 7.087462841250339, 6.965784284662087], [6.339850002884624, 6.507794640198696, 6.247927513443585, 5.614709844115208, 4.643856189774724, 4.087462841250339, 6.022367813028454, 6.906890595608519, 7.357552004618084, 7.05528243550119, 7.312882955284356, 7.321928094887363, 7.434628227636725, 7.189824558880018, 6.78135971352466, 7.199672344836364, 6.832890014164741, 6.475733430966398, 6.807354922057604, 6.149747119504682, 6.6865005271832185, 6.539158811108031, 6.78135971352466, 6.6865005271832185], [6.426264754702098, 5.857980995127572, 6.044394119358453, 5.0, 3.807354922057604, 3.807354922057604, 5.087462841250339, 6.475733430966398, 7.044394119358453, 7.076815597050831, 6.977279923499917, 6.930737337562887, 7.266786540694901, 7.2384047393250786, 7.0, 7.159871336778389, 7.169925001442312, 6.870364719583405, 6.918863237274595, 6.20945336562895, 6.6293566200796095, 6.727920454563199, 6.569855608330948, 6.442943495848728]]}