{"min": 0, "max": 11.791569912126878, "pieData": [[7.442943495848728, 7.129283016944966, 6.6865005271832185, 6.0, 5.78135971352466, 6.0, 7.857980995127572, 8.558420713268664, 8.487840033823051, 8.794415866350105, 8.761551232444479, 8.370687406807217, 8.400879436282183, 8.447083226209653, 8.405141463136344, 8.285402218862249, 8.228818690495881, 8.31741261376487, 8.290018846932618, 7.499845887083206, 8.098032082960527, 8.774787059601174, 8.321928094887362, 8.08214904135387], [7.679480099505446, 7.483815777264256, 6.832890014164741, 6.169925001442312, 5.832890014164741, 5.614709844115208, 7.312882955284356, 8.199672344836364, 8.348728154231077, 8.951284714966972, 8.558420713268664, 8.539158811108031, 8.487840033823051, 8.233619676759702, 8.519636252843213, 8.558420713268664, 8.219168520462162, 8.731319031025064, 8.422064766172813, 9.036173612553485, 8.829722735086058, 8.842350343413807, 8.59618975614441, 8.092757140919852], [7.7615512324444795, 7.554588851677638, 7.066089190457772, 6.584962500721156, 5.754887502163468, 5.584962500721156, 7.149747119504682, 8.129283016944967, 8.383704292474052, 8.76487159073609, 8.422064766172813, 8.29920801838728, 8.154818109052105, 8.29920801838728, 8.422064766172813, 8.499845887083206, 8.326429487122303, 8.475733430966399, 8.451211111832329, 8.778077129535358, 6.392317422778761, 8.693486957499324, 8.294620748891628, 7.693486957499325], [7.721099188707186, 7.2761244052742375, 7.066089190457772, 6.614709844115208, 6.108524456778169, 4.754887502163468, 7.219168520462161, 8.348728154231077, 8.46352437327118, 8.92184093707449, 8.668884984266247, 8.159871336778389, 8.280770770130603, 8.50382573799575, 8.50382573799575, 8.370687406807217, 8.303780748177102, 8.584962500721156, 8.599912842187127, 8.98584193700334, 8.98299357469431, 8.906890595608518, 8.550746785383243, 8.113742166049189], [7.845490050944376, 7.800899899920305, 7.417852514885898, 7.1799090900149345, 6.285402218862249, 6.266786540694901, 7.475733430966398, 8.204571144249204, 8.011227255423254, 7.467605550082998, 7.870364719583405, 8.413627929024173, 8.271463027904375, 8.39231742277876, 8.409390936137703, 8.409390936137703, 8.092757140919852, 8.321928094887362, 8.266786540694902, 8.83605035505807, 8.829722735086058, 8.810571634741146, 8.375039431346925, 8.066089190457772], [7.870364719583405, 7.658211482751795, 7.087462841250339, 7.189824558880018, 6.285402218862249, 6.087462841250339, 6.9886846867721655, 7.936637939002571, 8.330916878114618, 8.60733031374961, 8.611024797307353, 8.459431618637296, 8.247927513443585, 8.174925682500678, 8.375039431346925, 8.400879436282183, 8.344295907915816, 8.238404739325079, 8.405141463136344, 8.625708843064466, 8.618385502258606, 8.62935662007961, 8.405141463136344, 7.820178962415188], [7.459431618637297, 7.330916878114617, 7.554588851677638, 6.845490050944376, 6.409390936137702, 6.129283016944966, 6.78135971352466, 7.366322214245816, 7.92481250360578, 8.174925682500678, 8.214319120800766, 8.335390354693924, 8.375039431346925, 8.383704292474052, 8.426264754702098, 8.566054038171092, 8.271463027904375, 8.599912842187127, 8.357552004618084, 8.861086905995395, 9.14210705730255, 9.238404739325079, 8.86418614465428, 7.794415866350106]]}