{"min": 0, "max": 11.791569912126878, "pieData": [[7.531381460516312, 6.977279923499917, 6.426264754702098, 6.0, 5.523561956057013, 5.700439718141093, 7.05528243550119, 8.257387842692651, 7.900866807980749, 8.312882955284355, 7.936637939002571, 7.894817763307944, 7.936637939002571, 7.994353436858858, 7.965784284662087, 7.800899899920305, 8.087462841250339, 7.807354922057604, 8.243173983472952, 7.159871336778389, 7.658211482751795, 8.344295907915816, 8.31741261376487, 7.918863237274595], [7.614709844115208, 7.426264754702098, 6.954196310386875, 6.714245517666122, 6.285402218862249, 6.169925001442312, 6.882643049361842, 8.108524456778168, 8.247927513443585, 8.303780748177102, 8.098032082960527, 7.977279923499917, 7.768184324776926, 7.918863237274595, 8.092757140919852, 8.224001674198105, 8.139551352398794, 8.011227255423254, 8.179909090014934, 8.451211111832329, 8.308339030139408, 8.335390354693924, 8.199672344836364, 7.965784284662087], [7.554588851677638, 7.330916878114617, 6.7414669864011465, 6.554588851677638, 5.882643049361842, 5.459431618637297, 6.906890595608519, 7.948367231584678, 8.005624549193879, 8.027905996569885, 7.6653359171851765, 7.845490050944376, 7.721099188707186, 7.78135971352466, 8.049848549450562, 7.832890014164741, 7.857980995127572, 7.9886846867721655, 8.214319120800766, 8.092757140919852, 5.321928094887363, 8.087462841250339, 7.971543553950772, 7.679480099505446], [7.523561956057013, 7.139551352398794, 6.857980995127572, 6.442943495848728, 5.930737337562887, 5.832890014164741, 6.9886846867721655, 8.011227255423254, 8.204571144249204, 8.285402218862249, 7.965784284662087, 7.794415866350106, 7.700439718141093, 7.7073591320808825, 8.108524456778168, 7.857980995127572, 7.912889336229962, 8.038918989292302, 8.233619676759702, 8.383704292474052, 8.413627929024173, 8.379378367071261, 8.370687406807217, 7.86418614465428], [7.857980995127572, 7.442943495848728, 7.219168520462161, 6.614709844115208, 6.22881869049588, 5.954196310386875, 7.0, 8.038918989292302, 7.94251450533924, 8.154818109052105, 7.92481250360578, 8.03342300153745, 7.721099188707186, 7.820178962415188, 7.774787059601174, 7.851749041416058, 7.870364719583405, 8.071462362556623, 8.39231742277876, 8.584962500721156, 8.194756854422248, 8.247927513443585, 8.417852514885897, 8.027905996569885], [7.86418614465428, 7.727920454563199, 7.515699838284043, 7.03342300153745, 6.539158811108031, 6.022367813028454, 6.6865005271832185, 7.392317422778761, 7.92481250360578, 7.7615512324444795, 7.826548487290915, 7.734709620225838, 7.622051819456376, 8.113742166049189, 7.754887502163468, 7.92481250360578, 7.832890014164741, 7.774787059601174, 7.86418614465428, 8.044394119358454, 7.977279923499917, 7.994353436858858, 8.060695931687555, 8.03342300153745], [7.813781191217037, 7.523561956057013, 7.2384047393250786, 6.894817763307944, 6.658211482751795, 5.906890595608519, 6.321928094887363, 7.022367813028454, 7.6653359171851765, 7.721099188707186, 7.592457037268081, 7.787902559391432, 7.794415866350106, 7.768184324776926, 7.7073591320808825, 7.948367231584678, 7.912889336229962, 8.103287808412022, 8.113742166049189, 8.113742166049189, 8.413627929024173, 8.335390354693924, 8.149747119504681, 7.614709844115208]]}