{"min": 0, "max": 11.791569912126878, "pieData": [[8.39231742277876, 7.9600019320680815, 7.149747119504682, 6.584962500721156, 5.832890014164741, 5.832890014164741, 7.199672344836364, 7.851749041416058, 8.233619676759702, 8.72451385311995, 8.76487159073609, 8.968666793195208, 8.980139577639157, 8.945443836377912, 9.030667136246942, 9.036173612553485, 9.014020470314934, 9.13699111208023, 8.927777962082342, 7.721099188707186, 8.960001932068081, 9.935165049603695, 9.727920454563199, 9.152284842306582], [8.751544059089099, 8.409390936137703, 7.7615512324444795, 6.78135971352466, 6.044394119358453, 5.584962500721156, 7.139551352398794, 8.139551352398794, 8.321928094887362, 8.686500527183219, 8.754887502163468, 8.994353436858859, 9.149747119504681, 9.014020470314934, 9.259743263690781, 9.273795599214264, 9.113742166049189, 8.98584193700334, 9.0, 9.39231742277876, 9.566054038171092, 9.784634845557521, 9.594324603924848, 9.129283016944967], [8.599912842187127, 8.027905996569885, 7.643856189774724, 6.584962500721156, 5.78135971352466, 5.169925001442312, 6.7414669864011465, 7.9600019320680815, 8.247927513443585, 8.710806433699352, 8.861086905995395, 8.933690654952233, 9.169925001442312, 9.027905996569885, 8.98584193700334, 8.897845456005511, 8.774787059601174, 8.820178962415188, 8.72451385311995, 8.848622940429339, 6.599912842187128, 9.665335917185176, 9.519636252843213, 8.936637939002571], [8.689997971419446, 8.154818109052105, 7.366322214245816, 6.6293566200796095, 5.672425341971495, 5.954196310386875, 6.882643049361842, 7.994353436858858, 8.379378367071261, 8.679480099505446, 8.829722735086058, 8.78135971352466, 8.870364719583405, 8.813781191217037, 9.098032082960527, 9.022367813028454, 8.951284714966972, 8.977279923499916, 8.791162888555018, 9.095397022792557, 9.390168956200183, 9.51175265376738, 9.541096615349524, 9.08214904135387], [8.479780264029099, 8.154818109052105, 7.700439718141093, 6.794415866350106, 5.78135971352466, 5.672425341971495, 6.768184324776926, 7.954196310386875, 8.430452551665532, 8.72451385311995, 8.686500527183219, 8.894817763307943, 8.888743248898258, 9.005624549193879, 9.105908508571158, 9.162391328756906, 9.164906926675688, 9.131856960608793, 8.618385502258606, 8.734709620225837, 9.537218400538595, 9.828136484194108, 9.799281621521923, 9.449148645375436], [9.207014320177532, 8.59618975614441, 8.294620748891628, 7.614709844115208, 6.794415866350106, 6.357552004618084, 6.845490050944376, 7.787902559391432, 8.348728154231077, 8.588714635582264, 8.897845456005511, 9.060695931687555, 9.179909090014934, 9.090112419664289, 8.909893083770042, 9.014020470314934, 8.829722735086058, 9.14210705730255, 9.041659151637214, 9.092757140919852, 9.35974956032233, 9.303780748177102, 9.405141463136344, 9.219168520462162], [9.076815597050832, 8.357552004618084, 8.03342300153745, 7.257387842692652, 6.149747119504682, 5.700439718141093, 6.149747119504682, 7.219168520462161, 7.734709620225838, 8.233619676759702, 8.584962500721156, 8.707359132080883, 9.030667136246942, 9.184875342908283, 9.144658242831882, 9.187352073200497, 8.807354922057604, 9.076815597050832, 9.139551352398794, 9.149747119504681, 9.39231742277876, 9.381542951184585, 9.411510988012072, 8.974414589805527]]}