{"min": 0, "max": 11.791569912126878, "pieData": [[7.531381460516312, 7.348728154231077, 6.78135971352466, 5.977279923499917, 5.491853096329675, 5.857980995127572, 7.1799090900149345, 8.588714635582264, 8.826548487290914, 8.857980995127573, 8.366322214245816, 8.276124405274238, 8.276124405274238, 8.348728154231077, 8.29920801838728, 8.179909090014934, 8.326429487122303, 8.303780748177102, 8.375039431346925, 7.442943495848728, 8.179909090014934, 8.761551232444479, 8.62935662007961, 8.361943773735241], [7.888743248898259, 7.599912842187128, 6.820178962415188, 6.129283016944966, 6.0, 6.169925001442312, 6.882643049361842, 8.405141463136344, 8.906890595608518, 8.826548487290914, 8.353146825498083, 8.247927513443585, 8.262094845370179, 8.45532722030456, 8.31741261376487, 8.366322214245816, 8.247927513443585, 8.543031820255237, 8.618385502258606, 8.854868383260236, 8.550746785383243, 8.721099188707186, 8.682994583681683, 8.271463027904375], [7.768184324776926, 7.366322214245816, 6.882643049361842, 6.357552004618084, 6.022367813028454, 6.087462841250339, 6.820178962415188, 8.434628227636725, 8.707359132080883, 8.499845887083206, 8.164906926675688, 8.113742166049189, 8.184875342908283, 8.199672344836364, 8.285402218862249, 7.98299357469431, 8.330916878114618, 8.243173983472952, 8.434628227636725, 8.451211111832329, 6.022367813028454, 8.290018846932618, 8.243173983472952, 8.076815597050832], [7.876516946564999, 7.219168520462161, 7.169925001442312, 6.539158811108031, 6.087462841250339, 5.584962500721156, 6.954196310386875, 8.479780264029099, 8.90388184573618, 8.78135971352466, 8.29920801838728, 8.113742166049189, 8.139551352398794, 8.447083226209653, 8.238404739325079, 8.43879185257826, 8.204571144249204, 8.396604781181859, 8.531381460516313, 8.689997971419446, 8.539158811108031, 8.731319031025064, 8.388017285345136, 8.294620748891628], [8.044394119358454, 7.515699838284043, 7.491853096329675, 6.614709844115208, 6.044394119358453, 5.832890014164741, 6.9886846867721655, 8.238404739325079, 8.611024797307353, 8.703903573444663, 8.426264754702098, 8.290018846932618, 8.108524456778168, 8.29920801838728, 8.228818690495881, 8.39231742277876, 8.335390354693924, 8.475733430966399, 8.487840033823051, 8.94251450533924, 8.573647187493322, 8.527477006060396, 8.562242424221072, 8.262094845370179], [8.027905996569885, 7.714245517666122, 7.483815777264256, 7.098032082960526, 6.491853096329675, 6.20945336562895, 6.584962500721156, 7.787902559391432, 8.243173983472952, 8.308339030139408, 8.400879436282183, 8.071462362556623, 7.936637939002571, 8.044394119358454, 7.994353436858858, 7.906890595608519, 7.971543553950772, 8.0, 8.060695931687555, 8.276124405274238, 8.243173983472952, 8.005624549193879, 8.184875342908283, 7.888743248898259], [7.7615512324444795, 7.7073591320808825, 7.348728154231077, 6.845490050944376, 6.357552004618084, 5.882643049361842, 6.129283016944966, 7.1799090900149345, 7.546894459887636, 7.94251450533924, 7.714245517666122, 7.727920454563199, 7.888743248898259, 8.044394119358454, 8.124121311829187, 8.129283016944967, 7.9886846867721655, 8.076815597050832, 8.247927513443585, 8.276124405274238, 8.361943773735241, 8.357552004618084, 8.45532722030456, 8.0]]}