{"min": 0, "max": 11.791569912126878, "pieData": [[4.392317422778761, 3.9068905956085187, 3.169925001442312, 2.0, 2.584962500721156, 3.584962500721156, 4.459431618637297, 4.807354922057604, 4.643856189774724, 4.857980995127572, 4.459431618637297, 4.169925001442312, 4.392317422778761, 4.392317422778761, 4.857980995127572, 5.044394119358453, 4.954196310386875, 5.285402218862249, 5.20945336562895, 4.0, 4.523561956057013, 6.129283016944966, 5.832890014164741, 5.321928094887363], [4.700439718141093, 4.392317422778761, 4.0, 3.0, 1.584962500721156, 2.584962500721156, 4.087462841250339, 4.954196310386875, 4.0, 5.247927513443585, 4.392317422778761, 5.20945336562895, 5.044394119358453, 4.643856189774724, 4.169925001442312, 4.906890595608519, 4.754887502163468, 5.087462841250339, 5.523561956057013, 5.491853096329675, 5.614709844115208, 5.285402218862249, 5.672425341971495, 5.614709844115208], [4.954196310386875, 4.700439718141093, 3.4594316186372973, 2.321928094887362, 2.321928094887362, 2.807354922057604, 4.247927513443585, 4.584962500721156, 5.0, 4.906890595608519, 3.9068905956085187, 4.700439718141093, 4.643856189774724, 4.584962500721156, 4.754887502163468, 4.643856189774724, 4.459431618637297, 4.584962500721156, 5.285402218862249, 4.754887502163468, 2.321928094887362, 5.807354922057604, 5.285402218862249, 4.643856189774724], [4.857980995127572, 3.807354922057604, 4.169925001442312, 2.807354922057604, 2.321928094887362, 3.0, 4.643856189774724, 4.700439718141093, 5.247927513443585, 5.087462841250339, 4.584962500721156, 4.169925001442312, 4.459431618637297, 4.169925001442312, 5.044394119358453, 4.754887502163468, 4.459431618637297, 5.247927513443585, 5.20945336562895, 5.20945336562895, 4.807354922057604, 5.614709844115208, 5.491853096329675, 5.087462841250339], [4.754887502163468, 4.247927513443585, 3.4594316186372973, 2.321928094887362, 2.321928094887362, 2.807354922057604, 4.247927513443585, 5.285402218862249, 3.584962500721156, 4.906890595608519, 5.0, 4.584962500721156, 4.087462841250339, 5.044394119358453, 4.754887502163468, 4.857980995127572, 4.459431618637297, 4.807354922057604, 5.285402218862249, 5.129283016944966, 5.426264754702098, 5.643856189774724, 5.78135971352466, 5.554588851677638], [5.20945336562895, 4.392317422778761, 3.807354922057604, 3.584962500721156, 2.584962500721156, 2.584962500721156, 3.807354922057604, 4.807354922057604, 5.044394119358453, 5.321928094887363, 5.392317422778761, 4.584962500721156, 4.954196310386875, 4.247927513443585, 4.754887502163468, 4.643856189774724, 4.459431618637297, 5.285402218862249, 5.129283016944966, 4.754887502163468, 5.0, 5.357552004618084, 4.954196310386875, 5.20945336562895], [4.906890595608519, 4.392317422778761, 3.9068905956085187, 3.584962500721156, 2.321928094887362, 2.584962500721156, 2.321928094887362, 3.9068905956085187, 4.523561956057013, 4.700439718141093, 4.321928094887363, 4.954196310386875, 5.20945336562895, 4.643856189774724, 5.321928094887363, 5.392317422778761, 4.857980995127572, 5.129283016944966, 4.700439718141093, 5.20945336562895, 5.357552004618084, 5.129283016944966, 5.977279923499917, 5.129283016944966]]}