{"min": 0, "max": 11.791569912126878, "pieData": [[7.417852514885898, 6.965784284662087, 6.149747119504682, 5.614709844115208, 5.247927513443585, 5.169925001442312, 6.339850002884624, 6.066089190457772, 6.507794640198696, 6.768184324776926, 7.339850002884624, 7.266786540694901, 7.515699838284043, 7.400879436282184, 7.459431618637297, 7.312882955284356, 7.357552004618084, 7.562242424221073, 7.20945336562895, 6.475733430966398, 7.321928094887363, 8.280770770130603, 7.906890595608519, 7.906890595608519], [7.383704292474052, 7.1799090900149345, 6.357552004618084, 6.169925001442312, 5.321928094887363, 5.20945336562895, 6.569855608330948, 6.339850002884624, 6.3750394313469245, 6.9886846867721655, 7.321928094887363, 7.409390936137702, 7.321928094887363, 7.483815777264256, 7.6293566200796095, 7.475733430966398, 7.507794640198696, 7.499845887083206, 7.366322214245816, 7.577428828035749, 7.870364719583405, 7.851749041416058, 7.900866807980749, 7.451211111832329], [7.199672344836364, 7.139551352398794, 6.392317422778761, 5.727920454563199, 4.643856189774724, 5.20945336562895, 6.0, 6.584962500721156, 6.426264754702098, 7.011227255423254, 7.159871336778389, 7.357552004618084, 7.247927513443585, 7.076815597050831, 7.022367813028454, 7.2384047393250786, 7.044394119358453, 6.9886846867721655, 6.832890014164741, 7.108524456778169, 5.0, 7.971543553950772, 7.339850002884624, 7.294620748891627], [7.294620748891627, 6.954196310386875, 6.442943495848728, 5.977279923499917, 4.754887502163468, 4.459431618637297, 5.930737337562887, 6.672425341971495, 6.321928094887363, 7.199672344836364, 7.129283016944966, 6.930737337562887, 7.108524456778169, 7.087462841250339, 7.129283016944966, 6.870364719583405, 7.357552004618084, 7.672425341971495, 7.159871336778389, 7.2761244052742375, 7.554588851677638, 7.9886846867721655, 7.845490050944376, 7.330916878114617], [7.257387842692652, 6.794415866350106, 6.20945336562895, 6.044394119358453, 5.169925001442312, 5.087462841250339, 6.108524456778169, 6.78135971352466, 6.3750394313469245, 6.906890595608519, 7.189824558880018, 7.05528243550119, 7.066089190457772, 7.22881869049588, 7.409390936137702, 7.499845887083206, 7.546894459887636, 7.475733430966398, 7.044394119358453, 7.734709620225838, 7.754887502163468, 8.022367813028454, 7.820178962415188, 7.754887502163468], [7.554588851677638, 7.20945336562895, 6.894817763307944, 6.599912842187128, 6.0, 4.807354922057604, 6.022367813028454, 6.754887502163468, 7.247927513443585, 7.159871336778389, 7.409390936137702, 7.531381460516312, 7.584962500721156, 7.392317422778761, 7.321928094887363, 6.906890595608519, 7.129283016944966, 7.189824558880018, 6.94251450533924, 7.108524456778169, 7.467605550082998, 7.531381460516312, 7.6865005271832185, 7.434628227636725], [7.3750394313469245, 7.149747119504682, 6.584962500721156, 6.169925001442312, 5.491853096329675, 4.906890595608519, 5.523561956057013, 6.129283016944966, 6.554588851677638, 7.1799090900149345, 6.977279923499917, 6.94251450533924, 7.442943495848728, 7.366322214245816, 7.294620748891627, 7.507794640198696, 7.483815777264256, 7.483815777264256, 7.285402218862249, 7.199672344836364, 7.562242424221073, 7.727920454563199, 7.679480099505446, 7.189824558880018]]}