{"min": 0, "max": 11.791569912126878, "pieData": [[7.098032082960526, 6.409390936137702, 5.700439718141093, 4.700439718141093, 4.087462841250339, 4.906890595608519, 5.977279923499917, 6.507794640198696, 7.03342300153745, 7.247927513443585, 7.303780748177103, 7.515699838284043, 7.442943495848728, 7.20945336562895, 7.60733031374961, 7.994353436858858, 7.554588851677638, 7.721099188707186, 7.247927513443585, 6.426264754702098, 7.569855608330948, 8.383704292474052, 8.005624549193879, 7.451211111832329], [7.044394119358453, 6.321928094887363, 6.0, 4.954196310386875, 4.247927513443585, 4.247927513443585, 5.754887502163468, 6.599912842187128, 7.2384047393250786, 7.426264754702098, 7.6865005271832185, 7.6293566200796095, 7.569855608330948, 7.6865005271832185, 7.820178962415188, 7.906890595608519, 7.693486957499325, 7.6865005271832185, 7.491853096329675, 8.0, 8.174925682500678, 8.335390354693924, 8.055282435501189, 7.592457037268081], [6.857980995127572, 6.599912842187128, 5.977279923499917, 4.807354922057604, 4.392317422778761, 4.523561956057013, 5.169925001442312, 6.475733430966398, 6.78135971352466, 7.491853096329675, 7.507794640198696, 7.577428828035749, 7.60733031374961, 7.451211111832329, 7.523561956057013, 7.434628227636725, 7.366322214245816, 7.357552004618084, 7.294620748891627, 6.845490050944376, 5.321928094887363, 7.930737337562887, 7.912889336229962, 7.392317422778761], [7.219168520462161, 6.554588851677638, 5.459431618637297, 5.044394119358453, 4.0, 4.700439718141093, 5.554588851677638, 6.94251450533924, 7.0, 7.294620748891627, 7.442943495848728, 7.507794640198696, 7.2761244052742375, 7.066089190457772, 7.451211111832329, 7.546894459887636, 7.721099188707186, 7.622051819456376, 7.339850002884624, 7.6865005271832185, 7.78135971352466, 8.164906926675688, 7.727920454563199, 7.599912842187128], [7.108524456778169, 6.643856189774724, 5.643856189774724, 4.857980995127572, 4.459431618637297, 4.584962500721156, 5.459431618637297, 6.857980995127572, 7.108524456778169, 7.392317422778761, 7.383704292474052, 7.693486957499325, 7.451211111832329, 7.734709620225838, 8.03342300153745, 7.820178962415188, 7.714245517666122, 7.78135971352466, 7.189824558880018, 7.60733031374961, 7.98299357469431, 8.370687406807217, 8.149747119504681, 7.78135971352466], [7.330916878114617, 7.05528243550119, 6.832890014164741, 5.672425341971495, 4.700439718141093, 5.044394119358453, 5.857980995127572, 6.714245517666122, 7.321928094887363, 7.467605550082998, 7.434628227636725, 7.693486957499325, 7.507794640198696, 7.679480099505446, 7.78135971352466, 7.584962500721156, 7.7615512324444795, 7.523561956057013, 7.6293566200796095, 7.672425341971495, 7.721099188707186, 7.734709620225838, 7.636624620543649, 7.475733430966398], [6.930737337562887, 6.599912842187128, 6.266786540694901, 5.554588851677638, 4.459431618637297, 4.087462841250339, 5.584962500721156, 6.108524456778169, 6.6865005271832185, 7.108524456778169, 7.257387842692652, 7.507794640198696, 7.434628227636725, 7.546894459887636, 7.672425341971495, 7.727920454563199, 7.400879436282184, 7.577428828035749, 7.20945336562895, 7.507794640198696, 7.794415866350106, 7.94251450533924, 7.643856189774724, 7.03342300153745]]}