{"min": 0, "max": 11.791569912126878, "pieData": [[5.523561956057013, 4.0, 4.169925001442312, 2.807354922057604, 2.321928094887362, 3.321928094887362, 4.392317422778761, 6.044394119358453, 4.584962500721156, 5.426264754702098, 5.459431618637297, 5.321928094887363, 5.554588851677638, 5.832890014164741, 5.977279923499917, 6.189824558880018, 5.807354922057604, 5.857980995127572, 5.321928094887363, 5.129283016944966, 5.832890014164741, 6.807354922057604, 6.066089190457772, 5.832890014164741], [5.20945336562895, 4.321928094887363, 4.321928094887363, 3.169925001442312, 1.0, 2.321928094887362, 4.459431618637297, 5.807354922057604, 4.321928094887363, 5.321928094887363, 5.523561956057013, 5.672425341971495, 5.584962500721156, 5.285402218862249, 5.832890014164741, 6.129283016944966, 5.906890595608519, 5.954196310386875, 6.087462841250339, 6.3750394313469245, 6.507794640198696, 6.442943495848728, 6.672425341971495, 6.066089190457772], [5.491853096329675, 5.0, 3.700439718141092, 3.4594316186372973, 2.0, 2.584962500721156, 4.459431618637297, 5.247927513443585, 5.321928094887363, 5.643856189774724, 5.807354922057604, 5.426264754702098, 6.0, 5.614709844115208, 5.426264754702098, 5.832890014164741, 5.321928094887363, 5.20945336562895, 5.169925001442312, 5.523561956057013, 3.807354922057604, 6.6865005271832185, 6.303780748177103, 6.022367813028454], [5.459431618637297, 4.392317422778761, 3.700439718141092, 3.0, 2.321928094887362, 2.584962500721156, 4.087462841250339, 5.087462841250339, 5.129283016944966, 5.392317422778761, 5.857980995127572, 5.727920454563199, 5.554588851677638, 5.087462841250339, 5.832890014164741, 5.643856189774724, 5.392317422778761, 5.78135971352466, 5.554588851677638, 5.882643049361842, 6.442943495848728, 6.3750394313469245, 6.409390936137702, 5.906890595608519], [5.523561956057013, 5.0, 4.857980995127572, 3.321928094887362, 3.169925001442312, 3.584962500721156, 4.087462841250339, 6.169925001442312, 5.727920454563199, 5.523561956057013, 5.459431618637297, 5.554588851677638, 5.584962500721156, 5.832890014164741, 6.266786540694901, 6.169925001442312, 6.108524456778169, 6.426264754702098, 5.78135971352466, 5.554588851677638, 6.087462841250339, 6.442943495848728, 6.22881869049588, 6.247927513443585], [5.700439718141093, 5.247927513443585, 4.754887502163468, 4.0, 3.700439718141092, 3.0, 4.169925001442312, 5.247927513443585, 5.930737337562887, 5.832890014164741, 5.727920454563199, 5.882643049361842, 5.700439718141093, 6.129283016944966, 5.930737337562887, 5.614709844115208, 6.044394119358453, 5.857980995127572, 6.247927513443585, 5.78135971352466, 5.807354922057604, 6.20945336562895, 5.977279923499917, 5.700439718141093], [5.169925001442312, 5.523561956057013, 4.906890595608519, 3.584962500721156, 3.169925001442312, 2.807354922057604, 3.807354922057604, 4.700439718141093, 5.554588851677638, 5.20945336562895, 5.643856189774724, 5.247927513443585, 5.584962500721156, 5.727920454563199, 5.554588851677638, 5.832890014164741, 5.523561956057013, 6.285402218862249, 6.108524456778169, 6.20945336562895, 6.554588851677638, 6.475733430966398, 6.3750394313469245, 5.584962500721156]]}