{"min": 0, "max": 11.791569912126878, "pieData": [[1.584962500721156, 1.0, 1.0, 0.0, 0.0, 1.584962500721156, 6.442943495848728, 7.303780748177103, 7.129283016944966, 7.679480099505446, 7.366322214245816, 7.247927513443585, 6.9886846867721655, 7.169925001442312, 6.94251450533924, 7.108524456778169, 6.700439718141093, 7.294620748891627, 6.906890595608519, 5.643856189774724, 6.303780748177103, 7.169925001442312, 6.672425341971495, 5.129283016944966], [1.0, 1.0, 0.0, 1.584962500721156, 0.0, 1.584962500721156, 5.700439718141093, 6.6865005271832185, 7.022367813028454, 7.459431618637297, 7.554588851677638, 7.118941072723508, 6.954196310386875, 7.219168520462161, 7.139551352398794, 7.189824558880018, 7.139551352398794, 7.312882955284356, 7.266786540694901, 6.6865005271832185, 7.2761244052742375, 7.219168520462161, 6.700439718141093, 5.321928094887363], [1.584962500721156, 2.0, 0.0, 1.0, 0.0, 0.0, 5.78135971352466, 6.614709844115208, 7.087462841250339, 7.321928094887363, 7.531381460516312, 7.118941072723508, 7.0, 7.108524456778169, 6.930737337562887, 6.918863237274595, 6.700439718141093, 6.894817763307944, 7.066089190457772, 6.845490050944376, 4.807354922057604, 6.94251450533924, 6.491853096329675, 5.392317422778761], [1.584962500721156, 0.0, 1.0, 1.0, 0.0, 0.0, 5.906890595608519, 6.754887502163468, 7.499845887083206, 7.721099188707186, 7.491853096329675, 7.392317422778761, 6.768184324776926, 7.285402218862249, 7.294620748891627, 6.870364719583405, 7.20945336562895, 7.515699838284043, 6.845490050944376, 7.066089190457772, 7.199672344836364, 7.20945336562895, 6.643856189774724, 5.882643049361842], [2.321928094887362, 2.0, 0.0, 1.0, 1.584962500721156, 1.584962500721156, 4.754887502163468, 6.409390936137702, 6.977279923499917, 7.451211111832329, 7.22881869049588, 6.658211482751795, 6.9886846867721655, 7.149747119504682, 7.118941072723508, 6.94251450533924, 7.022367813028454, 7.257387842692652, 6.643856189774724, 6.6865005271832185, 7.554588851677638, 7.383704292474052, 7.03342300153745, 5.523561956057013], [2.0, 0.0, 0.0, 0.0, 1.584962500721156, 0.0, 5.044394119358453, 6.700439718141093, 7.303780748177103, 7.1799090900149345, 7.592457037268081, 7.139551352398794, 6.754887502163468, 7.409390936137702, 7.20945336562895, 7.108524456778169, 6.569855608330948, 6.658211482751795, 6.658211482751795, 7.066089190457772, 7.159871336778389, 7.3750394313469245, 6.894817763307944, 5.20945336562895], [1.0, 1.0, 0.0, 0.0, 0.0, 2.0, 5.044394119358453, 6.066089190457772, 6.459431618637297, 7.087462841250339, 7.294620748891627, 7.011227255423254, 7.1799090900149345, 6.94251450533924, 7.169925001442312, 7.076815597050831, 6.6865005271832185, 7.426264754702098, 6.643856189774724, 7.467605550082998, 7.92481250360578, 8.214319120800766, 7.523561956057013, 5.584962500721156]]}