{"min": 0, "max": 11.791569912126878, "pieData": [[6.7414669864011465, 6.321928094887363, 6.108524456778169, 5.0, 4.459431618637297, 4.906890595608519, 5.930737337562887, 6.22881869049588, 5.857980995127572, 6.768184324776926, 6.442943495848728, 6.523561956057013, 6.614709844115208, 6.820178962415188, 7.05528243550119, 7.044394119358453, 6.714245517666122, 6.794415866350106, 6.569855608330948, 5.78135971352466, 7.0, 7.693486957499325, 7.614709844115208, 7.515699838284043], [7.087462841250339, 6.754887502163468, 5.857980995127572, 5.977279923499917, 5.20945336562895, 5.129283016944966, 5.584962500721156, 6.321928094887363, 5.930737337562887, 6.554588851677638, 6.475733430966398, 6.845490050944376, 6.7414669864011465, 6.442943495848728, 7.294620748891627, 7.312882955284356, 6.845490050944376, 7.066089190457772, 6.906890595608519, 6.727920454563199, 7.2761244052742375, 7.400879436282184, 7.348728154231077, 7.321928094887363], [6.614709844115208, 6.442943495848728, 5.807354922057604, 5.0, 4.392317422778761, 4.321928094887363, 5.554588851677638, 6.339850002884624, 6.303780748177103, 6.807354922057604, 6.768184324776926, 6.554588851677638, 6.820178962415188, 6.965784284662087, 6.658211482751795, 6.459431618637297, 6.3750394313469245, 6.7414669864011465, 6.714245517666122, 6.169925001442312, 4.087462841250339, 6.94251450533924, 7.348728154231077, 6.807354922057604], [7.1799090900149345, 6.569855608330948, 6.149747119504682, 5.087462841250339, 5.044394119358453, 4.523561956057013, 5.247927513443585, 6.303780748177103, 6.426264754702098, 6.78135971352466, 6.321928094887363, 6.149747119504682, 6.409390936137702, 6.426264754702098, 6.930737337562887, 6.794415866350106, 6.9886846867721655, 6.569855608330948, 6.6865005271832185, 6.794415866350106, 7.285402218862249, 7.434628227636725, 7.409390936137702, 7.0], [6.9886846867721655, 6.584962500721156, 5.906890595608519, 5.392317422778761, 5.0, 4.392317422778761, 5.643856189774724, 6.285402218862249, 6.357552004618084, 6.672425341971495, 6.044394119358453, 6.266786540694901, 6.169925001442312, 6.491853096329675, 7.03342300153745, 6.7414669864011465, 7.139551352398794, 7.044394119358453, 6.491853096329675, 6.108524456778169, 7.011227255423254, 7.366322214245816, 7.199672344836364, 7.044394119358453], [7.149747119504682, 6.523561956057013, 6.554588851677638, 5.930737337562887, 5.523561956057013, 5.0, 5.584962500721156, 6.108524456778169, 6.584962500721156, 6.392317422778761, 6.442943495848728, 6.169925001442312, 6.22881869049588, 7.098032082960526, 6.768184324776926, 6.475733430966398, 6.569855608330948, 6.672425341971495, 6.794415866350106, 6.672425341971495, 6.954196310386875, 6.700439718141093, 6.3750394313469245, 6.894817763307944], [6.820178962415188, 6.643856189774724, 6.266786540694901, 5.78135971352466, 5.087462841250339, 4.392317422778761, 5.087462841250339, 5.459431618637297, 6.087462841250339, 6.339850002884624, 6.066089190457772, 6.321928094887363, 6.339850002884624, 6.700439718141093, 6.409390936137702, 6.78135971352466, 6.614709844115208, 6.700439718141093, 6.475733430966398, 6.491853096329675, 6.9886846867721655, 7.189824558880018, 7.266786540694901, 7.044394119358453]]}