{"min": 0, "max": 11.791569912126878, "pieData": [[6.459431618637297, 5.882643049361842, 5.459431618637297, 5.491853096329675, 3.700439718141092, 4.584962500721156, 4.807354922057604, 6.022367813028454, 6.820178962415188, 6.965784284662087, 6.672425341971495, 6.507794640198696, 7.169925001442312, 6.768184324776926, 6.554588851677638, 6.6865005271832185, 6.643856189774724, 6.658211482751795, 6.539158811108031, 5.78135971352466, 6.754887502163468, 7.6653359171851765, 7.679480099505446, 7.392317422778761], [6.303780748177103, 6.357552004618084, 5.807354922057604, 5.044394119358453, 4.392317422778761, 4.392317422778761, 4.392317422778761, 6.507794640198696, 6.906890595608519, 7.0, 6.507794640198696, 6.643856189774724, 6.321928094887363, 6.906890595608519, 7.2761244052742375, 7.139551352398794, 6.658211482751795, 7.022367813028454, 6.78135971352466, 6.870364719583405, 7.577428828035749, 7.03342300153745, 7.22881869049588, 7.129283016944966], [6.94251450533924, 6.285402218862249, 5.882643049361842, 5.614709844115208, 3.9068905956085187, 3.0, 4.643856189774724, 6.0, 6.977279923499917, 7.108524456778169, 6.832890014164741, 6.475733430966398, 6.149747119504682, 6.78135971352466, 6.554588851677638, 6.700439718141093, 6.643856189774724, 6.459431618637297, 6.658211482751795, 6.3750394313469245, 3.9068905956085187, 6.832890014164741, 7.0, 6.882643049361842], [6.672425341971495, 6.357552004618084, 5.614709844115208, 4.857980995127572, 4.0, 4.321928094887363, 4.857980995127572, 6.087462841250339, 6.700439718141093, 6.906890595608519, 6.409390936137702, 6.169925001442312, 6.409390936137702, 6.357552004618084, 6.303780748177103, 6.832890014164741, 6.6865005271832185, 6.754887502163468, 6.554588851677638, 6.442943495848728, 7.321928094887363, 7.05528243550119, 7.219168520462161, 6.977279923499917], [7.129283016944966, 6.554588851677638, 5.882643049361842, 5.169925001442312, 3.9068905956085187, 3.584962500721156, 4.643856189774724, 5.584962500721156, 7.022367813028454, 6.554588851677638, 6.189824558880018, 6.3750394313469245, 6.491853096329675, 6.643856189774724, 6.807354922057604, 6.714245517666122, 6.599912842187128, 6.965784284662087, 6.3750394313469245, 5.392317422778761, 6.9886846867721655, 7.05528243550119, 7.22881869049588, 7.199672344836364], [7.022367813028454, 6.977279923499917, 6.614709844115208, 6.247927513443585, 5.392317422778761, 5.0, 4.523561956057013, 5.754887502163468, 6.426264754702098, 6.189824558880018, 6.409390936137702, 5.832890014164741, 6.108524456778169, 6.807354922057604, 6.20945336562895, 6.066089190457772, 5.727920454563199, 6.714245517666122, 6.614709844115208, 6.285402218862249, 7.03342300153745, 6.882643049361842, 6.7414669864011465, 6.845490050944376], [6.754887502163468, 6.426264754702098, 5.727920454563199, 5.643856189774724, 4.169925001442312, 3.700439718141092, 4.169925001442312, 5.491853096329675, 5.857980995127572, 6.339850002884624, 5.977279923499917, 6.129283016944966, 6.044394119358453, 6.459431618637297, 6.169925001442312, 6.3750394313469245, 5.977279923499917, 6.554588851677638, 6.475733430966398, 5.882643049361842, 7.03342300153745, 6.870364719583405, 7.189824558880018, 6.569855608330948]]}