{"min": 0, "max": 11.791569912126878, "pieData": [[3.9068905956085187, 2.321928094887362, 3.321928094887362, 2.321928094887362, 1.584962500721156, 3.321928094887362, 4.0, 6.189824558880018, 5.882643049361842, 6.339850002884624, 6.392317422778761, 6.169925001442312, 5.930737337562887, 5.930737337562887, 6.20945336562895, 6.169925001442312, 6.247927513443585, 6.426264754702098, 5.491853096329675, 4.459431618637297, 5.614709844115208, 6.0, 5.285402218862249, 4.392317422778761], [3.584962500721156, 2.584962500721156, 2.807354922057604, 2.584962500721156, 2.321928094887362, 3.4594316186372973, 4.754887502163468, 6.0, 6.189824558880018, 6.727920454563199, 6.22881869049588, 6.832890014164741, 6.3750394313469245, 6.285402218862249, 6.78135971352466, 6.491853096329675, 6.409390936137702, 6.20945336562895, 6.087462841250339, 5.930737337562887, 6.044394119358453, 5.554588851677638, 5.169925001442312, 4.459431618637297], [3.9068905956085187, 3.169925001442312, 3.169925001442312, 1.584962500721156, 1.0, 1.584962500721156, 4.584962500721156, 5.459431618637297, 5.954196310386875, 6.357552004618084, 6.357552004618084, 6.3750394313469245, 5.584962500721156, 5.906890595608519, 5.977279923499917, 5.672425341971495, 6.247927513443585, 5.807354922057604, 5.459431618637297, 5.392317422778761, 3.584962500721156, 5.426264754702098, 3.700439718141092, 3.169925001442312], [3.807354922057604, 3.169925001442312, 2.584962500721156, 2.321928094887362, 1.0, 1.0, 3.9068905956085187, 5.321928094887363, 5.554588851677638, 6.442943495848728, 5.954196310386875, 6.129283016944966, 5.672425341971495, 5.727920454563199, 5.954196310386875, 6.129283016944966, 6.247927513443585, 5.882643049361842, 5.977279923499917, 6.087462841250339, 5.554588851677638, 5.459431618637297, 4.392317422778761, 4.087462841250339], [3.807354922057604, 2.584962500721156, 2.584962500721156, 2.321928094887362, 0.0, 1.584962500721156, 4.0, 4.584962500721156, 4.954196310386875, 5.954196310386875, 5.807354922057604, 6.169925001442312, 5.672425341971495, 6.20945336562895, 6.614709844115208, 5.807354922057604, 6.087462841250339, 5.807354922057604, 5.285402218862249, 5.0, 5.832890014164741, 5.584962500721156, 4.169925001442312, 3.0], [4.247927513443585, 3.0, 2.0, 2.321928094887362, 2.0, 0.0, 3.584962500721156, 5.614709844115208, 5.169925001442312, 5.954196310386875, 5.807354922057604, 6.022367813028454, 5.857980995127572, 5.882643049361842, 5.807354922057604, 5.614709844115208, 5.727920454563199, 5.882643049361842, 5.392317422778761, 5.584962500721156, 5.20945336562895, 4.954196310386875, 5.0, 4.087462841250339], [2.321928094887362, 3.4594316186372973, 2.807354922057604, 2.0, 1.584962500721156, 1.584962500721156, 3.169925001442312, 4.584962500721156, 4.857980995127572, 5.285402218862249, 5.129283016944966, 5.672425341971495, 5.044394119358453, 5.672425341971495, 5.584962500721156, 5.523561956057013, 5.832890014164741, 6.189824558880018, 5.491853096329675, 5.906890595608519, 5.491853096329675, 5.247927513443585, 5.906890595608519, 3.807354922057604]]}