{"min": 0, "max": 11.000704269011246, "pieData": [[6.022367813028454, 5.129283016944966, 4.906890595608519, 4.643856189774724, 4.247927513443585, 3.807354922057604, 5.554588851677638, 6.954196310386875, 7.1799090900149345, 7.426264754702098, 7.312882955284356, 6.672425341971495, 6.475733430966398, 6.857980995127572, 7.321928094887363, 6.832890014164741, 7.330916878114617, 7.129283016944966, 6.584962500721156, 4.954196310386875, 5.459431618637297, 6.599912842187128, 6.169925001442312, 6.614709844115208], [6.149747119504682, 5.700439718141093, 5.426264754702098, 4.857980995127572, 3.807354922057604, 3.0, 5.554588851677638, 6.584962500721156, 7.159871336778389, 7.087462841250339, 7.011227255423254, 7.0, 6.554588851677638, 6.614709844115208, 6.857980995127572, 6.857980995127572, 7.03342300153745, 6.894817763307944, 6.3750394313469245, 6.78135971352466, 6.584962500721156, 6.426264754702098, 6.149747119504682, 6.247927513443585], [5.700439718141093, 5.459431618637297, 5.20945336562895, 4.643856189774724, 3.584962500721156, 3.169925001442312, 4.954196310386875, 6.247927513443585, 6.672425341971495, 6.857980995127572, 6.321928094887363, 6.599912842187128, 6.426264754702098, 6.614709844115208, 7.108524456778169, 6.754887502163468, 6.754887502163468, 6.754887502163468, 6.392317422778761, 6.169925001442312, 3.807354922057604, 5.954196310386875, 5.906890595608519, 6.087462841250339], [5.807354922057604, 5.491853096329675, 5.584962500721156, 4.087462841250339, 3.321928094887362, 3.700439718141092, 4.807354922057604, 6.149747119504682, 6.7414669864011465, 6.6293566200796095, 5.832890014164741, 5.930737337562887, 5.584962500721156, 5.285402218862249, 6.539158811108031, 7.108524456778169, 6.9886846867721655, 6.727920454563199, 6.426264754702098, 6.7414669864011465, 6.339850002884624, 6.523561956057013, 6.108524456778169, 5.930737337562887], [5.832890014164741, 5.614709844115208, 5.554588851677638, 4.906890595608519, 4.087462841250339, 4.0, 4.954196310386875, 6.794415866350106, 7.108524456778169, 6.906890595608519, 7.076815597050831, 6.807354922057604, 6.459431618637297, 6.539158811108031, 7.011227255423254, 7.108524456778169, 6.857980995127572, 6.523561956057013, 5.832890014164741, 6.3750394313469245, 6.794415866350106, 6.409390936137702, 6.189824558880018, 5.906890595608519], [6.022367813028454, 5.700439718141093, 5.392317422778761, 4.906890595608519, 4.169925001442312, 3.0, 4.643856189774724, 5.857980995127572, 6.658211482751795, 6.906890595608519, 7.0, 6.918863237274595, 6.832890014164741, 6.459431618637297, 6.870364719583405, 6.3750394313469245, 6.78135971352466, 7.03342300153745, 6.3750394313469245, 6.845490050944376, 6.614709844115208, 6.643856189774724, 6.149747119504682, 6.266786540694901], [5.754887502163468, 5.977279923499917, 5.906890595608519, 5.491853096329675, 4.247927513443585, 4.0, 3.584962500721156, 5.882643049361842, 6.569855608330948, 6.9886846867721655, 6.870364719583405, 6.954196310386875, 6.475733430966398, 6.78135971352466, 7.22881869049588, 6.614709844115208, 6.78135971352466, 6.754887502163468, 6.285402218862249, 6.569855608330948, 6.149747119504682, 6.6293566200796095, 6.426264754702098, 5.700439718141093]]}