{"min": 0, "max": 11.000704269011246, "pieData": [[6.392317422778761, 5.727920454563199, 5.169925001442312, 3.9068905956085187, 3.700439718141092, 4.392317422778761, 5.807354922057604, 7.2761244052742375, 6.129283016944966, 6.658211482751795, 6.832890014164741, 6.539158811108031, 6.794415866350106, 7.139551352398794, 7.087462841250339, 7.108524456778169, 6.9886846867721655, 7.294620748891627, 6.906890595608519, 6.022367813028454, 6.845490050944376, 7.727920454563199, 7.636624620543649, 7.139551352398794], [6.658211482751795, 6.066089190457772, 5.643856189774724, 5.087462841250339, 3.700439718141092, 4.584962500721156, 5.554588851677638, 7.05528243550119, 6.409390936137702, 6.882643049361842, 6.321928094887363, 7.076815597050831, 6.965784284662087, 7.149747119504682, 7.066089190457772, 7.044394119358453, 7.05528243550119, 7.169925001442312, 7.066089190457772, 7.577428828035749, 7.3750394313469245, 7.754887502163468, 7.651051691178928, 7.22881869049588], [6.569855608330948, 6.0, 4.857980995127572, 4.807354922057604, 3.807354922057604, 3.807354922057604, 5.20945336562895, 7.312882955284356, 6.0, 6.832890014164741, 6.754887502163468, 6.768184324776926, 6.643856189774724, 6.643856189774724, 6.807354922057604, 6.768184324776926, 6.832890014164741, 6.965784284662087, 7.20945336562895, 7.247927513443585, 4.321928094887363, 7.679480099505446, 7.247927513443585, 7.139551352398794], [6.7414669864011465, 6.247927513443585, 5.044394119358453, 4.906890595608519, 3.9068905956085187, 4.523561956057013, 5.857980995127572, 7.108524456778169, 6.507794640198696, 6.78135971352466, 6.870364719583405, 6.78135971352466, 6.6293566200796095, 6.965784284662087, 6.820178962415188, 6.870364719583405, 7.076815597050831, 7.066089190457772, 7.266786540694901, 7.467605550082998, 7.584962500721156, 7.459431618637297, 7.554588851677638, 7.118941072723508], [6.672425341971495, 6.022367813028454, 5.426264754702098, 4.807354922057604, 3.9068905956085187, 3.584962500721156, 5.584962500721156, 7.05528243550119, 6.3750394313469245, 6.727920454563199, 6.794415866350106, 7.022367813028454, 7.0, 6.965784284662087, 6.9886846867721655, 6.965784284662087, 7.022367813028454, 7.459431618637297, 7.294620748891627, 7.451211111832329, 7.475733430966398, 7.700439718141093, 7.577428828035749, 7.409390936137702], [7.011227255423254, 6.357552004618084, 5.977279923499917, 5.392317422778761, 5.0, 4.459431618637297, 4.954196310386875, 6.491853096329675, 6.820178962415188, 7.1799090900149345, 6.754887502163468, 7.199672344836364, 7.285402218862249, 7.044394119358453, 6.845490050944376, 6.954196310386875, 6.714245517666122, 6.977279923499917, 7.139551352398794, 7.03342300153745, 7.247927513443585, 7.149747119504682, 7.2761244052742375, 7.129283016944966], [6.918863237274595, 6.0, 5.643856189774724, 4.584962500721156, 4.247927513443585, 3.807354922057604, 4.247927513443585, 5.643856189774724, 6.714245517666122, 6.714245517666122, 6.845490050944376, 7.330916878114617, 7.098032082960526, 7.108524456778169, 7.2761244052742375, 7.066089190457772, 7.022367813028454, 7.0, 7.139551352398794, 7.149747119504682, 7.066089190457772, 7.491853096329675, 7.584962500721156, 7.0]]}