{"min": 0, "max": 11.000704269011246, "pieData": [[5.169925001442312, 3.584962500721156, 4.0, 4.247927513443585, 4.523561956057013, 5.523561956057013, 5.906890595608519, 6.044394119358453, 6.426264754702098, 5.977279923499917, 5.672425341971495, 6.357552004618084, 6.066089190457772, 6.539158811108031, 6.857980995127572, 7.011227255423254, 6.807354922057604, 6.539158811108031, 5.727920454563199, 4.857980995127572, 5.554588851677638, 6.3750394313469245, 6.087462841250339, 5.614709844115208], [5.357552004618084, 4.523561956057013, 3.4594316186372973, 4.247927513443585, 4.523561956057013, 5.672425341971495, 6.357552004618084, 6.700439718141093, 6.6865005271832185, 6.539158811108031, 6.22881869049588, 6.247927513443585, 6.22881869049588, 6.584962500721156, 6.672425341971495, 6.768184324776926, 6.357552004618084, 6.6293566200796095, 6.266786540694901, 6.523561956057013, 6.108524456778169, 6.129283016944966, 6.169925001442312, 5.169925001442312], [5.129283016944966, 4.392317422778761, 4.169925001442312, 3.169925001442312, 4.087462841250339, 5.357552004618084, 5.78135971352466, 7.011227255423254, 6.108524456778169, 6.442943495848728, 6.189824558880018, 6.20945336562895, 6.20945336562895, 6.409390936137702, 6.714245517666122, 6.392317422778761, 6.523561956057013, 5.882643049361842, 5.906890595608519, 5.754887502163468, 3.9068905956085187, 6.247927513443585, 6.303780748177103, 5.672425341971495], [4.906890595608519, 4.0, 4.392317422778761, 3.321928094887362, 4.807354922057604, 5.491853096329675, 5.584962500721156, 6.906890595608519, 6.857980995127572, 6.614709844115208, 6.426264754702098, 6.129283016944966, 6.247927513443585, 6.700439718141093, 6.794415866350106, 6.6865005271832185, 6.426264754702098, 6.554588851677638, 6.22881869049588, 6.6865005271832185, 6.20945336562895, 6.22881869049588, 6.392317422778761, 5.977279923499917], [5.392317422778761, 4.321928094887363, 4.523561956057013, 4.169925001442312, 4.392317422778761, 5.169925001442312, 6.0, 6.894817763307944, 6.965784284662087, 6.807354922057604, 6.894817763307944, 6.475733430966398, 6.539158811108031, 6.614709844115208, 7.066089190457772, 6.894817763307944, 6.700439718141093, 6.20945336562895, 5.882643049361842, 5.954196310386875, 6.20945336562895, 6.491853096329675, 6.569855608330948, 5.906890595608519], [5.20945336562895, 4.392317422778761, 4.0, 4.906890595608519, 4.857980995127572, 5.459431618637297, 6.149747119504682, 6.714245517666122, 6.409390936137702, 6.643856189774724, 6.321928094887363, 6.459431618637297, 6.584962500721156, 6.22881869049588, 6.339850002884624, 6.3750394313469245, 6.189824558880018, 6.066089190457772, 5.672425341971495, 5.672425341971495, 5.906890595608519, 5.727920454563199, 5.554588851677638, 5.321928094887363], [4.954196310386875, 4.754887502163468, 4.807354922057604, 3.321928094887362, 4.700439718141093, 4.857980995127572, 6.321928094887363, 6.672425341971495, 6.285402218862249, 6.108524456778169, 5.930737337562887, 5.523561956057013, 6.149747119504682, 6.539158811108031, 6.523561956057013, 6.523561956057013, 5.906890595608519, 6.087462841250339, 6.247927513443585, 6.523561956057013, 6.807354922057604, 6.539158811108031, 6.426264754702098, 5.857980995127572]]}