{"min": 0, "max": 11.000704269011246, "pieData": [[4.807354922057604, 3.807354922057604, 2.321928094887362, 2.0, 3.169925001442312, 3.169925001442312, 4.087462841250339, 5.321928094887363, 4.321928094887363, 4.321928094887363, 4.906890595608519, 4.643856189774724, 4.754887502163468, 4.247927513443585, 5.285402218862249, 5.392317422778761, 5.20945336562895, 5.169925001442312, 5.129283016944966, 4.523561956057013, 4.807354922057604, 5.643856189774724, 5.643856189774724, 5.247927513443585], [4.169925001442312, 2.584962500721156, 3.0, 2.584962500721156, 1.584962500721156, 2.321928094887362, 3.9068905956085187, 5.247927513443585, 4.523561956057013, 4.857980995127572, 4.700439718141093, 4.247927513443585, 4.169925001442312, 4.523561956057013, 5.129283016944966, 5.169925001442312, 5.087462841250339, 5.392317422778761, 5.087462841250339, 5.247927513443585, 5.087462841250339, 5.832890014164741, 5.643856189774724, 5.554588851677638], [4.459431618637297, 4.169925001442312, 2.807354922057604, 2.321928094887362, 1.0, 3.0, 3.0, 4.700439718141093, 4.459431618637297, 4.087462841250339, 4.321928094887363, 3.9068905956085187, 4.087462841250339, 4.643856189774724, 4.643856189774724, 5.321928094887363, 5.044394119358453, 4.321928094887363, 5.129283016944966, 5.129283016944966, 1.0, 5.954196310386875, 5.087462841250339, 4.954196310386875], [3.9068905956085187, 3.321928094887362, 3.807354922057604, 2.807354922057604, 0.0, 3.4594316186372973, 3.4594316186372973, 4.954196310386875, 4.584962500721156, 4.754887502163468, 4.807354922057604, 4.247927513443585, 4.643856189774724, 4.700439718141093, 4.523561956057013, 5.129283016944966, 5.087462841250339, 4.954196310386875, 4.857980995127572, 5.247927513443585, 5.129283016944966, 5.0, 5.169925001442312, 4.954196310386875], [4.754887502163468, 3.321928094887362, 3.4594316186372973, 1.584962500721156, 2.584962500721156, 3.4594316186372973, 3.169925001442312, 4.643856189774724, 3.9068905956085187, 4.857980995127572, 4.857980995127572, 4.906890595608519, 5.087462841250339, 4.754887502163468, 4.807354922057604, 4.857980995127572, 5.426264754702098, 4.807354922057604, 4.807354922057604, 4.392317422778761, 5.044394119358453, 5.807354922057604, 5.044394119358453, 5.169925001442312], [4.643856189774724, 4.247927513443585, 4.087462841250339, 3.0, 3.169925001442312, 2.321928094887362, 3.169925001442312, 4.247927513443585, 4.247927513443585, 4.392317422778761, 4.247927513443585, 4.643856189774724, 4.087462841250339, 4.247927513443585, 3.9068905956085187, 4.459431618637297, 5.087462841250339, 5.169925001442312, 4.459431618637297, 3.9068905956085187, 4.954196310386875, 4.906890595608519, 5.087462841250339, 4.459431618637297], [4.321928094887363, 4.392317422778761, 3.0, 1.0, 2.0, 2.0, 1.0, 3.807354922057604, 4.0, 4.643856189774724, 4.954196310386875, 4.807354922057604, 4.459431618637297, 4.459431618637297, 4.754887502163468, 4.584962500721156, 4.523561956057013, 5.169925001442312, 5.129283016944966, 5.285402218862249, 5.392317422778761, 5.169925001442312, 5.129283016944966, 4.459431618637297]]}