{"min": 0, "max": 11.000704269011246, "pieData": [[5.977279923499917, 5.044394119358453, 4.643856189774724, 5.0, 3.807354922057604, 4.247927513443585, 5.247927513443585, 5.882643049361842, 4.0, 5.247927513443585, 5.247927513443585, 6.087462841250339, 5.554588851677638, 5.754887502163468, 6.022367813028454, 6.108524456778169, 5.906890595608519, 5.882643049361842, 5.977279923499917, 4.700439718141093, 6.129283016944966, 6.303780748177103, 6.643856189774724, 6.523561956057013], [6.189824558880018, 5.20945336562895, 5.087462841250339, 4.523561956057013, 4.459431618637297, 4.0, 4.807354922057604, 6.108524456778169, 4.643856189774724, 5.700439718141093, 5.247927513443585, 6.066089190457772, 6.169925001442312, 5.906890595608519, 6.22881869049588, 6.3750394313469245, 6.044394119358453, 6.169925001442312, 6.149747119504682, 6.149747119504682, 6.321928094887363, 6.523561956057013, 6.459431618637297, 6.339850002884624], [6.087462841250339, 5.285402218862249, 5.044394119358453, 4.807354922057604, 3.321928094887362, 3.4594316186372973, 4.523561956057013, 6.108524456778169, 5.491853096329675, 5.087462841250339, 5.832890014164741, 5.906890595608519, 5.754887502163468, 5.930737337562887, 5.700439718141093, 6.321928094887363, 6.0, 6.20945336562895, 5.491853096329675, 5.754887502163468, 3.9068905956085187, 6.475733430966398, 6.392317422778761, 6.392317422778761], [6.044394119358453, 5.491853096329675, 5.247927513443585, 4.584962500721156, 4.392317422778761, 3.807354922057604, 4.0, 6.022367813028454, 5.044394119358453, 4.584962500721156, 5.672425341971495, 5.754887502163468, 5.857980995127572, 5.954196310386875, 5.857980995127572, 6.285402218862249, 6.169925001442312, 6.108524456778169, 5.614709844115208, 6.247927513443585, 6.3750394313469245, 6.539158811108031, 6.700439718141093, 6.7414669864011465], [5.672425341971495, 5.491853096329675, 5.129283016944966, 4.392317422778761, 3.807354922057604, 3.807354922057604, 4.754887502163468, 5.459431618637297, 5.584962500721156, 5.459431618637297, 5.78135971352466, 5.807354922057604, 5.857980995127572, 6.129283016944966, 6.3750394313469245, 6.066089190457772, 6.266786540694901, 6.491853096329675, 5.129283016944966, 5.643856189774724, 6.672425341971495, 6.6293566200796095, 6.6865005271832185, 6.392317422778761], [6.22881869049588, 5.357552004618084, 5.491853096329675, 5.247927513443585, 4.643856189774724, 4.459431618637297, 4.857980995127572, 4.954196310386875, 5.392317422778761, 5.78135971352466, 5.584962500721156, 5.807354922057604, 5.906890595608519, 6.022367813028454, 6.066089190457772, 6.066089190457772, 5.906890595608519, 6.20945336562895, 5.754887502163468, 6.108524456778169, 6.339850002884624, 6.189824558880018, 6.475733430966398, 5.954196310386875], [6.022367813028454, 5.754887502163468, 5.392317422778761, 4.906890595608519, 4.247927513443585, 4.0, 4.643856189774724, 5.129283016944966, 5.20945336562895, 5.882643049361842, 5.491853096329675, 5.807354922057604, 5.700439718141093, 6.066089190457772, 5.930737337562887, 6.285402218862249, 6.357552004618084, 6.409390936137702, 6.475733430966398, 5.954196310386875, 6.357552004618084, 6.475733430966398, 6.475733430966398, 6.087462841250339]]}