{"min": 0, "max": 11.000704269011246, "pieData": [[3.321928094887362, 2.584962500721156, 1.0, 2.0, 2.0, 2.321928094887362, 2.584962500721156, 4.087462841250339, 4.754887502163468, 5.087462841250339, 5.087462841250339, 4.459431618637297, 4.459431618637297, 4.392317422778761, 4.754887502163468, 4.807354922057604, 4.954196310386875, 3.9068905956085187, 4.392317422778761, 3.700439718141092, 3.584962500721156, 4.523561956057013, 4.857980995127572, 4.247927513443585], [3.4594316186372973, 3.0, 1.584962500721156, 2.321928094887362, 1.0, 1.0, 1.584962500721156, 4.169925001442312, 4.700439718141093, 4.954196310386875, 5.426264754702098, 4.247927513443585, 4.392317422778761, 3.9068905956085187, 4.643856189774724, 4.700439718141093, 4.169925001442312, 4.807354922057604, 4.087462841250339, 4.087462841250339, 4.087462841250339, 4.584962500721156, 4.857980995127572, 4.321928094887363], [3.0, 2.321928094887362, 1.0, 1.584962500721156, 1.0, 1.584962500721156, 2.584962500721156, 2.807354922057604, 4.700439718141093, 4.857980995127572, 5.247927513443585, 4.321928094887363, 3.9068905956085187, 3.700439718141092, 4.700439718141093, 4.392317422778761, 3.9068905956085187, 4.459431618637297, 4.523561956057013, 4.459431618637297, 1.584962500721156, 5.129283016944966, 4.584962500721156, 4.459431618637297], [3.584962500721156, 2.807354922057604, 2.321928094887362, 1.584962500721156, 0.0, 1.0, 2.807354922057604, 3.584962500721156, 4.523561956057013, 5.044394119358453, 4.954196310386875, 4.321928094887363, 4.0, 4.906890595608519, 5.0, 4.523561956057013, 4.584962500721156, 3.169925001442312, 4.906890595608519, 4.459431618637297, 4.0, 4.584962500721156, 4.700439718141093, 4.321928094887363], [2.807354922057604, 2.321928094887362, 1.0, 2.807354922057604, 1.0, 1.0, 2.584962500721156, 3.700439718141092, 5.0, 4.700439718141093, 4.321928094887363, 4.700439718141093, 4.169925001442312, 4.321928094887363, 4.459431618637297, 4.247927513443585, 4.0, 4.700439718141093, 4.523561956057013, 3.9068905956085187, 3.9068905956085187, 4.754887502163468, 4.321928094887363, 4.523561956057013], [3.584962500721156, 2.0, 2.584962500721156, 2.584962500721156, 0.0, 1.0, 2.584962500721156, 3.169925001442312, 4.247927513443585, 3.9068905956085187, 4.523561956057013, 4.247927513443585, 3.807354922057604, 3.807354922057604, 3.807354922057604, 3.584962500721156, 3.9068905956085187, 3.9068905956085187, 3.9068905956085187, 3.9068905956085187, 3.700439718141092, 3.700439718141092, 3.9068905956085187, 4.087462841250339], [3.584962500721156, 2.807354922057604, 2.807354922057604, 2.0, 1.584962500721156, 2.321928094887362, 2.807354922057604, 1.0, 3.584962500721156, 3.4594316186372973, 3.169925001442312, 2.584962500721156, 4.169925001442312, 3.4594316186372973, 3.700439718141092, 3.700439718141092, 3.807354922057604, 3.321928094887362, 3.0, 3.9068905956085187, 4.169925001442312, 4.0, 3.584962500721156, 3.321928094887362]]}