{"min": 0, "max": 11.000704269011246, "pieData": [[4.0, 3.0, 1.584962500721156, 1.584962500721156, 2.0, 2.321928094887362, 3.0, 4.0, 4.247927513443585, 4.954196310386875, 5.0, 5.087462841250339, 5.321928094887363, 5.169925001442312, 5.357552004618084, 5.357552004618084, 5.426264754702098, 5.247927513443585, 5.20945336562895, 4.087462841250339, 4.954196310386875, 4.954196310386875, 4.954196310386875, 4.321928094887363], [3.0, 3.0, 2.807354922057604, 2.807354922057604, 1.584962500721156, 0.0, 2.321928094887362, 4.0, 3.700439718141092, 5.044394119358453, 5.087462841250339, 5.672425341971495, 5.044394119358453, 5.357552004618084, 5.459431618637297, 5.459431618637297, 5.523561956057013, 5.392317422778761, 5.754887502163468, 5.357552004618084, 4.700439718141093, 4.247927513443585, 4.584962500721156, 4.321928094887363], [2.584962500721156, 2.0, 3.0, 2.0, 0.0, 2.0, 2.321928094887362, 3.9068905956085187, 4.392317422778761, 4.643856189774724, 5.0, 5.129283016944966, 5.087462841250339, 5.357552004618084, 5.357552004618084, 5.426264754702098, 5.491853096329675, 5.832890014164741, 5.554588851677638, 5.357552004618084, 3.169925001442312, 5.247927513443585, 4.754887502163468, 3.700439718141092], [3.700439718141092, 3.169925001442312, 2.807354922057604, 1.584962500721156, 1.584962500721156, 1.584962500721156, 2.321928094887362, 3.4594316186372973, 4.392317422778761, 4.807354922057604, 5.491853096329675, 4.857980995127572, 4.807354922057604, 4.954196310386875, 5.614709844115208, 5.672425341971495, 5.523561956057013, 5.321928094887363, 5.832890014164741, 5.129283016944966, 5.169925001442312, 4.906890595608519, 4.643856189774724, 3.9068905956085187], [3.584962500721156, 2.321928094887362, 2.321928094887362, 2.0, 2.584962500721156, 1.0, 2.321928094887362, 3.807354922057604, 4.459431618637297, 4.906890595608519, 5.584962500721156, 5.044394119358453, 5.459431618637297, 5.321928094887363, 5.614709844115208, 5.727920454563199, 5.426264754702098, 5.643856189774724, 5.584962500721156, 5.459431618637297, 4.807354922057604, 5.129283016944966, 4.523561956057013, 4.523561956057013], [3.9068905956085187, 3.0, 1.584962500721156, 2.321928094887362, 1.584962500721156, 2.0, 0.0, 4.0, 3.807354922057604, 4.523561956057013, 5.0, 4.906890595608519, 5.78135971352466, 5.523561956057013, 5.357552004618084, 5.78135971352466, 6.285402218862249, 5.857980995127572, 5.285402218862249, 5.459431618637297, 5.392317422778761, 5.169925001442312, 4.459431618637297, 4.087462841250339], [3.169925001442312, 3.0, 3.0, 1.584962500721156, 0.0, 1.0, 3.169925001442312, 2.0, 3.807354922057604, 4.459431618637297, 4.906890595608519, 5.392317422778761, 5.857980995127572, 5.78135971352466, 6.066089190457772, 6.3750394313469245, 5.977279923499917, 5.78135971352466, 5.882643049361842, 5.727920454563199, 5.087462841250339, 5.169925001442312, 5.087462841250339, 4.523561956057013]]}