{"min": 0, "max": 11.000704269011246, "pieData": [[4.700439718141093, 4.392317422778761, 2.321928094887362, 2.807354922057604, 2.321928094887362, 3.0, 4.0, 6.0, 5.20945336562895, 5.700439718141093, 5.643856189774724, 5.285402218862249, 5.20945336562895, 5.554588851677638, 5.832890014164741, 5.643856189774724, 5.832890014164741, 5.78135971352466, 5.78135971352466, 4.247927513443585, 5.169925001442312, 6.0, 5.832890014164741, 5.044394119358453], [4.643856189774724, 3.9068905956085187, 3.9068905956085187, 2.321928094887362, 2.321928094887362, 2.0, 3.807354922057604, 5.523561956057013, 5.491853096329675, 5.754887502163468, 5.643856189774724, 5.491853096329675, 5.930737337562887, 5.584962500721156, 5.614709844115208, 5.78135971352466, 6.108524456778169, 5.807354922057604, 5.426264754702098, 5.727920454563199, 5.700439718141093, 5.882643049361842, 6.0, 5.169925001442312], [4.954196310386875, 4.584962500721156, 3.169925001442312, 3.0, 3.321928094887362, 2.321928094887362, 3.4594316186372973, 5.643856189774724, 5.832890014164741, 5.930737337562887, 5.643856189774724, 5.285402218862249, 5.285402218862249, 5.554588851677638, 5.930737337562887, 5.882643049361842, 5.672425341971495, 5.614709844115208, 5.700439718141093, 5.426264754702098, 3.807354922057604, 6.247927513443585, 5.491853096329675, 5.392317422778761], [5.459431618637297, 3.9068905956085187, 3.700439718141092, 2.584962500721156, 2.321928094887362, 2.0, 4.169925001442312, 5.643856189774724, 5.832890014164741, 6.0, 5.643856189774724, 5.832890014164741, 4.807354922057604, 5.285402218862249, 5.643856189774724, 6.169925001442312, 5.554588851677638, 5.754887502163468, 5.285402218862249, 5.882643049361842, 5.882643049361842, 5.832890014164741, 6.108524456778169, 5.285402218862249], [5.129283016944966, 3.9068905956085187, 2.807354922057604, 3.4594316186372973, 2.321928094887362, 2.321928094887362, 3.321928094887362, 5.614709844115208, 6.022367813028454, 5.807354922057604, 5.672425341971495, 5.614709844115208, 5.426264754702098, 6.022367813028454, 6.129283016944966, 5.807354922057604, 5.807354922057604, 5.643856189774724, 5.044394119358453, 5.491853096329675, 5.700439718141093, 5.807354922057604, 5.754887502163468, 5.727920454563199], [4.857980995127572, 4.247927513443585, 4.169925001442312, 4.169925001442312, 3.169925001442312, 2.807354922057604, 4.169925001442312, 4.523561956057013, 5.491853096329675, 5.727920454563199, 5.906890595608519, 5.727920454563199, 4.954196310386875, 5.614709844115208, 5.977279923499917, 5.954196310386875, 5.285402218862249, 5.78135971352466, 5.807354922057604, 5.491853096329675, 5.426264754702098, 5.392317422778761, 5.643856189774724, 5.321928094887363], [4.807354922057604, 3.807354922057604, 3.321928094887362, 3.4594316186372973, 2.584962500721156, 3.169925001442312, 2.584962500721156, 5.0, 5.247927513443585, 5.832890014164741, 5.392317422778761, 5.523561956057013, 5.614709844115208, 5.643856189774724, 5.832890014164741, 5.700439718141093, 5.554588851677638, 5.754887502163468, 5.882643049361842, 5.426264754702098, 5.554588851677638, 5.459431618637297, 5.672425341971495, 5.426264754702098]]}