{"min": 0, "max": 11.000704269011246, "pieData": [[4.807354922057604, 3.700439718141092, 3.169925001442312, 2.807354922057604, 2.321928094887362, 2.0, 4.807354922057604, 6.22881869049588, 5.672425341971495, 5.754887502163468, 5.321928094887363, 4.954196310386875, 5.0, 5.554588851677638, 5.169925001442312, 4.954196310386875, 5.285402218862249, 5.523561956057013, 5.727920454563199, 4.247927513443585, 5.087462841250339, 6.044394119358453, 5.754887502163468, 5.087462841250339], [4.523561956057013, 3.321928094887362, 3.169925001442312, 2.0, 2.321928094887362, 0.0, 4.169925001442312, 6.442943495848728, 5.614709844115208, 5.857980995127572, 5.20945336562895, 5.426264754702098, 5.426264754702098, 5.087462841250339, 5.491853096329675, 4.643856189774724, 5.554588851677638, 5.357552004618084, 6.022367813028454, 5.78135971352466, 5.727920454563199, 5.930737337562887, 5.247927513443585, 4.700439718141093], [5.20945336562895, 4.0, 4.321928094887363, 2.321928094887362, 2.0, 1.584962500721156, 4.0, 5.882643049361842, 5.807354922057604, 5.554588851677638, 5.087462841250339, 4.954196310386875, 4.754887502163468, 4.906890595608519, 5.523561956057013, 5.087462841250339, 5.426264754702098, 5.643856189774724, 5.930737337562887, 5.643856189774724, 3.0, 5.491853096329675, 5.20945336562895, 4.857980995127572], [4.169925001442312, 3.9068905956085187, 3.4594316186372973, 4.087462841250339, 2.584962500721156, 2.584962500721156, 4.321928094887363, 6.285402218862249, 5.882643049361842, 5.247927513443585, 5.727920454563199, 5.554588851677638, 5.247927513443585, 5.285402218862249, 5.044394119358453, 5.754887502163468, 5.20945336562895, 5.357552004618084, 6.044394119358453, 5.882643049361842, 6.087462841250339, 6.066089190457772, 6.247927513443585, 5.78135971352466], [5.357552004618084, 4.321928094887363, 3.169925001442312, 1.584962500721156, 2.0, 3.321928094887362, 4.321928094887363, 6.108524456778169, 5.727920454563199, 5.906890595608519, 5.20945336562895, 5.169925001442312, 4.906890595608519, 4.857980995127572, 5.584962500721156, 5.20945336562895, 5.614709844115208, 6.087462841250339, 5.857980995127572, 5.392317422778761, 5.672425341971495, 5.832890014164741, 5.930737337562887, 5.491853096329675], [4.584962500721156, 4.906890595608519, 4.169925001442312, 3.807354922057604, 2.584962500721156, 2.321928094887362, 3.700439718141092, 5.169925001442312, 6.0, 5.643856189774724, 5.643856189774724, 5.700439718141093, 5.044394119358453, 5.044394119358453, 5.832890014164741, 5.700439718141093, 5.20945336562895, 5.882643049361842, 5.523561956057013, 5.087462841250339, 5.129283016944966, 5.20945336562895, 5.357552004618084, 4.643856189774724], [4.0, 3.700439718141092, 3.4594316186372973, 3.169925001442312, 2.584962500721156, 1.584962500721156, 2.321928094887362, 3.9068905956085187, 5.169925001442312, 4.857980995127572, 5.523561956057013, 5.0, 5.169925001442312, 5.357552004618084, 5.20945336562895, 5.247927513443585, 5.169925001442312, 5.392317422778761, 5.321928094887363, 5.087462841250339, 5.169925001442312, 5.554588851677638, 5.459431618637297, 4.954196310386875]]}