{"min": 0, "max": 11.000704269011246, "pieData": [[6.700439718141093, 5.807354922057604, 5.321928094887363, 4.807354922057604, 3.9068905956085187, 4.392317422778761, 6.108524456778169, 7.467605550082998, 6.658211482751795, 7.499845887083206, 7.189824558880018, 7.03342300153745, 7.451211111832329, 7.366322214245816, 7.409390936137702, 7.392317422778761, 7.383704292474052, 7.348728154231077, 7.417852514885898, 6.599912842187128, 7.118941072723508, 7.672425341971495, 7.727920454563199, 7.523561956057013], [7.22881869049588, 6.569855608330948, 5.930737337562887, 4.906890595608519, 4.392317422778761, 4.247927513443585, 5.643856189774724, 7.2761244052742375, 7.199672344836364, 7.467605550082998, 7.562242424221073, 7.6293566200796095, 7.066089190457772, 7.599912842187128, 7.392317422778761, 7.409390936137702, 7.169925001442312, 7.554588851677638, 7.499845887083206, 7.700439718141093, 7.857980995127572, 7.832890014164741, 7.614709844115208, 7.199672344836364], [6.658211482751795, 5.977279923499917, 4.700439718141093, 4.459431618637297, 3.321928094887362, 4.584962500721156, 5.807354922057604, 7.499845887083206, 7.285402218862249, 7.7073591320808825, 7.199672344836364, 7.247927513443585, 7.149747119504682, 7.087462841250339, 7.247927513443585, 7.1799090900149345, 7.22881869049588, 7.20945336562895, 7.392317422778761, 7.087462841250339, 4.807354922057604, 7.562242424221073, 7.392317422778761, 7.05528243550119], [6.700439718141093, 5.977279923499917, 5.554588851677638, 4.857980995127572, 4.321928094887363, 4.584962500721156, 5.491853096329675, 7.679480099505446, 7.129283016944966, 7.499845887083206, 7.475733430966398, 7.357552004618084, 7.118941072723508, 7.3750394313469245, 7.348728154231077, 7.294620748891627, 7.339850002884624, 7.475733430966398, 7.392317422778761, 7.734709620225838, 7.599912842187128, 7.820178962415188, 7.7414669864011465, 7.022367813028454], [6.409390936137702, 6.266786540694901, 5.426264754702098, 5.0, 4.247927513443585, 4.169925001442312, 5.321928094887363, 7.383704292474052, 7.483815777264256, 7.622051819456376, 7.442943495848728, 7.3750394313469245, 7.022367813028454, 7.539158811108031, 7.467605550082998, 7.651051691178928, 7.467605550082998, 7.6293566200796095, 7.108524456778169, 7.554588851677638, 7.523561956057013, 7.672425341971495, 7.826548487290915, 7.2761244052742375], [6.714245517666122, 6.794415866350106, 6.266786540694901, 5.523561956057013, 5.0, 4.459431618637297, 5.392317422778761, 6.807354922057604, 7.483815777264256, 7.247927513443585, 7.169925001442312, 7.03342300153745, 7.672425341971495, 7.1799090900149345, 7.312882955284356, 7.3750394313469245, 6.906890595608519, 7.199672344836364, 7.426264754702098, 7.189824558880018, 7.409390936137702, 7.467605550082998, 7.257387842692652, 6.820178962415188], [6.658211482751795, 6.459431618637297, 6.066089190457772, 5.044394119358453, 4.754887502163468, 4.0, 5.044394119358453, 6.554588851677638, 6.768184324776926, 7.169925001442312, 6.954196310386875, 6.870364719583405, 7.189824558880018, 7.20945336562895, 7.257387842692652, 7.2761244052742375, 7.066089190457772, 7.636624620543649, 7.643856189774724, 7.2384047393250786, 7.475733430966398, 7.800899899920305, 7.584962500721156, 7.05528243550119]]}