{"min": 0, "max": 11.000704269011246, "pieData": [[4.392317422778761, 4.247927513443585, 3.169925001442312, 3.4594316186372973, 2.321928094887362, 3.169925001442312, 4.807354922057604, 6.569855608330948, 5.700439718141093, 5.78135971352466, 5.754887502163468, 5.930737337562887, 5.426264754702098, 5.523561956057013, 6.066089190457772, 6.523561956057013, 5.906890595608519, 5.977279923499917, 5.672425341971495, 4.584962500721156, 5.672425341971495, 6.426264754702098, 6.129283016944966, 5.357552004618084], [4.523561956057013, 4.459431618637297, 3.321928094887362, 2.584962500721156, 2.0, 3.0, 3.807354922057604, 6.285402218862249, 6.108524456778169, 6.321928094887363, 5.807354922057604, 5.832890014164741, 5.930737337562887, 5.700439718141093, 5.614709844115208, 6.189824558880018, 5.832890014164741, 6.169925001442312, 6.0, 5.930737337562887, 6.149747119504682, 6.129283016944966, 6.108524456778169, 5.523561956057013], [5.169925001442312, 4.584962500721156, 3.807354922057604, 3.169925001442312, 2.584962500721156, 0.0, 4.459431618637297, 5.930737337562887, 5.954196310386875, 6.357552004618084, 5.807354922057604, 5.906890595608519, 5.554588851677638, 5.554588851677638, 6.087462841250339, 5.857980995127572, 5.700439718141093, 5.754887502163468, 5.727920454563199, 5.459431618637297, 2.584962500721156, 6.357552004618084, 6.066089190457772, 5.087462841250339], [4.807354922057604, 4.392317422778761, 3.9068905956085187, 2.807354922057604, 2.0, 3.169925001442312, 4.392317422778761, 6.266786540694901, 6.169925001442312, 6.149747119504682, 5.930737337562887, 5.977279923499917, 5.78135971352466, 5.426264754702098, 6.392317422778761, 6.247927513443585, 5.643856189774724, 6.087462841250339, 5.700439718141093, 5.906890595608519, 6.189824558880018, 5.977279923499917, 5.954196310386875, 5.672425341971495], [4.906890595608519, 4.321928094887363, 3.700439718141092, 4.0, 2.807354922057604, 3.0, 4.0, 6.20945336562895, 6.087462841250339, 6.339850002884624, 6.189824558880018, 5.614709844115208, 5.78135971352466, 5.426264754702098, 6.266786540694901, 6.266786540694901, 6.087462841250339, 5.754887502163468, 5.321928094887363, 5.807354922057604, 6.169925001442312, 5.930737337562887, 6.044394119358453, 5.247927513443585], [5.0, 4.754887502163468, 3.584962500721156, 4.321928094887363, 3.169925001442312, 2.807354922057604, 4.087462841250339, 5.643856189774724, 5.930737337562887, 5.906890595608519, 6.20945336562895, 5.614709844115208, 5.614709844115208, 4.954196310386875, 5.78135971352466, 5.614709844115208, 5.754887502163468, 5.491853096329675, 5.977279923499917, 5.459431618637297, 4.807354922057604, 5.392317422778761, 5.584962500721156, 5.459431618637297], [4.857980995127572, 4.321928094887363, 4.0, 3.807354922057604, 3.0, 2.584962500721156, 4.523561956057013, 4.523561956057013, 5.321928094887363, 5.459431618637297, 5.459431618637297, 5.700439718141093, 5.78135971352466, 5.169925001442312, 5.700439718141093, 5.857980995127572, 5.554588851677638, 5.807354922057604, 5.584962500721156, 5.614709844115208, 5.807354922057604, 5.857980995127572, 5.584962500721156, 4.954196310386875]]}