{"min": 0, "max": 11.000704269011246, "pieData": [[3.321928094887362, 3.321928094887362, 2.0, 1.0, 1.584962500721156, 2.321928094887362, 2.807354922057604, 5.807354922057604, 6.965784284662087, 7.348728154231077, 6.658211482751795, 6.303780748177103, 6.266786540694901, 6.523561956057013, 6.870364719583405, 6.643856189774724, 6.285402218862249, 6.357552004618084, 5.247927513443585, 3.807354922057604, 5.044394119358453, 6.409390936137702, 6.044394119358453, 5.523561956057013], [4.169925001442312, 4.247927513443585, 3.169925001442312, 2.807354922057604, 1.0, 1.584962500721156, 3.0, 5.0, 7.169925001442312, 7.636624620543649, 7.05528243550119, 6.857980995127572, 6.022367813028454, 7.20945336562895, 6.9886846867721655, 6.870364719583405, 6.392317422778761, 6.507794640198696, 5.129283016944966, 5.643856189774724, 5.857980995127572, 6.20945336562895, 5.930737337562887, 5.643856189774724], [4.0, 2.321928094887362, 3.4594316186372973, 2.0, 1.0, 1.584962500721156, 3.169925001442312, 4.700439718141093, 6.78135971352466, 7.129283016944966, 7.159871336778389, 6.700439718141093, 6.266786540694901, 6.672425341971495, 6.727920454563199, 6.658211482751795, 6.894817763307944, 6.459431618637297, 5.0, 4.700439718141093, 3.0, 6.149747119504682, 5.459431618637297, 5.554588851677638], [4.523561956057013, 3.9068905956085187, 3.0, 1.584962500721156, 2.0, 2.0, 3.4594316186372973, 4.906890595608519, 6.672425341971495, 7.451211111832329, 6.954196310386875, 6.614709844115208, 6.149747119504682, 6.768184324776926, 7.159871336778389, 7.159871336778389, 6.658211482751795, 6.6865005271832185, 5.169925001442312, 5.0, 5.044394119358453, 5.426264754702098, 5.643856189774724, 5.700439718141093], [4.807354922057604, 4.321928094887363, 2.807354922057604, 2.321928094887362, 0.0, 2.807354922057604, 2.321928094887362, 5.0, 6.857980995127572, 7.169925001442312, 6.820178962415188, 6.614709844115208, 6.044394119358453, 6.845490050944376, 7.303780748177103, 6.768184324776926, 6.303780748177103, 5.672425341971495, 4.247927513443585, 4.247927513443585, 4.459431618637297, 4.459431618637297, 5.321928094887363, 5.285402218862249], [4.392317422778761, 3.700439718141092, 3.0, 3.4594316186372973, 2.584962500721156, 2.584962500721156, 3.321928094887362, 5.0, 6.339850002884624, 6.0, 5.523561956057013, 5.672425341971495, 5.20945336562895, 4.906890595608519, 4.392317422778761, 5.247927513443585, 4.807354922057604, 5.247927513443585, 3.700439718141092, 4.321928094887363, 4.321928094887363, 4.247927513443585, 4.459431618637297, 4.392317422778761], [3.584962500721156, 2.807354922057604, 2.0, 2.321928094887362, 1.0, 1.0, 3.169925001442312, 3.807354922057604, 4.321928094887363, 4.700439718141093, 4.700439718141093, 4.459431618637297, 4.807354922057604, 4.700439718141093, 4.857980995127572, 4.643856189774724, 4.087462841250339, 4.087462841250339, 3.9068905956085187, 3.4594316186372973, 4.857980995127572, 3.9068905956085187, 4.321928094887363, 4.321928094887363]]}