{"min": 0, "max": 11.000704269011246, "pieData": [[4.643856189774724, 4.169925001442312, 4.0, 3.0, 3.169925001442312, 3.169925001442312, 4.857980995127572, 6.614709844115208, 7.022367813028454, 7.459431618637297, 6.882643049361842, 6.22881869049588, 6.392317422778761, 6.672425341971495, 7.03342300153745, 7.285402218862249, 7.022367813028454, 6.507794640198696, 6.303780748177103, 4.857980995127572, 6.3750394313469245, 6.857980995127572, 6.918863237274595, 6.149747119504682], [5.247927513443585, 4.954196310386875, 3.807354922057604, 3.9068905956085187, 3.169925001442312, 3.584962500721156, 4.700439718141093, 6.189824558880018, 7.139551352398794, 7.554588851677638, 7.339850002884624, 6.882643049361842, 6.339850002884624, 6.807354922057604, 7.087462841250339, 7.139551352398794, 7.189824558880018, 6.882643049361842, 6.643856189774724, 6.392317422778761, 6.768184324776926, 6.554588851677638, 6.794415866350106, 5.727920454563199], [4.906890595608519, 4.584962500721156, 3.9068905956085187, 2.807354922057604, 3.0, 2.0, 4.807354922057604, 6.247927513443585, 7.0, 7.266786540694901, 6.906890595608519, 6.6293566200796095, 6.22881869049588, 6.569855608330948, 6.882643049361842, 7.219168520462161, 6.507794640198696, 6.569855608330948, 6.357552004618084, 6.087462841250339, 4.087462841250339, 6.643856189774724, 6.475733430966398, 6.129283016944966], [5.392317422778761, 4.754887502163468, 3.321928094887362, 3.169925001442312, 2.807354922057604, 3.0, 4.700439718141093, 6.3750394313469245, 7.257387842692652, 7.434628227636725, 6.845490050944376, 6.672425341971495, 6.491853096329675, 6.554588851677638, 6.539158811108031, 6.9886846867721655, 7.087462841250339, 6.700439718141093, 6.442943495848728, 6.303780748177103, 6.426264754702098, 6.491853096329675, 6.6865005271832185, 5.832890014164741], [5.754887502163468, 4.754887502163468, 3.584962500721156, 4.087462841250339, 2.321928094887362, 3.321928094887362, 4.643856189774724, 6.22881869049588, 7.348728154231077, 7.108524456778169, 6.768184324776926, 6.459431618637297, 6.459431618637297, 6.569855608330948, 6.894817763307944, 6.930737337562887, 6.727920454563199, 6.6865005271832185, 5.584962500721156, 5.754887502163468, 6.409390936137702, 6.507794640198696, 6.584962500721156, 6.22881869049588], [6.0, 5.523561956057013, 4.754887502163468, 4.169925001442312, 3.4594316186372973, 3.321928094887362, 4.321928094887363, 5.857980995127572, 6.442943495848728, 6.658211482751795, 6.044394119358453, 6.285402218862249, 6.189824558880018, 5.954196310386875, 5.807354922057604, 6.20945336562895, 6.129283016944966, 6.357552004618084, 5.491853096329675, 5.977279923499917, 5.882643049361842, 5.700439718141093, 6.189824558880018, 5.78135971352466], [5.584962500721156, 4.807354922057604, 3.807354922057604, 4.643856189774724, 3.700439718141092, 2.807354922057604, 3.9068905956085187, 5.321928094887363, 5.426264754702098, 5.426264754702098, 5.584962500721156, 5.882643049361842, 5.727920454563199, 6.044394119358453, 6.149747119504682, 6.169925001442312, 5.857980995127572, 5.832890014164741, 6.0, 5.930737337562887, 6.357552004618084, 6.3750394313469245, 6.087462841250339, 5.882643049361842]]}