{"min": 0, "max": 11.000704269011246, "pieData": [[4.247927513443585, 3.584962500721156, 2.807354922057604, 2.321928094887362, 2.584962500721156, 2.0, 2.807354922057604, 4.087462841250339, 5.0, 5.491853096329675, 4.321928094887363, 5.20945336562895, 4.392317422778761, 4.954196310386875, 4.584962500721156, 4.584962500721156, 4.247927513443585, 4.523561956057013, 4.857980995127572, 3.9068905956085187, 3.700439718141092, 5.087462841250339, 5.129283016944966, 5.044394119358453], [4.392317422778761, 3.584962500721156, 3.0, 1.0, 2.0, 2.807354922057604, 2.807354922057604, 4.700439718141093, 4.906890595608519, 5.700439718141093, 4.906890595608519, 4.807354922057604, 4.584962500721156, 4.857980995127572, 4.754887502163468, 4.321928094887363, 4.906890595608519, 4.169925001442312, 4.392317422778761, 5.044394119358453, 4.857980995127572, 4.459431618637297, 4.857980995127572, 4.857980995127572], [4.584962500721156, 3.584962500721156, 2.321928094887362, 2.0, 2.0, 2.0, 2.584962500721156, 4.087462841250339, 5.357552004618084, 5.321928094887363, 4.0, 4.754887502163468, 4.087462841250339, 4.392317422778761, 4.392317422778761, 4.087462841250339, 4.459431618637297, 4.906890595608519, 4.857980995127572, 4.700439718141093, 2.0, 5.392317422778761, 5.247927513443585, 4.584962500721156], [4.0, 3.807354922057604, 2.807354922057604, 2.0, 2.0, 2.584962500721156, 3.4594316186372973, 4.459431618637297, 5.491853096329675, 5.169925001442312, 4.906890595608519, 4.857980995127572, 4.247927513443585, 4.807354922057604, 4.754887502163468, 4.169925001442312, 4.459431618637297, 4.321928094887363, 4.523561956057013, 4.584962500721156, 4.584962500721156, 4.459431618637297, 4.754887502163468, 4.954196310386875], [4.169925001442312, 3.4594316186372973, 2.584962500721156, 2.321928094887362, 2.584962500721156, 2.807354922057604, 3.700439718141092, 4.392317422778761, 5.129283016944966, 5.0, 4.643856189774724, 4.754887502163468, 4.321928094887363, 5.129283016944966, 4.169925001442312, 4.169925001442312, 4.169925001442312, 4.392317422778761, 3.9068905956085187, 4.643856189774724, 3.4594316186372973, 4.857980995127572, 4.807354922057604, 4.807354922057604], [3.807354922057604, 3.700439718141092, 3.169925001442312, 2.321928094887362, 2.807354922057604, 3.0, 2.584962500721156, 4.087462841250339, 4.643856189774724, 4.857980995127572, 5.169925001442312, 4.754887502163468, 4.954196310386875, 4.392317422778761, 4.700439718141093, 4.087462841250339, 4.584962500721156, 4.459431618637297, 5.0, 4.754887502163468, 4.643856189774724, 4.247927513443585, 4.392317422778761, 4.459431618637297], [4.754887502163468, 4.459431618637297, 4.0, 3.0, 2.0, 2.807354922057604, 3.0, 3.4594316186372973, 4.247927513443585, 4.392317422778761, 3.9068905956085187, 4.321928094887363, 4.459431618637297, 4.321928094887363, 5.0, 4.392317422778761, 4.700439718141093, 4.087462841250339, 4.523561956057013, 4.459431618637297, 4.857980995127572, 4.700439718141093, 4.700439718141093, 4.087462841250339]]}