{"min": 0, "max": 11.000704269011246, "pieData": [[4.169925001442312, 2.807354922057604, 2.0, 1.584962500721156, 0.0, 0.0, 2.584962500721156, 3.700439718141092, 4.700439718141093, 5.247927513443585, 5.247927513443585, 4.523561956057013, 4.392317422778761, 4.643856189774724, 4.754887502163468, 5.0, 5.129283016944966, 5.169925001442312, 5.169925001442312, 4.392317422778761, 4.0, 4.247927513443585, 4.169925001442312, 4.321928094887363], [4.0, 3.0, 3.584962500721156, 1.584962500721156, 2.0, 1.0, 2.584962500721156, 3.0, 4.954196310386875, 5.700439718141093, 4.857980995127572, 5.321928094887363, 4.906890595608519, 4.857980995127572, 4.523561956057013, 5.129283016944966, 4.954196310386875, 5.426264754702098, 5.357552004618084, 4.392317422778761, 4.247927513443585, 4.247927513443585, 4.459431618637297, 3.700439718141092], [2.807354922057604, 2.321928094887362, 2.584962500721156, 1.0, 0.0, 0.0, 2.321928094887362, 2.807354922057604, 4.906890595608519, 5.906890595608519, 4.392317422778761, 5.129283016944966, 4.643856189774724, 4.906890595608519, 5.129283016944966, 5.044394119358453, 4.087462841250339, 5.20945336562895, 4.857980995127572, 4.459431618637297, 1.0, 4.392317422778761, 4.247927513443585, 3.321928094887362], [3.169925001442312, 3.0, 1.584962500721156, 5.0, 2.0, 2.321928094887362, 1.0, 2.807354922057604, 4.954196310386875, 5.700439718141093, 5.357552004618084, 4.807354922057604, 4.584962500721156, 5.0, 5.169925001442312, 5.0, 5.247927513443585, 5.285402218862249, 5.129283016944966, 4.906890595608519, 4.523561956057013, 4.700439718141093, 4.459431618637297, 3.9068905956085187], [4.247927513443585, 2.321928094887362, 2.0, 1.0, 0.0, 1.0, 3.0, 3.0, 5.285402218862249, 5.754887502163468, 4.459431618637297, 5.20945336562895, 4.321928094887363, 5.0, 5.357552004618084, 4.700439718141093, 4.906890595608519, 4.700439718141093, 5.044394119358453, 4.247927513443585, 4.321928094887363, 4.643856189774724, 4.321928094887363, 4.247927513443585], [3.700439718141092, 3.700439718141092, 3.700439718141092, 2.0, 1.0, 2.321928094887362, 1.0, 3.169925001442312, 4.954196310386875, 4.584962500721156, 3.9068905956085187, 3.700439718141092, 4.459431618637297, 3.9068905956085187, 4.523561956057013, 3.9068905956085187, 4.459431618637297, 4.169925001442312, 4.392317422778761, 3.807354922057604, 3.807354922057604, 4.0, 3.169925001442312, 3.169925001442312], [2.807354922057604, 1.584962500721156, 2.584962500721156, 2.807354922057604, 1.584962500721156, 2.0, 1.0, 3.321928094887362, 3.584962500721156, 4.247927513443585, 4.169925001442312, 3.9068905956085187, 4.087462841250339, 3.700439718141092, 4.523561956057013, 3.807354922057604, 3.9068905956085187, 4.087462841250339, 3.807354922057604, 4.321928094887363, 3.700439718141092, 3.700439718141092, 4.087462841250339, 4.087462841250339]]}