{"min": 0, "max": 11.000704269011246, "pieData": [[6.584962500721156, 5.169925001442312, 4.954196310386875, 4.857980995127572, 3.700439718141092, 3.700439718141092, 5.392317422778761, 7.467605550082998, 8.129283016944967, 7.98299357469431, 7.7073591320808825, 7.714245517666122, 7.294620748891627, 7.6293566200796095, 7.714245517666122, 7.467605550082998, 7.531381460516312, 7.0, 7.011227255423254, 5.459431618637297, 6.643856189774724, 7.651051691178928, 7.467605550082998, 7.149747119504682], [6.3750394313469245, 6.189824558880018, 4.906890595608519, 4.247927513443585, 4.0, 3.700439718141092, 5.614709844115208, 7.3750394313469245, 8.294620748891628, 8.092757140919852, 7.92481250360578, 7.491853096329675, 7.569855608330948, 7.672425341971495, 8.0, 7.562242424221073, 7.507794640198696, 7.507794640198696, 7.03342300153745, 7.247927513443585, 7.539158811108031, 7.294620748891627, 7.499845887083206, 7.0], [6.22881869049588, 5.584962500721156, 4.807354922057604, 3.9068905956085187, 2.807354922057604, 2.807354922057604, 4.954196310386875, 7.434628227636725, 8.247927513443585, 8.03342300153745, 7.459431618637297, 7.507794640198696, 7.392317422778761, 7.247927513443585, 7.7615512324444795, 7.7414669864011465, 7.531381460516312, 7.011227255423254, 6.906890595608519, 6.754887502163468, 4.321928094887363, 7.366322214245816, 7.149747119504682, 6.832890014164741], [6.357552004618084, 5.614709844115208, 5.20945336562895, 4.321928094887363, 4.087462841250339, 3.807354922057604, 5.321928094887363, 7.562242424221073, 8.366322214245816, 8.022367813028454, 7.672425341971495, 7.599912842187128, 7.22881869049588, 7.614709844115208, 7.92481250360578, 7.584962500721156, 7.467605550082998, 7.507794640198696, 7.098032082960526, 7.599912842187128, 7.294620748891627, 7.348728154231077, 7.257387842692652, 6.918863237274595], [6.475733430966398, 5.357552004618084, 4.954196310386875, 4.807354922057604, 3.9068905956085187, 3.584962500721156, 5.491853096329675, 7.426264754702098, 8.149747119504681, 8.118941072723507, 7.672425341971495, 7.409390936137702, 7.569855608330948, 7.417852514885898, 7.727920454563199, 7.546894459887636, 7.118941072723508, 7.247927513443585, 6.845490050944376, 6.845490050944376, 7.247927513443585, 7.118941072723508, 7.531381460516312, 7.1799090900149345], [6.894817763307944, 6.357552004618084, 5.672425341971495, 4.954196310386875, 4.459431618637297, 3.4594316186372973, 4.700439718141093, 6.321928094887363, 7.794415866350106, 7.451211111832329, 7.3750394313469245, 7.149747119504682, 7.491853096329675, 7.357552004618084, 7.294620748891627, 7.491853096329675, 7.20945336562895, 7.383704292474052, 7.044394119358453, 6.870364719583405, 7.087462841250339, 7.20945336562895, 6.930737337562887, 6.845490050944376], [5.954196310386875, 5.554588851677638, 5.700439718141093, 4.247927513443585, 3.807354922057604, 3.807354922057604, 4.392317422778761, 5.700439718141093, 7.266786540694901, 7.129283016944966, 7.499845887083206, 7.169925001442312, 7.219168520462161, 7.459431618637297, 7.03342300153745, 7.247927513443585, 6.9886846867721655, 6.906890595608519, 6.977279923499917, 6.94251450533924, 7.499845887083206, 7.366322214245816, 6.918863237274595, 6.930737337562887]]}