{"min": 0, "max": 11.000704269011246, "pieData": [[6.714245517666122, 5.807354922057604, 5.392317422778761, 5.285402218862249, 5.087462841250339, 5.044394119358453, 6.442943495848728, 7.787902559391432, 7.9600019320680815, 8.103287808412022, 8.098032082960527, 8.0, 7.693486957499325, 7.577428828035749, 8.022367813028454, 7.9886846867721655, 7.651051691178928, 7.199672344836364, 7.129283016944966, 5.857980995127572, 6.882643049361842, 7.672425341971495, 7.451211111832329, 7.312882955284356], [6.727920454563199, 6.599912842187128, 6.0, 5.129283016944966, 4.584962500721156, 5.392317422778761, 6.475733430966398, 8.038918989292302, 8.164906926675688, 8.228818690495881, 8.357552004618084, 8.108524456778168, 7.721099188707186, 7.794415866350106, 8.204571144249204, 7.9886846867721655, 7.400879436282184, 7.459431618637297, 7.044394119358453, 7.129283016944966, 7.734709620225838, 7.483815777264256, 7.442943495848728, 7.149747119504682], [6.727920454563199, 6.044394119358453, 5.459431618637297, 5.20945336562895, 4.754887502163468, 4.523561956057013, 6.22881869049588, 7.577428828035749, 8.044394119358454, 8.055282435501189, 7.9600019320680815, 7.9886846867721655, 7.643856189774724, 7.523561956057013, 8.098032082960527, 7.98299357469431, 7.693486957499325, 7.066089190457772, 7.022367813028454, 6.807354922057604, 4.906890595608519, 7.577428828035749, 7.219168520462161, 7.087462841250339], [6.754887502163468, 6.149747119504682, 5.554588851677638, 5.247927513443585, 4.857980995127572, 4.700439718141093, 6.507794640198696, 7.794415866350106, 8.113742166049189, 8.276124405274238, 8.144658242831882, 8.092757140919852, 7.714245517666122, 7.643856189774724, 8.149747119504681, 7.643856189774724, 7.562242424221073, 7.366322214245816, 7.118941072723508, 7.076815597050831, 7.569855608330948, 7.417852514885898, 7.330916878114617, 7.149747119504682], [6.906890595608519, 6.129283016944966, 5.584962500721156, 5.700439718141093, 4.087462841250339, 5.20945336562895, 5.807354922057604, 7.794415866350106, 8.238404739325079, 8.199672344836364, 7.954196310386875, 8.016808287686555, 7.546894459887636, 7.392317422778761, 7.94251450533924, 8.03342300153745, 7.266786540694901, 7.044394119358453, 6.539158811108031, 7.087462841250339, 7.20945336562895, 7.592457037268081, 7.826548487290915, 7.219168520462161], [7.022367813028454, 6.6293566200796095, 5.954196310386875, 5.247927513443585, 4.906890595608519, 4.643856189774724, 5.906890595608519, 7.366322214245816, 7.876516946564999, 7.643856189774724, 7.693486957499325, 7.700439718141093, 7.285402218862249, 7.339850002884624, 7.531381460516312, 7.159871336778389, 6.94251450533924, 7.20945336562895, 6.906890595608519, 7.098032082960526, 7.330916878114617, 7.066089190457772, 7.0, 6.94251450533924], [6.727920454563199, 6.3750394313469245, 6.321928094887363, 5.459431618637297, 4.392317422778761, 4.906890595608519, 5.643856189774724, 6.754887502163468, 7.434628227636725, 7.622051819456376, 7.400879436282184, 7.257387842692652, 7.266786540694901, 7.483815777264256, 7.434628227636725, 7.169925001442312, 6.768184324776926, 7.0, 6.94251450533924, 6.820178962415188, 7.366322214245816, 7.321928094887363, 7.3750394313469245, 7.348728154231077]]}