{"min": 0, "max": 11.000704269011246, "pieData": [[8.426264754702098, 7.754887502163468, 7.554588851677638, 6.930737337562887, 6.22881869049588, 5.584962500721156, 6.169925001442312, 7.651051691178928, 8.357552004618084, 8.531381460516313, 8.968666793195208, 9.177419537989236, 9.131856960608793, 9.157346935362844, 9.12670447284319, 8.968666793195208, 8.588714635582264, 8.383704292474052, 7.584962500721156, 6.6865005271832185, 8.897845456005511, 9.434628227636725, 9.51175265376738, 9.12670447284319], [8.915879378835774, 8.335390354693924, 7.894817763307944, 7.2761244052742375, 6.169925001442312, 5.954196310386875, 6.554588851677638, 7.622051819456376, 8.471675214392045, 8.791162888555018, 9.090112419664289, 9.407267764244732, 9.379378367071261, 9.30149619498255, 9.192292814470767, 9.121533517340032, 8.927777962082342, 8.632995197142957, 8.179909090014934, 8.734709620225837, 9.266786540694902, 9.326429487122303, 9.407267764244732, 9.134426320220927], [8.778077129535358, 8.321928094887362, 7.857980995127572, 7.066089190457772, 6.066089190457772, 5.614709844115208, 6.20945336562895, 7.303780748177103, 8.51175265376738, 8.573647187493322, 8.839203788096944, 8.98299357469431, 9.005624549193879, 9.152284842306582, 9.197216693110052, 8.997179480937621, 8.794415866350105, 8.459431618637296, 7.9600019320680815, 8.224001674198105, 6.584962500721156, 8.957102041562287, 9.177419537989236, 9.066089190457772], [8.845490050944376, 8.442943495848729, 7.86418614465428, 7.05528243550119, 6.339850002884624, 5.614709844115208, 6.189824558880018, 7.507794640198696, 8.39231742277876, 8.754887502163468, 8.954196310386875, 9.071462362556623, 9.027905996569885, 9.226412192788786, 9.167418145831737, 9.084808387804362, 8.89178370321831, 8.459431618637296, 8.164906926675688, 8.734709620225837, 9.233619676759702, 9.129283016944967, 9.283088353024002, 9.071462362556623], [8.584962500721156, 8.194756854422248, 7.577428828035749, 7.219168520462161, 6.087462841250339, 5.700439718141093, 5.857980995127572, 7.643856189774724, 8.515699838284043, 8.625708843064466, 9.076815597050832, 9.221587121264806, 8.977279923499916, 9.12670447284319, 9.129283016944967, 9.06339508128851, 8.507794640198696, 8.194756854422248, 7.05528243550119, 7.92481250360578, 8.804131021183318, 9.068778277985412, 9.245552706255681, 9.266786540694902], [8.854868383260236, 8.60733031374961, 8.164906926675688, 7.22881869049588, 6.539158811108031, 5.954196310386875, 6.129283016944966, 7.05528243550119, 8.022367813028454, 8.459431618637296, 8.829722735086058, 9.06339508128851, 8.991521846075695, 8.92481250360578, 8.741466986401146, 8.686500527183219, 8.339850002884624, 8.59245703726808, 8.159871336778389, 8.562242424221072, 9.131856960608793, 9.016808287686555, 9.118941072723507, 9.06339508128851], [8.665335917185176, 8.375039431346925, 7.971543553950772, 7.366322214245816, 6.357552004618084, 6.108524456778169, 6.321928094887363, 6.6865005271832185, 7.643856189774724, 7.800899899920305, 8.335390354693924, 8.640244936222345, 8.98299357469431, 8.945443836377912, 8.96289600533726, 9.022367813028454, 8.611024797307353, 8.599912842187127, 8.491853096329674, 8.546894459887637, 9.250298417906333, 9.411510988012072, 9.285402218862249, 9.055282435501189]]}