{"min": 0, "max": 11.000704269011246, "pieData": [[8.233619676759702, 7.768184324776926, 7.383704292474052, 7.22881869049588, 6.6293566200796095, 6.714245517666122, 7.515699838284043, 8.321928094887362, 7.813781191217037, 7.129283016944966, 7.339850002884624, 7.912889336229962, 8.113742166049189, 8.290018846932618, 8.523561956057012, 8.396604781181859, 8.144658242831882, 8.092757140919852, 7.900866807980749, 6.954196310386875, 7.977279923499917, 8.930737337562887, 8.851749041416058, 8.67595703294175], [8.388017285345136, 8.113742166049189, 7.832890014164741, 7.266786540694901, 6.9886846867721655, 6.614709844115208, 7.303780748177103, 8.060695931687555, 7.6653359171851765, 7.2384047393250786, 7.459431618637297, 8.285402218862249, 8.266786540694902, 8.426264754702098, 8.661778097771988, 8.50382573799575, 8.370687406807217, 8.491853096329674, 8.344295907915816, 8.569855608330947, 8.804131021183318, 8.778077129535358, 8.813781191217037, 8.523561956057012], [8.214319120800766, 7.9886846867721655, 7.60733031374961, 7.2761244052742375, 6.807354922057604, 6.3750394313469245, 7.169925001442312, 7.9600019320680815, 7.971543553950772, 7.857980995127572, 7.7073591320808825, 7.965784284662087, 8.060695931687555, 8.344295907915816, 8.361943773735241, 8.312882955284355, 8.199672344836364, 8.405141463136344, 8.113742166049189, 8.238404739325079, 5.882643049361842, 8.700439718141093, 8.523561956057012, 8.515699838284043], [8.330916878114618, 8.071462362556623, 7.546894459887636, 7.330916878114617, 6.954196310386875, 6.491853096329675, 6.977279923499917, 8.060695931687555, 8.011227255423254, 7.6653359171851765, 7.851749041416058, 8.199672344836364, 7.948367231584678, 8.087462841250339, 8.290018846932618, 8.383704292474052, 8.413627929024173, 8.335390354693924, 8.154818109052105, 8.519636252843213, 8.573647187493322, 8.550746785383243, 8.710806433699352, 8.499845887083206], [8.417852514885897, 8.038918989292302, 7.714245517666122, 7.417852514885898, 7.257387842692652, 6.807354922057604, 7.2384047393250786, 7.900866807980749, 7.813781191217037, 7.357552004618084, 7.366322214245816, 8.290018846932618, 8.092757140919852, 8.434628227636725, 8.149747119504681, 8.252665432450248, 8.098032082960527, 8.016808287686555, 7.554588851677638, 8.31741261376487, 8.734709620225837, 8.906890595608518, 8.848622940429339, 8.618385502258606], [8.353146825498083, 8.194756854422248, 8.060695931687555, 7.539158811108031, 7.257387842692652, 6.768184324776926, 7.044394119358453, 7.321928094887363, 7.857980995127572, 7.6865005271832185, 7.86418614465428, 8.0, 7.857980995127572, 8.184875342908283, 8.098032082960527, 8.228818690495881, 7.936637939002571, 8.228818690495881, 8.076815597050832, 8.214319120800766, 8.442943495848729, 8.543031820255237, 8.326429487122303, 8.330916878114618], [8.011227255423254, 8.049848549450562, 7.876516946564999, 7.592457037268081, 7.2384047393250786, 6.700439718141093, 7.0, 7.087462841250339, 7.523561956057013, 7.523561956057013, 7.622051819456376, 7.754887502163468, 8.038918989292302, 8.194756854422248, 8.366322214245816, 8.344295907915816, 8.243173983472952, 8.038918989292302, 8.326429487122303, 8.483815777264256, 8.700439718141093, 8.79766152585376, 8.584962500721156, 8.330916878114618]]}