{"min": 0, "max": 11.000704269011246, "pieData": [[5.087462841250339, 4.087462841250339, 3.4594316186372973, 3.321928094887362, 2.0, 2.321928094887362, 5.882643049361842, 7.754887502163468, 8.257387842692651, 8.388017285345136, 7.787902559391432, 7.86418614465428, 7.820178962415188, 8.027905996569885, 8.098032082960527, 8.257387842692651, 7.800899899920305, 8.076815597050832, 7.622051819456376, 6.20945336562895, 6.965784284662087, 7.700439718141093, 7.60733031374961, 7.118941072723508], [5.554588851677638, 4.584962500721156, 3.169925001442312, 3.321928094887362, 2.584962500721156, 3.4594316186372973, 5.169925001442312, 7.515699838284043, 8.471675214392045, 8.686500527183219, 8.169925001442312, 8.049848549450562, 7.900866807980749, 8.060695931687555, 8.442943495848729, 8.285402218862249, 8.027905996569885, 8.060695931687555, 7.451211111832329, 7.507794640198696, 7.9600019320680815, 7.348728154231077, 7.189824558880018, 6.870364719583405], [5.357552004618084, 4.807354922057604, 4.087462841250339, 2.807354922057604, 3.0, 2.321928094887362, 5.0, 7.400879436282184, 8.247927513443585, 8.330916878114618, 8.124121311829187, 7.768184324776926, 7.813781191217037, 7.954196310386875, 8.113742166049189, 8.08214904135387, 8.022367813028454, 7.774787059601174, 7.087462841250339, 6.614709844115208, 5.426264754702098, 7.554588851677638, 7.1799090900149345, 6.459431618637297], [5.357552004618084, 4.700439718141093, 3.321928094887362, 3.0, 3.0, 2.0, 5.20945336562895, 7.592457037268081, 8.375039431346925, 8.400879436282183, 8.022367813028454, 7.870364719583405, 7.774787059601174, 8.08214904135387, 8.194756854422248, 8.154818109052105, 8.016808287686555, 8.098032082960527, 7.459431618637297, 7.139551352398794, 7.636624620543649, 7.330916878114617, 7.159871336778389, 6.768184324776926], [5.129283016944966, 4.523561956057013, 3.584962500721156, 3.0, 2.0, 2.807354922057604, 4.807354922057604, 7.7073591320808825, 8.194756854422248, 8.451211111832329, 8.066089190457772, 8.055282435501189, 7.832890014164741, 7.9600019320680815, 8.174925682500678, 8.184875342908283, 7.918863237274595, 7.554588851677638, 6.672425341971495, 6.78135971352466, 7.257387842692652, 7.2761244052742375, 7.247927513443585, 6.9886846867721655], [5.906890595608519, 4.954196310386875, 3.4594316186372973, 2.584962500721156, 0.0, 3.321928094887362, 5.426264754702098, 6.977279923499917, 7.807354922057604, 7.257387842692652, 7.383704292474052, 7.011227255423254, 7.066089190457772, 7.03342300153745, 7.139551352398794, 7.098032082960526, 7.219168520462161, 7.459431618637297, 6.894817763307944, 6.894817763307944, 6.954196310386875, 6.845490050944376, 7.087462841250339, 6.3750394313469245], [4.700439718141093, 3.807354922057604, 4.392317422778761, 2.584962500721156, 2.0, 2.0, 4.700439718141093, 5.930737337562887, 6.507794640198696, 6.459431618637297, 6.507794640198696, 6.6293566200796095, 6.554588851677638, 6.94251450533924, 6.832890014164741, 7.108524456778169, 6.569855608330948, 6.954196310386875, 6.832890014164741, 6.7414669864011465, 6.954196310386875, 7.098032082960526, 7.108524456778169, 6.672425341971495]]}