{"min": 0, "max": 11.000704269011246, "pieData": [[6.044394119358453, 4.247927513443585, 4.807354922057604, 4.087462841250339, 3.169925001442312, 3.807354922057604, 5.614709844115208, 6.507794640198696, 6.491853096329675, 7.066089190457772, 7.219168520462161, 7.434628227636725, 6.857980995127572, 7.076815597050831, 7.442943495848728, 7.714245517666122, 7.400879436282184, 7.118941072723508, 6.672425341971495, 5.882643049361842, 6.357552004618084, 6.882643049361842, 7.087462841250339, 6.672425341971495], [6.247927513443585, 5.20945336562895, 4.700439718141093, 3.4594316186372973, 3.169925001442312, 3.321928094887362, 5.643856189774724, 6.266786540694901, 6.672425341971495, 7.400879436282184, 7.330916878114617, 7.348728154231077, 6.820178962415188, 7.0, 7.523561956057013, 7.400879436282184, 7.303780748177103, 7.169925001442312, 7.044394119358453, 6.965784284662087, 6.857980995127572, 7.098032082960526, 6.78135971352466, 6.442943495848728], [5.672425341971495, 5.20945336562895, 5.129283016944966, 2.584962500721156, 3.584962500721156, 3.700439718141092, 5.129283016944966, 6.392317422778761, 6.754887502163468, 7.483815777264256, 7.247927513443585, 7.118941072723508, 6.918863237274595, 6.727920454563199, 7.348728154231077, 7.483815777264256, 7.442943495848728, 6.9886846867721655, 6.459431618637297, 6.807354922057604, 4.584962500721156, 7.076815597050831, 6.882643049361842, 6.491853096329675], [6.149747119504682, 4.954196310386875, 5.0, 3.169925001442312, 3.0, 3.807354922057604, 5.129283016944966, 6.491853096329675, 6.930737337562887, 7.257387842692652, 7.434628227636725, 7.189824558880018, 6.977279923499917, 7.1799090900149345, 7.189824558880018, 7.459431618637297, 7.159871336778389, 6.6865005271832185, 6.599912842187128, 6.392317422778761, 6.6865005271832185, 6.9886846867721655, 6.672425341971495, 6.584962500721156], [6.189824558880018, 5.087462841250339, 4.247927513443585, 4.0, 4.0, 3.807354922057604, 5.392317422778761, 6.599912842187128, 6.894817763307944, 7.515699838284043, 7.348728154231077, 7.03342300153745, 6.820178962415188, 6.930737337562887, 7.400879436282184, 7.569855608330948, 7.417852514885898, 7.118941072723508, 6.426264754702098, 6.491853096329675, 6.832890014164741, 6.714245517666122, 7.011227255423254, 6.339850002884624], [6.108524456778169, 5.584962500721156, 4.954196310386875, 4.857980995127572, 3.169925001442312, 3.321928094887362, 5.882643049361842, 6.169925001442312, 6.9886846867721655, 6.700439718141093, 6.857980995127572, 7.022367813028454, 6.658211482751795, 6.392317422778761, 6.491853096329675, 6.426264754702098, 6.7414669864011465, 6.584962500721156, 6.426264754702098, 6.266786540694901, 6.022367813028454, 6.426264754702098, 6.357552004618084, 6.129283016944966], [6.149747119504682, 5.247927513443585, 5.044394119358453, 3.9068905956085187, 3.321928094887362, 3.4594316186372973, 4.807354922057604, 5.459431618637297, 6.169925001442312, 6.409390936137702, 6.266786540694901, 6.20945336562895, 6.357552004618084, 6.409390936137702, 7.022367813028454, 6.965784284662087, 6.459431618637297, 6.584962500721156, 6.539158811108031, 6.459431618637297, 6.426264754702098, 6.409390936137702, 6.3750394313469245, 5.882643049361842]]}