{"min": 0, "max": 11.000704269011246, "pieData": [[7.651051691178928, 7.1799090900149345, 6.906890595608519, 6.339850002884624, 5.044394119358453, 4.906890595608519, 5.672425341971495, 7.6293566200796095, 9.271463027904375, 9.303780748177102, 8.761551232444479, 8.813781191217037, 8.625708843064466, 8.707359132080883, 8.945443836377912, 8.804131021183318, 8.51175265376738, 8.366322214245816, 8.044394119358454, 7.044394119358453, 8.076815597050832, 8.731319031025064, 8.879583249612784, 8.665335917185176], [8.174925682500678, 7.636624620543649, 6.977279923499917, 6.22881869049588, 5.129283016944966, 3.807354922057604, 5.426264754702098, 7.507794640198696, 9.375039431346925, 9.430452551665532, 8.994353436858859, 9.066089190457772, 8.696967526234287, 8.823367240046235, 9.121533517340032, 9.118941072723507, 8.89178370321831, 8.74819284958946, 8.581200581924957, 8.74819284958946, 8.539158811108031, 8.614709844115207, 8.839203788096944, 8.396604781181859], [7.906890595608519, 7.366322214245816, 6.569855608330948, 6.285402218862249, 4.584962500721156, 2.807354922057604, 5.643856189774724, 7.2761244052742375, 9.187352073200497, 9.224001674198105, 8.744833837499545, 8.727920454563199, 8.519636252843213, 8.686500527183219, 8.909893083770042, 9.016808287686555, 8.558420713268664, 8.31741261376487, 8.271463027904375, 8.479780264029099, 6.169925001442312, 8.527477006060396, 8.710806433699352, 8.20945336562895], [8.321928094887362, 7.734709620225838, 7.459431618637297, 6.392317422778761, 4.857980995127572, 4.392317422778761, 5.426264754702098, 7.599912842187128, 9.461479447286155, 9.296916206879288, 9.005624549193879, 8.897845456005511, 8.388017285345136, 8.957102041562287, 9.144658242831882, 9.131856960608793, 8.76487159073609, 8.813781191217037, 8.348728154231077, 8.751544059089099, 8.842350343413807, 8.67595703294175, 8.703903573444663, 8.581200581924957], [8.294620748891628, 7.977279923499917, 7.108524456778169, 6.459431618637297, 5.321928094887363, 4.392317422778761, 5.169925001442312, 7.658211482751795, 9.442943495848729, 9.18239435340453, 8.927777962082342, 8.731319031025064, 8.422064766172813, 8.63662462054365, 8.98584193700334, 8.794415866350105, 8.353146825498083, 8.092757140919852, 7.700439718141093, 8.451211111832329, 8.734709620225837, 8.73809225962049, 9.139551352398794, 8.939579214314692], [8.731319031025064, 8.546894459887637, 8.149747119504681, 7.400879436282184, 6.820178962415188, 6.129283016944966, 5.614709844115208, 6.658211482751795, 7.936637939002571, 7.727920454563199, 7.592457037268081, 7.845490050944376, 7.954196310386875, 8.055282435501189, 8.108524456778168, 7.894817763307944, 7.7073591320808825, 8.144658242831882, 8.139551352398794, 8.103287808412022, 8.159871336778389, 8.581200581924957, 8.546894459887637, 8.618385502258606], [8.483815777264256, 8.08214904135387, 8.087462841250339, 7.022367813028454, 6.754887502163468, 6.129283016944966, 4.954196310386875, 5.614709844115208, 7.2761244052742375, 7.303780748177103, 7.303780748177103, 7.499845887083206, 7.86418614465428, 8.022367813028454, 7.636624620543649, 7.727920454563199, 7.6653359171851765, 7.954196310386875, 8.060695931687555, 7.78135971352466, 8.366322214245816, 8.330916878114618, 8.417852514885897, 8.361943773735241]]}