{"min": 0, "max": 11.000704269011246, "pieData": [[6.894817763307944, 6.672425341971495, 6.409390936137702, 5.426264754702098, 5.392317422778761, 5.169925001442312, 7.011227255423254, 7.257387842692652, 7.076815597050831, 6.643856189774724, 6.442943495848728, 6.794415866350106, 6.807354922057604, 7.169925001442312, 7.257387842692652, 7.087462841250339, 7.1799090900149345, 7.312882955284356, 7.321928094887363, 5.672425341971495, 6.954196310386875, 7.832890014164741, 7.599912842187128, 7.451211111832329], [7.011227255423254, 6.426264754702098, 6.409390936137702, 5.727920454563199, 5.977279923499917, 5.700439718141093, 6.714245517666122, 7.3750394313469245, 7.087462841250339, 6.714245517666122, 6.845490050944376, 6.954196310386875, 7.076815597050831, 7.20945336562895, 7.459431618637297, 7.087462841250339, 7.266786540694901, 7.294620748891627, 7.321928094887363, 7.614709844115208, 7.60733031374961, 7.839203788096944, 7.622051819456376, 7.417852514885898], [6.820178962415188, 6.3750394313469245, 6.491853096329675, 5.832890014164741, 5.700439718141093, 5.491853096329675, 6.807354922057604, 7.189824558880018, 6.977279923499917, 6.820178962415188, 6.918863237274595, 6.94251450533924, 6.977279923499917, 7.066089190457772, 6.807354922057604, 7.149747119504682, 7.066089190457772, 7.451211111832329, 7.0, 6.845490050944376, 5.044394119358453, 7.383704292474052, 7.2384047393250786, 7.087462841250339], [6.78135971352466, 6.7414669864011465, 6.820178962415188, 5.807354922057604, 5.754887502163468, 5.357552004618084, 6.599912842187128, 7.294620748891627, 6.930737337562887, 6.672425341971495, 7.022367813028454, 7.0, 7.076815597050831, 7.22881869049588, 6.918863237274595, 7.219168520462161, 7.0, 7.076815597050831, 7.189824558880018, 7.636624620543649, 7.562242424221073, 7.727920454563199, 7.679480099505446, 7.03342300153745], [7.03342300153745, 6.584962500721156, 6.392317422778761, 5.807354922057604, 5.584962500721156, 4.954196310386875, 6.426264754702098, 7.1799090900149345, 6.977279923499917, 6.857980995127572, 6.857980995127572, 6.94251450533924, 7.011227255423254, 7.392317422778761, 7.199672344836364, 7.219168520462161, 6.954196310386875, 7.03342300153745, 6.658211482751795, 7.434628227636725, 7.562242424221073, 7.679480099505446, 7.459431618637297, 7.285402218862249], [7.149747119504682, 6.459431618637297, 6.794415866350106, 6.672425341971495, 5.614709844115208, 5.459431618637297, 6.20945336562895, 7.03342300153745, 6.6865005271832185, 6.794415866350106, 7.05528243550119, 6.523561956057013, 6.894817763307944, 7.139551352398794, 6.930737337562887, 6.475733430966398, 6.6293566200796095, 6.870364719583405, 7.139551352398794, 7.409390936137702, 7.303780748177103, 7.2761244052742375, 7.03342300153745, 6.954196310386875], [6.554588851677638, 6.78135971352466, 6.22881869049588, 6.087462841250339, 5.672425341971495, 5.832890014164741, 6.169925001442312, 5.882643049361842, 6.357552004618084, 6.149747119504682, 6.247927513443585, 6.523561956057013, 6.700439718141093, 6.918863237274595, 6.954196310386875, 6.672425341971495, 6.672425341971495, 7.011227255423254, 7.330916878114617, 7.499845887083206, 7.577428828035749, 7.491853096329675, 7.357552004618084, 6.906890595608519]]}