{"min": 0, "max": 11.000704269011246, "pieData": [[6.459431618637297, 5.426264754702098, 5.129283016944966, 4.247927513443585, 3.9068905956085187, 4.169925001442312, 6.129283016944966, 6.977279923499917, 7.22881869049588, 7.392317422778761, 7.118941072723508, 7.219168520462161, 7.189824558880018, 7.169925001442312, 7.467605550082998, 7.426264754702098, 7.257387842692652, 7.321928094887363, 7.348728154231077, 5.672425341971495, 6.658211482751795, 7.584962500721156, 7.409390936137702, 7.219168520462161], [6.442943495848728, 5.807354922057604, 5.169925001442312, 4.807354922057604, 4.523561956057013, 4.247927513443585, 5.129283016944966, 6.977279923499917, 7.409390936137702, 7.813781191217037, 7.022367813028454, 7.1799090900149345, 7.03342300153745, 7.2384047393250786, 7.219168520462161, 7.219168520462161, 7.2384047393250786, 7.139551352398794, 7.022367813028454, 7.169925001442312, 7.483815777264256, 7.774787059601174, 7.108524456778169, 7.108524456778169], [6.20945336562895, 5.459431618637297, 5.0, 4.392317422778761, 4.392317422778761, 3.807354922057604, 5.20945336562895, 6.918863237274595, 7.357552004618084, 7.554588851677638, 7.087462841250339, 6.754887502163468, 6.977279923499917, 7.149747119504682, 7.285402218862249, 7.20945336562895, 6.78135971352466, 7.247927513443585, 6.845490050944376, 7.087462841250339, 4.523561956057013, 7.2761244052742375, 7.475733430966398, 6.930737337562887], [6.189824558880018, 5.491853096329675, 5.087462841250339, 4.392317422778761, 3.584962500721156, 4.0, 4.954196310386875, 6.700439718141093, 7.554588851677638, 7.754887502163468, 7.076815597050831, 7.118941072723508, 6.918863237274595, 7.129283016944966, 7.05528243550119, 7.0, 7.118941072723508, 7.118941072723508, 7.0, 7.066089190457772, 7.515699838284043, 7.257387842692652, 7.321928094887363, 7.169925001442312], [6.285402218862249, 5.807354922057604, 5.426264754702098, 4.459431618637297, 3.9068905956085187, 3.700439718141092, 4.906890595608519, 6.700439718141093, 7.643856189774724, 7.693486957499325, 7.348728154231077, 6.977279923499917, 7.303780748177103, 7.294620748891627, 7.108524456778169, 7.442943495848728, 7.129283016944966, 7.108524456778169, 6.475733430966398, 6.768184324776926, 7.247927513443585, 7.539158811108031, 7.499845887083206, 7.159871336778389], [7.044394119358453, 6.409390936137702, 5.614709844115208, 5.321928094887363, 4.523561956057013, 4.523561956057013, 5.906890595608519, 6.285402218862249, 7.569855608330948, 7.257387842692652, 7.108524456778169, 7.066089190457772, 7.108524456778169, 7.118941072723508, 6.918863237274595, 6.954196310386875, 6.918863237274595, 7.03342300153745, 6.954196310386875, 6.845490050944376, 6.882643049361842, 6.918863237274595, 6.807354922057604, 7.044394119358453], [6.965784284662087, 6.0, 5.459431618637297, 4.523561956057013, 4.906890595608519, 3.807354922057604, 4.584962500721156, 5.392317422778761, 6.643856189774724, 6.714245517666122, 6.965784284662087, 6.754887502163468, 7.03342300153745, 7.149747119504682, 6.754887502163468, 6.977279923499917, 7.03342300153745, 7.285402218862249, 7.129283016944966, 7.022367813028454, 7.22881869049588, 7.1799090900149345, 7.044394119358453, 6.727920454563199]]}