{"min": 0, "max": 11.000704269011246, "pieData": [[4.700439718141093, 3.4594316186372973, 3.700439718141092, 2.584962500721156, 3.700439718141092, 4.754887502163468, 6.169925001442312, 6.357552004618084, 7.03342300153745, 7.199672344836364, 7.087462841250339, 6.882643049361842, 6.930737337562887, 7.087462841250339, 6.700439718141093, 7.108524456778169, 6.894817763307944, 7.0, 6.599912842187128, 5.129283016944966, 5.930737337562887, 5.954196310386875, 5.977279923499917, 5.426264754702098], [4.807354922057604, 3.807354922057604, 3.584962500721156, 2.807354922057604, 3.700439718141092, 5.169925001442312, 5.930737337562887, 6.523561956057013, 6.768184324776926, 6.965784284662087, 7.139551352398794, 6.894817763307944, 7.011227255423254, 6.906890595608519, 6.930737337562887, 7.05528243550119, 6.870364719583405, 7.321928094887363, 6.94251450533924, 6.845490050944376, 6.044394119358453, 6.044394119358453, 5.754887502163468, 5.554588851677638], [4.321928094887363, 3.321928094887362, 2.807354922057604, 3.0, 2.584962500721156, 4.459431618637297, 5.754887502163468, 6.0, 6.906890595608519, 6.977279923499917, 6.894817763307944, 6.845490050944376, 7.011227255423254, 6.6865005271832185, 6.94251450533924, 7.05528243550119, 7.044394119358453, 6.882643049361842, 6.523561956057013, 6.409390936137702, 4.392317422778761, 5.832890014164741, 5.754887502163468, 5.321928094887363], [5.20945336562895, 4.392317422778761, 2.0, 3.321928094887362, 3.0, 4.392317422778761, 5.807354922057604, 6.129283016944966, 6.845490050944376, 6.94251450533924, 6.965784284662087, 6.870364719583405, 6.672425341971495, 6.807354922057604, 7.219168520462161, 7.139551352398794, 6.870364719583405, 6.906890595608519, 7.022367813028454, 6.78135971352466, 6.3750394313469245, 6.044394119358453, 6.189824558880018, 5.807354922057604], [3.584962500721156, 3.700439718141092, 2.807354922057604, 3.321928094887362, 3.9068905956085187, 4.0, 6.087462841250339, 6.569855608330948, 6.94251450533924, 7.20945336562895, 7.044394119358453, 7.03342300153745, 6.539158811108031, 7.011227255423254, 7.266786540694901, 6.930737337562887, 7.20945336562895, 7.247927513443585, 6.285402218862249, 6.475733430966398, 7.044394119358453, 6.066089190457772, 6.022367813028454, 5.321928094887363], [4.807354922057604, 4.392317422778761, 2.807354922057604, 3.584962500721156, 3.807354922057604, 4.906890595608519, 6.044394119358453, 6.882643049361842, 6.714245517666122, 6.3750394313469245, 6.409390936137702, 6.700439718141093, 6.554588851677638, 6.6293566200796095, 6.584962500721156, 6.6293566200796095, 6.523561956057013, 6.459431618637297, 6.714245517666122, 6.321928094887363, 5.977279923499917, 5.954196310386875, 5.807354922057604, 5.247927513443585], [4.643856189774724, 3.4594316186372973, 2.584962500721156, 3.584962500721156, 3.0, 3.807354922057604, 5.584962500721156, 6.169925001442312, 6.303780748177103, 6.442943495848728, 6.087462841250339, 6.569855608330948, 6.614709844115208, 6.754887502163468, 6.442943495848728, 6.882643049361842, 6.672425341971495, 6.794415866350106, 6.6865005271832185, 6.475733430966398, 6.554588851677638, 6.169925001442312, 5.357552004618084, 5.321928094887363]]}