{"min": 0, "max": 11.000704269011246, "pieData": [[5.554588851677638, 4.807354922057604, 4.700439718141093, 3.321928094887362, 2.807354922057604, 3.169925001442312, 5.0, 6.108524456778169, 7.546894459887636, 7.9600019320680815, 7.539158811108031, 7.285402218862249, 6.930737337562887, 6.870364719583405, 7.459431618637297, 7.129283016944966, 7.348728154231077, 7.159871336778389, 6.832890014164741, 5.906890595608519, 6.0, 6.78135971352466, 6.700439718141093, 6.507794640198696], [5.906890595608519, 5.044394119358453, 4.321928094887363, 4.169925001442312, 3.0, 3.584962500721156, 5.0, 6.22881869049588, 7.451211111832329, 8.03342300153745, 7.614709844115208, 7.2384047393250786, 6.768184324776926, 7.312882955284356, 7.266786540694901, 7.491853096329675, 7.339850002884624, 6.658211482751795, 6.977279923499917, 6.9886846867721655, 6.870364719583405, 6.754887502163468, 6.894817763307944, 6.442943495848728], [5.584962500721156, 5.20945336562895, 4.643856189774724, 3.321928094887362, 2.807354922057604, 3.169925001442312, 5.392317422778761, 6.149747119504682, 7.693486957499325, 7.562242424221073, 7.108524456778169, 6.820178962415188, 6.700439718141093, 6.491853096329675, 6.930737337562887, 7.219168520462161, 6.930737337562887, 6.906890595608519, 6.727920454563199, 6.539158811108031, 4.392317422778761, 7.011227255423254, 6.507794640198696, 6.129283016944966], [5.754887502163468, 4.643856189774724, 4.807354922057604, 3.9068905956085187, 4.459431618637297, 3.0, 4.954196310386875, 5.78135971352466, 7.569855608330948, 7.794415866350106, 7.247927513443585, 7.339850002884624, 6.727920454563199, 6.794415866350106, 7.129283016944966, 7.118941072723508, 6.954196310386875, 6.977279923499917, 6.870364719583405, 6.857980995127572, 6.6865005271832185, 6.672425341971495, 6.672425341971495, 6.303780748177103], [5.857980995127572, 5.643856189774724, 4.523561956057013, 4.169925001442312, 2.0, 3.4594316186372973, 4.754887502163468, 6.20945336562895, 7.6293566200796095, 7.832890014164741, 7.339850002884624, 7.098032082960526, 6.554588851677638, 6.857980995127572, 6.965784284662087, 7.189824558880018, 6.918863237274595, 6.882643049361842, 6.475733430966398, 7.03342300153745, 6.727920454563199, 6.507794640198696, 6.78135971352466, 6.475733430966398], [5.930737337562887, 5.523561956057013, 4.754887502163468, 4.169925001442312, 4.169925001442312, 3.321928094887362, 5.357552004618084, 6.3750394313469245, 6.857980995127572, 6.754887502163468, 6.6293566200796095, 6.303780748177103, 6.459431618637297, 6.392317422778761, 6.3750394313469245, 6.129283016944966, 6.321928094887363, 6.0, 6.475733430966398, 5.727920454563199, 6.066089190457772, 6.108524456778169, 6.357552004618084, 6.022367813028454], [5.754887502163468, 5.321928094887363, 5.129283016944966, 5.087462841250339, 3.584962500721156, 2.807354922057604, 4.523561956057013, 5.285402218862249, 5.614709844115208, 6.321928094887363, 5.78135971352466, 6.087462841250339, 5.930737337562887, 5.614709844115208, 5.807354922057604, 6.129283016944966, 5.754887502163468, 5.906890595608519, 6.321928094887363, 6.266786540694901, 6.409390936137702, 6.539158811108031, 6.303780748177103, 5.807354922057604]]}