{"min": 0, "max": 11.000704269011246, "pieData": [[4.857980995127572, 4.087462841250339, 3.4594316186372973, 3.169925001442312, 1.0, 2.807354922057604, 4.247927513443585, 3.700439718141092, 4.906890595608519, 5.285402218862249, 5.459431618637297, 5.20945336562895, 4.807354922057604, 5.523561956057013, 5.169925001442312, 5.321928094887363, 5.554588851677638, 5.459431618637297, 5.169925001442312, 4.247927513443585, 4.459431618637297, 5.700439718141093, 5.807354922057604, 5.643856189774724], [4.857980995127572, 4.643856189774724, 2.584962500721156, 2.321928094887362, 1.584962500721156, 2.584962500721156, 2.584962500721156, 4.087462841250339, 5.321928094887363, 5.727920454563199, 5.491853096329675, 4.954196310386875, 4.807354922057604, 5.491853096329675, 5.247927513443585, 5.285402218862249, 4.954196310386875, 5.087462841250339, 5.169925001442312, 5.169925001442312, 5.357552004618084, 5.491853096329675, 5.643856189774724, 5.426264754702098], [4.906890595608519, 4.169925001442312, 2.321928094887362, 1.584962500721156, 1.584962500721156, 2.0, 2.807354922057604, 3.807354922057604, 5.0, 5.392317422778761, 5.247927513443585, 5.285402218862249, 5.321928094887363, 5.129283016944966, 5.392317422778761, 5.169925001442312, 5.426264754702098, 5.491853096329675, 5.357552004618084, 5.129283016944966, 3.169925001442312, 5.807354922057604, 5.491853096329675, 5.20945336562895], [5.169925001442312, 3.807354922057604, 3.4594316186372973, 3.584962500721156, 2.0, 1.0, 3.169925001442312, 4.459431618637297, 5.087462841250339, 5.584962500721156, 5.087462841250339, 5.357552004618084, 5.357552004618084, 5.643856189774724, 5.584962500721156, 5.357552004618084, 5.321928094887363, 5.459431618637297, 4.954196310386875, 5.491853096329675, 5.584962500721156, 5.523561956057013, 5.832890014164741, 5.672425341971495], [5.285402218862249, 5.044394119358453, 3.9068905956085187, 3.4594316186372973, 2.584962500721156, 2.0, 3.4594316186372973, 4.321928094887363, 4.954196310386875, 5.129283016944966, 5.169925001442312, 5.554588851677638, 4.857980995127572, 5.754887502163468, 6.087462841250339, 5.977279923499917, 5.20945336562895, 5.357552004618084, 5.044394119358453, 3.807354922057604, 5.129283016944966, 5.523561956057013, 5.247927513443585, 5.754887502163468], [4.754887502163468, 4.169925001442312, 4.087462841250339, 2.0, 1.584962500721156, 2.321928094887362, 2.807354922057604, 4.169925001442312, 5.169925001442312, 4.807354922057604, 5.285402218862249, 5.459431618637297, 4.754887502163468, 4.700439718141093, 5.129283016944966, 5.523561956057013, 4.954196310386875, 5.754887502163468, 5.20945336562895, 4.754887502163468, 4.857980995127572, 5.78135971352466, 5.584962500721156, 5.392317422778761], [4.807354922057604, 4.247927513443585, 3.4594316186372973, 2.807354922057604, 2.584962500721156, 1.0, 2.0, 4.247927513443585, 4.523561956057013, 4.247927513443585, 5.129283016944966, 5.169925001442312, 5.357552004618084, 5.129283016944966, 5.523561956057013, 5.169925001442312, 4.700439718141093, 4.754887502163468, 5.087462841250339, 5.129283016944966, 5.426264754702098, 5.20945336562895, 4.906890595608519, 5.044394119358453]]}