{"min": 0, "max": 11.000704269011246, "pieData": [[7.693486957499325, 7.22881869049588, 6.845490050944376, 6.3750394313469245, 5.426264754702098, 5.672425341971495, 6.442943495848728, 7.05528243550119, 6.882643049361842, 7.20945336562895, 7.584962500721156, 7.807354922057604, 7.86418614465428, 7.700439718141093, 7.366322214245816, 7.20945336562895, 6.727920454563199, 6.977279923499917, 6.94251450533924, 6.0, 7.383704292474052, 8.144658242831882, 8.335390354693924, 8.108524456778168], [7.870364719583405, 7.614709844115208, 6.954196310386875, 6.977279923499917, 6.539158811108031, 5.614709844115208, 6.426264754702098, 6.965784284662087, 7.400879436282184, 7.483815777264256, 7.159871336778389, 7.787902559391432, 7.679480099505446, 7.845490050944376, 7.499845887083206, 7.383704292474052, 6.954196310386875, 7.199672344836364, 6.832890014164741, 7.693486957499325, 7.977279923499917, 8.179909090014934, 8.280770770130603, 8.011227255423254], [7.451211111832329, 7.189824558880018, 6.794415866350106, 6.554588851677638, 5.672425341971495, 5.491853096329675, 6.087462841250339, 6.584962500721156, 7.434628227636725, 7.20945336562895, 7.2761244052742375, 7.515699838284043, 7.515699838284043, 7.6865005271832185, 7.247927513443585, 7.285402218862249, 7.139551352398794, 7.257387842692652, 6.954196310386875, 7.22881869049588, 4.459431618637297, 7.92481250360578, 8.038918989292302, 7.94251450533924], [7.7481928495894605, 7.459431618637297, 7.2761244052742375, 6.700439718141093, 6.022367813028454, 5.614709844115208, 6.129283016944966, 6.794415866350106, 7.312882955284356, 7.499845887083206, 7.2761244052742375, 7.614709844115208, 7.366322214245816, 7.592457037268081, 7.451211111832329, 7.294620748891627, 7.139551352398794, 7.108524456778169, 7.098032082960526, 7.658211482751795, 7.839203788096944, 7.820178962415188, 8.066089190457772, 7.882643049361842], [7.9600019320680815, 7.679480099505446, 7.400879436282184, 6.754887502163468, 5.857980995127572, 5.754887502163468, 5.832890014164741, 6.643856189774724, 7.129283016944966, 7.257387842692652, 7.2761244052742375, 7.03342300153745, 7.139551352398794, 7.467605550082998, 7.20945336562895, 7.044394119358453, 6.870364719583405, 7.0, 6.658211482751795, 7.294620748891627, 8.066089190457772, 7.9600019320680815, 8.03342300153745, 8.08214904135387], [7.592457037268081, 7.592457037268081, 7.451211111832329, 7.011227255423254, 6.303780748177103, 5.523561956057013, 5.727920454563199, 6.266786540694901, 6.807354922057604, 7.348728154231077, 7.491853096329675, 7.2761244052742375, 7.257387842692652, 7.434628227636725, 7.22881869049588, 7.219168520462161, 6.78135971352466, 6.9886846867721655, 7.066089190457772, 7.562242424221073, 7.569855608330948, 7.870364719583405, 7.930737337562887, 7.768184324776926], [7.483815777264256, 7.392317422778761, 7.312882955284356, 6.754887502163468, 6.0, 6.22881869049588, 5.906890595608519, 5.954196310386875, 6.614709844115208, 6.794415866350106, 7.139551352398794, 7.539158811108031, 7.383704292474052, 7.392317422778761, 7.383704292474052, 7.294620748891627, 6.845490050944376, 6.727920454563199, 7.159871336778389, 7.693486957499325, 8.129283016944967, 8.134426320220927, 8.219168520462162, 8.113742166049189]]}