{"min": 0, "max": 11.000704269011246, "pieData": [[3.9068905956085187, 2.584962500721156, 1.0, 1.0, 1.584962500721156, 2.0, 2.321928094887362, 3.4594316186372973, 3.0, 4.169925001442312, 3.321928094887362, 3.807354922057604, 3.700439718141092, 3.9068905956085187, 3.807354922057604, 4.087462841250339, 3.700439718141092, 2.0, 3.807354922057604, 2.0, 3.321928094887362, 3.321928094887362, 3.807354922057604, 2.807354922057604], [1.584962500721156, 1.0, 2.0, 1.0, 1.0, 0.0, 0.0, 3.321928094887362, 2.807354922057604, 4.247927513443585, 4.087462841250339, 4.087462841250339, 3.169925001442312, 4.087462841250339, 4.0, 3.700439718141092, 3.169925001442312, 3.0, 3.321928094887362, 4.087462841250339, 3.584962500721156, 3.807354922057604, 3.0, 3.4594316186372973], [3.700439718141092, 2.321928094887362, 2.0, 0.0, 0.0, 1.0, 1.0, 3.0, 3.700439718141092, 3.9068905956085187, 3.0, 2.807354922057604, 2.807354922057604, 3.584962500721156, 4.247927513443585, 2.584962500721156, 3.169925001442312, 3.321928094887362, 3.584962500721156, 4.087462841250339, 1.0, 3.9068905956085187, 3.169925001442312, 3.807354922057604], [2.584962500721156, 1.0, 1.0, 0.0, 0.0, 0.0, 1.0, 3.4594316186372973, 3.700439718141092, 3.807354922057604, 3.4594316186372973, 3.700439718141092, 3.321928094887362, 4.087462841250339, 3.584962500721156, 3.700439718141092, 3.4594316186372973, 3.9068905956085187, 3.321928094887362, 4.392317422778761, 3.4594316186372973, 3.4594316186372973, 3.321928094887362, 3.700439718141092], [3.0, 0.0, 2.321928094887362, 1.584962500721156, 1.584962500721156, 0.0, 2.321928094887362, 3.4594316186372973, 3.807354922057604, 4.247927513443585, 4.700439718141093, 3.9068905956085187, 3.584962500721156, 4.392317422778761, 4.169925001442312, 4.459431618637297, 4.700439718141093, 4.321928094887363, 3.4594316186372973, 3.584962500721156, 3.9068905956085187, 2.807354922057604, 4.392317422778761, 4.754887502163468], [4.247927513443585, 2.0, 2.807354922057604, 1.584962500721156, 0.0, 1.584962500721156, 2.0, 3.321928094887362, 3.9068905956085187, 4.0, 4.523561956057013, 4.584962500721156, 3.9068905956085187, 4.0, 4.643856189774724, 4.321928094887363, 4.0, 4.392317422778761, 3.0, 4.087462841250339, 3.700439718141092, 3.169925001442312, 2.807354922057604, 3.0], [3.584962500721156, 2.807354922057604, 0.0, 1.0, 1.0, 1.0, 2.807354922057604, 2.584962500721156, 3.700439718141092, 3.807354922057604, 4.321928094887363, 4.459431618637297, 4.643856189774724, 4.0, 4.643856189774724, 4.392317422778761, 3.584962500721156, 5.0, 4.523561956057013, 4.906890595608519, 4.700439718141093, 5.129283016944966, 4.321928094887363, 3.700439718141092]]}