{"min": 0, "max": 11.000704269011246, "pieData": [[9.45532722030456, 9.350939181546432, 8.45532722030456, 8.038918989292302, 7.727920454563199, 8.353146825498083, 9.092757140919852, 9.665335917185176, 9.471675214392045, 9.264442600226602, 9.098032082960527, 8.876516946565, 8.643856189774725, 8.842350343413807, 8.73809225962049, 8.813781191217037, 8.658211482751796, 8.64745842645492, 8.813781191217037, 7.6293566200796095, 8.308339030139408, 9.339850002884624, 9.388017285345136, 9.681238411777805], [9.560332834212442, 9.405141463136344, 8.679480099505446, 8.113742166049189, 7.857980995127572, 8.118941072723507, 8.851749041416058, 9.328674927327947, 9.333155350310616, 9.250298417906333, 9.038918989292302, 8.717676423066397, 8.734709620225837, 8.876516946565, 8.912889336229961, 8.939579214314692, 8.89178370321831, 8.909893083770042, 8.807354922057604, 9.430452551665532, 9.214319120800766, 9.271463027904375, 9.432541900388259, 9.634811050171718], [9.51175265376738, 9.3151495622563, 8.59618975614441, 8.164906926675688, 7.7615512324444795, 7.971543553950772, 8.507794640198696, 9.113742166049189, 9.12670447284319, 9.162391328756906, 8.632995197142957, 8.643856189774725, 8.515699838284043, 8.73809225962049, 8.751544059089099, 8.804131021183318, 8.800899899920305, 8.867278739709661, 8.507794640198696, 8.894817763307943, 6.507794640198696, 9.0, 9.087462841250339, 9.364134655008051], [9.672425341971495, 9.398743691938193, 8.487840033823051, 8.252665432450248, 7.930737337562887, 7.9600019320680815, 8.546894459887637, 9.271463027904375, 9.245552706255681, 9.179909090014934, 8.823367240046235, 8.527477006060396, 8.535275376620802, 8.820178962415188, 8.800899899920305, 8.661778097771988, 8.703903573444663, 8.686500527183219, 9.0, 9.312882955284355, 9.187352073200497, 9.224001674198105, 9.428360172704291, 9.700439718141093], [9.831307243802051, 9.766528908598865, 9.211888294546004, 8.73809225962049, 8.339850002884624, 8.335390354693924, 8.426264754702098, 8.909893083770042, 8.845490050944376, 8.83605035505807, 8.640244936222345, 8.839203788096944, 8.640244936222345, 8.939579214314692, 9.057991722759176, 8.744833837499545, 8.672425341971495, 8.693486957499324, 8.405141463136344, 8.92481250360578, 9.06339508128851, 9.134426320220927, 9.556506054671928, 9.667111542075027], [9.5980525001616, 9.445014845868423, 8.948367231584678, 8.519636252843213, 7.918863237274595, 8.271463027904375, 8.330916878114618, 8.758223214726724, 8.81698362325538, 8.774787059601174, 8.625708843064466, 8.625708843064466, 8.539158811108031, 8.581200581924957, 8.72451385311995, 8.693486957499324, 8.727920454563199, 8.679480099505446, 8.76487159073609, 9.019590728357882, 9.038918989292302, 9.149747119504681, 9.379378367071261, 9.49585502688717], [9.72451385311995, 9.552669097514272, 9.041659151637214, 8.543031820255237, 8.39231742277876, 8.129283016944967, 8.076815597050832, 8.353146825498083, 8.447083226209653, 8.243173983472952, 8.294620748891628, 8.400879436282183, 8.527477006060396, 8.603626344986193, 8.7714894695006, 8.682994583681683, 8.89178370321831, 8.791162888555018, 8.787902559391432, 9.084808387804362, 9.447083226209653, 9.663558104217273, 9.896332403909941, 9.834471049984222]]}