{"min": 0, "max": 11.000704269011246, "pieData": [[6.066089190457772, 5.20945336562895, 4.392317422778761, 3.700439718141092, 3.321928094887362, 4.459431618637297, 4.857980995127572, 5.426264754702098, 6.247927513443585, 6.554588851677638, 6.807354922057604, 6.794415866350106, 6.954196310386875, 6.820178962415188, 6.894817763307944, 6.9886846867721655, 6.832890014164741, 6.807354922057604, 6.3750394313469245, 5.882643049361842, 6.247927513443585, 7.149747119504682, 6.807354922057604, 6.727920454563199], [5.977279923499917, 5.523561956057013, 4.954196310386875, 4.169925001442312, 4.087462841250339, 4.0, 5.614709844115208, 5.357552004618084, 6.285402218862249, 6.491853096329675, 6.930737337562887, 6.870364719583405, 6.768184324776926, 6.6865005271832185, 7.108524456778169, 7.05528243550119, 6.845490050944376, 6.491853096329675, 6.22881869049588, 6.768184324776926, 6.977279923499917, 6.906890595608519, 6.845490050944376, 6.442943495848728], [5.727920454563199, 5.491853096329675, 5.20945336562895, 3.169925001442312, 3.4594316186372973, 3.584962500721156, 4.954196310386875, 5.459431618637297, 6.442943495848728, 6.658211482751795, 6.918863237274595, 6.857980995127572, 6.882643049361842, 6.807354922057604, 6.857980995127572, 6.614709844115208, 6.409390936137702, 6.409390936137702, 6.303780748177103, 6.20945336562895, 4.247927513443585, 6.930737337562887, 6.599912842187128, 5.954196310386875], [5.807354922057604, 5.247927513443585, 4.754887502163468, 4.392317422778761, 2.807354922057604, 4.0, 3.4594316186372973, 5.754887502163468, 6.507794640198696, 6.599912842187128, 6.845490050944376, 6.303780748177103, 6.599912842187128, 6.459431618637297, 6.918863237274595, 6.845490050944376, 6.523561956057013, 7.022367813028454, 6.266786540694901, 6.491853096329675, 6.459431618637297, 7.0, 6.643856189774724, 6.129283016944966], [5.392317422778761, 5.169925001442312, 4.906890595608519, 4.807354922057604, 3.584962500721156, 4.247927513443585, 4.954196310386875, 5.832890014164741, 6.409390936137702, 6.658211482751795, 6.768184324776926, 6.6293566200796095, 6.6293566200796095, 6.768184324776926, 6.807354922057604, 7.139551352398794, 7.03342300153745, 6.554588851677638, 6.022367813028454, 6.22881869049588, 6.807354922057604, 7.03342300153745, 6.6865005271832185, 6.807354922057604], [6.6865005271832185, 5.977279923499917, 5.426264754702098, 5.357552004618084, 4.523561956057013, 3.700439718141092, 4.954196310386875, 5.727920454563199, 6.3750394313469245, 6.426264754702098, 6.475733430966398, 6.491853096329675, 6.523561956057013, 6.409390936137702, 6.491853096329675, 6.20945336562895, 6.129283016944966, 6.554588851677638, 6.0, 6.507794640198696, 6.247927513443585, 6.658211482751795, 6.857980995127572, 6.303780748177103], [6.3750394313469245, 5.832890014164741, 5.426264754702098, 4.321928094887363, 3.700439718141092, 3.169925001442312, 3.169925001442312, 5.285402218862249, 5.554588851677638, 6.108524456778169, 6.0, 6.321928094887363, 6.426264754702098, 6.339850002884624, 6.523561956057013, 6.475733430966398, 6.303780748177103, 6.475733430966398, 6.022367813028454, 6.3750394313469245, 6.22881869049588, 6.339850002884624, 6.392317422778761, 6.169925001442312]]}