{"min": 0, "max": 11.000704269011246, "pieData": [[5.087462841250339, 4.643856189774724, 3.807354922057604, 2.807354922057604, 1.584962500721156, 3.169925001442312, 7.0, 7.994353436858858, 8.233619676759702, 8.558420713268664, 8.451211111832329, 8.049848549450562, 7.9886846867721655, 8.139551352398794, 8.103287808412022, 7.86418614465428, 7.870364719583405, 7.857980995127572, 7.569855608330948, 6.6865005271832185, 7.442943495848728, 7.965784284662087, 7.05528243550119, 5.727920454563199], [5.20945336562895, 5.044394119358453, 4.321928094887363, 3.584962500721156, 2.807354922057604, 3.4594316186372973, 6.247927513443585, 7.693486957499325, 8.044394119358454, 8.689997971419446, 8.214319120800766, 8.098032082960527, 8.154818109052105, 7.86418614465428, 8.214319120800766, 8.124121311829187, 7.636624620543649, 8.308339030139408, 7.78135971352466, 8.326429487122303, 8.129283016944967, 7.965784284662087, 7.515699838284043, 5.906890595608519], [4.906890595608519, 4.700439718141093, 4.523561956057013, 3.4594316186372973, 2.584962500721156, 2.807354922057604, 6.169925001442312, 7.614709844115208, 8.189824558880018, 8.479780264029099, 8.169925001442312, 8.022367813028454, 7.700439718141093, 7.906890595608519, 8.038918989292302, 7.894817763307944, 7.832890014164741, 7.965784284662087, 7.7073591320808825, 7.936637939002571, 5.807354922057604, 7.936637939002571, 7.266786540694901, 5.614709844115208], [5.169925001442312, 4.523561956057013, 4.643856189774724, 3.807354922057604, 2.584962500721156, 2.807354922057604, 6.285402218862249, 7.845490050944376, 8.326429487122303, 8.654636028527968, 8.383704292474052, 7.7073591320808825, 7.870364719583405, 8.149747119504681, 8.087462841250339, 8.0, 7.900866807980749, 8.184875342908283, 7.857980995127572, 8.312882955284355, 8.219168520462162, 8.252665432450248, 7.348728154231077, 5.857980995127572], [5.321928094887363, 5.044394119358453, 3.807354922057604, 3.807354922057604, 3.700439718141092, 3.9068905956085187, 6.643856189774724, 7.491853096329675, 7.409390936137702, 6.820178962415188, 7.417852514885898, 7.948367231584678, 7.888743248898259, 7.888743248898259, 7.86418614465428, 7.9600019320680815, 7.643856189774724, 7.820178962415188, 7.475733430966398, 8.066089190457772, 8.224001674198105, 7.971543553950772, 7.257387842692652, 5.857980995127572], [5.129283016944966, 5.0, 4.584962500721156, 3.9068905956085187, 3.169925001442312, 2.807354922057604, 6.266786540694901, 7.459431618637297, 7.894817763307944, 8.233619676759702, 8.335390354693924, 8.194756854422248, 7.912889336229962, 7.930737337562887, 7.9886846867721655, 8.011227255423254, 7.826548487290915, 7.807354922057604, 7.832890014164741, 7.876516946564999, 7.894817763307944, 7.918863237274595, 7.3750394313469245, 5.357552004618084], [5.044394119358453, 4.857980995127572, 4.392317422778761, 3.169925001442312, 3.807354922057604, 3.169925001442312, 5.459431618637297, 6.820178962415188, 7.584962500721156, 7.870364719583405, 7.826548487290915, 7.807354922057604, 7.894817763307944, 7.994353436858858, 7.954196310386875, 8.169925001442312, 7.679480099505446, 8.154818109052105, 7.800899899920305, 8.194756854422248, 8.558420713268664, 8.515699838284043, 7.531381460516312, 5.321928094887363]]}