{"min": 0, "max": 11.000704269011246, "pieData": [[6.22881869049588, 6.066089190457772, 5.321928094887363, 4.169925001442312, 3.9068905956085187, 3.584962500721156, 6.339850002884624, 7.584962500721156, 7.768184324776926, 7.6865005271832185, 7.294620748891627, 7.285402218862249, 7.257387842692652, 7.392317422778761, 7.285402218862249, 7.1799090900149345, 7.098032082960526, 7.098032082960526, 7.247927513443585, 6.392317422778761, 7.339850002884624, 7.7615512324444795, 7.451211111832329, 7.169925001442312], [6.643856189774724, 6.087462841250339, 5.087462841250339, 3.584962500721156, 4.584962500721156, 4.807354922057604, 5.614709844115208, 7.2384047393250786, 7.820178962415188, 7.912889336229962, 7.266786540694901, 7.139551352398794, 7.169925001442312, 7.330916878114617, 7.257387842692652, 7.22881869049588, 7.22881869049588, 7.7073591320808825, 7.6293566200796095, 7.800899899920305, 7.546894459887636, 7.700439718141093, 7.546894459887636, 7.044394119358453], [6.539158811108031, 5.832890014164741, 5.357552004618084, 4.321928094887363, 4.643856189774724, 4.754887502163468, 5.700439718141093, 7.357552004618084, 7.614709844115208, 7.577428828035749, 7.011227255423254, 6.930737337562887, 7.1799090900149345, 7.357552004618084, 7.392317422778761, 7.066089190457772, 7.2761244052742375, 7.219168520462161, 7.539158811108031, 7.467605550082998, 5.129283016944966, 7.129283016944966, 7.076815597050831, 6.882643049361842], [6.539158811108031, 5.554588851677638, 5.523561956057013, 5.044394119358453, 4.459431618637297, 4.392317422778761, 5.78135971352466, 7.475733430966398, 7.693486957499325, 7.768184324776926, 7.400879436282184, 7.199672344836364, 7.219168520462161, 7.584962500721156, 7.257387842692652, 7.434628227636725, 7.285402218862249, 7.531381460516312, 7.700439718141093, 7.6865005271832185, 7.6865005271832185, 7.539158811108031, 7.339850002884624, 7.219168520462161], [6.78135971352466, 5.882643049361842, 5.954196310386875, 4.700439718141093, 4.0, 4.392317422778761, 5.930737337562887, 7.303780748177103, 7.442943495848728, 7.515699838284043, 7.554588851677638, 7.247927513443585, 7.169925001442312, 7.2384047393250786, 7.266786540694901, 7.266786540694901, 7.247927513443585, 7.636624620543649, 7.257387842692652, 7.7615512324444795, 7.467605550082998, 7.409390936137702, 7.531381460516312, 7.022367813028454], [6.700439718141093, 6.285402218862249, 6.022367813028454, 5.643856189774724, 4.700439718141093, 4.643856189774724, 5.285402218862249, 6.7414669864011465, 7.129283016944966, 7.339850002884624, 7.303780748177103, 6.9886846867721655, 6.714245517666122, 7.011227255423254, 7.0, 6.820178962415188, 6.954196310386875, 7.108524456778169, 7.022367813028454, 7.066089190457772, 7.087462841250339, 6.906890595608519, 7.149747119504682, 6.700439718141093], [6.539158811108031, 6.339850002884624, 5.930737337562887, 5.459431618637297, 4.906890595608519, 4.0, 5.247927513443585, 6.247927513443585, 6.392317422778761, 6.807354922057604, 6.599912842187128, 6.658211482751795, 6.820178962415188, 6.754887502163468, 7.05528243550119, 7.219168520462161, 6.906890595608519, 7.189824558880018, 7.247927513443585, 7.219168520462161, 7.303780748177103, 7.3750394313469245, 7.357552004618084, 6.807354922057604]]}