{"min": 0, "max": 11.000704269011246, "pieData": [[6.066089190457772, 5.700439718141093, 4.700439718141093, 3.9068905956085187, 3.4594316186372973, 3.700439718141092, 5.044394119358453, 5.426264754702098, 5.78135971352466, 5.727920454563199, 6.189824558880018, 6.658211482751795, 6.832890014164741, 6.599912842187128, 6.754887502163468, 6.9886846867721655, 6.700439718141093, 6.94251450533924, 6.599912842187128, 5.754887502163468, 6.700439718141093, 7.6293566200796095, 7.20945336562895, 6.539158811108031], [6.22881869049588, 5.614709844115208, 4.643856189774724, 3.4594316186372973, 3.4594316186372973, 3.4594316186372973, 4.857980995127572, 5.491853096329675, 5.882643049361842, 6.087462841250339, 6.714245517666122, 6.807354922057604, 6.94251450533924, 6.918863237274595, 6.807354922057604, 6.894817763307944, 6.672425341971495, 7.03342300153745, 6.9886846867721655, 7.257387842692652, 7.409390936137702, 7.614709844115208, 7.189824558880018, 6.754887502163468], [5.754887502163468, 5.727920454563199, 5.0, 4.169925001442312, 3.807354922057604, 3.321928094887362, 4.459431618637297, 5.584962500721156, 5.20945336562895, 6.108524456778169, 6.523561956057013, 6.614709844115208, 6.820178962415188, 6.584962500721156, 6.523561956057013, 6.6293566200796095, 6.321928094887363, 6.599912842187128, 6.442943495848728, 6.285402218862249, 4.643856189774724, 7.159871336778389, 7.087462841250339, 6.714245517666122], [6.108524456778169, 5.426264754702098, 4.392317422778761, 3.9068905956085187, 3.169925001442312, 3.584962500721156, 4.857980995127572, 5.754887502163468, 5.700439718141093, 5.906890595608519, 6.339850002884624, 6.672425341971495, 6.569855608330948, 6.459431618637297, 6.714245517666122, 6.700439718141093, 6.658211482751795, 7.011227255423254, 6.672425341971495, 6.977279923499917, 7.05528243550119, 7.417852514885898, 7.0, 6.714245517666122], [6.087462841250339, 5.754887502163468, 4.643856189774724, 4.247927513443585, 4.087462841250339, 3.700439718141092, 4.584962500721156, 5.78135971352466, 5.643856189774724, 6.189824558880018, 6.3750394313469245, 7.022367813028454, 6.906890595608519, 7.066089190457772, 7.2761244052742375, 7.129283016944966, 6.794415866350106, 7.05528243550119, 6.507794640198696, 6.845490050944376, 7.400879436282184, 7.7414669864011465, 7.523561956057013, 6.965784284662087], [6.569855608330948, 6.149747119504682, 5.954196310386875, 4.954196310386875, 3.9068905956085187, 4.459431618637297, 4.954196310386875, 5.523561956057013, 6.554588851677638, 6.584962500721156, 7.03342300153745, 7.098032082960526, 6.9886846867721655, 7.022367813028454, 7.1799090900149345, 6.94251450533924, 7.20945336562895, 6.930737337562887, 7.129283016944966, 7.22881869049588, 7.076815597050831, 7.129283016944966, 6.894817763307944, 6.614709844115208], [6.066089190457772, 5.754887502163468, 5.321928094887363, 4.584962500721156, 3.321928094887362, 3.169925001442312, 4.700439718141093, 5.392317422778761, 5.643856189774724, 6.129283016944966, 6.643856189774724, 6.9886846867721655, 6.857980995127572, 6.977279923499917, 7.066089190457772, 7.159871336778389, 6.870364719583405, 7.098032082960526, 6.672425341971495, 7.0, 7.22881869049588, 7.321928094887363, 6.954196310386875, 6.321928094887363]]}