{"min": 0, "max": 11.791569912126878, "pieData": [[3.700439718141092, 3.4594316186372973, 0.0, 1.0, 2.0, 0.0, 2.584962500721156, 3.584962500721156, 4.954196310386875, 5.426264754702098, 5.700439718141093, 4.321928094887363, 4.584962500721156, 4.643856189774724, 4.169925001442312, 4.643856189774724, 4.857980995127572, 5.044394119358453, 4.169925001442312, 4.0, 3.4594316186372973, 4.321928094887363, 4.392317422778761, 3.584962500721156], [2.807354922057604, 2.321928094887362, 3.0, 1.584962500721156, 1.0, 0.0, 3.321928094887362, 4.0, 4.954196310386875, 4.459431618637297, 4.523561956057013, 4.857980995127572, 4.754887502163468, 5.169925001442312, 4.247927513443585, 3.0, 4.584962500721156, 4.700439718141093, 4.700439718141093, 4.523561956057013, 4.392317422778761, 4.392317422778761, 4.169925001442312, 4.169925001442312], [3.4594316186372973, 2.807354922057604, 1.584962500721156, 2.584962500721156, 1.0, 2.0, 2.321928094887362, 3.169925001442312, 4.321928094887363, 4.584962500721156, 4.584962500721156, 3.700439718141092, 4.321928094887363, 4.321928094887363, 5.321928094887363, 4.700439718141093, 4.392317422778761, 4.087462841250339, 5.044394119358453, 3.700439718141092, 1.584962500721156, 4.459431618637297, 3.807354922057604, 4.321928094887363], [3.321928094887362, 4.087462841250339, 3.0, 2.807354922057604, 3.321928094887362, 1.584962500721156, 3.4594316186372973, 3.9068905956085187, 4.643856189774724, 4.954196310386875, 5.129283016944966, 4.584962500721156, 3.584962500721156, 4.523561956057013, 4.700439718141093, 4.087462841250339, 4.321928094887363, 4.392317422778761, 4.459431618637297, 2.584962500721156, 4.459431618637297, 4.523561956057013, 4.584962500721156, 3.9068905956085187], [3.169925001442312, 3.4594316186372973, 2.584962500721156, 2.321928094887362, 1.0, 1.584962500721156, 3.169925001442312, 4.087462841250339, 3.807354922057604, 5.20945336562895, 4.954196310386875, 4.807354922057604, 3.807354922057604, 4.0, 4.169925001442312, 4.906890595608519, 4.087462841250339, 4.906890595608519, 4.584962500721156, 5.285402218862249, 4.643856189774724, 4.754887502163468, 4.321928094887363, 3.321928094887362], [3.321928094887362, 4.087462841250339, 3.169925001442312, 1.584962500721156, 1.584962500721156, 2.321928094887362, 0.0, 3.9068905956085187, 3.4594316186372973, 4.087462841250339, 4.643856189774724, 4.0, 4.857980995127572, 4.247927513443585, 4.754887502163468, 4.0, 3.700439718141092, 4.087462841250339, 4.321928094887363, 4.584962500721156, 4.321928094887363, 4.523561956057013, 4.754887502163468, 4.0], [4.0, 2.807354922057604, 2.321928094887362, 3.169925001442312, 0.0, 0.0, 2.321928094887362, 4.247927513443585, 3.700439718141092, 3.584962500721156, 4.459431618637297, 4.643856189774724, 3.700439718141092, 4.087462841250339, 4.807354922057604, 4.392317422778761, 4.169925001442312, 4.643856189774724, 4.954196310386875, 4.700439718141093, 4.584962500721156, 4.087462841250339, 4.643856189774724, 4.087462841250339]]}