{"min": 0, "max": 11.791569912126878, "pieData": [[5.321928094887363, 4.857980995127572, 4.087462841250339, 3.9068905956085187, 3.700439718141092, 2.321928094887362, 4.0, 3.700439718141092, 4.321928094887363, 5.357552004618084, 5.129283016944966, 5.087462841250339, 4.584962500721156, 4.169925001442312, 4.584962500721156, 4.584962500721156, 4.643856189774724, 4.754887502163468, 4.087462841250339, 3.4594316186372973, 4.321928094887363, 4.523561956057013, 4.954196310386875, 4.954196310386875], [5.044394119358453, 4.700439718141093, 4.857980995127572, 4.459431618637297, 5.0, 3.169925001442312, 4.087462841250339, 2.807354922057604, 4.857980995127572, 4.392317422778761, 4.459431618637297, 4.321928094887363, 3.807354922057604, 4.321928094887363, 4.247927513443585, 4.754887502163468, 4.857980995127572, 4.459431618637297, 4.459431618637297, 4.459431618637297, 4.906890595608519, 5.087462841250339, 4.754887502163468, 4.584962500721156], [5.0, 4.906890595608519, 4.392317422778761, 3.807354922057604, 2.0, 2.584962500721156, 3.700439718141092, 3.4594316186372973, 4.321928094887363, 4.0, 3.9068905956085187, 4.087462841250339, 4.459431618637297, 4.0, 4.584962500721156, 4.087462841250339, 4.857980995127572, 4.584962500721156, 4.321928094887363, 4.392317422778761, 2.807354922057604, 5.0, 4.754887502163468, 4.700439718141093], [4.700439718141093, 5.129283016944966, 4.247927513443585, 3.169925001442312, 2.0, 3.321928094887362, 2.0, 3.4594316186372973, 3.700439718141092, 4.169925001442312, 3.9068905956085187, 4.321928094887363, 3.4594316186372973, 4.321928094887363, 3.807354922057604, 4.643856189774724, 4.459431618637297, 4.321928094887363, 4.906890595608519, 4.087462841250339, 5.247927513443585, 5.129283016944966, 5.0, 5.357552004618084], [4.954196310386875, 4.906890595608519, 4.807354922057604, 4.169925001442312, 2.321928094887362, 2.807354922057604, 3.807354922057604, 3.700439718141092, 3.584962500721156, 5.044394119358453, 4.392317422778761, 3.169925001442312, 3.584962500721156, 4.857980995127572, 4.087462841250339, 4.643856189774724, 4.906890595608519, 4.392317422778761, 4.643856189774724, 4.459431618637297, 5.0, 4.584962500721156, 4.392317422778761, 4.087462841250339], [4.857980995127572, 4.247927513443585, 4.700439718141093, 3.9068905956085187, 2.807354922057604, 3.321928094887362, 3.321928094887362, 2.807354922057604, 3.807354922057604, 4.459431618637297, 4.584962500721156, 4.857980995127572, 3.169925001442312, 4.754887502163468, 4.0, 4.087462841250339, 4.643856189774724, 4.807354922057604, 4.807354922057604, 4.700439718141093, 5.044394119358453, 5.247927513443585, 5.0, 4.954196310386875], [5.247927513443585, 4.906890595608519, 5.044394119358453, 4.523561956057013, 3.4594316186372973, 3.584962500721156, 3.0, 4.807354922057604, 3.807354922057604, 4.392317422778761, 4.643856189774724, 4.523561956057013, 4.087462841250339, 3.700439718141092, 4.321928094887363, 4.584962500721156, 4.392317422778761, 4.857980995127572, 4.087462841250339, 3.584962500721156, 4.643856189774724, 4.700439718141093, 4.321928094887363, 4.754887502163468]]}