{"min": 0, "max": 11.791569912126878, "pieData": [[4.584962500721156, 4.523561956057013, 4.0, 2.807354922057604, 2.584962500721156, 1.0, 3.584962500721156, 4.906890595608519, 5.087462841250339, 5.643856189774724, 5.554588851677638, 5.426264754702098, 5.087462841250339, 4.857980995127572, 5.247927513443585, 5.087462841250339, 4.954196310386875, 5.129283016944966, 4.857980995127572, 3.700439718141092, 3.9068905956085187, 4.754887502163468, 4.459431618637297, 4.906890595608519], [3.9068905956085187, 4.643856189774724, 4.584962500721156, 3.169925001442312, 2.321928094887362, 4.087462841250339, 3.0, 4.643856189774724, 4.807354922057604, 5.20945336562895, 5.614709844115208, 4.247927513443585, 4.700439718141093, 5.357552004618084, 5.285402218862249, 5.614709844115208, 5.247927513443585, 5.044394119358453, 5.285402218862249, 5.129283016944966, 5.321928094887363, 5.321928094887363, 4.523561956057013, 4.643856189774724], [4.906890595608519, 3.9068905956085187, 3.584962500721156, 3.0, 3.700439718141092, 2.807354922057604, 1.584962500721156, 4.807354922057604, 5.285402218862249, 5.0, 4.807354922057604, 4.523561956057013, 4.584962500721156, 3.9068905956085187, 5.044394119358453, 4.700439718141093, 5.523561956057013, 5.321928094887363, 5.392317422778761, 4.169925001442312, 1.584962500721156, 5.459431618637297, 4.700439718141093, 4.807354922057604], [4.954196310386875, 4.321928094887363, 2.584962500721156, 3.321928094887362, 2.584962500721156, 1.584962500721156, 2.584962500721156, 4.643856189774724, 5.129283016944966, 5.392317422778761, 5.20945336562895, 4.584962500721156, 4.754887502163468, 5.044394119358453, 5.044394119358453, 5.247927513443585, 5.392317422778761, 4.954196310386875, 4.700439718141093, 4.584962500721156, 5.129283016944966, 5.285402218862249, 4.954196310386875, 4.523561956057013], [4.087462841250339, 4.523561956057013, 4.087462841250339, 2.584962500721156, 2.0, 3.169925001442312, 4.247927513443585, 4.459431618637297, 4.906890595608519, 5.614709844115208, 5.285402218862249, 4.459431618637297, 4.643856189774724, 4.807354922057604, 5.523561956057013, 5.426264754702098, 5.087462841250339, 4.700439718141093, 4.392317422778761, 4.857980995127572, 4.523561956057013, 5.20945336562895, 4.0, 4.087462841250339], [4.807354922057604, 4.584962500721156, 4.087462841250339, 4.0, 3.321928094887362, 1.0, 3.807354922057604, 4.523561956057013, 4.392317422778761, 4.807354922057604, 5.672425341971495, 4.392317422778761, 4.584962500721156, 4.700439718141093, 4.807354922057604, 4.584962500721156, 4.459431618637297, 4.754887502163468, 4.321928094887363, 5.087462841250339, 4.523561956057013, 4.459431618637297, 4.523561956057013, 4.087462841250339], [4.807354922057604, 4.087462841250339, 4.523561956057013, 2.807354922057604, 3.0, 3.169925001442312, 3.700439718141092, 4.169925001442312, 5.0, 5.554588851677638, 4.523561956057013, 4.857980995127572, 4.523561956057013, 4.584962500721156, 4.523561956057013, 4.0, 4.643856189774724, 5.247927513443585, 4.754887502163468, 4.247927513443585, 5.0, 4.643856189774724, 5.0, 4.392317422778761]]}