{"min": 0, "max": 11.791569912126878, "pieData": [[3.0, 3.700439718141092, 2.321928094887362, 2.321928094887362, 2.0, 2.584962500721156, 4.392317422778761, 5.672425341971495, 6.247927513443585, 6.321928094887363, 6.189824558880018, 5.807354922057604, 4.954196310386875, 5.491853096329675, 6.066089190457772, 5.523561956057013, 5.906890595608519, 5.554588851677638, 5.807354922057604, 4.247927513443585, 4.584962500721156, 4.954196310386875, 4.754887502163468, 5.247927513443585], [4.087462841250339, 4.247927513443585, 2.807354922057604, 2.584962500721156, 1.0, 1.0, 4.584962500721156, 5.523561956057013, 6.303780748177103, 6.426264754702098, 6.643856189774724, 5.930737337562887, 5.392317422778761, 5.614709844115208, 5.882643049361842, 6.108524456778169, 6.022367813028454, 5.832890014164741, 5.426264754702098, 5.087462841250339, 5.20945336562895, 5.20945336562895, 5.169925001442312, 5.0], [4.523561956057013, 4.087462841250339, 3.321928094887362, 1.584962500721156, 1.584962500721156, 1.584962500721156, 2.584962500721156, 5.169925001442312, 6.339850002884624, 5.392317422778761, 6.169925001442312, 5.882643049361842, 5.554588851677638, 5.0, 6.044394119358453, 6.339850002884624, 5.807354922057604, 5.491853096329675, 5.78135971352466, 5.0, 1.0, 5.584962500721156, 5.129283016944966, 4.857980995127572], [4.392317422778761, 3.9068905956085187, 3.321928094887362, 2.807354922057604, 3.700439718141092, 2.807354922057604, 4.392317422778761, 4.906890595608519, 6.129283016944966, 6.149747119504682, 5.614709844115208, 5.700439718141093, 5.20945336562895, 5.285402218862249, 6.066089190457772, 5.906890595608519, 6.066089190457772, 5.285402218862249, 5.584962500721156, 5.614709844115208, 5.0, 5.554588851677638, 4.954196310386875, 5.0], [4.169925001442312, 4.0, 3.321928094887362, 2.584962500721156, 1.584962500721156, 2.0, 3.584962500721156, 5.129283016944966, 6.266786540694901, 6.321928094887363, 6.285402218862249, 5.584962500721156, 4.906890595608519, 5.672425341971495, 5.857980995127572, 5.906890595608519, 5.672425341971495, 5.727920454563199, 5.832890014164741, 5.321928094887363, 5.523561956057013, 5.807354922057604, 5.584962500721156, 4.857980995127572], [4.700439718141093, 4.392317422778761, 3.584962500721156, 3.169925001442312, 1.584962500721156, 2.321928094887362, 2.321928094887362, 4.643856189774724, 6.108524456778169, 5.78135971352466, 5.906890595608519, 5.554588851677638, 4.807354922057604, 5.554588851677638, 5.554588851677638, 4.906890595608519, 5.672425341971495, 5.044394119358453, 5.643856189774724, 5.285402218862249, 6.022367813028454, 5.20945336562895, 5.426264754702098, 5.357552004618084], [3.807354922057604, 4.169925001442312, 3.700439718141092, 3.321928094887362, 1.584962500721156, 2.321928094887362, 3.4594316186372973, 4.700439718141093, 5.832890014164741, 6.044394119358453, 5.906890595608519, 5.426264754702098, 5.247927513443585, 4.857980995127572, 5.523561956057013, 5.459431618637297, 5.584962500721156, 5.426264754702098, 5.523561956057013, 5.392317422778761, 5.321928094887363, 5.20945336562895, 5.0, 4.643856189774724]]}