{"min": 0, "max": 11.791569912126878, "pieData": [[6.022367813028454, 4.523561956057013, 4.392317422778761, 3.321928094887362, 3.4594316186372973, 3.0, 4.954196310386875, 6.491853096329675, 7.515699838284043, 7.900866807980749, 7.366322214245816, 6.857980995127572, 6.108524456778169, 6.727920454563199, 7.149747119504682, 7.129283016944966, 6.700439718141093, 6.643856189774724, 6.754887502163468, 5.087462841250339, 5.977279923499917, 6.409390936137702, 6.20945336562895, 5.727920454563199], [5.459431618637297, 5.087462841250339, 5.044394119358453, 4.087462841250339, 4.0, 3.4594316186372973, 4.906890595608519, 6.392317422778761, 7.257387842692652, 7.321928094887363, 7.0, 6.965784284662087, 6.339850002884624, 6.507794640198696, 6.857980995127572, 7.20945336562895, 6.882643049361842, 6.894817763307944, 6.94251450533924, 6.882643049361842, 6.554588851677638, 6.584962500721156, 6.169925001442312, 5.807354922057604], [5.643856189774724, 5.321928094887363, 5.0, 3.4594316186372973, 2.0, 2.321928094887362, 4.087462841250339, 6.0, 7.0, 6.857980995127572, 6.845490050944376, 6.491853096329675, 6.044394119358453, 6.491853096329675, 7.129283016944966, 6.727920454563199, 6.569855608330948, 6.569855608330948, 6.507794640198696, 5.700439718141093, 3.584962500721156, 6.357552004618084, 5.882643049361842, 5.169925001442312], [5.129283016944966, 5.169925001442312, 4.643856189774724, 3.4594316186372973, 3.9068905956085187, 3.321928094887362, 4.392317422778761, 6.285402218862249, 6.894817763307944, 7.066089190457772, 7.087462841250339, 6.643856189774724, 6.189824558880018, 6.409390936137702, 6.6293566200796095, 6.700439718141093, 6.845490050944376, 6.643856189774724, 6.672425341971495, 6.409390936137702, 6.539158811108031, 6.539158811108031, 6.0, 6.087462841250339], [5.700439718141093, 5.247927513443585, 4.321928094887363, 3.700439718141092, 3.169925001442312, 2.584962500721156, 4.247927513443585, 6.108524456778169, 7.011227255423254, 7.330916878114617, 7.266786540694901, 6.794415866350106, 6.247927513443585, 6.794415866350106, 6.894817763307944, 6.918863237274595, 6.832890014164741, 6.6293566200796095, 7.066089190457772, 6.78135971352466, 6.459431618637297, 6.754887502163468, 6.94251450533924, 6.044394119358453], [5.857980995127572, 5.554588851677638, 4.954196310386875, 2.807354922057604, 2.584962500721156, 2.0, 4.087462841250339, 5.954196310386875, 6.7414669864011465, 6.857980995127572, 7.05528243550119, 6.303780748177103, 6.129283016944966, 6.599912842187128, 6.78135971352466, 6.6293566200796095, 6.906890595608519, 6.266786540694901, 6.820178962415188, 6.6865005271832185, 6.507794640198696, 6.285402218862249, 6.247927513443585, 5.882643049361842], [5.643856189774724, 5.357552004618084, 5.357552004618084, 5.087462841250339, 3.9068905956085187, 3.700439718141092, 4.754887502163468, 5.584962500721156, 6.584962500721156, 6.94251450533924, 6.870364719583405, 6.442943495848728, 6.266786540694901, 6.584962500721156, 6.599912842187128, 6.584962500721156, 6.78135971352466, 5.977279923499917, 6.714245517666122, 6.584962500721156, 6.459431618637297, 6.321928094887363, 5.954196310386875, 6.108524456778169]]}