{"min": 0, "max": 11.791569912126878, "pieData": [[6.977279923499917, 6.507794640198696, 5.930737337562887, 5.169925001442312, 4.643856189774724, 4.392317422778761, 5.857980995127572, 6.0, 6.832890014164741, 7.266786540694901, 6.954196310386875, 6.599912842187128, 6.954196310386875, 6.523561956057013, 7.285402218862249, 7.159871336778389, 6.658211482751795, 6.965784284662087, 7.066089190457772, 5.832890014164741, 6.6293566200796095, 7.294620748891627, 7.475733430966398, 7.076815597050831], [7.098032082960526, 6.78135971352466, 6.491853096329675, 5.491853096329675, 4.857980995127572, 4.169925001442312, 5.169925001442312, 6.169925001442312, 6.977279923499917, 6.794415866350106, 6.643856189774724, 6.714245517666122, 6.643856189774724, 6.768184324776926, 6.906890595608519, 6.727920454563199, 6.523561956057013, 6.6865005271832185, 7.20945336562895, 7.03342300153745, 7.321928094887363, 7.515699838284043, 7.03342300153745, 7.348728154231077], [6.554588851677638, 6.554588851677638, 6.459431618637297, 4.906890595608519, 4.321928094887363, 4.857980995127572, 4.700439718141093, 6.108524456778169, 6.599912842187128, 6.409390936137702, 6.643856189774724, 6.285402218862249, 6.108524456778169, 6.857980995127572, 6.78135971352466, 6.845490050944376, 6.894817763307944, 6.977279923499917, 7.159871336778389, 6.426264754702098, 4.247927513443585, 7.257387842692652, 7.321928094887363, 7.011227255423254], [6.845490050944376, 6.894817763307944, 6.3750394313469245, 5.614709844115208, 5.129283016944966, 5.247927513443585, 4.807354922057604, 5.906890595608519, 6.820178962415188, 6.459431618637297, 6.339850002884624, 6.169925001442312, 6.189824558880018, 6.554588851677638, 6.882643049361842, 7.087462841250339, 6.700439718141093, 6.906890595608519, 6.906890595608519, 7.118941072723508, 7.22881869049588, 7.20945336562895, 7.451211111832329, 7.066089190457772], [7.03342300153745, 6.700439718141093, 6.794415866350106, 6.0, 5.087462841250339, 3.807354922057604, 5.285402218862249, 6.044394119358453, 6.569855608330948, 7.149747119504682, 6.6293566200796095, 6.569855608330948, 6.3750394313469245, 6.357552004618084, 6.6865005271832185, 6.78135971352466, 6.7414669864011465, 6.672425341971495, 7.076815597050831, 6.930737337562887, 7.515699838284043, 7.451211111832329, 7.199672344836364, 7.129283016944966], [6.894817763307944, 6.954196310386875, 6.7414669864011465, 5.754887502163468, 4.906890595608519, 4.321928094887363, 4.807354922057604, 6.044394119358453, 6.599912842187128, 6.539158811108031, 6.507794640198696, 6.442943495848728, 6.303780748177103, 6.9886846867721655, 6.977279923499917, 6.672425341971495, 6.78135971352466, 7.139551352398794, 7.257387842692652, 7.149747119504682, 7.294620748891627, 7.189824558880018, 7.257387842692652, 7.339850002884624], [7.139551352398794, 6.857980995127572, 6.672425341971495, 6.247927513443585, 4.754887502163468, 4.584962500721156, 4.523561956057013, 5.882643049361842, 6.442943495848728, 6.714245517666122, 6.832890014164741, 6.475733430966398, 6.700439718141093, 6.392317422778761, 7.066089190457772, 6.977279923499917, 6.965784284662087, 6.6293566200796095, 7.129283016944966, 7.03342300153745, 7.159871336778389, 7.219168520462161, 7.118941072723508, 6.965784284662087]]}