{"min": 0, "max": 11.791569912126878, "pieData": [[6.409390936137702, 5.882643049361842, 5.78135971352466, 4.392317422778761, 3.807354922057604, 4.857980995127572, 6.022367813028454, 6.807354922057604, 6.7414669864011465, 7.434628227636725, 7.247927513443585, 7.149747119504682, 7.392317422778761, 7.426264754702098, 7.451211111832329, 7.679480099505446, 7.592457037268081, 7.523561956057013, 7.357552004618084, 6.044394119358453, 6.6865005271832185, 7.159871336778389, 7.022367813028454, 6.754887502163468], [6.087462841250339, 6.066089190457772, 5.954196310386875, 5.169925001442312, 4.906890595608519, 3.9068905956085187, 5.247927513443585, 6.584962500721156, 6.820178962415188, 7.108524456778169, 7.7481928495894605, 7.266786540694901, 7.108524456778169, 7.321928094887363, 7.357552004618084, 7.366322214245816, 7.417852514885898, 7.139551352398794, 7.2761244052742375, 7.357552004618084, 7.507794640198696, 7.22881869049588, 6.845490050944376, 6.409390936137702], [5.857980995127572, 6.044394119358453, 5.672425341971495, 4.643856189774724, 4.392317422778761, 4.643856189774724, 5.129283016944966, 6.339850002884624, 6.491853096329675, 6.906890595608519, 7.098032082960526, 7.22881869049588, 6.6865005271832185, 7.011227255423254, 7.459431618637297, 7.044394119358453, 7.499845887083206, 7.294620748891627, 7.087462841250339, 7.044394119358453, 4.321928094887363, 7.118941072723508, 6.78135971352466, 6.614709844115208], [6.247927513443585, 6.285402218862249, 5.857980995127572, 5.285402218862249, 3.9068905956085187, 4.392317422778761, 5.459431618637297, 6.475733430966398, 6.930737337562887, 7.199672344836364, 7.066089190457772, 6.857980995127572, 6.768184324776926, 7.189824558880018, 7.098032082960526, 7.139551352398794, 7.383704292474052, 7.330916878114617, 6.882643049361842, 7.05528243550119, 7.20945336562895, 7.011227255423254, 6.820178962415188, 6.321928094887363], [6.426264754702098, 6.189824558880018, 5.930737337562887, 5.426264754702098, 4.584962500721156, 4.392317422778761, 5.087462841250339, 6.507794640198696, 6.6293566200796095, 7.2761244052742375, 7.285402218862249, 7.044394119358453, 6.807354922057604, 7.22881869049588, 7.467605550082998, 7.577428828035749, 7.400879436282184, 7.159871336778389, 7.383704292474052, 7.303780748177103, 7.2761244052742375, 7.357552004618084, 6.906890595608519, 6.539158811108031], [6.409390936137702, 6.0, 6.087462841250339, 5.247927513443585, 4.754887502163468, 5.247927513443585, 5.285402218862249, 6.321928094887363, 6.6865005271832185, 7.087462841250339, 7.0, 7.467605550082998, 7.076815597050831, 7.417852514885898, 7.599912842187128, 7.451211111832329, 7.531381460516312, 7.118941072723508, 7.321928094887363, 7.118941072723508, 7.330916878114617, 7.169925001442312, 7.087462841250339, 6.554588851677638], [6.754887502163468, 6.129283016944966, 5.832890014164741, 5.459431618637297, 4.392317422778761, 4.857980995127572, 5.523561956057013, 6.339850002884624, 7.03342300153745, 7.087462841250339, 7.475733430966398, 7.087462841250339, 7.20945336562895, 7.592457037268081, 7.459431618637297, 7.467605550082998, 7.357552004618084, 7.442943495848728, 7.247927513443585, 7.257387842692652, 7.247927513443585, 7.03342300153745, 6.584962500721156, 6.539158811108031]]}