{"min": 0, "max": 11.791569912126878, "pieData": [[4.0, 4.087462841250339, 3.4594316186372973, 3.4594316186372973, 4.459431618637297, 2.0, 4.321928094887363, 4.321928094887363, 5.20945336562895, 5.044394119358453, 5.727920454563199, 4.954196310386875, 5.614709844115208, 5.247927513443585, 5.169925001442312, 5.491853096329675, 5.392317422778761, 5.857980995127572, 5.426264754702098, 3.321928094887362, 4.321928094887363, 4.700439718141093, 3.807354922057604, 4.247927513443585], [3.9068905956085187, 3.0, 2.321928094887362, 2.584962500721156, 2.0, 3.0, 4.169925001442312, 4.807354922057604, 5.0, 5.247927513443585, 5.459431618637297, 4.906890595608519, 6.149747119504682, 5.523561956057013, 5.459431618637297, 5.392317422778761, 5.392317422778761, 5.523561956057013, 4.700439718141093, 4.087462841250339, 4.754887502163468, 4.392317422778761, 4.0, 4.523561956057013], [4.0, 4.321928094887363, 1.584962500721156, 0.0, 1.0, 2.0, 3.0, 4.0, 4.754887502163468, 5.129283016944966, 5.357552004618084, 4.906890595608519, 4.459431618637297, 5.044394119358453, 5.614709844115208, 5.044394119358453, 5.20945336562895, 5.392317422778761, 5.087462841250339, 4.247927513443585, 0.0, 4.754887502163468, 3.321928094887362, 3.700439718141092], [3.9068905956085187, 3.700439718141092, 4.0, 2.321928094887362, 3.584962500721156, 3.0, 4.643856189774724, 4.857980995127572, 5.0, 4.906890595608519, 5.491853096329675, 4.754887502163468, 4.523561956057013, 4.857980995127572, 5.321928094887363, 5.0, 5.0, 5.169925001442312, 4.954196310386875, 4.459431618637297, 4.392317422778761, 4.087462841250339, 4.321928094887363, 3.9068905956085187], [3.807354922057604, 2.584962500721156, 2.321928094887362, 3.700439718141092, 1.584962500721156, 3.321928094887362, 4.247927513443585, 4.857980995127572, 5.426264754702098, 5.426264754702098, 5.044394119358453, 5.392317422778761, 5.491853096329675, 5.523561956057013, 4.906890595608519, 5.285402218862249, 5.357552004618084, 5.392317422778761, 5.20945336562895, 4.392317422778761, 3.807354922057604, 4.247927513443585, 4.523561956057013, 4.087462841250339], [4.087462841250339, 3.584962500721156, 3.169925001442312, 2.321928094887362, 1.584962500721156, 2.321928094887362, 4.459431618637297, 3.9068905956085187, 4.906890595608519, 4.643856189774724, 4.906890595608519, 5.087462841250339, 4.523561956057013, 5.169925001442312, 5.169925001442312, 4.700439718141093, 5.0, 5.357552004618084, 4.906890595608519, 4.392317422778761, 3.807354922057604, 3.807354922057604, 4.0, 4.0], [4.087462841250339, 4.087462841250339, 3.321928094887362, 3.584962500721156, 3.584962500721156, 3.321928094887362, 3.807354922057604, 4.700439718141093, 5.247927513443585, 5.044394119358453, 5.0, 5.169925001442312, 5.584962500721156, 5.087462841250339, 4.807354922057604, 4.857980995127572, 5.169925001442312, 5.285402218862249, 4.321928094887363, 4.459431618637297, 4.321928094887363, 4.584962500721156, 4.169925001442312, 3.584962500721156]]}