{"min": 0, "max": 11.791569912126878, "pieData": [[3.807354922057604, 2.584962500721156, 2.807354922057604, 0.0, 1.0, 0.0, 2.0, 4.754887502163468, 4.906890595608519, 5.321928094887363, 5.129283016944966, 4.700439718141093, 3.584962500721156, 4.169925001442312, 4.321928094887363, 5.044394119358453, 4.0, 4.584962500721156, 4.523561956057013, 3.169925001442312, 3.700439718141092, 4.321928094887363, 4.169925001442312, 3.807354922057604], [3.9068905956085187, 3.169925001442312, 2.0, 1.584962500721156, 2.321928094887362, 1.0, 2.321928094887362, 4.459431618637297, 5.129283016944966, 4.906890595608519, 5.285402218862249, 4.807354922057604, 3.4594316186372973, 3.9068905956085187, 4.321928094887363, 4.643856189774724, 4.584962500721156, 4.247927513443585, 4.700439718141093, 4.459431618637297, 4.643856189774724, 4.169925001442312, 3.4594316186372973, 3.807354922057604], [3.4594316186372973, 2.0, 2.0, 0.0, 2.584962500721156, 0.0, 1.584962500721156, 3.584962500721156, 4.247927513443585, 4.523561956057013, 4.459431618637297, 4.523561956057013, 3.9068905956085187, 3.584962500721156, 4.700439718141093, 4.584962500721156, 4.0, 3.4594316186372973, 4.321928094887363, 3.321928094887362, 0.0, 4.584962500721156, 4.169925001442312, 3.700439718141092], [1.0, 2.0, 2.807354922057604, 1.0, 1.0, 0.0, 2.321928094887362, 4.0, 4.523561956057013, 4.857980995127572, 5.0, 4.700439718141093, 3.807354922057604, 4.087462841250339, 4.700439718141093, 4.584962500721156, 4.700439718141093, 3.807354922057604, 4.0, 4.392317422778761, 3.4594316186372973, 4.754887502163468, 3.807354922057604, 4.247927513443585], [3.0, 2.0, 1.584962500721156, 0.0, 1.584962500721156, 1.584962500721156, 1.0, 4.087462841250339, 4.247927513443585, 4.857980995127572, 4.807354922057604, 4.700439718141093, 3.169925001442312, 3.0, 4.700439718141093, 4.523561956057013, 4.754887502163468, 4.392317422778761, 4.523561956057013, 4.459431618637297, 4.700439718141093, 4.247927513443585, 3.9068905956085187, 3.584962500721156], [3.321928094887362, 3.169925001442312, 2.0, 1.584962500721156, 0.0, 1.584962500721156, 0.0, 2.807354922057604, 4.643856189774724, 4.392317422778761, 4.459431618637297, 4.754887502163468, 4.392317422778761, 4.169925001442312, 4.906890595608519, 4.584962500721156, 4.459431618637297, 4.459431618637297, 4.523561956057013, 3.584962500721156, 3.700439718141092, 3.584962500721156, 4.0, 4.087462841250339], [3.4594316186372973, 3.700439718141092, 2.0, 1.584962500721156, 2.0, 1.0, 1.584962500721156, 3.807354922057604, 3.807354922057604, 4.643856189774724, 3.584962500721156, 4.906890595608519, 4.087462841250339, 4.392317422778761, 4.754887502163468, 4.906890595608519, 4.643856189774724, 3.807354922057604, 5.169925001442312, 4.584962500721156, 2.807354922057604, 4.700439718141093, 3.321928094887362, 3.0]]}