{"min": 0, "max": 11.791569912126878, "pieData": [[5.129283016944966, 4.247927513443585, 4.087462841250339, 2.321928094887362, 2.0, 2.321928094887362, 5.087462841250339, 6.523561956057013, 7.442943495848728, 7.087462841250339, 6.6293566200796095, 6.392317422778761, 6.321928094887363, 6.94251450533924, 6.7414669864011465, 7.0, 6.339850002884624, 6.426264754702098, 6.714245517666122, 5.491853096329675, 6.108524456778169, 6.507794640198696, 5.930737337562887, 5.857980995127572], [5.285402218862249, 4.169925001442312, 3.584962500721156, 3.4594316186372973, 2.321928094887362, 2.584962500721156, 4.247927513443585, 6.044394119358453, 6.754887502163468, 6.894817763307944, 7.066089190457772, 6.539158811108031, 6.108524456778169, 6.658211482751795, 7.011227255423254, 6.754887502163468, 6.266786540694901, 6.442943495848728, 6.539158811108031, 6.599912842187128, 6.523561956057013, 6.599912842187128, 5.906890595608519, 6.266786540694901], [4.584962500721156, 4.247927513443585, 3.584962500721156, 2.807354922057604, 3.4594316186372973, 3.4594316186372973, 4.247927513443585, 5.459431618637297, 6.954196310386875, 6.599912842187128, 6.894817763307944, 6.0, 6.189824558880018, 6.285402218862249, 6.7414669864011465, 6.906890595608519, 6.321928094887363, 6.339850002884624, 6.700439718141093, 6.409390936137702, 3.700439718141092, 6.820178962415188, 6.169925001442312, 5.285402218862249], [4.906890595608519, 3.807354922057604, 3.700439718141092, 2.584962500721156, 2.807354922057604, 2.584962500721156, 4.321928094887363, 5.832890014164741, 6.857980995127572, 6.832890014164741, 6.832890014164741, 6.523561956057013, 6.285402218862249, 6.339850002884624, 6.614709844115208, 6.714245517666122, 6.426264754702098, 6.266786540694901, 6.599912842187128, 6.700439718141093, 6.727920454563199, 6.584962500721156, 6.491853096329675, 6.247927513443585], [5.426264754702098, 4.459431618637297, 3.700439718141092, 3.4594316186372973, 2.584962500721156, 1.584962500721156, 4.0, 6.022367813028454, 6.930737337562887, 6.832890014164741, 7.108524456778169, 6.700439718141093, 6.426264754702098, 6.614709844115208, 6.870364719583405, 6.727920454563199, 6.78135971352466, 7.0, 7.169925001442312, 7.169925001442312, 6.820178962415188, 6.6865005271832185, 6.614709844115208, 5.614709844115208], [5.247927513443585, 5.20945336562895, 4.169925001442312, 3.584962500721156, 2.321928094887362, 1.584962500721156, 4.0, 5.20945336562895, 6.442943495848728, 6.727920454563199, 6.539158811108031, 6.539158811108031, 6.022367813028454, 6.714245517666122, 6.643856189774724, 6.3750394313469245, 6.599912842187128, 6.539158811108031, 7.159871336778389, 6.554588851677638, 6.845490050944376, 6.321928094887363, 6.643856189774724, 5.807354922057604], [5.426264754702098, 4.807354922057604, 4.523561956057013, 3.169925001442312, 3.169925001442312, 2.807354922057604, 3.321928094887362, 5.169925001442312, 6.169925001442312, 6.845490050944376, 6.794415866350106, 6.321928094887363, 6.700439718141093, 6.066089190457772, 6.918863237274595, 7.011227255423254, 6.857980995127572, 6.491853096329675, 6.643856189774724, 6.569855608330948, 6.285402218862249, 6.643856189774724, 6.0, 5.285402218862249]]}