{"min": 0, "max": 11.791569912126878, "pieData": [[6.108524456778169, 5.554588851677638, 5.643856189774724, 4.754887502163468, 3.9068905956085187, 4.169925001442312, 4.954196310386875, 6.285402218862249, 6.965784284662087, 7.285402218862249, 7.2761244052742375, 7.139551352398794, 6.832890014164741, 6.807354922057604, 7.22881869049588, 7.2384047393250786, 7.05528243550119, 6.807354922057604, 7.129283016944966, 5.832890014164741, 6.584962500721156, 6.714245517666122, 6.870364719583405, 6.303780748177103], [6.266786540694901, 5.977279923499917, 5.426264754702098, 4.857980995127572, 3.700439718141092, 4.321928094887363, 4.0, 5.754887502163468, 6.6865005271832185, 7.03342300153745, 6.977279923499917, 6.754887502163468, 6.658211482751795, 7.2384047393250786, 7.247927513443585, 7.087462841250339, 6.918863237274595, 6.882643049361842, 6.870364719583405, 6.7414669864011465, 7.108524456778169, 7.189824558880018, 7.159871336778389, 6.554588851677638], [5.672425341971495, 5.426264754702098, 5.0, 4.584962500721156, 3.700439718141092, 4.321928094887363, 3.0, 5.247927513443585, 6.475733430966398, 6.584962500721156, 6.643856189774724, 6.569855608330948, 6.539158811108031, 6.658211482751795, 6.9886846867721655, 6.930737337562887, 6.794415866350106, 6.882643049361842, 6.882643049361842, 7.076815597050831, 4.523561956057013, 6.614709844115208, 6.672425341971495, 6.409390936137702], [6.0, 5.426264754702098, 5.20945336562895, 4.807354922057604, 4.087462841250339, 4.643856189774724, 5.087462841250339, 5.857980995127572, 6.491853096329675, 6.906890595608519, 7.044394119358453, 6.6865005271832185, 6.149747119504682, 6.475733430966398, 6.857980995127572, 6.930737337562887, 7.098032082960526, 6.954196310386875, 6.977279923499917, 7.011227255423254, 6.94251450533924, 6.954196310386875, 6.832890014164741, 6.426264754702098], [6.129283016944966, 5.672425341971495, 5.285402218862249, 4.643856189774724, 4.643856189774724, 3.807354922057604, 4.523561956057013, 5.700439718141093, 6.672425341971495, 6.906890595608519, 7.219168520462161, 6.870364719583405, 6.584962500721156, 6.768184324776926, 7.159871336778389, 7.189824558880018, 6.78135971352466, 6.894817763307944, 7.022367813028454, 7.149747119504682, 7.087462841250339, 7.118941072723508, 6.965784284662087, 6.087462841250339], [6.129283016944966, 5.78135971352466, 5.523561956057013, 4.906890595608519, 4.321928094887363, 4.169925001442312, 3.4594316186372973, 5.906890595608519, 6.20945336562895, 6.442943495848728, 6.845490050944376, 6.727920454563199, 6.491853096329675, 7.05528243550119, 6.918863237274595, 6.78135971352466, 6.832890014164741, 7.2761244052742375, 7.098032082960526, 6.965784284662087, 7.066089190457772, 7.247927513443585, 6.857980995127572, 6.392317422778761], [5.930737337562887, 6.129283016944966, 5.285402218862249, 4.807354922057604, 4.169925001442312, 4.087462841250339, 4.0, 5.285402218862249, 5.954196310386875, 6.584962500721156, 7.076815597050831, 6.820178962415188, 6.599912842187128, 6.523561956057013, 7.03342300153745, 7.098032082960526, 6.977279923499917, 7.03342300153745, 7.312882955284356, 7.1799090900149345, 6.94251450533924, 6.845490050944376, 6.584962500721156, 6.339850002884624]]}