{"min": 0, "max": 11.791569912126878, "pieData": [[5.491853096329675, 5.087462841250339, 5.044394119358453, 4.087462841250339, 3.0, 4.0, 4.954196310386875, 5.807354922057604, 5.554588851677638, 6.442943495848728, 6.285402218862249, 6.3750394313469245, 5.977279923499917, 5.700439718141093, 6.189824558880018, 5.807354922057604, 6.108524456778169, 6.20945336562895, 6.087462841250339, 4.754887502163468, 5.20945336562895, 5.930737337562887, 5.906890595608519, 5.523561956057013], [5.285402218862249, 5.129283016944966, 4.807354922057604, 4.754887502163468, 4.0, 3.700439718141092, 4.087462841250339, 5.700439718141093, 5.700439718141093, 6.0, 6.22881869049588, 5.584962500721156, 5.700439718141093, 5.807354922057604, 6.149747119504682, 6.087462841250339, 5.857980995127572, 5.977279923499917, 5.832890014164741, 5.906890595608519, 6.108524456778169, 5.832890014164741, 5.672425341971495, 5.491853096329675], [5.523561956057013, 5.392317422778761, 4.321928094887363, 3.9068905956085187, 3.4594316186372973, 4.087462841250339, 4.247927513443585, 4.392317422778761, 5.672425341971495, 5.832890014164741, 6.22881869049588, 6.0, 4.954196310386875, 5.584962500721156, 6.0, 5.614709844115208, 6.108524456778169, 5.954196310386875, 5.700439718141093, 5.20945336562895, 3.807354922057604, 5.882643049361842, 5.754887502163468, 5.584962500721156], [5.672425341971495, 5.247927513443585, 5.169925001442312, 4.754887502163468, 4.087462841250339, 4.169925001442312, 4.523561956057013, 5.285402218862249, 5.614709844115208, 5.78135971352466, 5.614709844115208, 6.0, 5.700439718141093, 5.392317422778761, 5.857980995127572, 5.426264754702098, 5.906890595608519, 5.700439718141093, 5.930737337562887, 5.832890014164741, 5.491853096329675, 5.727920454563199, 5.700439718141093, 5.247927513443585], [5.554588851677638, 5.087462841250339, 4.584962500721156, 4.087462841250339, 4.643856189774724, 4.087462841250339, 4.584962500721156, 5.643856189774724, 6.149747119504682, 6.149747119504682, 6.266786540694901, 6.129283016944966, 5.491853096329675, 5.614709844115208, 5.977279923499917, 6.189824558880018, 6.20945336562895, 6.066089190457772, 6.0, 5.727920454563199, 6.149747119504682, 6.022367813028454, 5.882643049361842, 6.087462841250339], [5.426264754702098, 5.044394119358453, 5.169925001442312, 4.169925001442312, 4.0, 3.4594316186372973, 4.247927513443585, 5.0, 5.044394119358453, 5.554588851677638, 5.523561956057013, 6.108524456778169, 6.044394119358453, 5.754887502163468, 5.727920454563199, 5.832890014164741, 5.426264754702098, 5.954196310386875, 5.977279923499917, 5.727920454563199, 5.392317422778761, 6.022367813028454, 5.954196310386875, 5.882643049361842], [5.426264754702098, 5.727920454563199, 5.20945336562895, 4.247927513443585, 4.169925001442312, 3.700439718141092, 4.459431618637297, 4.857980995127572, 5.357552004618084, 5.643856189774724, 5.882643049361842, 5.672425341971495, 5.78135971352466, 4.954196310386875, 5.643856189774724, 6.044394119358453, 6.20945336562895, 5.754887502163468, 5.754887502163468, 5.754887502163468, 5.857980995127572, 5.357552004618084, 5.954196310386875, 5.523561956057013]]}