{"min": 0, "max": 11.791569912126878, "pieData": [[4.087462841250339, 3.321928094887362, 3.0, 3.584962500721156, 3.4594316186372973, 2.321928094887362, 3.584962500721156, 4.087462841250339, 3.9068905956085187, 4.0, 4.087462841250339, 4.459431618637297, 4.0, 4.392317422778761, 4.0, 3.807354922057604, 4.0, 4.247927513443585, 3.807354922057604, 2.0, 4.087462841250339, 3.169925001442312, 3.169925001442312, 3.807354922057604], [2.807354922057604, 2.321928094887362, 3.4594316186372973, 2.321928094887362, 2.0, 2.321928094887362, 2.0, 3.584962500721156, 3.584962500721156, 4.0, 4.0, 3.9068905956085187, 2.0, 4.392317422778761, 3.807354922057604, 4.247927513443585, 4.584962500721156, 3.807354922057604, 3.584962500721156, 3.584962500721156, 3.169925001442312, 4.700439718141093, 3.321928094887362, 3.0], [2.807354922057604, 3.584962500721156, 3.321928094887362, 2.321928094887362, 3.0, 2.321928094887362, 1.584962500721156, 3.9068905956085187, 4.321928094887363, 4.459431618637297, 4.906890595608519, 4.247927513443585, 4.247927513443585, 3.4594316186372973, 4.087462841250339, 3.9068905956085187, 4.087462841250339, 4.584962500721156, 3.807354922057604, 3.0, 1.0, 3.807354922057604, 3.169925001442312, 3.700439718141092], [4.0, 3.9068905956085187, 3.4594316186372973, 3.169925001442312, 3.321928094887362, 2.321928094887362, 2.0, 2.584962500721156, 4.459431618637297, 3.9068905956085187, 4.247927513443585, 3.321928094887362, 3.4594316186372973, 4.087462841250339, 3.700439718141092, 3.700439718141092, 4.523561956057013, 4.807354922057604, 3.0, 3.169925001442312, 3.4594316186372973, 4.459431618637297, 3.584962500721156, 2.321928094887362], [3.4594316186372973, 4.0, 2.807354922057604, 2.0, 1.0, 2.584962500721156, 3.169925001442312, 3.807354922057604, 3.0, 4.169925001442312, 4.459431618637297, 3.321928094887362, 4.247927513443585, 3.807354922057604, 4.247927513443585, 4.523561956057013, 4.087462841250339, 4.321928094887363, 2.807354922057604, 3.807354922057604, 3.584962500721156, 4.0, 3.169925001442312, 3.4594316186372973], [3.321928094887362, 2.321928094887362, 3.169925001442312, 2.0, 2.584962500721156, 2.321928094887362, 1.584962500721156, 3.584962500721156, 4.169925001442312, 3.584962500721156, 3.9068905956085187, 3.584962500721156, 3.9068905956085187, 4.584962500721156, 3.9068905956085187, 4.584962500721156, 4.169925001442312, 4.321928094887363, 4.169925001442312, 2.321928094887362, 4.169925001442312, 3.9068905956085187, 4.247927513443585, 3.321928094887362], [3.584962500721156, 3.0, 2.807354922057604, 4.0, 5.426264754702098, 2.807354922057604, 2.584962500721156, 3.0, 3.169925001442312, 3.700439718141092, 4.321928094887363, 4.087462841250339, 4.169925001442312, 3.807354922057604, 3.9068905956085187, 3.700439718141092, 3.807354922057604, 3.9068905956085187, 3.4594316186372973, 3.321928094887362, 3.0, 3.321928094887362, 3.0, 3.321928094887362]]}