{"min": 0, "max": 11.791569912126878, "pieData": [[5.044394119358453, 4.523561956057013, 3.9068905956085187, 3.584962500721156, 2.584962500721156, 3.169925001442312, 4.321928094887363, 5.857980995127572, 5.977279923499917, 6.189824558880018, 6.0, 5.672425341971495, 5.247927513443585, 5.321928094887363, 5.954196310386875, 6.442943495848728, 5.727920454563199, 5.882643049361842, 5.614709844115208, 3.584962500721156, 5.169925001442312, 5.700439718141093, 5.584962500721156, 5.727920454563199], [5.087462841250339, 4.459431618637297, 4.954196310386875, 3.169925001442312, 3.4594316186372973, 3.169925001442312, 3.169925001442312, 5.129283016944966, 5.930737337562887, 6.108524456778169, 6.247927513443585, 5.700439718141093, 5.285402218862249, 5.700439718141093, 5.930737337562887, 5.882643049361842, 5.954196310386875, 5.882643049361842, 5.78135971352466, 5.643856189774724, 5.700439718141093, 5.78135971352466, 5.700439718141093, 4.906890595608519], [5.129283016944966, 4.523561956057013, 3.321928094887362, 2.807354922057604, 2.321928094887362, 3.807354922057604, 3.321928094887362, 4.807354922057604, 5.392317422778761, 5.727920454563199, 5.523561956057013, 5.044394119358453, 5.392317422778761, 5.727920454563199, 5.700439718141093, 5.78135971352466, 5.247927513443585, 5.357552004618084, 5.857980995127572, 5.044394119358453, 3.169925001442312, 5.491853096329675, 5.614709844115208, 5.554588851677638], [5.0, 3.9068905956085187, 4.321928094887363, 3.0, 3.0, 2.807354922057604, 3.169925001442312, 4.857980995127572, 5.832890014164741, 6.303780748177103, 5.78135971352466, 5.643856189774724, 4.754887502163468, 5.129283016944966, 5.754887502163468, 6.321928094887363, 5.247927513443585, 5.459431618637297, 5.672425341971495, 5.700439718141093, 5.392317422778761, 5.882643049361842, 6.321928094887363, 5.614709844115208], [5.392317422778761, 5.247927513443585, 4.584962500721156, 3.700439718141092, 1.584962500721156, 2.321928094887362, 4.0, 4.906890595608519, 5.906890595608519, 5.930737337562887, 6.321928094887363, 5.857980995127572, 5.807354922057604, 5.584962500721156, 5.584962500721156, 5.832890014164741, 6.087462841250339, 5.754887502163468, 6.189824558880018, 5.832890014164741, 5.727920454563199, 5.523561956057013, 5.78135971352466, 5.459431618637297], [4.247927513443585, 5.129283016944966, 4.0, 4.0, 2.584962500721156, 1.584962500721156, 3.807354922057604, 4.754887502163468, 5.930737337562887, 5.882643049361842, 5.584962500721156, 5.977279923499917, 5.614709844115208, 5.426264754702098, 5.614709844115208, 5.906890595608519, 5.78135971352466, 5.643856189774724, 5.954196310386875, 5.247927513443585, 5.0, 5.459431618637297, 6.022367813028454, 5.672425341971495], [5.129283016944966, 5.0, 3.9068905956085187, 3.321928094887362, 1.584962500721156, 2.807354922057604, 3.321928094887362, 4.169925001442312, 5.554588851677638, 5.426264754702098, 5.426264754702098, 5.857980995127572, 5.78135971352466, 5.700439718141093, 5.672425341971495, 5.882643049361842, 5.523561956057013, 5.882643049361842, 5.954196310386875, 5.523561956057013, 5.584962500721156, 5.614709844115208, 5.930737337562887, 5.491853096329675]]}