{"min": 0, "max": 11.791569912126878, "pieData": [[2.807354922057604, 2.584962500721156, 2.0, 1.584962500721156, 0.0, 0.0, 1.0, 2.321928094887362, 1.584962500721156, 1.0, 1.0, 0.0, 1.584962500721156, 1.584962500721156, 0.0, 2.0, 1.584962500721156, 1.584962500721156, 2.0, 0.0, 0.0, 1.0, 2.584962500721156, 1.0], [1.0, 2.321928094887362, 0.0, 1.0, 0.0, 0.0, 1.0, 1.584962500721156, 1.584962500721156, 2.0, 0.0, 2.321928094887362, 1.0, 1.0, 1.0, 1.0, 1.0, 2.0, 1.0, 0.0, 0.0, 1.584962500721156, 1.0, 1.0], [1.584962500721156, 1.0, 0.0, 1.584962500721156, 0.0, 0.0, 0.0, 1.0, 1.584962500721156, 0.0, 2.584962500721156, 2.321928094887362, 2.0, 2.321928094887362, 2.0, 0.0, 2.0, 1.0, 1.584962500721156, 1.0, 0.0, 1.0, 1.0, 2.0], [1.584962500721156, 2.321928094887362, 1.584962500721156, 0.0, 1.0, 0.0, 0.0, 1.0, 1.584962500721156, 1.584962500721156, 1.584962500721156, 2.0, 1.584962500721156, 1.584962500721156, 1.584962500721156, 2.321928094887362, 0.0, 1.0, 2.321928094887362, 1.0, 1.584962500721156, 1.584962500721156, 1.584962500721156, 1.0], [1.0, 1.0, 0.0, 1.0, 2.0, 0.0, 0.0, 2.0, 1.0, 1.584962500721156, 0.0, 2.0, 0.0, 1.584962500721156, 1.584962500721156, 1.584962500721156, 2.0, 1.584962500721156, 2.0, 0.0, 2.807354922057604, 2.321928094887362, 2.0, 0.0], [0.0, 1.584962500721156, 1.0, 0.0, 1.0, 0.0, 1.0, 3.0, 4.0, 1.584962500721156, 1.584962500721156, 1.584962500721156, 3.169925001442312, 1.584962500721156, 2.0, 1.0, 1.584962500721156, 0.0, 2.321928094887362, 2.0, 1.0, 2.0, 1.584962500721156, 1.0], [2.807354922057604, 0.0, 1.584962500721156, 0.0, 1.584962500721156, 0.0, 2.0, 0.0, 2.321928094887362, 0.0, 1.584962500721156, 1.0, 2.321928094887362, 3.4594316186372973, 3.321928094887362, 3.0, 2.321928094887362, 1.0, 1.584962500721156, 1.584962500721156, 1.584962500721156, 2.0, 3.321928094887362, 2.321928094887362]]}