{"min": 0, "max": 11.791569912126878, "pieData": [[3.169925001442312, 0.0, 3.0, 1.584962500721156, 2.321928094887362, 1.584962500721156, 2.807354922057604, 4.459431618637297, 5.247927513443585, 5.087462841250339, 4.523561956057013, 4.321928094887363, 3.807354922057604, 4.0, 4.087462841250339, 4.392317422778761, 3.584962500721156, 4.523561956057013, 4.523561956057013, 2.807354922057604, 3.4594316186372973, 3.0, 4.247927513443585, 4.247927513443585], [3.321928094887362, 3.169925001442312, 1.0, 2.0, 1.584962500721156, 1.0, 2.0, 4.0, 5.129283016944966, 4.392317422778761, 4.523561956057013, 4.087462841250339, 3.4594316186372973, 3.700439718141092, 4.169925001442312, 4.321928094887363, 4.754887502163468, 4.169925001442312, 3.807354922057604, 4.459431618637297, 3.807354922057604, 4.392317422778761, 4.392317422778761, 4.169925001442312], [3.807354922057604, 3.0, 2.584962500721156, 1.584962500721156, 1.584962500721156, 0.0, 3.4594316186372973, 4.643856189774724, 4.247927513443585, 4.807354922057604, 4.392317422778761, 4.523561956057013, 4.392317422778761, 4.807354922057604, 4.754887502163468, 4.754887502163468, 5.0, 4.584962500721156, 4.807354922057604, 4.247927513443585, 1.0, 3.807354922057604, 4.459431618637297, 3.9068905956085187], [3.700439718141092, 3.169925001442312, 3.0, 1.0, 2.584962500721156, 1.0, 2.321928094887362, 4.523561956057013, 4.459431618637297, 4.459431618637297, 4.643856189774724, 2.807354922057604, 3.700439718141092, 4.247927513443585, 4.754887502163468, 4.584962500721156, 3.584962500721156, 3.700439718141092, 3.807354922057604, 4.459431618637297, 4.584962500721156, 4.392317422778761, 3.169925001442312, 3.4594316186372973], [2.584962500721156, 2.807354922057604, 2.321928094887362, 2.0, 1.584962500721156, 0.0, 1.584962500721156, 4.087462841250339, 3.807354922057604, 4.169925001442312, 4.0, 4.392317422778761, 4.392317422778761, 3.4594316186372973, 3.4594316186372973, 3.4594316186372973, 4.169925001442312, 4.0, 4.392317422778761, 3.9068905956085187, 3.4594316186372973, 3.169925001442312, 2.807354922057604, 3.0], [3.0, 3.169925001442312, 1.584962500721156, 2.321928094887362, 2.0, 1.0, 3.700439718141092, 3.4594316186372973, 4.0, 3.321928094887362, 4.0, 2.807354922057604, 3.4594316186372973, 3.9068905956085187, 4.459431618637297, 3.700439718141092, 3.9068905956085187, 4.0, 4.169925001442312, 3.4594316186372973, 4.459431618637297, 3.700439718141092, 3.584962500721156, 3.321928094887362], [3.4594316186372973, 3.0, 2.321928094887362, 2.0, 2.807354922057604, 3.169925001442312, 3.321928094887362, 3.700439718141092, 4.459431618637297, 4.807354922057604, 4.247927513443585, 4.321928094887363, 4.392317422778761, 4.523561956057013, 3.9068905956085187, 4.392317422778761, 4.459431618637297, 4.321928094887363, 4.169925001442312, 4.392317422778761, 4.321928094887363, 3.807354922057604, 3.584962500721156, 2.321928094887362]]}