{"min": 0, "max": 11.791569912126878, "pieData": [[4.392317422778761, 3.169925001442312, 2.807354922057604, 2.807354922057604, 2.0, 1.0, 2.0, 3.700439718141092, 3.700439718141092, 5.0, 4.523561956057013, 2.807354922057604, 3.700439718141092, 4.643856189774724, 4.169925001442312, 3.321928094887362, 4.321928094887363, 3.4594316186372973, 2.584962500721156, 2.807354922057604, 4.169925001442312, 3.4594316186372973, 4.0, 4.0], [3.807354922057604, 2.321928094887362, 3.700439718141092, 2.0, 1.584962500721156, 1.584962500721156, 2.0, 3.169925001442312, 2.584962500721156, 4.247927513443585, 4.0, 4.459431618637297, 3.9068905956085187, 4.087462841250339, 4.523561956057013, 4.0, 4.0, 4.087462841250339, 4.321928094887363, 3.169925001442312, 3.321928094887362, 3.700439718141092, 4.700439718141093, 4.700439718141093], [4.247927513443585, 3.584962500721156, 3.0, 3.169925001442312, 2.0, 2.321928094887362, 2.807354922057604, 4.247927513443585, 3.4594316186372973, 4.087462841250339, 4.169925001442312, 4.247927513443585, 4.0, 3.169925001442312, 3.807354922057604, 4.247927513443585, 3.700439718141092, 4.087462841250339, 3.4594316186372973, 3.0, 0.0, 4.459431618637297, 4.807354922057604, 3.584962500721156], [4.169925001442312, 4.087462841250339, 4.321928094887363, 2.584962500721156, 1.0, 2.0, 2.0, 3.9068905956085187, 4.169925001442312, 4.392317422778761, 4.857980995127572, 3.700439718141092, 3.321928094887362, 3.4594316186372973, 3.4594316186372973, 4.247927513443585, 3.9068905956085187, 3.0, 4.247927513443585, 4.247927513443585, 3.9068905956085187, 4.0, 4.700439718141093, 5.129283016944966], [4.087462841250339, 3.321928094887362, 3.584962500721156, 3.321928094887362, 2.807354922057604, 1.0, 2.807354922057604, 3.700439718141092, 3.807354922057604, 3.700439718141092, 4.0, 4.0, 4.0, 4.169925001442312, 3.700439718141092, 4.247927513443585, 4.584962500721156, 3.4594316186372973, 3.321928094887362, 3.0, 3.807354922057604, 4.459431618637297, 4.169925001442312, 4.169925001442312], [4.169925001442312, 4.087462841250339, 2.584962500721156, 3.0, 2.0, 2.807354922057604, 3.0, 4.087462841250339, 3.4594316186372973, 4.169925001442312, 4.169925001442312, 4.523561956057013, 3.807354922057604, 4.459431618637297, 4.247927513443585, 4.392317422778761, 4.169925001442312, 4.0, 4.0, 3.9068905956085187, 4.459431618637297, 4.857980995127572, 4.0, 4.754887502163468], [4.321928094887363, 4.754887502163468, 3.807354922057604, 4.0, 3.321928094887362, 2.807354922057604, 3.321928094887362, 2.584962500721156, 4.087462841250339, 4.247927513443585, 4.321928094887363, 3.584962500721156, 4.459431618637297, 4.247927513443585, 4.392317422778761, 4.584962500721156, 4.643856189774724, 3.321928094887362, 3.4594316186372973, 4.321928094887363, 4.169925001442312, 4.392317422778761, 4.954196310386875, 5.426264754702098]]}