{"min": 0, "max": 11.791569912126878, "pieData": [[4.807354922057604, 4.169925001442312, 3.4594316186372973, 2.807354922057604, 2.321928094887362, 0.0, 3.0, 3.700439718141092, 4.857980995127572, 4.459431618637297, 5.700439718141093, 4.954196310386875, 4.169925001442312, 4.087462841250339, 4.906890595608519, 4.523561956057013, 4.954196310386875, 5.087462841250339, 4.700439718141093, 3.9068905956085187, 5.0, 5.129283016944966, 5.20945336562895, 4.954196310386875], [4.392317422778761, 4.700439718141093, 3.169925001442312, 3.321928094887362, 3.169925001442312, 2.321928094887362, 2.0, 4.0, 3.584962500721156, 5.087462841250339, 5.321928094887363, 4.392317422778761, 5.169925001442312, 4.321928094887363, 5.0, 4.523561956057013, 4.857980995127572, 4.954196310386875, 5.044394119358453, 5.321928094887363, 5.247927513443585, 4.906890595608519, 5.0, 5.285402218862249], [5.044394119358453, 3.700439718141092, 4.0, 3.169925001442312, 2.0, 1.584962500721156, 1.0, 4.0, 3.807354922057604, 4.247927513443585, 4.584962500721156, 4.584962500721156, 4.321928094887363, 3.9068905956085187, 4.0, 4.087462841250339, 4.584962500721156, 4.0, 4.643856189774724, 4.584962500721156, 2.807354922057604, 4.247927513443585, 4.321928094887363, 4.807354922057604], [5.20945336562895, 3.700439718141092, 4.087462841250339, 2.584962500721156, 1.0, 2.807354922057604, 1.0, 3.321928094887362, 4.392317422778761, 4.857980995127572, 4.247927513443585, 4.087462841250339, 3.700439718141092, 4.321928094887363, 4.247927513443585, 4.392317422778761, 4.321928094887363, 4.392317422778761, 4.857980995127572, 4.954196310386875, 4.0, 4.392317422778761, 5.087462841250339, 4.754887502163468], [3.4594316186372973, 3.169925001442312, 2.807354922057604, 3.321928094887362, 2.584962500721156, 2.807354922057604, 3.321928094887362, 3.584962500721156, 4.321928094887363, 4.584962500721156, 5.584962500721156, 4.754887502163468, 3.9068905956085187, 4.459431618637297, 3.700439718141092, 4.247927513443585, 4.643856189774724, 4.321928094887363, 4.169925001442312, 4.857980995127572, 4.169925001442312, 4.523561956057013, 5.044394119358453, 4.754887502163468], [4.906890595608519, 4.807354922057604, 3.807354922057604, 2.321928094887362, 3.169925001442312, 2.807354922057604, 2.584962500721156, 3.807354922057604, 4.392317422778761, 4.523561956057013, 5.0, 4.087462841250339, 4.584962500721156, 4.321928094887363, 4.643856189774724, 4.0, 4.459431618637297, 4.754887502163468, 5.0, 4.392317422778761, 4.392317422778761, 4.807354922057604, 5.169925001442312, 4.857980995127572], [4.643856189774724, 4.459431618637297, 4.754887502163468, 4.523561956057013, 3.807354922057604, 3.584962500721156, 3.169925001442312, 3.321928094887362, 3.807354922057604, 4.643856189774724, 5.247927513443585, 4.700439718141093, 4.523561956057013, 4.906890595608519, 5.087462841250339, 4.643856189774724, 4.700439718141093, 4.459431618637297, 5.0, 4.700439718141093, 4.584962500721156, 4.906890595608519, 4.321928094887363, 4.857980995127572]]}