{"min": 0, "max": 11.791569912126878, "pieData": [[6.247927513443585, 5.727920454563199, 5.727920454563199, 4.247927513443585, 4.321928094887363, 5.129283016944966, 5.832890014164741, 6.3750394313469245, 6.768184324776926, 7.159871336778389, 7.22881869049588, 6.727920454563199, 6.321928094887363, 6.523561956057013, 6.700439718141093, 6.475733430966398, 6.044394119358453, 6.044394119358453, 6.475733430966398, 5.044394119358453, 6.044394119358453, 6.442943495848728, 6.189824558880018, 6.554588851677638], [5.906890595608519, 6.087462841250339, 5.584962500721156, 5.426264754702098, 4.906890595608519, 4.700439718141093, 5.977279923499917, 6.303780748177103, 6.845490050944376, 7.076815597050831, 6.857980995127572, 6.599912842187128, 6.507794640198696, 6.392317422778761, 6.507794640198696, 5.954196310386875, 6.22881869049588, 6.22881869049588, 6.845490050944376, 5.906890595608519, 5.857980995127572, 6.247927513443585, 5.857980995127572, 5.930737337562887], [5.78135971352466, 5.672425341971495, 4.754887502163468, 4.906890595608519, 4.087462841250339, 4.087462841250339, 5.087462841250339, 6.044394119358453, 6.321928094887363, 6.700439718141093, 6.7414669864011465, 6.392317422778761, 6.129283016944966, 6.321928094887363, 6.392317422778761, 6.303780748177103, 6.149747119504682, 5.727920454563199, 5.954196310386875, 5.754887502163468, 4.0, 6.189824558880018, 6.0, 6.022367813028454], [6.087462841250339, 6.022367813028454, 5.672425341971495, 6.087462841250339, 6.22881869049588, 6.066089190457772, 5.523561956057013, 6.247927513443585, 6.870364719583405, 6.554588851677638, 6.22881869049588, 6.442943495848728, 6.129283016944966, 5.832890014164741, 6.266786540694901, 6.339850002884624, 6.442943495848728, 5.857980995127572, 6.409390936137702, 6.108524456778169, 5.906890595608519, 6.0, 5.754887502163468, 5.523561956057013], [6.066089190457772, 5.754887502163468, 5.087462841250339, 5.169925001442312, 4.392317422778761, 4.169925001442312, 4.584962500721156, 6.20945336562895, 6.409390936137702, 6.554588851677638, 6.599912842187128, 6.643856189774724, 6.22881869049588, 6.0, 6.285402218862249, 6.149747119504682, 6.169925001442312, 6.285402218862249, 6.22881869049588, 6.285402218862249, 6.169925001442312, 5.906890595608519, 6.285402218862249, 6.087462841250339], [6.22881869049588, 6.247927513443585, 5.392317422778761, 5.20945336562895, 4.857980995127572, 4.321928094887363, 5.247927513443585, 6.044394119358453, 6.727920454563199, 6.820178962415188, 6.658211482751795, 6.78135971352466, 6.285402218862249, 6.303780748177103, 6.584962500721156, 6.247927513443585, 6.3750394313469245, 6.129283016944966, 6.22881869049588, 5.930737337562887, 5.882643049361842, 5.882643049361842, 6.189824558880018, 6.066089190457772], [6.20945336562895, 6.303780748177103, 5.491853096329675, 4.857980995127572, 4.523561956057013, 4.523561956057013, 5.247927513443585, 6.285402218862249, 6.459431618637297, 6.754887502163468, 6.409390936137702, 5.643856189774724, 5.459431618637297, 5.857980995127572, 6.321928094887363, 5.700439718141093, 5.857980995127572, 6.129283016944966, 6.303780748177103, 5.977279923499917, 6.087462841250339, 6.357552004618084, 5.700439718141093, 6.303780748177103]]}