{"min": 0, "max": 11.791569912126878, "pieData": [[5.0, 4.087462841250339, 3.9068905956085187, 4.087462841250339, 4.392317422778761, 4.0, 4.523561956057013, 5.20945336562895, 5.700439718141093, 5.857980995127572, 6.108524456778169, 5.672425341971495, 5.614709844115208, 5.584962500721156, 5.906890595608519, 5.906890595608519, 5.491853096329675, 5.727920454563199, 5.954196310386875, 4.169925001442312, 4.857980995127572, 5.357552004618084, 4.523561956057013, 4.857980995127572], [4.584962500721156, 4.247927513443585, 3.4594316186372973, 3.9068905956085187, 3.321928094887362, 3.584962500721156, 4.087462841250339, 4.643856189774724, 5.554588851677638, 5.643856189774724, 6.0, 5.672425341971495, 5.459431618637297, 5.426264754702098, 5.554588851677638, 5.614709844115208, 5.247927513443585, 5.321928094887363, 5.78135971352466, 5.523561956057013, 4.857980995127572, 4.523561956057013, 5.321928094887363, 5.247927513443585], [4.087462841250339, 2.807354922057604, 2.807354922057604, 2.807354922057604, 1.584962500721156, 3.169925001442312, 3.700439718141092, 4.754887502163468, 5.321928094887363, 5.20945336562895, 5.321928094887363, 6.0, 5.426264754702098, 5.392317422778761, 5.129283016944966, 5.523561956057013, 4.906890595608519, 5.523561956057013, 5.087462841250339, 5.285402218862249, 3.0, 5.614709844115208, 5.169925001442312, 5.321928094887363], [4.523561956057013, 4.459431618637297, 3.700439718141092, 3.807354922057604, 3.807354922057604, 3.4594316186372973, 4.321928094887363, 4.857980995127572, 5.321928094887363, 5.426264754702098, 5.247927513443585, 5.0, 5.0, 5.044394119358453, 5.285402218862249, 4.857980995127572, 5.392317422778761, 5.0, 5.357552004618084, 5.20945336562895, 5.491853096329675, 4.954196310386875, 4.459431618637297, 4.700439718141093], [4.0, 3.584962500721156, 3.0, 4.0, 2.584962500721156, 3.0, 3.4594316186372973, 5.129283016944966, 5.584962500721156, 5.285402218862249, 5.169925001442312, 5.285402218862249, 5.426264754702098, 5.0, 5.459431618637297, 5.78135971352466, 5.357552004618084, 5.087462841250339, 5.285402218862249, 4.643856189774724, 5.392317422778761, 5.129283016944966, 4.906890595608519, 4.857980995127572], [3.584962500721156, 4.0, 4.459431618637297, 2.807354922057604, 3.584962500721156, 3.321928094887362, 4.754887502163468, 5.169925001442312, 5.459431618637297, 5.977279923499917, 5.727920454563199, 5.392317422778761, 5.807354922057604, 6.0, 5.857980995127572, 5.554588851677638, 6.409390936137702, 5.643856189774724, 5.700439718141093, 5.700439718141093, 5.523561956057013, 5.285402218862249, 5.584962500721156, 5.169925001442312], [4.857980995127572, 5.129283016944966, 4.459431618637297, 3.807354922057604, 3.584962500721156, 4.0, 4.584962500721156, 4.754887502163468, 5.643856189774724, 5.459431618637297, 6.426264754702098, 5.700439718141093, 5.129283016944966, 5.727920454563199, 5.807354922057604, 5.491853096329675, 5.954196310386875, 5.700439718141093, 5.491853096329675, 5.78135971352466, 5.857980995127572, 5.087462841250339, 5.129283016944966, 4.754887502163468]]}